KEY,angry,disgust,fear,happy,neutral,sad,surprise,p_descartada,emocao_predominante,audio_valence,audio_intensity
1_10004_u,0.0,0.0,0.0,0.0,0.0,0.0,0.0,0.7373637247364967,vazio,0.0,0.0
1_10009_u,0.0054566297896544,0.0035158991187092,0.0019182614207148,0.0179235044785604,0.935377022314964,0.0108158489250883,0.0249928838747563,0.0003336097215651,neutral,-0.0037831347756064,0.0396301437327271
1_1001_u,0.0487469679483265,0.0054773255966998,0.0058638401736787,0.2318997278802979,0.3215570232928961,0.3414514085712521,0.0450036923001743,0.000344243569998,sad,-0.1696398144096593,0.6334392701702549
1_1003_u,9.07180156425515e-05,0.0014648268809099,0.000197708067217,0.9970487859989096,0.000967370403137,8.747944955410096e-05,0.0001430511419936,0.002932192524895,happy,0.995208053585586,0.9988895184122331
1_10190_u,0.0102998587390263,0.0046853321732734,0.0003733516985527,0.0015305045188605,0.9828293410567994,0.0002452011042789,3.6578349849234666e-05,0.0553964693099259,neutral,-0.0140732391962709,0.0171342482339918
1_10462_u,0.0008399424140163,0.0008042581064009,0.0002917949616486,0.9603217222766192,0.0319329458175551,0.0056932182734668,0.000116200922298,0.0028215183992869,happy,0.9526925085210864,0.9679509360321518
1_10495_u,0.2054556581692829,0.126391889037624,0.0119246989830876,0.1325396613981867,0.4526751969901144,0.0426665790754039,0.0283463614595236,0.1329471766948699,neutral,-0.2538991638672119,0.5189784866635851
1_10496_u,0.3087174333806914,0.0140148203392693,0.0014953249877127,0.6522242879576864,0.005114170076166,0.0148899904468266,0.0035439923545276,0.0022163803805596,happy,0.3131067188031862,0.9913418571121863
1_105_u,0.9117068250381314,0.0293588111972783,0.0029583206901496,0.0106972529779383,0.0321349258129775,0.008371894645665,0.0047720455727784,0.0126878642477094,angry,-0.941698598593286,0.9630931045491626
1_10748_u,0.1014868362816404,0.1691057435970151,0.0118031685031047,0.062834021401527,0.5588054241651381,0.0496465135588027,0.046318408886967,0.3438809351064263,neutral,-0.2692082405390361,0.3948762833420899
1_10797_u,0.0125080690675705,0.0110046197662947,0.0054659711582162,0.1087720767555616,0.2825020203917987,0.5753358236242251,0.0044113451190242,0.0136066232807933,sad,-0.495542406860745,0.7130865603718681
1_10810_u,0.5456355881285014,0.0095247870741119,0.005458526077625,0.1290484092483736,0.2839858885850853,0.0134580539345947,0.0128886995696966,0.0012490508961489,angry,-0.4450285459664594,0.7031253644632065
1_10829_u,0.2941630273651966,0.0715458305197712,0.0076359050463583,0.4802496935961536,0.1090737537990975,0.0179592259921701,0.0193724781531308,0.1016508801840244,happy,0.0889457046726573,0.8715536825196498
1_10849_u,0.0505176190899652,0.0110441588098758,0.3227432200573995,0.2547304300610366,0.0356342381594711,0.3001314393693363,0.0251988769376194,0.016318758483976,fear,-0.4297060072655403,0.9391668673876133
1_10853_u,0.0003412026588145,0.0003244988227969,0.0004524470300783,0.0061769207231591,0.9913422472722648,0.0010112093869925,0.0003515122596183,0.005016967170377,neutral,0.0040475628244767,0.008306278621841301
1_10857_u,1.9790891242805837e-07,2.98683529544112e-06,1.547696320596888e-06,0.9999886826389908,1.8791798169105509e-06,2.224862268166916e-06,2.539907968754125e-06,2.6301556346197685e-06,happy,0.999981725336194,0.9999956399417874
1_10859_u,0.0288835439996944,0.0116452870210184,0.0129566389226011,0.1602507059791618,0.7011031609262081,0.0770987327031758,0.0080619328357028,0.0248189331032334,neutral,0.0296665033326719,0.29083490862565153
1_10890_u,0.0288306711783951,0.0165037093223385,0.0080837763541711,0.0656155587181326,0.2886874262794237,0.4726564106786535,0.1196225062998099,0.000452743974165,sad,-0.4604590088154258,0.5916901262516908
1_10977_u,0.978519460235258,0.0055920337047639,0.0004786909186011,0.0008158486389452,0.0060482521699075,0.0075385333407261,0.0010071176426135,0.0003038554859813,angry,-0.991312869560404,0.9929445668382944
1_11006_u,0.0002572695970952,0.0007395946757736,0.0006056896015024,0.0069478261520382,0.0018085585213109,0.9894752590015762,0.0001658249387263,0.0002363250387133,sad,-0.9841299867239092,0.9980256390279856
1_11021_u,0.0840087555468221,0.1879429926334148,0.0167536031960898,0.029640655636053,0.5501055841840745,0.0819721820851803,0.049576215660928,0.052458620397374,neutral,-0.341036877825454,0.40031818909756006
1_11042_u,0.4385749467599669,0.0325988609042838,0.0255379912754856,0.2777455608660963,0.0268385056844867,0.0441033628705099,0.1546007992423185,0.0236567733227275,angry,-0.2630696009441501,0.8185607226763425
1_11046_u,0.0027999880608118,0.0119238507993978,0.0062083020581133,0.094711858469299,0.0283180410261527,0.8522913431560154,0.0037465982040568,0.0099734388059004,sad,-0.7785116256050394,0.9679353425436373
1_11051_u,0.0016554900961222,0.0030984865998561,0.0020118233610414,0.9400136867441056,0.0449737939975907,0.0044838590315692,0.00376294048062,0.0367686610552482,happy,0.9287640276555164,0.9512633458326946
1_11055_u,0.1006062962072266,0.0988965812843184,0.0277525493012907,0.1433153250602477,0.4564976487797616,0.0716705468871611,0.1012611902700598,0.4685739033157005,neutral,-0.1556106486197492,0.4422412987402444
1_11098_u,2.773470051351641e-06,0.000188614034964,4.582512774861991e-05,0.0003572428062261,6.691199361256551e-05,3.381169620382716e-05,0.999304816413128,3.99482685234636e-05,surprise,8.621847725833652e-05,0.0006282671351938988
1_11120_u,0.0112545928138941,0.0127886326156,0.0024170487829796,0.6261299656583037,0.3301813471533292,0.0125852500785216,0.0046431880076011,0.0078593904618173,happy,0.5870844413673082,0.665175489949299
1_11177_u,0.0101014150422852,0.0039942558555693,0.0030419922859427,0.0909967930125411,0.8505649030488573,0.0352988704539682,0.0060017747404169,0.0035587039310483,neutral,0.0385602593747756,0.1434333266503065
1_11201_u,0.0131309092858427,0.0110391691900178,0.0071330364083961,0.1107528825425882,0.8063518771235771,0.0295617847408723,0.0220303429813909,0.001138396502938,neutral,0.0498879829174591,0.17161778216771711
1_11224_u,0.036186513360813,0.2004235573011115,0.0162902013140047,0.1460844781389532,0.396679998271007,0.1986848955153218,0.0056503151379809,0.1246285997331141,neutral,-0.3055006893522978,0.5976696456302042
1_11232_u,0.0010962288932319,0.0007169757455924,0.0003858156395693,0.995275712821314,0.0005843654695504,0.0010692886915858,0.0008716499249698,0.0003481631938483,happy,0.9920074038513343,0.9985440217912934
1_11236_u,0.0006258621398517,0.0029494923073156,0.0002745889197834,0.9948387186542266,0.0006733154601188,0.0004870834041629,0.0001508406075541,0.0380167371476998,happy,0.9905016918831128,0.9991757454253402
1_11242_u,0.0106981555405398,0.0090596510471724,0.0014534033092805,0.9551548539512524,0.0086277551640919,0.0026906175345931,0.0123155449126212,0.0016402846667915,happy,0.9312530265196663,0.9790566813828382
1_11243_u,0.0010893044023415,0.0007973630216087,0.0002682694272106,0.9952995426745828,0.0009985020185509,0.0011355045150988,0.0004114559182579,0.0003173613222315,happy,0.9920091013083232,0.9985899840408423
1_11253_u,0.0060252638668439,0.0019448640966118,0.0009200626623141,0.2106661955964167,0.7744450802205669,0.0046816384410211,0.0013169011877128,0.0029467632994055,neutral,0.1970943665296256,0.22423802466320758
1_11257_u,0.0160720211394158,0.0261131123767644,0.0208219129843457,0.1308476009342989,0.60507902908105,0.1435803600460317,0.0574859827326652,0.134181450062897,neutral,-0.0757398056122589,0.3374350074808565
1_11306_u,5.072718480441397e-05,0.0007344114302508,0.0007587270406428,0.0030537682903865,0.0015444141082266,0.993754932628762,0.0001030487603744,0.0014028033183421,sad,-0.9922450299940736,0.9983525665748465
1_11322_u,0.0475518488333881,0.0132725777832764,0.008386983382978,0.2407227575131547,0.5723856536296138,0.0409045784458419,0.0767756317998505,0.0009152048005488,neutral,0.1306067690676701,0.35083874595863906
1_11378_u,0.0002302766541357,9.795488686657197e-05,9.515023770716237e-05,0.003660889712938,0.9948891862414032,0.000903246887303,0.0001233606300928,1.568307789057144e-05,neutral,0.0023342610469254,0.004987518378950435
1_11439_u,0.0005021118426707,0.0001307223986583,5.262987670099376e-05,0.001391463043806,0.9968280246205968,0.0010451545649644,4.993014480745221e-05,8.981607243185863e-05,neutral,-0.0003391556391884,0.003122081726800394
1_1144_u,0.0118468020548745,0.0087225296362437,0.0014626999167964,0.0116183057159078,0.9524721369595692,0.0080750585778265,0.0058023787847396,0.0053763883333885,neutral,-0.0184887844698334,0.0417253959016489
1_11485_u,0.0016947396424567,0.0016119060284801,0.0040750820824649,0.0106407976616769,0.0288849340599068,0.0241683095311098,0.9289242008021484,0.0001044587327498,surprise,-0.0209092396228347,0.0421908349461884
1_11526_u,9.910430330645114e-05,5.761609396613317e-05,4.8741175880539385e-06,0.9998165977589016,1.1704181398561614e-05,8.262279545517241e-06,1.7463518949698852e-06,0.0004085468099218,happy,0.9996467409644956,0.9999864545533078
1_11529_u,0.1212104447066057,0.1580832802645728,0.0097476470784453,0.032067682915838,0.6482040572611427,0.0217420761734218,0.008944900638133,0.4613195899873972,neutral,-0.2787157653072076,0.34285113113888355
1_11609_u,0.0007437195282394,0.0003559807043895,0.000332511538339,0.9248397622553596,0.0648623049741634,0.0081245229643072,0.0007412327141531,5.010601307731122e-05,happy,0.9152830275200844,0.9343964969906347
1_11697_u,0.2002612986251369,0.0106801118507493,0.0061447166801076,0.1626434252262085,0.4683083177824045,0.0229235243522617,0.1290386236197797,0.0002736192836891,neutral,-0.0773662262820472,0.402653076734464
1_11699_u,0.7041820012415023,0.0307397194520499,0.0101104059098501,0.0475329218608783,0.0542865174228925,0.1334977034794228,0.0196507320400445,0.0068655046634375,angry,-0.8309969082219469,0.9260627519437035
1_11723_u,0.048342865866872,0.0316163014308637,0.0091808173806543,0.4546842196341881,0.4248844966222586,0.0219576272775995,0.0093337577798932,0.4639002410694956,happy,0.3435866076781984,0.5657818315901777
1_11736_u,0.0023934124710641,0.0093620759583098,0.0090928639296907,0.0056838369138794,0.0049991986913085,0.8613118811758734,0.1071567706408011,0.0655605699066654,sad,-0.8764763966210588,0.8878440704488174
1_11773_u,0.0320053489277204,0.0102201119295757,0.0075960336825761,0.4250963971352727,0.399548301011712,0.0625992717114955,0.0629345151454712,0.0005247630615484,happy,0.3126756308839048,0.5375171633866405
1_1180_u,0.0167211494006535,0.0311273815885119,0.0187822397534381,0.6904951509065621,0.0997292061599312,0.0370941919662831,0.1060506490462151,0.2709668014140333,happy,0.5867701881976752,0.7942201136154486
1_1185_u,0.002712659668933,0.0008954081883902,0.0013983444855354,0.8730232227586361,0.1116418793207199,0.0075014848802515,0.0028270243608559,8.064377470873296e-05,happy,0.8605153255355259,0.8855311199817462
1_11885_u,0.0161807889146047,0.006370570363129,0.005421611442747,0.7162150383455399,0.1551698127993348,0.0545700744489918,0.0460720300923927,0.0103395826154154,happy,0.6336719931760671,0.7987580835150124
1_11889_u,0.0008722767377142,0.0028221245767495,0.0007927255255268,0.601841388743595,0.3909381015941999,0.0012979091259739,0.0014354773206785,0.0002790843282127,happy,0.5960563527776305,0.6076264247095594
1_1189_u,0.0687838289568287,0.0040783760450741,0.0027661304777417,0.0052580642819629,0.0781474938975311,0.8295737399002213,0.0113923425130293,0.0001781026949173,sad,-0.899944011097903,0.9104601396618287
1_11901_u,3.463096956036124e-05,0.0002795645274519,3.3963904113375874e-05,0.9995102305908384,5.804615191155409e-05,7.36361636267642e-05,1.0059242929088898e-05,0.0017645676271057,happy,0.999088435026086,0.9999320261555908
1_11913_u,0.0058547885923599,0.0170368158815261,0.0026071014856187,0.0114443114030319,0.0336421453829578,0.9266179931113052,0.0027968831659706,0.0065722860163076,sad,-0.9406723876677782,0.9635610104738418
1_11924_u,0.007861674670104,0.0046672258383601,0.0012651090365109,0.0094883010098283,0.9718489386932402,0.0038106670059296,0.001058024477542,0.0208449089550412,neutral,-0.0081163755410764,0.027092977560732902
1_11928_u,0.0706826303906241,0.0128612983762054,0.0081926729823407,0.0541573748109304,0.7632978348168584,0.0553042468936881,0.0355039573065476,0.0079000895784701,neutral,-0.092883473831928,0.20119822345378868
1_12002_u,0.3522904947487602,0.0735871152543871,0.0202301191002499,0.1168526414699373,0.3666067201551589,0.0302112420414833,0.0402216171143517,0.1544525627978146,neutral,-0.3594663296749433,0.5931716126148177
1_12083_u,0.0018361937199996,0.0340817357533312,0.0026330822195691,0.9159420781690596,0.0395931585807813,0.0019046817853292,0.0040090878944829,0.0878230474190786,happy,0.8754863846908305,0.9563977716472887
1_12202_u,0.0926043698828057,0.1369735277506704,0.0146078068012999,0.0323888607241527,0.6576030884423884,0.0375468395113028,0.028275617600772,0.0284124161116778,neutral,-0.2493436832219262,0.3141214046702315
1_12275_u,0.0959148305946974,0.0253674421814815,0.0114026152245369,0.3824076870219381,0.1839424413930876,0.1773472582953111,0.1236177140620749,0.0019504176161717,happy,0.072375540725911,0.692439833317965
1_12320_u,0.0290667452578394,0.1040636983853545,0.0171008399026321,0.0763955127502858,0.2349645173496272,0.4601306926602018,0.0782780509036659,0.0212173742474987,sad,-0.5339664634557421,0.6867574889563136
1_12331_u,0.002100309316526,0.0075186068216325,0.0008326851534885,0.7389233824973556,0.2437218116564517,0.002899131818522,0.004004065412231,0.000570553485886,happy,0.7255726493871864,0.7522741156075247
1_1262_u,0.0173708335385443,0.0001569117161663,0.0001150949284317,0.0367953149045395,0.943485064600094,0.0016090145866206,0.0004678018027872,1.975617715288536e-05,neutral,0.0175434601347763,0.056047169674302406
1_1296_u,0.6240581120579627,0.2567021206406117,0.0069037746818437,0.0237415716096666,0.058851520037555,0.0128227485535508,0.0169201850810703,0.0305335274897514,angry,-0.8767451843243025,0.9242283275436355
1_1466_u,1.534699177588659e-06,2.184991505521283e-07,6.694585087194494e-07,1.1948413619101603e-05,0.999981218798692,4.057175592877641e-06,3.8094361008232826e-07,5.3867452720623994e-08,neutral,5.468581189363728e-06,1.842824604883948e-05
1_1470_u,0.0008922558137835,0.0175984974855424,0.0016418079877217,0.01073067050667,0.902404771326107,0.0653560523590469,0.0013759956561073,0.0290181913878768,neutral,-0.0747579431394245,0.0962192841527645
1_1478_u,0.0082323019141073,0.0199891430449916,0.0014164175466085,0.9226822340340106,0.039241627585768,0.0038435618496884,0.0045946997282136,0.002499485912267,happy,0.8892008096786147,0.9561636583894063
1_1484_u,0.0021965567608243,0.0121521343326781,0.0023088885823798,0.0702842132187006,0.8909512920611352,0.0094152713146642,0.0126915883984859,0.0505812378542031,neutral,0.0442113622281541,0.096357064209247
1_1549_u,0.0196350693018029,0.0508639388149903,0.0119828958740741,0.0822436156345632,0.7756287531940891,0.0206618054845399,0.0389838555824883,0.3079892153618856,neutral,-0.0209000938408441,0.1853873251099704
1_1560_u,0.6672913382301154,0.0255185556931108,0.0088031064606788,0.0289027045368548,0.2196885140662002,0.0197268477382414,0.030068930768414,0.001378250599373,angry,-0.6924371435852918,0.7502425526590013
1_162_u,1.6675860806602138e-05,0.0001074422564795,0.0001181257503938,0.0007568754934606,0.9982491503240264,0.0007305355535385,2.114122436910053e-05,0.0071770213471609,neutral,-0.0002159039277578,0.0017296549146790022
1_1627_u,0.3163549518920145,0.0751468906090579,0.0133081748431049,0.2485464051985812,0.2411976833157824,0.0339044437877833,0.071541471185361,0.0164455864578484,angry,-0.1901680559333795,0.6872608663305418
1_1638_u,0.0749947439862392,0.0052162048601639,0.0044754510450454,0.0343375021714136,0.0523938367537241,0.008363982929844,0.8202182034077666,7.085003016982228e-05,surprise,-0.058712880649879,0.1273878849927061
1_1666_u,0.0774281711465252,0.027428447145053,0.0189192529708227,0.0863806602484973,0.280274381443103,0.0996586117431907,0.4099104907232478,0.0157448559039038,surprise,-0.1370538227570943,0.3098151432540889
1_1678_u,0.0243944355948488,0.0039209967241185,0.0232878031614656,0.0608779732497862,0.5824191667656529,0.0212781282064121,0.2838215140986431,0.0004254431514709,neutral,-0.0120033904370588,0.1337593369366312
1_1722_u,0.0022100273134384,0.0067301280092854,0.002908938117684,0.6634194235490694,0.308561333566321,0.0131780817243728,0.0029920869636286,0.0018329165177418,happy,0.6383922483842885,0.68844659871385
1_1732_u,0.2647563233604553,0.4242176008166029,0.0120126103814869,0.0717341716397528,0.0534597098204386,0.0939834866573056,0.0798360904154348,0.0226436012890189,disgust,-0.7232358495760979,0.8667041928556036
1_175_u,0.0017363127730067,0.0048434091418651,0.0017197162243427,0.9257672889713652,0.0422522344814356,0.0183891316222703,0.0052919059116346,0.0011031416361219,happy,0.89907871920988,0.95245585873285
1_1772_u,0.0018988626500564,0.010177066086468,0.0079629746920962,0.8306327095887043,0.0097958401719764,0.0084093300327019,0.1311232741554946,0.0614264885189185,happy,0.8021844761273815,0.8590809430500268
1_1798_u,0.0652151305037293,0.029857420311436,0.0075223718770226,0.0438428362929498,0.762895670942141,0.0644489742458882,0.0262175842053527,0.018309055129066,neutral,-0.1232010606451264,0.2108867332310259
1_1803_u,0.0060182464625649,0.0056863683803654,0.0051060117367873,0.0325307958036987,0.7659580875205058,0.023727486815363,0.1609730479970678,0.0020776609089807,neutral,-0.008007317591382,0.0730689091987793
1_182_u,0.0091229386855115,0.0148077921138334,0.0017182770654358,0.952436427310893,0.0139053288947065,0.0051524501651271,0.0028567069124848,0.0669294800609349,happy,0.9216349692809848,0.9832378853408008
1_1931_u,0.0025766795922337,0.0147237575274572,0.0024332706510248,0.3817335305153978,0.5874741913017674,0.0095377303699595,0.0015208665796262,0.0041898987255989,neutral,0.3524620923747223,0.41100496865607294
1_1973_u,0.0007204907689852,0.0006504009220448,0.0006240568962796,0.97732851364832,0.0103450070603294,0.0013685114269849,0.0089629246590569,1.5281984815374017e-05,happy,0.9739650536340252,0.9806919736626145
1_1987_u,0.0007391430692914,0.0043518393721774,0.0006486486220947,0.0481213455420574,0.0123676267686861,0.9336937348623569,7.754646010159462e-05,0.0231685624457895,sad,-0.8913120203838629,0.9875547114679777
1_2075_u,0.0094289006525968,0.0013632310778314,0.0011855557177083,0.143159303669999,0.8251993999628564,0.0148791792722065,0.0047844417024737,0.0001020312247419,neutral,0.1163024369496557,0.17001617039034198
1_2119_u,0.0378161059840387,0.0037798207115355,0.0042886583795213,0.7287324149423244,0.1221206000964013,0.0953391396604798,0.0079233043526446,0.0014446250279433,happy,0.587508690206749,0.8699561396778998
1_213_u,3.484777532544997e-07,1.033016201775521e-07,1.2126046092202693e-07,0.9999966692792674,1.7596253743844026e-06,8.505017733942518e-07,7.056756031242926e-08,2.033704070925069e-06,happy,0.9999952457376596,0.999998092820875
1_2198_u,0.002742866944069,0.0029255541743283,0.0007579721142914,0.0089688750867403,0.9804965053268764,0.0025186324696026,0.0015894891938846,0.0037886109930695,neutral,2.384938444890093e-05,0.0179139007890316
1_2216_u,0.778927324746336,0.0055176827237873,0.0023596969011352,0.010958440675473,0.0132703213324712,0.1840527878362796,0.0049137386025814,0.0005853106667927,angry,-0.9598990515320652,0.9818159328830112
1_2354_u,1.5322471167095275e-05,3.14248323058472e-05,9.859466530669758e-06,0.0001524768541289,0.9997045777895368,5.280964818595348e-05,3.352987304142726e-05,0.0001143935167532,neutral,4.306043593940157e-05,0.0002618932723184657
1_2361_u,1.2083790907222757e-05,4.386188380784321e-05,1.235509354575129e-05,0.9998864562416588,1.2042420526769764e-05,4.496351081868513e-06,2.8684293850151407e-05,4.712391955763451e-06,happy,0.999813659122316,0.9999592533610017
1_2420_u,0.0097954783357984,0.0060733518499919,0.0018763452117408,0.0073141189395636,0.9528835309801912,0.0181570917549524,0.0039000988330056,0.0009149975958278,neutral,-0.02858814821292,0.0432163860920471
1_2423_u,2.0063688006340557e-06,1.1461178640815582e-06,6.619735814124544e-07,0.0001207107603173,0.9998565064180784,1.736787695067913e-05,1.5383848751294436e-06,3.440763485240694e-08,neutral,9.952842312056456e-05,0.0001418930975141072
1_2464_u,0.0001315218954634,0.0001558623221087,8.373532742196112e-05,0.9966944862942796,0.002541256890669,0.0002632687701786,0.0001298517082913,2.9523363991756927e-05,happy,0.9960600979791068,0.9973288746094523
1_2575_u,0.0220253702153299,0.0213389534502905,0.0103922550525338,0.1004081500415511,0.7608888641397675,0.0663348396321979,0.0186115394038935,0.0168898351257666,neutral,-0.0196832683088011,0.2204995683919032
1_2580_u,0.0044514404458667,0.005734435581606,0.0011773386414492,0.1466502126555918,0.835302931746451,0.005311880829141,0.0013716410359441,0.019312159041874,neutral,0.1299751171575288,0.1633253081536547
1_2614_u,0.1040778898409082,0.0282911897002891,0.0123105071970915,0.0810825118085912,0.2600484322195603,0.4697058606245288,0.0444835457073614,0.007997503504157,sad,-0.5333029355542266,0.6954679591714088
1_2616_u,0.0291639619119316,0.0063200966985378,0.0024134941952639,0.0179392172999938,0.9216871838738008,0.0171693283430557,0.0053068045030163,0.0017782031209207,neutral,-0.0371276638487953,0.07300609844878281
1_2664_u,0.5033331908576769,0.0359747485833896,0.0108731187526243,0.0121980709890433,0.2552906637814621,0.1737678016555034,0.0085624673575388,0.008228008635342,angry,-0.7117507888601512,0.7361469308382376
1_2669_u,0.0001139963976154,0.0003763760210438,0.0001698240080675,0.0003350337865257,0.0008786235688124,0.9980412872124492,8.490209299556139e-05,0.0015877144069235,sad,-0.99836644985265,0.9990365174257017
1_276_u,0.0226440966017026,0.036131110286164,0.0039937163646809,0.0415485223945881,0.8542928879995791,0.0271137662850297,0.0142759794547061,0.0072213626699521,neutral,-0.0483341671429892,0.1314312119321653
1_2778_u,0.1011083956261156,0.0283386489470823,0.010350609722917,0.0621258143836888,0.6531345114756688,0.0202060513794752,0.1247359610550513,0.0004150271852266,neutral,-0.0978778912919014,0.2221295200592789
1_2792_u,1.1940342861194367e-05,4.226379269205405e-06,9.912268494063175e-06,6.34783675294713e-05,0.999802372928341,0.0001042399665526,3.84905437245487e-06,5.089331011731701e-06,neutral,-6.68405896476861e-05,0.00019379732470653423
1_2797_u,0.0595835826334045,0.0186812250327086,0.0049973417798918,0.7261894170564321,0.1627047912095773,0.0112601637233556,0.016583518851405,0.0146239284658803,happy,0.6316671038870714,0.8207117302257926
1_2819_u,0.0068211051768594,0.0002912804934833,0.0004611142924683,0.0942522147606264,0.8644587178416604,0.0017928806887053,0.0319226853538149,1.353652862690069e-06,neutral,0.0848858341091098,0.10361859541214269
1_2830_u,0.0507632690937862,0.0020233889593732,0.0033118464912588,0.6007299801688464,0.210761171376306,0.1238625967600717,0.0085477326076383,0.0003682697570184,happy,0.4207688788643564,0.7806910814733363
1_2837_u,0.1038407373495665,0.0296972870593933,0.0245454790649334,0.3284751942673241,0.2376348454263264,0.1833350648427255,0.0924714069458133,0.0036722291260956,happy,-0.0129433740492947,0.6698937625839427
1_2842_u,0.003132646685087,0.0016337785358552,0.000705670443789,0.1447048397591143,0.8403685871877894,0.0032723593918587,0.006182133716828,3.917335197911598e-05,neutral,0.1359603847025242,0.15344929481570418
1_2853_u,0.0003669827477575,0.0001360689291389,0.0001692594830624,0.4022017063905781,0.596434383726087,0.0006095250208256,8.212077978100968e-05,3.792387724388391e-05,neutral,0.4009198702097934,0.40348354257136254
1_3064_u,0.0601921950903968,0.0067536700968097,0.0040018216072819,0.014087111717792,0.8939739501373795,0.0074715862101459,0.0135196282220702,0.000391845940612,neutral,-0.0643321612868424,0.0925063847224263
1_3069_u,7.608915568113848e-06,1.703901143566478e-05,3.0643931834199115e-05,7.893680271236108e-05,0.9997826999690056,7.948855817633155e-05,3.5764853998335305e-06,0.0004838749468944,neutral,-5.584361430194822e-05,0.00021371721972667038
1_3125_u,0.8465756787037594,0.0761725155028504,0.0035232243814057,0.0092794594739241,0.0453265916186099,0.0134530152266825,0.0056695860415071,0.0975396162830291,angry,-0.930444974340774,0.9490038932886221
1_3177_u,0.0193070819724732,0.0075421882978183,0.0103789419097244,0.184725824104816,0.0935324278154794,0.3997030947922216,0.2848104004141635,0.0002404831502644,sad,-0.2522054828674216,0.6216571310770536
1_3204_u,9.947716825037871e-05,0.000109255022586,6.202355746429405e-05,0.9985604942581596,0.000237960644807,0.0001649663989669,0.0007658857034107,5.258812961983495e-06,happy,0.998124772110892,0.9989962164054272
1_3256_u,0.1121100150263684,0.0186033492962829,0.0142224500163715,0.2962139066978272,0.4175734148212769,0.0682726323649728,0.073004236162238,0.0045068000326863,neutral,0.0830054599938314,0.5094223534018228
1_3259_u,0.0013914028564246,0.0022261862599898,0.0012810201274609,0.9509983342209968,0.0336535098237242,0.0064132725775601,0.0040361958681726,0.0001628612881177,happy,0.939686452399561,0.9623102160424322
1_3287_u,0.0110055671029827,0.0109159947895508,0.0026829257271548,0.085652592814864,0.878918917005702,0.0053764082762621,0.0054475738720403,0.0218610209994949,neutral,0.0556716969189134,0.11563348871081439
1_3293_u,4.446613402241084e-05,0.0001516115760915,0.0001197811197202,0.9988188905505528,0.0004820561759689,0.0002850062571541,9.807289583415187e-05,0.0076474434918053,happy,0.9982180254635644,0.999419755637541
1_3333_u,0.0199060906607317,0.012805006646538,0.0034710788792149,0.3768673151243502,0.5476265463680496,0.0145227795646798,0.0248012193000024,0.000499676883919,neutral,0.3261623593731857,0.4275722708755145
1_3348_u,1.175812161241866e-07,1.2992588323380794e-06,5.081027632196792e-07,0.999996313232764,1.8600137757597697e-07,5.346767333798424e-07,1.095148454329537e-06,4.855596884567603e-07,happy,0.9999938536132188,0.9999987728523089
1_3371_u,0.0038550993905546,0.0104768133090947,0.0125458912108589,0.0087085047460218,0.539674685034925,0.4182254673897146,0.0065135068301961,0.005947132827714,neutral,-0.4363947665542012,0.4538117760462446
1_340_u,0.001999954330376,0.0117634398950697,0.0014503289172106,0.9490740473580432,0.0241352211889442,0.0028444091005211,0.0087324915708517,0.0091787943238159,happy,0.9310159151148658,0.9671321796012207
1_3419_u,0.1790336164234731,0.0243652813784914,0.0129857106771132,0.024668107519362,0.1189595730987937,0.5995803130946651,0.0404075122259794,0.0039091653889044,sad,-0.7912968140543808,0.8406330290931048
1_3476_u,0.0113082653118112,0.012228233997077,0.0025917136075464,0.1983149179382553,0.7519054912278672,0.0119685542999436,0.0116827659872212,0.0021014735102652,neutral,0.1602181507218769,0.23641168515463348
1_3545_u,0.0516387585168605,0.0153857137316938,0.0061468827080652,0.0622614853976309,0.6466443284508626,0.1745202457762859,0.043402588755346,0.0013058083859504,neutral,-0.1854301153352746,0.3099530861305363
1_3573_u,0.0006988996064585,0.0011097958400826,0.0004470492065184,0.0109799832960958,0.9813796515370388,0.0051942732918768,0.0001903528264507,0.0055559915490448,neutral,0.0035299653511593,0.0184300012410321
1_3599_u,0.0069072860629387,0.0033079348846779,0.0011353369799068,0.0101804448408572,0.9675858637495572,0.0093980567079597,0.0014850152754458,0.0109213761170393,neutral,-0.010568169794626,0.0309290594763403
1_3649_u,0.0295515337680049,0.0159723297393136,0.0077897445515945,0.4255855898364366,0.4871119961900313,0.0242215344626076,0.0097672705154026,0.0056433570571243,neutral,0.3480504473149158,0.5031207323579572
1_3660_u,0.0054134543107157,0.0074055759545038,0.002723514879192,0.1653143257025764,0.775957878226283,0.0273746005912521,0.0158106654029202,0.0004122568498131,neutral,0.1223971799669126,0.20823147143824
1_3707_u,1.85360623360132e-05,7.718826167197776e-06,3.502150608984123e-06,0.9999527549388354,4.146075908945635e-06,2.2820071955008102e-06,1.1125205583407468e-05,1.4625251083089095e-05,happy,0.9999207158925276,0.9999847939851432
1_3766_u,0.0015999904371319,0.0006340416907374,0.0007663971348723,0.0936227628586523,0.8959624916819495,0.0069484937829038,0.0004658995989033,0.0071874669229145,neutral,0.0836738398130067,0.10357168590429769
1_3837_u,0.7913076359952694,0.002743734754064,0.0006520970208469,0.1891033729871628,0.0107880057553746,0.0044552416297955,0.0009498801990255,0.0012308832829148,angry,-0.6100553364128132,0.9882620823871386
1_3840_u,0.0008459739079163,0.001050511202537,0.0004046494216656,0.9379217812260656,0.0575247690224062,0.0017559906831341,0.0004962724857538,0.0002472918713464,happy,0.9338646560108124,0.9419789064413187
1_3842_u,0.0732697611160361,0.0032550207413385,0.0098990759408178,0.004952495917293,0.0578639465803299,0.0067516327608584,0.8440080875350335,0.0001798708515251,surprise,-0.0882229946417581,0.09812798647634381
1_3911_u,0.0096682878494836,0.0028683710007817,0.0058656006371897,0.7582284440831396,0.1693007795489696,0.0468438215551568,0.0072247092761874,0.0007292988884727,happy,0.6929823630405275,0.8234745251257514
1_4031_u,3.1391942318181786e-07,2.6756449285348854e-07,6.872069983473059e-08,4.24137745907078e-06,0.9999944687914653,6.312215984623438e-07,2.7339950929735424e-08,7.162847026620511e-08,neutral,2.9599512447383995e-06,5.5228036734031605e-06
1_410_u,2.56109931685899e-08,1.2400983648994368e-07,7.696011871509986e-08,0.999999571201376,6.523054122027118e-08,7.27158117654506e-08,8.113179397415224e-08,1.672478955327961e-07,happy,0.999999271904616,0.9999998704981362
1_4145_u,0.005276454254538,0.0039777333985521,0.0037989784304808,0.2229181727838004,0.7033605404746333,0.0211224293568413,0.0395456638656209,0.0001885281380964,neutral,0.188742577343388,0.2570937682242126
1_427_u,0.111125427492044,0.0256241760542256,0.0136050686919639,0.0253898005801013,0.2957388450551228,0.5115808971194166,0.0169357668533241,0.0124404539819805,sad,-0.636545768777549,0.6873253699377514
1_4281_u,0.0093394965278512,0.0172180435609651,0.0142362565291116,0.2380612066371862,0.3581959736980549,0.3568472130221622,0.0061017761387633,0.1205097693018615,neutral,-0.1595798030029041,0.6357022162772763
1_4286_u,0.0381886367139842,0.0002473325783103,0.0002420909306973,0.8740094924477261,0.086024472152378,0.0006331239606246,0.0006547889115829,6.185727716001566e-05,happy,0.8346983082641094,0.9133206766313425
1_4290_u,0.0067771633011775,0.0204087947691627,0.0093242899585708,0.2386007620015672,0.6909921998184345,0.0113979037291482,0.0224989903569598,0.3665959408390335,neutral,0.1906926102435079,0.2865089137596264
1_430_u,0.0018260722603122,0.0006105191604948,0.0020087502957638,0.0086052704742935,0.9810813766343868,0.0044458401714802,0.0014221742998504,0.0023810821294318,neutral,-0.0002859114137575,0.0174964523623445
1_4352_u,0.0170081319964208,0.0096685222555377,0.0034149285907684,0.7414712173272171,0.215243346727519,0.0059070149898864,0.0072868580280857,0.0471864255378022,happy,0.7054726194946037,0.7774698151598305
1_4477_u,0.0155960103039821,0.0025984727619895,0.0023084541877233,0.0059883996899126,0.9659291081750976,0.0038390430085677,0.0037405730616091,0.0013955229514976,neutral,-0.0183535805723501,0.0303303799521752
1_4544_u,0.0857109296717036,0.0063304974285421,0.00683761301071,0.2910138228288004,0.5530169479196745,0.0384688107552254,0.0186213706908859,0.0014356181491166,neutral,0.1536659719626191,0.42836167369498146
1_4552_u,0.0051157396215017,0.0007169178307072,0.0004506784586018,0.0088367360912111,0.9819803928203076,0.0022868913156197,0.0006125910320523,0.0003993444115621,neutral,0.0002665088647805,0.0174069633176415
1_4576_u,0.5771406288807976,0.2708506265503337,0.0132227423490786,0.0103706198154339,0.0549159841381863,0.0319355633175865,0.0415637581499647,0.0040853823302313,angry,-0.8827789412823626,0.9035201809132303
1_4603_u,0.00028477447181,0.0008462620275145,0.0003705493380957,0.9874599989966608,0.007904230436912,0.0022991241108873,0.0008350756959823,0.0015855595192987,happy,0.983659289048353,0.9912607089449682
1_4639_u,5.427361678133878e-09,7.550665657934675e-10,8.828228159802778e-10,1.000000001278447,3.238657124404061e-09,3.6492457991001854e-09,5.70970382815489e-10,1.2784467512405582e-09,happy,0.99999999056395,1.000000011992944
1_467_u,0.0004653400159762,0.0011218560762139,0.0002306690883646,0.9913663085171668,0.003306625245135,0.0014521053191122,0.0020571737966278,7.381349496426992e-05,happy,0.9880963380174996,0.9946362790168336
1_4743_u,1.1402550854621517e-06,3.636858544970655e-06,7.699732058021794e-07,0.999950332680786,4.013799364144735e-05,1.870689793400582e-06,2.127381824227448e-06,8.774631368169139e-07,happy,0.9999429149041564,0.9999577504574156
1_4760_u,0.28564684687453,0.0211233232371097,0.0157732653517303,0.0491888088949494,0.3586084810161672,0.2437221354826474,0.0259371916828627,0.0073455162346362,neutral,-0.5170767620510681,0.6154543798409668
1_4789_u,0.0001819657279574,0.0007672631950881,0.0001047815259553,0.9913186899071575,0.0066761536090368,0.0007998959412411,0.0001512859430709,0.0002270853510707,happy,0.9894647835169156,0.9931725962973994
1_4792_u,0.1047648306334125,0.0107075466922212,0.0062322744864007,0.3026232740284087,0.2824697629909461,0.2621550051941916,0.0310472870397433,0.0039817478973418,happy,-0.0812363829778174,0.6864829310346348
1_4850_u,0.0008187815098194,0.0011160795848503,0.0003953693904002,0.0073881176791791,0.9891925779215316,0.0010584270940541,3.060070343974534e-05,0.1176170520484446,neutral,0.0039994601000549,0.0107767752583031
1_4949_u,8.718385097732703e-05,0.0001470791882808,5.2529893287916135e-05,0.998758813425745,0.0002374565341912,0.0005937409953045,0.000123258525125,8.339174200955313e-05,happy,0.9978782794978944,0.9996393473535956
1_4967_u,0.0876915905278252,0.0622807260036532,0.0368621860318622,0.0765608604319448,0.6444529628230578,0.068413153599895,0.0237385056373536,0.065212939865887,neutral,-0.1786867957312909,0.3318085165951804
1_4995_u,0.0110798775819577,0.011467060180125,0.0105980482328314,0.2768763146456521,0.0853291568707715,0.0330339531263129,0.5716155375374484,0.0120753832397894,surprise,0.2106973755244249,0.3430552537668791
1_5058_u,0.0045141894942395,0.002442678544752,0.0022351546796315,0.0626570808265828,0.0945100963898642,0.0059631756542156,0.8276776817176577,0.0001472148800303,surprise,0.0475018824537441,0.0778122791994214
1_506_u,0.0201910291612879,0.0114233972564961,0.00547929419475,0.0340767982526474,0.8917247230217518,0.0252200313564887,0.0118848155413524,0.0067598155583253,neutral,-0.0282369537163754,0.0963905502216701
1_507_u,2.4434124800834923e-05,0.0001521119658178,0.0001048787574735,0.9980724381342478,0.0008304235316585,0.0007336844249912,8.20469062560423e-05,0.0030098088263911,happy,0.9970573288611644,0.9990875474073311
1_5109_u,0.0229893869788203,0.0276064822251918,0.0087256124715014,0.0273052134624342,0.7906077368754802,0.0191313947746175,0.1036342105795554,0.0038483123935293,neutral,-0.0511476629876969,0.1057580899125652
1_5134_u,1.7849292900461851e-06,3.241320867030979e-05,1.2596455472306788e-05,0.9999159753406944,2.6192749566104128e-05,5.970493991417084e-06,5.108271389440198e-06,8.204077448681346e-05,happy,0.9998632102532704,0.9999687404281186
1_5156_u,0.0001423143809116,0.0001301259533241,6.326881278511855e-05,0.9992311086245496,0.0002608344576273,9.72269143270671e-05,7.514589648945556e-05,6.490830310212914e-05,happy,0.9987981725632016,0.9996640446858974
1_5166_u,1.18043150132168e-05,8.493705984810606e-06,6.13827669436488e-06,0.9998421377554332,0.0001041523010947,1.5854023133604283e-05,1.135844392987068e-05,4.978430865776318e-06,happy,0.9997998474346071,0.9998844280762592
1_5169_u,0.9415477469260296,0.0083402704291439,0.0031767193174201,0.012730912482178,0.0235164906369037,0.0075370090785378,0.0031508976531907,0.0090908410493284,angry,-0.9478708332689536,0.9733326582333094
1_5211_u,0.0524205471369908,0.0908419224858079,0.0413323146923705,0.0304638398545778,0.5570404156646197,0.2083379523719807,0.0195629858668928,0.0230923285707831,neutral,-0.3624688968325723,0.4233965765417277
1_5212_u,0.0152177554905359,0.0324525329172839,0.0087185600671173,0.0261089913423724,0.2567796142748875,0.3994705995034674,0.2612519275150569,0.0042843202172661,sad,-0.4297504566360321,0.48196843932077693
1_533_u,0.000227091345884,0.0001670332481035,0.0001551225502458,0.0039140898162152,0.994858130556298,0.0004850865823242,0.0001934093408487,0.0010506140133656,neutral,0.0028797560896574,0.0049484235427727005
1_536_u,0.0005142868627897,0.000299371423476,0.0001423541119299,0.0051367728645703,0.9918008906509034,0.002051352471413,5.4932309304398814e-05,0.0072420222277287,neutral,0.0021294079949615,0.008144137734178901
1_537_u,0.0,0.0,0.0,0.0,0.0,0.0,0.0,0.7091636918485165,vazio,0.0,0.0
1_5496_u,0.0337347717205017,0.0088158316662404,0.005777417806749,0.4802165701978628,0.0809802115229598,0.0579839807312622,0.3324912569106228,0.0003590956621336,happy,0.3739045682731094,0.5865285721226161
1_5571_u,0.0004965949409206,0.0005579082501461,0.0001344812582386,0.0031250019069121,0.995198092249416,0.0002904125150516,0.0001975252191373,0.0012148156893089,neutral,0.001645604942555,0.0046043988712690005
1_5572_u,0.0001873680799362,0.001227457716684,7.916832226046781e-05,0.9980926701237292,0.0001326863491891,4.156104185934286e-05,0.0002389901163996,0.0024711722981009,happy,0.9965571149629892,0.9996282252844693
1_5580_u,0.0004324260516827,0.0008683897951958,0.0002446912442321,0.0196989858468731,0.9759292319916107,0.0020022091114203,0.0008241123821299,0.0001329918704868,neutral,0.016151269644342,0.023246702049404003
1_5581_u,0.0059053368986792,0.0003398126275279,0.0003869264780437,0.0676032012934169,0.9202826207844974,0.0047312112772352,0.0007508666960932,0.0002758659684331,neutral,0.0562399140119306,0.0789664885749029
1_5617_u,0.0052371590769681,0.0011242448770099,0.0015461817981522,0.9237504500669516,0.0511127854636097,0.0040659867744951,0.0131630968572175,2.3605097112522344e-05,happy,0.911776877540326,0.9357240225935769
1_5627_u,0.0027380806183263,0.0024933647048293,0.0028003122157526,0.8912012627096694,0.0615309712048964,0.0069029033246611,0.0323330745577056,4.742441342386883e-05,happy,0.8762666018460998,0.9061359235732387
1_5679_u,1.835723796189197e-05,4.4132288465521696e-05,1.1842945354257418e-05,0.9998774114161064,2.5087852176604404e-05,2.185615308691188e-05,1.3599897943977065e-06,0.0025021106557687,happy,0.9997812227912376,0.999973600040975
1_5699_u,5.103298931595437e-05,1.5804578933980274e-05,4.750770172457602e-06,0.9998752623624916,1.5607792384294997e-05,1.7980828915894997e-05,1.949473237727757e-05,5.0819127181966905e-06,happy,0.9997856931951532,0.99996483152983
1_5751_u,0.7933387607694597,0.0080629163704532,0.0052244708335138,0.0875650091114467,0.0109473021682093,0.0152352664739377,0.079626290425618,0.0009017082193167,angry,-0.7342964053359178,0.9094264235588112
1_5758_u,0.0863153158641021,0.0051487871036589,0.005751643650604,0.7773306784467557,0.0245172921189537,0.0768780548478273,0.0240582457929223,0.0007450628327205,happy,0.6032368769805633,0.951424479912948
1_5786_u,4.761281782785162e-05,3.4976284929859626e-05,1.3734242771255851e-05,0.0004223253269936,0.9994348319652356,4.4245552201126975e-05,2.279729316180165e-06,0.00077780657557,neutral,0.0002817564292635,0.0005628942247236941
1_5880_u,0.0571797960349282,0.0394137784115846,0.0275384082072547,0.07488722400106,0.741679040009866,0.0458894906448152,0.0134123060522769,0.0549698984250426,neutral,-0.0951342492975228,0.2449086972996427
1_5919_u,0.008490411856797,0.0061546326125044,0.0013853992096176,0.024274469806112,0.9373634089463994,0.021266737180597,0.0010649048019709,0.0185860935598611,neutral,-0.0130227110534042,0.061571650665628
1_5953_u,7.542762963788104e-06,5.400546852191255e-06,6.742982224228567e-06,0.999829227351836,0.0001055284994702,4.0247354553227926e-05,5.266847297515824e-06,2.5271344156863048e-05,happy,0.9997692937052428,0.9998891609984294
1_5964_u,0.0172886107609805,0.0047112692459853,0.0717443806674993,0.777268377130777,0.0420835951088041,0.0662297467880957,0.0206740195956373,0.0053091512527315,happy,0.617294369668216,0.9372423845933379
1_60_u,0.8500727491175935,0.0156507792982375,0.0037731550781728,0.0847857530481772,0.0224735481628686,0.0138717425232119,0.0093722266172288,0.0018014577508437,angry,-0.7985826729690385,0.9681541790653929
1_6020_u,0.0035952363058371,0.008304324985284,0.0008947297145978,0.0089101241512309,0.9731813831650964,0.0038991100193531,0.001214996785636,0.0054635740816592,neutral,-0.0077832768738412,0.0256035251763029
1_6032_u,8.744366860487956e-05,4.48099755536459e-05,5.760062127913879e-05,0.0139147791513861,0.9854892759331946,0.0003994186096193,6.6542945384230085e-06,0.0002172794702345,neutral,0.013325506276329,0.014504052026443065
1_6039_u,0.0341195142756961,0.0195651252100697,0.0272823763463661,0.195129681686637,0.1904999331930815,0.2442708987685239,0.2891324205278291,0.0021569621167145,surprise,-0.130108232914019,0.5203675962872928
1_6065_u,0.0007703879873279,0.0009286221953024,0.0015413249721822,0.9909073577791466,0.0045127204452352,0.0006200362655269,0.0007196526429847,0.002725454774918,happy,0.987046986358807,0.994767729199486
1_6092_u,0.0728129565913214,0.0436550115595298,0.0199355654661698,0.1067530409150933,0.2721540582520139,0.3999679783312569,0.0847214186806293,0.0349520061863585,sad,-0.4296184710331847,0.6431245528633712
1_6113_u,0.0023887597334776,0.0037135641872896,0.0021382195379353,0.2899530606361354,0.0498580363069965,0.0124355419528601,0.6395128511710414,3.898120166923036e-05,surprise,0.2692769752245727,0.310629146047698
1_6134_u,0.019358370745109,0.1134875712496971,0.0092519971504427,0.0857204272992423,0.7139778548791765,0.0366009858984399,0.0216027649357967,0.197196119930595,neutral,-0.0929784977444465,0.264419352342931
1_6165_u,1.5350025367211323e-05,0.000386874411864,9.27775446257076e-05,0.9949915095441322,0.0037116220931267,0.0007859999019206,1.5869187059712026e-05,0.0122862978751072,happy,0.9937105076603546,0.9962725114279097
1_6183_u,0.2588878666762041,0.0525705335829955,0.0239164637752463,0.1612216496274763,0.1841688308720989,0.1570351782124867,0.162199476138304,0.0082874044892377,angry,-0.3311883926194563,0.653631691874409
1_6188_u,0.0019267072799339,0.0093653290646484,0.006828389898321,0.0374437450133646,0.0287323690812398,0.0145106467004556,0.9011928531453728,0.0084264092454304,surprise,0.0048126720700055,0.0700748179567235
1_6211_u,0.0635507129345803,0.1489495334893915,0.0122391851491364,0.113934573938281,0.0110549883178869,0.6074909491774657,0.0427800253098424,0.250436680857092,sad,-0.7182958068122931,0.9461649546888549
1_6221_u,2.631154625678231e-07,1.3669545782479694e-05,4.203132017589609e-06,0.9999657383498788,4.899985730349412e-06,8.923630854193414e-07,1.0306206873309662e-05,1.926398090290604e-05,happy,0.9999467101935308,0.9999847665062268
1_6355_u,0.0369574878624868,0.012600242871918,0.0077653056395989,0.7684211745687798,0.0511428755747079,0.093891076435425,0.0292218348324969,0.0012169611873105,happy,0.6172070617593509,0.9196352873782084
1_6370_u,0.0005423352572103,0.0034628437188841,0.0011016844026302,0.9720968536773216,0.0038706928961284,0.0006729704963502,0.0182526180842182,0.0045035582679701,happy,0.9663170198022464,0.9778766875523963
1_6426_u,0.0376329533795667,0.0048290523541183,0.0044164526588425,0.2345216025040181,0.6812293678139777,0.0134869266425382,0.0238835994570813,0.0004583243280648,neutral,0.1741562174689521,0.29488698753908377
1_6427_u,1.5511319916715644e-05,6.735439885325203e-05,3.558573238605068e-05,4.891275144406562e-05,0.00025600673977,0.999571684181718,4.972513097095141e-06,7.919204654172063e-05,sad,-0.99964122288143,0.9997390483843182
1_6428_u,0.01174801774792,0.0430110470524448,0.0154665763119304,0.1595034248316086,0.6966201466861515,0.0492379005681545,0.0244128084933451,0.0128807397559284,neutral,0.0400398831511586,0.2789669665120583
1_6472_u,0.0097457749823164,0.0306689443684805,0.0044491394530994,0.4385554361771278,0.4859822589072576,0.0179437912756825,0.0126546356985602,0.0023703314363956,neutral,0.3757477860975488,0.5013630862567066
1_6504_u,0.0018457676726201,0.0064850900029948,0.0014626694042143,0.5022829685672476,0.4688970584957981,0.0101660717532825,0.0088603727500555,0.0003385412710485,happy,0.4823233697341357,0.5222425674003593
1_6534_u,0.0044004514863103,0.01916060932109,0.0035789187263359,0.0341168139599951,0.9037272693994158,0.0110826599875903,0.023933228234381,0.0242140835907775,neutral,-0.0041058255613316,0.0723394534813216
1_6627_u,0.0057543690496414,0.0103407598568695,0.0021259533358791,0.8516182630559317,0.1086587724302818,0.0049666777361403,0.0165352093835831,0.0035252877860329,happy,0.8284305030774012,0.8748060230344621
1_6645_u,0.0,0.0,0.0,0.0,0.0,0.0,0.0,0.5709172375500202,vazio,0.0,0.0
1_6648_u,0.0073138591679949,0.0106276285091012,0.0031261813525414,0.015393767591678,0.9225059674365242,0.0191070317112643,0.0219255215967835,0.0040254924970212,neutral,-0.0247809331492238,0.0555684683325798
1_6683_u,0.0451579751015785,0.5132192460737625,0.0089026458056805,0.2401728891616506,0.107124957282438,0.0556625665784372,0.0297597457181879,0.0767059489153324,disgust,-0.3827695443978079,0.8631153227211092
1_672_u,0.8361748092673972,0.0151572348688683,0.0074512337401723,0.0345095696447692,0.0882425227619489,0.0151952416704525,0.0032693716366884,0.035175454802811,angry,-0.8394689499021212,0.9084880891916595
1_6766_u,0.2498019139919031,0.0088429709817892,0.003579731567319,0.0035866225061969,0.7301336337805491,0.0031678480284026,0.0008873216983807,0.1560447828378527,neutral,-0.261805842063217,0.2689790870756108
1_6769_u,0.0,0.0,0.0,0.0,0.0,0.0,0.0,0.9013988446677104,vazio,0.0,0.0
1_6835_u,0.0545381677789882,0.0473628529586904,0.0074197580721864,0.7582641932326779,0.0594936296017526,0.0090244945753947,0.0638968674849213,0.0024857918033376,happy,0.639918919847418,0.8766094666179376
1_6860_u,0.0128417406922687,0.0102947430390427,0.0057971555222437,0.0075766776895621,0.7734729382902404,0.1811902466985211,0.0088265373053833,0.0023602689907419,neutral,-0.2025472082625141,0.2177005636416383
1_70_u,0.3292902674894787,0.0427844922836588,0.0215622648998068,0.0338483389785004,0.4121222547380835,0.1478006796886167,0.0125917116748862,0.0450943270698188,neutral,-0.5075893653830607,0.5752860433400614
1_7047_u,0.0341551660910733,0.0391886117757577,0.0110473127351069,0.050145722557417,0.4919625893816905,0.3546153021382213,0.0188852365832656,0.0090199015103279,neutral,-0.3888606701827424,0.4891521152975762
1_7082_u,8.648965562118758e-08,2.545040278137146e-08,1.2610306621810257e-08,0.9999998355888255,2.5205860598977492e-08,6.380085199371382e-08,1.2251363497778714e-08,7.400741708352143e-08,happy,0.9999996472376086,1.0000000239400426
1_7089_u,0.0226477942884869,0.0109378434281746,0.0074273484779011,0.3789683432712946,0.4418165520133332,0.1237191527687764,0.0144829596112514,0.0521130848210304,neutral,0.2142362043079554,0.5437004822346336
1_7186_u,2.2270035956883944e-08,1.1664681439156757e-07,9.196493492451697e-08,0.9999980804559666,1.080758505487954e-06,5.965595960363974e-07,5.329660735465931e-09,3.0872520540015103e-06,happy,0.9999972530145852,0.9999989078973479
1_7281_u,0.1970104810932938,0.0104061642684737,0.0081642890788333,0.0406866461738475,0.3704169969997985,0.2127044616416452,0.1606109915358238,0.0002318695696884,neutral,-0.3875987499083986,0.4689720422560935
1_7341_u,0.0411414651364977,0.0448938053476483,0.0044905137288856,0.3288537280267423,0.5570728112988221,0.0138612439754592,0.0096864111120925,0.0196077805012464,neutral,0.2244666998382513,0.43324075621523306
1_7357_u,0.0935447969297464,0.039693116008154,0.0455101571720517,0.1478901107655279,0.3092453134368031,0.2708629624516257,0.093253470703283,0.0273686165455728,neutral,-0.3017209217960499,0.5975011433271058
1_7395_u,0.236216165608441,0.1089953434116815,0.0218956988697115,0.1147030764269293,0.2424004048134464,0.1207879886350308,0.1550013575443315,0.0043088996317237,neutral,-0.3731921200979356,0.602598272951794
1_7400_u,2.729143576539371e-05,0.0003128371144622,8.848481811754708e-05,0.9991622815494086,0.0002125926420599,0.0001489494239347,4.7504371570663294e-05,0.00044212523062,happy,0.9985847187571286,0.9997398443416884
1_7402_u,0.0298956810187429,0.2004583663149927,0.0288236419018258,0.3492880367779076,0.1219137668093602,0.1323151885833575,0.1373053216813239,0.0196641210932284,happy,-0.0422048410410115,0.7407809145968265
1_7442_u,0.9370980302056184,0.0201667341626372,0.0015728970420573,0.0085539411093716,0.0234183189021761,0.0015208876081122,0.0076691728197718,0.2784275540034286,angry,-0.9518046079090536,0.9689124901277968
1_7443_u,0.0146328854693498,0.0109369504748608,0.010319865200107,0.0462502061675585,0.7178930560474308,0.0445752458979151,0.1553917301920724,0.0015051058326206,neutral,-0.0342147408746744,0.1267151532097912
1_7445_u,0.0387592992296803,0.0134019399538563,0.0156159090852552,0.06879050879127,0.7041864442888693,0.1132049219813926,0.0460409978841814,0.0012688094284383,neutral,-0.1121915614589144,0.2497725790414544
1_7449_u,0.0011190732140959,0.0011676193860228,0.0010547064576261,0.6159272203822864,0.3725540152319903,0.0062639793632452,0.0019134316206674,0.0079529362337779,happy,0.6063218419612961,0.6255325988032764
1_7487_u,0.0032271336060583,0.0040255773956615,0.0021733436474393,0.8985371872105274,0.0692734770233743,0.0131240065980328,0.0096392835058076,0.0009313776536144,happy,0.8759871259633354,0.9210872484577193
1_7490_u,8.678766043366485e-06,4.048292166481291e-05,7.004764954201618e-06,0.9998906529285152,4.3401778632068645e-05,8.055763465226867e-06,1.6638441610391298e-06,0.0013015775894018,happy,0.9998264307123876,0.9999548751446428
1_7494_u,0.1510423552997254,0.0941136373691526,0.0190889843538739,0.090950547964424,0.4560447841384266,0.1284315755313473,0.0603281029085571,0.1199447701219468,neutral,-0.3017260045896753,0.4836271005185232
1_7504_u,5.05769895677183e-05,0.0002599559346815,6.554155482496271e-05,0.999108382251256,0.0003225022915997,5.596862231103656e-05,0.0001370242428186,8.955455268733203e-05,happy,0.9986763391498706,0.9995404253526412
1_7575_u,0.0001033699868194,2.5891120219490887e-05,4.688845858953159e-06,0.9998118016875562,4.324822518022962e-06,9.511621479067196e-06,4.052916826612792e-05,2.238948979993438e-06,happy,0.9996683401131792,0.9999552632619331
1_7593_u,0.001934580952411,0.0012751283994965,0.00118042843961,0.874852391644513,0.0175333767270872,0.0078658466054349,0.0953582796859514,0.0002341353936116,happy,0.8625964072475605,0.8871083760414653
1_7641_u,0.0004518874078625,0.0020817966635045,0.000438085408329,0.0025898374658325,0.0025392186243217,0.9917159411298132,0.0001832448395857,0.0087912315502762,sad,-0.9920978731436768,0.9972775480753417
1_7661_u,0.2841027509027024,0.0384043586676508,0.0095987056266179,0.2680281102679281,0.3339797323733378,0.0331108949542193,0.0327754071806586,0.0460355337709187,neutral,-0.0971885998832622,0.6332448204191184
1_7675_u,0.0479384551015461,0.0637648890330567,0.0116757574855731,0.618522868859167,0.1106001604537424,0.0740280609005517,0.0734697643112527,0.0151641495758666,happy,0.4211157063384392,0.8159300313798946
1_7722_u,0.0170894797075384,0.00820248230319,0.0082904530705286,0.0272314885443373,0.753137259561064,0.1808983724441221,0.0051505174744778,0.0836763556580989,neutral,-0.1872492989810419,0.2417122760697164
1_7894_u,0.0270342201703324,0.0120197471114177,0.0051996517604397,0.7301564932555411,0.0039823696551978,0.0084320550729313,0.2131754382068602,0.0004374044183349,happy,0.6774708191404198,0.7828421673706623
1_7938_u,0.207836722845331,0.0718459194952415,0.0058104937320199,0.0320503035495125,0.6179355020229521,0.0463548866293392,0.0181662037566713,0.004160644719377,neutral,-0.2997977191524193,0.3638983262514441
1_7953_u,0.040693369490652,0.0402885575062882,0.0111865081969256,0.0631719296347071,0.2813354776188098,0.0401287071577188,0.5231955189635406,0.0029713980911764,surprise,-0.0691252127168777,0.19546907198629168
1_80_u,0.1610331944955518,0.0500320998242318,0.0121520494730755,0.0612159443111789,0.5567973831054807,0.112739589722424,0.0460297380160342,0.0040728923631831,neutral,-0.2747409892041043,0.39717287782646205
1_8042_u,0.0040597496316236,0.0992535694767596,0.004950027264943,0.1317239159884658,0.7420008734647188,0.00910542750038,0.0089064012019795,0.4190906026633454,neutral,0.0143551421147593,0.24909268986217198
1_8045_u,0.2226524723832943,0.0182781601637221,0.0052930351291834,0.2215555641472003,0.2692471272798245,0.0075056333819661,0.2554679845099267,0.0018239573983009,neutral,-0.0321737369109657,0.4752848652053661
1_8052_u,0.0608067350814566,0.0589636101019883,0.0120449214735109,0.1400900509366154,0.5080227260167652,0.0392365302401336,0.1808354109557304,0.0135138108453246,neutral,-0.0309617459604741,0.3111418478337048
1_8078_u,0.897612590303879,0.0623406220365107,0.0029977982848224,0.0053697326606163,0.0138137222940348,0.0081407675776972,0.0097247071819877,0.0019110479042864,angry,-0.9657220455422932,0.9764615108635256
1_8136_u,0.0013132434233247,0.0001191434767504,0.0003479671763297,0.9335810114477016,0.0594666536480637,0.0047244128917851,0.0004475548711912,6.6672404500423e-05,happy,0.9270762444795116,0.9400857784158914
1_8159_u,0.0257827980965074,0.0709439789837636,0.010530966243756,0.1128724965779273,0.5652412943962406,0.0951649503884995,0.1194635377955542,0.0083939488395117,neutral,-0.0895501971345992,0.3152951902904538
1_8185_u,0.0147015119043057,0.0210875587741216,0.0074924283086174,0.0856796360396784,0.0680338621090119,0.0178070065057063,0.7851979195441302,0.0041482801207166,surprise,0.0245911305469272,0.1467681415324294
1_8217_u,0.0064525181563133,0.0088176549953909,0.0036356876183709,0.0720805322474495,0.8837818426608521,0.0103376605647885,0.0148941180821115,0.0004322991007938,neutral,0.0428370109125857,0.10132405358231308
1_8407_u,0.801571918283862,0.0068557040381602,0.0006637863081763,0.1846833889263864,0.0037210330235664,0.0010849895408696,0.0014193161472975,0.0012053864920744,angry,-0.6254930092446819,0.9948597870974544
1_8417_u,0.0112141243898408,0.0242029287921508,0.0030786640568042,0.7088532350757539,0.2204084189224475,0.0172814840772678,0.0149611603643471,0.0013235842925496,happy,0.6530760337596901,0.7646304363918176
1_8452_u,0.0034907155116792,0.0049885831208315,0.0011870809362235,0.0794451388438462,0.896595554999213,0.0125221395625451,0.0017708583565846,0.0036361467209643,neutral,0.0572566197125667,0.1016336579751255
1_8505_u,0.9630580664064576,0.0079574448956171,0.0019878334845377,0.0092052820993144,0.005544352731996,0.0058702696871051,0.0063768623777213,0.0003948152261727,angry,-0.9696683323744034,0.9880788965730319
1_8717_u,0.0100478621716987,0.0102237934284721,0.0158672524224565,0.6718910812794464,0.211251844349628,0.0544781172082025,0.0262400322889406,0.015546187001746,happy,0.5812740560486164,0.7625081065102762
1_8746_u,0.0099017641093997,0.0012703915821152,0.001132892021419,0.2473586889292484,0.011740202487829,0.7252255647459541,0.0033704834000542,8.316974981426029e-05,sad,-0.4901719235296399,0.9848893013881364
1_8749_u,0.0026119708085017,0.0244484837497843,0.0072627960334653,0.9266611457592554,0.0291007332344767,0.0060973885104982,0.0038174243674939,0.2432749255094677,happy,0.8862405066570057,0.9670817848615049
1_8827_u,0.0323312468571354,0.0278906741827169,0.0079392271880591,0.0162979284392853,0.8471962711126241,0.0569233759129213,0.0114212637895406,0.0048952313372864,neutral,-0.1087865957015476,0.141382452580118
1_8837_u,0.0762145185854927,0.0095994461631337,0.0135073120048531,0.1544819649226717,0.3576436852232589,0.3717886424319283,0.0167643684939366,0.0076333887409418,sad,-0.3166279542627362,0.6255918841080794
1_90_u,0.0012454896645187,0.0028106835515019,0.0014257034571645,0.9908998707866956,0.001006586263586,0.0017944733164819,0.0008172534466523,0.0213172900839708,happy,0.9836235207970284,0.9981762207763626
1_9003_u,0.0119913116253753,0.0010540905883948,5.335168957625904e-05,2.24284969887174e-05,9.944033077329876e-05,0.9867580419648984,2.132801052766404e-05,6.08762650138317e-05,sad,-0.999834367371256,0.9998792243652335
1_9009_u,0.1945500796686441,0.0365619504879405,0.0112857149678289,0.1649384560124742,0.3573336041780975,0.2226941283428918,0.0126360701819314,0.029824050143361,neutral,-0.300153417454831,0.6300303294797794
1_9087_u,0.0111411439509471,0.9803062570658794,0.0005440453314242,0.0010306881225437,0.0029784794898643,0.002375646628495,0.0016238010675529,0.0007119812944437,disgust,-0.993336404854202,0.9953977810992893
1_9245_u,0.185212106670864,0.0700468861431861,0.0227869867394517,0.1693643296325307,0.4297194066966838,0.0804049395083878,0.0424654206230177,0.1974961138330399,neutral,-0.1890865894293589,0.5278152486944203
1_9594_u,0.1616666476548054,0.0418655778588518,0.0143914928244334,0.1746663268701956,0.0522531528485198,0.0964436100807018,0.4587131606592992,0.1764085454924496,surprise,-0.1397010015485968,0.489033655288988
1_9668_u,0.0001071139195653,0.0001196591060669,2.8437039166697564e-05,0.0002023155812373,0.9993690549819748,0.0001500244713913,2.335103872689112e-05,0.0005523172440006,neutral,-0.000202918954953,0.0006075501174274975
1_971_u,0.8162940255622997,0.0180705746128235,0.0077869333386335,0.0369958686092723,0.0369948335867178,0.0682374826197027,0.0156203333983242,0.0030116656562311,angry,-0.8733931475241871,0.9473848847427315
1_9963_u,0.3192436754135899,0.0166485382015166,0.0174079951529661,0.0586940596547189,0.4125184409191083,0.0586501050875718,0.1168372439748182,0.0023700618767179,neutral,-0.3532562542009256,0.4706443735103633
1_9971_u,0.2938116029479923,0.1169159511992001,0.0048295629093793,0.0398907201673477,0.5154219453605475,0.0221832335430576,0.0069469804615757,0.0443490799516438,neutral,-0.3978496304322817,0.47763107076697703
1_9972_u,0.0111689973719234,0.05671047023186,0.0045047666940054,0.0509817441665132,0.847779894248957,0.0185648878442956,0.0102893426864876,0.1554469057591631,neutral,-0.0399673779755713,0.1419308663085976
1_9993_u,0.0032847438749473,0.0056827013913727,0.0096451951698117,0.4692854769161909,0.0657905565948328,0.0125087864048985,0.433802518540847,0.0068297011230242,happy,0.4381640500751605,0.5004069037572212
1_S09E01_027_u,0.0021693458296857,0.004229063474846,0.0003229282271924,0.0181817376420341,0.9725626133887404,0.0021663790057341,0.0003679107456516,0.002857531653717,neutral,0.0092940211045757,0.027069454179492303
1_S09E01_368_u,0.1358509257629183,0.162485978089532,0.018297567754572,0.3884212430451383,0.0401755080958451,0.0481029797281496,0.2066656462355429,0.4728971443837508,happy,0.0236837917099664,0.7531586943803102
1_S09E01_379_u,2.492770400952235e-05,0.0001057754049887,4.511456903708255e-05,0.9991881454248612,0.0004772984461509,0.0001430432799032,1.5633582456600784e-05,0.0001088871686079,happy,0.9988692844669224,0.9995070063827998
1_S09E01_403_u,0.1806025589066265,0.0968615627739583,0.0926162384705439,0.0366969509658599,0.0087788336245081,0.570477904007753,0.0139659765018532,0.0410562893375753,sad,-0.903861313193022,0.9772552151247416
1_S09E01_439_u,1.7190211532201172e-05,0.0367349175908231,0.0001824087330039,2.625109293282616e-05,0.0001363840391357,0.9628046416037797,9.818783945747048e-05,5.02339426020626e-05,sad,-0.999712907046206,0.9997654092320717
1_S09E02_002_u,0.0,0.0,0.0,0.0,0.0,0.0,0.0,0.9143631958868352,vazio,0.0,0.0
1_S09E02_064_u,0.0117805435419239,0.0012562957352386,0.8162381570731017,0.0025341558727701,0.0340697732575744,0.1221420519638503,0.0119790582717202,0.0026064215926451,fear,-0.9488828924413444,0.9539512041868846
1_S09E02_078_u,0.0170984422981347,0.0330260471966372,0.0198326885070758,0.1304464933977445,0.6620582207903458,0.0367312559606458,0.100806847307478,0.3079574784496798,neutral,0.0237580594352508,0.237134927360238
1_S09E02_178_u,0.0435224182848076,0.0168707381238315,0.0016176592694189,0.0073785337283564,0.9099963313277944,0.0201613083599938,0.0004529088486502,0.2502830745652318,neutral,-0.0747935903096955,0.0895506577664082
1_S09E02_215_u,0.0268347971671169,0.0157660603352635,0.0037426450844061,0.1925729371625343,0.7140406284355327,0.0069954669296745,0.0400474210089039,0.0002237848457297,neutral,0.1392339676460731,0.24591190667899532
1_S09E02_271_u,0.0006740726773627,0.0002450769855954,0.0003074704465609,0.0015234006186377,0.0074889925337014,0.9888399338512238,0.0009210718487479,1.2125369266868802e-05,sad,-0.9885431533421052,0.9915899545793805
1_S09E02_371_u,0.0121170980401776,0.0061032433920513,0.0012523191138848,0.0167951190682931,0.9543260235782874,0.0080838106368057,0.0013224640204182,0.0160390289966016,neutral,-0.0107613521146265,0.044351590251212505
1_S09E02_386_u,0.0002240459443,0.0010896133643207,0.0005094401828001,0.989859299829046,0.0049791333841386,0.0030042541413708,0.0003343109601874,0.0003256009949836,happy,0.9850319461962544,0.9946866534618376
1_S09E02_392_u,0.0002430973160394,0.0229733858396939,0.0051865384339469,0.9303932485796316,0.0032202687190685,0.0216600139814278,0.0163234754141127,0.0116565273056038,happy,0.8803302130085233,0.9804562841507396
1_S09E02_424_u,0.0019089754960043,0.0115107406568036,0.0099896621432876,0.0820429051092076,0.8775582207920555,0.0148499071006986,0.0021396787749665,0.3705744629260152,neutral,0.0437836197124133,0.1203021905060017
1_S09E03_056_u,0.0120770095232625,0.0069301385246713,0.0082276865045685,0.8997856621615515,0.0436406888202208,0.0028544203775697,0.0264843276660523,0.0150054274126887,happy,0.8696964072314793,0.9298749170916235
1_S09E03_072_u,0.0283152417655037,0.0190156073355849,0.0049272179243629,0.0188886175023487,0.8622872856513668,0.0240578298824877,0.0425081374983835,0.0006622099317609,neutral,-0.0574272794055907,0.0952045144102879
1_S09E03_120_u,0.0981302718492865,0.0115207528401297,0.0049832583285016,0.0061927928591518,0.0801196901522914,0.7927814912267119,0.0062716564522528,0.0016726469621061,sad,-0.901222981385478,0.9136085671037815
1_S09E03_125_u,0.1562356447582436,0.1076549420430937,0.0185370963845034,0.0558701370976331,0.2920096342950888,0.3093581811105228,0.0603342904553255,0.0038061430677771,sad,-0.5359157271987307,0.6476560013939967
1_S09E03_135_u,0.003215559820802,0.0033379548044204,0.0015084233399388,0.0319048715895908,0.9291837454103486,0.0076205736399407,0.0232288900321542,0.0003813173425441,neutral,0.0162223599844887,0.0475873831946927
1_S09E03_143_u,1.6993432517563544e-05,2.1290160593720903e-05,9.39093265984924e-06,0.0002756451201688,0.9960059643197732,0.0036701826614358,5.709334519064721e-07,0.000100010769529,neutral,-0.0034422120670381,0.003993502307375734
1_S09E03_170_u,2.92981753411826e-07,3.0441367551772364e-06,1.6099097635419033e-06,9.098484976197424e-06,6.65141198565283e-05,1.2905994742644185e-06,0.9999181058642632,2.646401349477173e-09,surprise,2.860857229802039e-06,1.5336112722592806e-05
1_S09E03_233_u,2.4929920043129083e-05,9.644740588935502e-05,4.465251223577003e-05,0.0003929215062055,0.9992303866677475,0.0001394652043603,7.114984871184983e-05,0.0006513858772904,neutral,8.742646367687802e-05,0.0006984165487340542
1_S09E03_241_u,8.75642629765503e-06,5.139102384377129e-06,1.5763857739726812e-06,6.4407476882202745e-06,0.9999719676564802,5.155448899944383e-06,1.0231984911858728e-06,1.023412531253598e-05,neutral,-1.4186615667728947e-05,2.7068111044169498e-05
1_S09E03_359_u,0.0015302610031716,0.0024914206702244,0.0032088435399324,0.7530255482592525,0.1578582664721277,0.0706880642942395,0.0111976144619734,0.0004805630960618,happy,0.6751069587516844,0.8309441377668204
1_S09E03_476_u,0.0291101260405709,0.8196524119109412,0.0052283137943037,0.0071855190926374,0.1006483750847351,0.025615568097392,0.0125596333418214,0.0180326378904282,disgust,-0.8724209007505703,0.8867919389358451
1_S09E04_015_u,2.6059591166826973e-05,1.0851563976906114e-05,0.0004187003165646,0.0010207793469375,0.9978609029697731,0.0006365917072566,2.617843246326814e-05,0.0002095955051117,neutral,-7.142383202747723e-05,0.002112982525902433
1_S09E04_053_u,1.7865948998606628e-10,3.437846896165603e-09,1.0585870375085299e-10,1.0000000000341174,9.668270958465129e-13,3.4916083914230374e-11,1.8096452115208388e-10,3.411725311714808e-11,happy,0.9999999962768362,1.0000000037913985
1_S09E04_074_u,0.0001112813848184,0.0001569714284157,2.8328445524264745e-05,6.598324090245302e-05,0.9995197151695022,5.740152227964956e-05,6.02041472831567e-05,0.0004136855047817,neutral,-0.0002879995401356,0.0004199660219404673
1_S09E04_088_u,0.0,0.0,0.0,0.0,0.0,0.0,0.0,0.6884489040821791,vazio,0.0,0.0
1_S09E04_106_u,5.794858732123214e-07,6.667831367341485e-07,1.87500839591436e-07,1.015459348928455e-06,0.9999965776744768,1.059377305106243e-06,2.6391559970695784e-08,1.10763127025848e-06,neutral,-1.4776878057156937e-06,3.508606503572604e-06
1_S09E04_207_u,0.0008099649534458,0.0037790660769838,0.0014981881123668,0.9701646472863004,0.0216008580728334,0.0017117041636416,0.0004355340085272,0.2272953679785131,happy,0.962365723979862,0.9779635705927383
1_S09E04_230_u,0.0145134805728053,0.0005993177513264,0.0003607894525554,0.9728973101023216,0.0077240450679679,0.0028770541341962,0.001028074920361,9.504160607320956e-05,happy,0.954546668191438,0.9912479520132049
1_S09E04_267_u,0.0710330313573971,0.0347632268536062,0.011004057850096,0.0211730309485342,0.7472792282338638,0.0553556782833786,0.0593917954391653,0.0228596128290518,neutral,-0.1509829633959438,0.1933290252930121
1_S09E04_288_u,0.0109853180614066,0.0039894184499303,0.0016750847193872,0.0027863684507165,0.8737890203560755,0.1046654538108684,0.0021092722169545,0.0003542443737387,neutral,-0.1185289065908762,0.12410164349230901
1_S09E04_342_u,2.771009846490139e-06,1.5002369136431493e-05,3.1611813984814205e-06,0.9999678151192172,6.466539408858333e-06,2.743895296698437e-06,1.9767400679410026e-06,8.42853078211192e-05,happy,0.9999441366635392,0.9999914935748954
1_S09E04_351_u,8.767380680803664e-06,5.0306325666614255e-06,2.7095571578120247e-05,0.0334646068641223,5.245189824748172e-05,0.0001643165451868,0.9662777785177566,3.819868379939528e-10,surprise,0.0332593967341098,0.033669816994134696
1_S09E04_382_u,0.0078723348003112,0.0061789395072392,0.0025194282811577,0.1602201927687722,0.7609245250707181,0.06151603129849,0.000768549626439,0.2687092814594505,neutral,0.0821334588815739,0.23830692665597028
1_S09E05_022_u,0.0028895039518429,0.0101910614097483,0.0047509478587348,0.0595904413539159,0.889834328285247,0.0281759068034325,0.0045677217410243,0.2385362978675402,neutral,0.0135830213301573,0.10559786137767439
1_S09E05_213_u,0.0001139545577867,0.0001148830302114,0.0001103535620926,0.0019266995489187,0.0033430655771356,0.000547004834528,0.9938440545513736,2.181459936412278e-06,surprise,0.0010405035642999,0.0028128955335373997
1_S09E05_222_u,0.0483327128229423,0.019151019512618,0.0155641466137597,0.1742054524197384,0.2666449026789564,0.1023218752989817,0.3737798854300747,0.0011615198091021,surprise,-0.0111643018285634,0.35957520666804005
1_S09E05_258_u,8.082470147087157e-06,2.048916593286396e-05,3.3746566003807434e-05,0.9997167273969576,3.0389367359519035e-05,0.0001376496755244,5.293892717848801e-05,1.3399553324688895e-06,happy,0.9995167595193494,0.9999166952745658
1_S09E05_278_u,5.10722173655957e-07,1.798334321731865e-07,2.1485017017728725e-07,0.999961829091506,3.1304040211139225e-05,5.910990323517751e-06,2.1175406185446207e-08,1.168201649193179e-06,happy,0.9999550126954064,0.9999686454876056
1_S09E05_284_u,8.712055099993763e-10,0.9999999598506046,6.727366973559411e-10,3.3778618130812246e-08,6.003795713399868e-09,8.639663890128261e-09,6.505527187243795e-11,7.905989745510268e-08,disgust,-0.9999999362555926,1.000000003812829
1_S09E05_291_u,0.0011609921258218,0.0621679340035987,0.0003400895417944,0.9342305500509314,0.0009528928576258,0.0009772437016038,0.0001703123879829,0.0050301007868256,happy,0.8695842906781124,0.99887680942375
1_S09E06_055_u,0.0080958263677304,0.0075948476546485,0.0032764481127435,0.0804295412799943,0.8761868654336126,0.0125722523188354,0.0118441685311915,0.0007738990534562,neutral,0.0488901668260362,0.1119689157339521
1_S09E06_168_u,4.666543384375652e-05,3.923482457967762e-05,2.7902914503061404e-05,0.0002441256628431,0.9994972887279002,0.0001086432797671,3.627109260066297e-05,0.0001220663739331,neutral,2.1679210149538376e-05,0.00046657211553669556
1_S09E07_054_u,0.0,0.0,0.0,0.0,0.0,0.0,0.0,0.5993939321488141,vazio,0.0,0.0
1_S09E07_135_u,0.0,0.0,0.0,0.0,0.0,0.0,0.0,0.7601687432907056,vazio,0.0,0.0
1_S09E07_285_u,0.0573489624164945,0.0430244938157762,0.0165517642479667,0.3701551209859214,0.2109574633924698,0.2294371338664902,0.0725250400523694,0.0565001894719898,happy,0.0237927666391936,0.7165174753326491
1_S09E08_255_u,0.1168466256064499,0.047089717273517,0.0418691692853003,0.1386198494866264,0.2918871511096637,0.2629334212123365,0.1007540640796522,0.0430569667369127,neutral,-0.3301190838909774,0.6073587828642302
1_S09E10_065_u,0.0623246310047848,0.0321362788014152,0.0119151181134654,0.1227536970015816,0.6188953341988067,0.0661884487234579,0.08578652647221,0.0026115586515515,neutral,-0.0498107796415417,0.2953181736447049
1_S09E10_208_u,0.0008394478721763,0.0015707887306525,0.0013472673427307,0.009892381946825,0.9627893443207872,0.0223757455870265,0.0011851566820241,0.004185916361166,neutral,-0.0162408675857611,0.036025631479411
1_S09E11_045_u,0.0005863580594625,0.0004445797945003,0.0002296344615837,0.9905812344230694,0.0064028130072156,0.0010101509178568,0.0007452840703778,2.8962621399841737e-05,happy,0.9883105111896658,0.9928519576564728
1_S09E12_184_u,6.864585676398074e-06,0.0001022063201303,3.4515310686022195e-05,0.9997411536384212,3.169336868635961e-05,3.440423448181838e-05,4.911274626533792e-05,0.0005369550303838,happy,0.9995631631874464,0.9999191440893958
1_S09E12_369_u,0.0898430410844709,0.0795634592462753,0.0205085269162417,0.0859415888679959,0.5648695908293421,0.1292197144652417,0.0300541469105372,0.1139362743124364,neutral,-0.2331931528442338,0.4050763305802255
1_S09E13_024_u,0.0002095508451172,0.0002735807087215,0.0003586023282431,0.9983559927016936,0.0003504523765601,0.0001931902133331,0.0002586198873549,0.0002935666780103,happy,0.9973210686062788,0.9993909167971086
1_S09E14_045_u,0.0239266408686071,0.0134656411770102,0.0082082799061698,0.0520112377392048,0.7858639534601181,0.066102769743086,0.0504214969935465,0.0531767212960401,neutral,-0.0596920939556684,0.16371456943407792
1_S09E14_455_u,0.0643096525361779,0.0768688971532292,0.0295934830160299,0.2310206761216805,0.4250250628343318,0.1123332731746003,0.0608489074149223,0.2149424699600786,neutral,-0.0520846297583568,0.5141259820017178
1_S09E16_101_u,0.0011441077471155,0.0030034543466102,0.001569564600338,0.9722250701234392,0.0113407190343595,0.0081015036707888,0.002615584218494,0.0003484717017271,happy,0.9584064397585866,0.9860437004882916
1_S09E16_189_u,0.2393523521312241,0.058115059647719,0.0155833211327052,0.3269011141747951,0.2640207938211948,0.056583459247495,0.0394439298910487,0.00811617821455,happy,-0.0427330779843483,0.6965353063339385
1_S09E18_033_u,4.28076435164431e-06,1.30949665598695e-05,0.0001868940196555,0.0010986990890477,0.9986377776191316,5.5886269450998745e-05,3.4473523519965502e-06,0.0022657205063295,neutral,0.0008385430690296,0.0013588551090657126
1_S09E18_147_u,0.0001568418066459,0.0006808584524176,5.24039233143163e-05,0.9983725967099564,0.0006509135665481,5.663065102943888e-05,2.972007642385989e-05,0.0052779202524105,happy,0.9974258618765492,0.9993193315433636
1_S09E18_357_u,0.0,0.0,0.0,0.0,0.0,0.0,0.0,0.9060286777094008,vazio,0.0,0.0
1_S09E19_044_u,0.0004611918389183,0.0006347072128785,0.0014304547207694,0.0029499053725561,0.9891718099065376,0.0018060557810688,0.0035459007191832,0.0020867110615653,neutral,-0.0013825041810791,0.0072823149261911
1_S09E20_029_u,0.0,0.0,0.0,0.0,0.0,0.0,0.0,0.7786585704889148,vazio,0.0,0.0
1_S09E20_127_u,0.1163526187559921,0.0345280425854435,0.0093750135443039,0.2571256713370172,0.345161084436045,0.2256425242833948,0.0118150219610452,0.0120949712581931,neutral,-0.1287725278321171,0.6430238705061515
1_S09E20_156_u,0.0035161095838674,0.9854517768580968,0.0004352524344678,0.0074903178416936,0.0023738697607153,0.0003707714307063,0.0003618219585002,0.0189999823924153,disgust,-0.9822835924654448,0.997264228148832
1_S09E20_179_u,0.6961904749108911,0.0371531160775947,0.0096331531154887,0.0487247576847896,0.1251857068545355,0.0639432170633993,0.0191695414777047,0.0066829668357966,angry,-0.7581952034825843,0.8556447188521635
1_S09E20_237_u,6.717134379914896e-05,0.0005304943122721,0.0004401649485659,0.0006382619079662,0.9797385177014726,0.0185555325048103,2.985948013036363e-05,0.0032446195255033,neutral,-0.0189551012014813,0.02023162501741365
1_S09E20_354_u,0.0345525463473118,0.0090285349184941,0.0079842581579511,0.0789456775691284,0.3902613906538766,0.0518187846326334,0.4274087959131168,0.0002672237578735,surprise,-0.0244384464872621,0.18232980162551882
1_S09E21_024_u,2.423115576035414e-05,9.449867947284172e-05,0.0001016693567826,7.334389101316897e-05,0.0015667788949933,0.0001487719581398,0.9979908175201768,3.4348569171588354e-06,surprise,-0.0002958272591426,0.00044251504116876484
1_S09E21_255_u,0.0,0.0,0.0,0.0,0.0,0.0,0.0,0.7456928240135312,vazio,0.0,0.0
1_S09E21_401_u,0.2491074758832428,0.0998221768553059,0.0089153440479485,0.5889402089540776,0.0069062421158255,0.017805658244132,0.0285029034361021,0.0234264060854911,happy,0.2132895539234484,0.9645908639847068
1_S09E22_015_u,0.0028279039658892,0.0039220652929841,0.0008944653670303,0.0276673647468022,0.9570654732675128,0.0061983039708659,0.0014244078675952,0.0024535362026654,neutral,0.0138246261500325,0.04151010334357169
1_S09E22_075_u,0.7693550254518364,0.0353715360339697,0.0682849534886009,0.0215499372088127,0.0233727121150326,0.0383595969608643,0.0437062428364738,0.0051408674335106,angry,-0.8898211747264587,0.932921049144084
1_S09E23_017_u,0.1986291447650373,0.2994459693232321,0.0135544554064421,0.0119106364415569,0.2839281836049089,0.1874076890247448,0.0051238759580766,0.0784256421029567,disgust,-0.6871266220778994,0.7109478949610132
1_S09E23_102_u,0.239316822211928,0.0314556579350959,0.1106811771317705,0.0304685634022303,0.0373430468577525,0.1235413673666092,0.4271933619987565,0.0035048003192059,surprise,-0.4745264612431733,0.5354635880476339
1_S09E23_270_u,0.0249230921951884,0.0130084075126711,0.0031689404045138,0.0067279770005927,0.9014898115081602,0.0110809395846772,0.0396008452291364,0.0010745678191596,neutral,-0.0454534026964579,0.0589093566976432
1_S09E23_420_u,0.0517362078446135,0.0219129455130759,0.0120583682281643,0.4977769645548663,0.2288738282272137,0.0639962090870789,0.1236455165287783,0.0013339406577869,happy,0.3480732338819335,0.6474806952277989
1_S09E24_014_u,0.0008469230830335,0.0021018307283435,0.0019098012833022,0.0015052634433246,0.9893935269677252,0.0023468084399381,0.0018958934934783,0.0062862955892342,neutral,-0.0057001000912928,0.0087106269779419
1_S09E24_152_u,0.0365145128395747,0.0225852339767467,0.0059606386267419,0.0840762584700047,0.7644059795360854,0.0454836159904618,0.0409738103002981,0.0017848683637566,neutral,-0.0264677429635205,0.1946202599035298
1_S10E01_075_u,2.887945749158088e-07,7.178844848235521e-07,1.864838103195735e-07,0.9999983482414788,2.2178831565519198e-07,1.360930818812181e-07,8.153567025475906e-08,4.308713073442051e-06,happy,0.9999970189855268,0.9999996774974308
1_S10E01_197_u,0.1082853775444441,0.0470217570797737,0.0287621219658437,0.3850919145798092,0.2231682962116306,0.0747120235803234,0.1329584916345944,0.01000441564247,happy,0.1263106344094242,0.6438731947501941
1_S10E01_225_u,0.0006873501594833,0.0015826778782054,0.0003458632294805,0.0081389254932702,0.9882374772833846,0.0007528682367373,0.0002548190839835,0.0114153231843374,neutral,0.0047701659893635,0.011507684997176701
1_S10E01_381_u,0.0222187982423487,0.0210980254881717,0.0080662813877172,0.0492385878519364,0.8584052684292154,0.0281771915829915,0.0127958492498974,0.0612841283436864,neutral,-0.0303217088492929,0.1287988845531655
1_S10E01_474_u,7.290445749203195e-05,0.0001507594666544,0.000251345915701,0.0015009188716928,0.0010825600969795,0.0007045915444108,0.9962369798996846,6.820533598905776e-06,surprise,0.0003213174874345,0.0026805202559510317
1_S10E02_101_u,0.0130277736985587,0.0077070049478806,0.0019247769123407,0.0187922180125738,0.9264446021051848,0.0065251179619275,0.0255784353375005,0.0010212337983829,neutral,-0.0103924555081338,0.0479768915332813
1_S10E02_123_u,0.1493074715833878,0.0424399549787326,0.0775525859832242,0.1643013017138887,0.0486154298746853,0.3588199864839431,0.1589632910798327,0.0235097024124115,sad,-0.463818697315399,0.7924213007431764
1_S10E02_327_u,0.1159491788881529,0.0205847942459005,0.0010790558958776,0.8287240663236094,0.0278162535238005,0.0025812583678644,0.0032654068408907,0.0020549710316117,happy,0.6885297789258139,0.9689183537214049
1_S10E02_372_u,0.0269200937080636,0.031610488326344,0.0137699157974363,0.2155507254049104,0.6399744644473996,0.061127327907424,0.0110470779797653,0.0295752189122139,neutral,0.0821228996656423,0.3489785511441783
1_S10E03_144_u,0.0775851668226726,0.0294404245377915,0.015917955954873,0.2794450557798281,0.4716918756064396,0.1055250920726582,0.0203944013729007,0.0136007559485732,neutral,0.0509764163918325,0.5079136951678234
1_S10E03_154_u,2.0038531095322336e-05,0.0005812794264771,4.366499160356243e-05,0.9987023062873508,0.0005194445829145,0.0001224403656969,1.0821405669210833e-05,0.0109238113218452,happy,0.9979348829724778,0.9994697296022237
1_S10E03_177_u,0.0,0.0,0.0,0.0,0.0,0.0,0.0,0.5600877180695534,vazio,0.0,0.0
1_S10E03_224_u,0.8201758475464995,0.0446732839554762,0.0034603511231269,0.0034389359490801,0.0970778237787788,0.0250478584699179,0.0061259520142524,0.0016359676519639,angry,-0.8899184051459406,0.8967962770441006
1_S10E03_260_u,0.0002065982498616,0.0005426167442502,0.0002223527845033,0.0038774635124002,0.9938563637033586,0.0012035328637615,9.107742601524352e-05,0.0347652584459865,neutral,0.0017023628700235,0.0060525641547768
1_S10E03_282_u,0.985666137486652,0.000622845490771,0.0017945537190615,0.0013612644273105,0.0049693696611338,0.00332783381229,0.0022578727611483,0.000103085199953,angry,-0.9900501060814644,0.9927726349360849
1_S10E03_311_u,0.2711536224531262,0.0491475580553632,0.0243632357798181,0.0513920044674447,0.28182376857337,0.1515615972050407,0.1705582131732516,0.0052863971213809,neutral,-0.4448340090259036,0.5476180179607928
1_S10E04_007_u,0.0054599545711794,0.002687639182029,0.0031983717120164,0.934441527352202,0.0245587057162614,0.0097956363819468,0.0198580720565889,0.0002847005525836,happy,0.91329992550503,0.9555831291993736
1_S10E04_021_u,0.014977614102755,0.1160738061623656,0.0071876280227166,0.0287894379836029,0.0939084433357114,0.710845745517357,0.0282172704883967,0.0239341198466717,sad,-0.8202953558215914,0.8778742317887971
1_S10E04_043_u,0.0,0.0,0.0,0.0,0.0,0.0,0.0,0.5175066218944265,vazio,0.0,0.0
1_S10E04_057_u,0.0658020438278848,0.0818836901552777,0.0100745241360765,0.0754962393013091,0.6382969491819276,0.021895799278476,0.1065507866149436,0.0130316367722114,neutral,-0.104159818096406,0.2551522966990241
1_S10E04_082_u,0.0618897866237883,0.0049703240339937,0.0207883117284176,0.0244249756316877,0.4053671240196446,0.0178583466130734,0.464701183961333,0.0001977374595298,surprise,-0.0810817933675854,0.1299317446309607
1_S10E04_105_u,0.1168035590097752,0.0080641213209485,0.0109739882350112,0.0498332908804442,0.39838280102375,0.3857023688828117,0.0302399497020052,0.0004787434299941,neutral,-0.4717107465681025,0.5713773283289908
1_S10E04_158_u,0.0001128670890588,0.0006098107951351,0.000679809314389,0.0011857938758653,0.972654291874427,0.0247439342312163,1.3595524037267167e-05,0.0263573222327976,neutral,-0.0249606275539338,0.0273322153056645
1_S10E04_177_u,0.0,0.0,0.0,0.0,0.0,0.0,0.0,0.9759082617238164,vazio,0.0,0.0
1_S10E04_194_u,0.0002511602873165,0.0001675916365719,3.541122037152932e-05,0.0001151903157336,0.0020857725399605,0.9973370708597644,7.792571959009769e-06,8.548986988898832e-05,sad,-0.9976760436882908,0.997906424319758
1_S10E04_238_u,0.0082503200818548,0.0004191498332211,0.0007456788675019,0.972208314119389,0.0168245450024211,0.0012189954894221,0.0003329173375901,0.000972345820628,happy,0.961574169847389,0.9828424583913888
1_S10E04_262_u,0.0039307602570601,0.0020262359652648,0.0007022158363165,0.0270437643911537,0.958749071572036,0.0031573792833762,0.0043905676740005,7.586278661619872e-05,neutral,0.0172271730491359,0.036860355733171306
1_S10E04_277_u,0.3271127893122562,0.5658294786031008,0.0044286993784864,0.0115632280370635,0.0093505318214731,0.0593983005855063,0.0223170530814981,0.0017763936193659,disgust,-0.9452060398422862,0.9683324959164133
1_S10E04_307_u,3.720510751386207e-05,2.4442255863407438e-05,9.22359317423145e-05,1.4759787387875152e-05,0.0002191972901915,0.9996068952796106,5.176145234974764e-06,1.0959474764149489e-05,sad,-0.9997460187873424,0.999775538362118
1_S10E04_343_u,0.6044332207217487,0.0316565447625407,0.036274473307983,0.0623744079704528,0.0738414862334707,0.1034379260515599,0.0879819851685107,0.0390054375166073,angry,-0.7134277568733796,0.8381765728142849
1_S10E04_361_u,0.0224241583497206,0.0150652158551974,0.0077155124911763,0.7496360837992257,0.1081158415709239,0.0204356918925514,0.0766074246292682,0.0015060658915898,happy,0.6839955052105798,0.8152766623878713
1_S10E04_398_u,0.5397949930207172,0.0271514106082932,0.0245682248954072,0.0715188717698495,0.0817635351220198,0.068934119119573,0.1862688681123241,0.302223107748432,angry,-0.5889298758741414,0.7319676194138401
1_S10E04_403_u,0.3981076807496468,0.0600707640266977,0.0203694994248359,0.1326523843599033,0.305511793739861,0.0474291809496671,0.0358586953315266,0.014724286738783,angry,-0.3933247407909443,0.6586295095107508
1_S10E05_079_u,0.0008806917753079,0.0004667876030921,4.360594380357756e-05,0.0004746084507023,0.9979235885845372,0.0002049907652965,5.7350669929687305e-06,0.0126274521462619,neutral,-0.0011214676367977,0.0020706845382023773
1_S10E05_110_u,0.9890045680525752,0.0001030524465732,0.0004519666166215,0.00077076617849,0.0001352399355166,0.0001596664762837,0.0093747680553778,8.995691814561724e-06,angry,-0.9889484874135638,0.9904900197705436
1_S10E05_120_u,0.0066118296416483,0.0139872179543284,0.0221618655437528,0.269655079208846,0.5866211675268205,0.0486517960170991,0.0523109947913473,0.3219199730956461,neutral,0.1782423700520173,0.36106778836567466
1_S10E05_288_u,0.016411830116923,0.0016418873668332,0.0030484075557514,0.5201020988770413,0.1534476716923198,0.273841244991895,0.0315068521262375,9.331509136245586e-05,happy,0.2251587288456384,0.815045468908444
1_S10E05_319_u,0.0,0.0,0.0,0.0,0.0,0.0,0.0,0.7572514060884714,vazio,0.0,0.0
1_S10E06_003_u,4.35429142531473e-06,6.4669591588297394e-06,1.0702356143736838e-06,5.295055511319721e-05,0.9999278155186384,5.930455224134861e-06,1.3068556801870923e-06,5.332237549282581e-07,neutral,3.51286136905442e-05,7.077249653585023e-05
1_S10E06_062_u,0.0085919411136565,0.015420604533636,0.0153565808841588,0.8105720329189461,0.0985012184687723,0.0312678066332548,0.0202897789161116,0.0471725404495372,happy,0.7399350997542398,0.8812089660836522
1_S10E06_091_u,0.0,0.0,0.0,0.0,0.0,0.0,0.0,0.8842291411128825,vazio,0.0,0.0
1_S10E06_166_u,0.0001905754727436,0.000617538135761,0.0001902794641725,0.0023519727171164,0.9961164365982942,0.0004049073912512,0.0001283868257834,0.0107933798281009,neutral,0.000948672253188,0.0037552731810447
1_S10E06_255_u,0.0470273082901268,0.0189212773685926,0.0051897799342347,0.819410210265777,0.0596549880876678,0.0242521258547166,0.0255443792410936,0.0119178046006708,happy,0.724019718818106,0.9148007017134477
1_S10E07_069_u,0.0018853506062589,0.0030677563366554,0.0016738012942119,0.847840495489981,0.0887975530281446,0.004374048596821,0.0523611137975221,0.0001401905137754,happy,0.8368395386560334,0.8588414523239282
1_S10E07_110_u,4.471638854303887e-06,1.4744219872817556e-05,2.00641306244331e-05,0.9998122866128692,0.0001259364273531,1.8924733251608564e-05,3.628046393519129e-06,0.0013303686200742,happy,0.999754081890266,0.9998704913354723
1_S10E07_140_u,9.181633938760738e-05,6.608415792384906e-05,8.82335009188619e-05,0.003295728325309,0.0002516020904293,0.0002220979899675,0.9959843950833296,1.156739752983249e-06,surprise,0.0028274963371111,0.0037639603135068184
1_S10E07_163_u,0.0022791998186262,0.0046907246699382,0.0023223164021679,0.2699533107837722,0.7128623174455337,0.0052754529938151,0.0026166742295594,0.0130481688538566,neutral,0.2553856168992247,0.2845210046683196
1_S10E07_187_u,0.0088044476278132,0.0107179384002661,0.0168555901774127,0.7863855752777872,0.0553278689546126,0.0268783843618048,0.0950301456431397,0.0095556893356842,happy,0.7231292147104902,0.849641935845084
1_S10E07_198_u,0.0144188715504497,0.0157066757045823,0.0088530383189685,0.0293159718181603,0.826998462600387,0.0224296596138647,0.0822773225988028,0.0035719493025679,neutral,-0.032092273369705,0.0907242170060255
1_S10E07_247_u,0.0002646446906597,0.0003701279582848,0.0001217354493163,0.995642760736706,0.0002252215445823,0.0033566218077304,1.881966001899002e-05,0.0008899398089851,happy,0.9915296308307144,0.9997558906426972
1_S10E07_267_u,0.0122533761797168,0.0082747811093075,0.0928357419186646,0.0191801961146414,0.8342958682723126,0.0161650782738822,0.0169949720732181,0.0480856040958315,neutral,-0.1103487813669297,0.1487091735962125
1_S10E08_063_u,0.0125081433855314,0.0080725244695263,0.0106200095942053,0.0731969894624705,0.5239705853209579,0.3474310129095468,0.0242007246975231,0.0031598705099895,neutral,-0.3054347008963394,0.4518286798212803
1_S10E08_131_u,0.0198958472763481,0.700546289587392,0.0038111926557117,0.0140847695906999,0.2336659164011142,0.0118140211717047,0.0161820282910888,0.0145540090743451,disgust,-0.7219825811004568,0.7501521202818564
1_S10E08_140_u,0.0004943172640914,0.0006337418687665,0.0003452329208392,0.0093432587264592,0.9833842927818598,0.0044519244967906,0.0013472659549077,3.943952197005274e-05,neutral,0.0034180421759712,0.0152684752769469
1_S10E09_021_u,0.0028975617585571,0.0047512197630464,0.0035158976685676,0.0708276233115918,0.904457293026844,0.0119890676330597,0.0015612863347329,0.1355914083542301,neutral,0.0476738764883608,0.09398137013482259
1_S10E09_066_u,0.0123567224954049,0.0043235324299771,0.0028612609138809,0.0260629869703531,0.930483505527637,0.0200187503398156,0.0038931683071736,0.0059001481276936,neutral,-0.0134972792087256,0.0656232531494316
1_S10E09_081_u,4.182891325807419e-09,4.217147756307003e-08,1.1680303000640268e-08,0.9999998319119476,1.000694147867474e-08,1.4640045699449697e-08,4.513364410153519e-09,3.087491577957735e-07,happy,0.9999997592372302,0.9999999045866652
1_S10E09_100_u,0.048916774915402,0.0459936948837077,0.00919319718037,0.4482135287867014,0.2578241219068388,0.1879984840753332,0.0018601929454451,0.1662995442748069,happy,0.1561113777318882,0.7403156798415145
1_S10E09_169_u,0.0015543567907901,0.002937167923044,0.0011937452642126,0.0095515021635713,0.9691189887195516,0.0153207895888334,0.0003235345009434,0.2120298576774074,neutral,-0.011454557403309,0.030557561730451398
1_S10E09_186_u,0.0104087106798675,0.0046903141388851,0.001458010861721,0.0726144297030866,0.8876045816808611,0.0175478663707297,0.0056761980895103,0.0003805376618401,neutral,0.0385095276518832,0.10671933175428988
1_S10E09_194_u,0.0553069073525062,0.018480883935074,0.0189299203464576,0.7064611652777859,0.0746494783438587,0.0071022891906454,0.1190693223033679,0.0039140902808867,happy,0.6066411644531025,0.806281166102469
1_S10E09_258_u,0.013042770405921,0.0087769687816268,0.008467444631647,0.3611548570232753,0.2156722851025332,0.0301340344811491,0.3627516669554536,0.0099113435571779,surprise,0.3007336387229312,0.42157607532361924
1_S10E09_324_u,0.954955848388988,0.016632931639129,0.0022249830301262,0.0047370314466703,0.0110682409996963,0.0026580425620651,0.0077228691295066,0.0034863487817346,angry,-0.9717347741736382,0.9812088370669786
1_S10E10_009_u,4.276031203350033e-07,8.710752968476035e-06,1.0165850460857391e-06,0.999987717220344,4.004474882144407e-07,1.6539164471415877e-06,5.791715574394864e-08,2.288424184371252e-05,happy,0.999975908362762,0.999999526077926
1_S10E10_090_u,0.0004660542035109,0.0033228864725319,0.0008452203124256,0.0035930292866895,0.9182036955739764,0.0727121981049985,0.0008570458429727,0.0027567675133468,neutral,-0.0737533298067775,0.08093938838015641
1_S10E10_158_u,0.0444973430682685,0.0988563868372522,0.0085861667582549,0.1076348944401897,0.705214077438331,0.0099860073112334,0.0252251383987882,0.1178379324264824,neutral,-0.0542910095348194,0.2695607984151987
1_S10E10_269_u,0.0007800273587699,0.0041991824354863,0.0007773476530003,0.0063337776927464,0.9812969862116936,0.002564020805377,0.0040485643818637,0.0023892648277978,neutral,-0.0019868005598871,0.014654355945379898
1_S10E10_376_u,0.0211974386768063,0.0264310151946523,0.4180895554505547,0.0181024659362896,0.2389782571333318,0.2712849124620409,0.0059163836956142,0.2497039772570132,fear,-0.7189004558477647,0.7551053877203437
1_S10E11_321_u,0.0208426454625451,0.0144844472212757,0.0144540624731717,0.1583640340479438,0.310638716308515,0.4353566655114154,0.0458593703791421,0.0021570587705354,sad,-0.3267737866204641,0.6435018547163517
1_S10E12_115_u,0.043132493868515,0.0421933183711954,0.0173043844119938,0.1754318344562144,0.5248805106929147,0.1049400818824156,0.09211735497083,0.0892236764775588,neutral,-0.0321384440779056,0.3830021129903342
1_S10E13_095_u,0.1815084432062312,0.0672457555398673,0.0218383464978701,0.2120173497047874,0.2181485610863728,0.2092055788497649,0.0900359845699049,0.0186425321735441,neutral,-0.2677807743889462,0.6918154737985208
1_S10E13_135_u,0.2129856720704477,0.0193787465733441,0.020186310020748,0.1005828448314151,0.1957202880701744,0.3143279247188917,0.1368181852047221,0.001638363522943,sad,-0.4662958085520164,0.6674614982148466
1_S10E14_032_u,0.0577020643033617,0.0111518743463445,0.0072164452881106,0.6690400799755714,0.1761271923075344,0.0235838665394789,0.0551784905181714,0.0005442437250166,happy,0.5693858294982754,0.768694330452867
1_S10E14_056_u,0.0125748615438068,0.0214540492240952,0.0054298506107505,0.1221376771604312,0.7633748302773741,0.0258716503468195,0.049157104370742,0.0057168483035636,neutral,0.056807265434959,0.18746808888590316
1_S10E14_094_u,0.0008401810839048,0.0008112169500627,0.0005085008502067,0.0096328297605103,0.9833251721759552,0.0020984755123712,0.0027836312082303,0.0003236141938031,neutral,0.0053744553639647,0.0138912041570557
1_S10E14_476_u,0.0626776660811363,0.0491814754453696,0.0094656360355192,0.0301913367859015,0.7021884040060747,0.1225896657162245,0.0237058431194504,0.0066687958315013,neutral,-0.2137231064923482,0.2741057800641511
1_S10E16_009_u,0.0018512229401177,0.0074294394475794,0.0016505261309633,0.95488337534013,0.0286410497752189,0.0031000804309695,0.0024443366231435,0.0061036145780235,happy,0.9408521063904998,0.9689146442897599
1_S10E17_032_u,2.1344972264577795e-05,4.016184157642801e-05,1.5538116268168534e-05,8.642398652992841e-05,0.9997879624360968,4.5248799280396505e-05,3.3862600897068008e-06,0.0008269275249403,neutral,-3.586974285964243e-05,0.00020871771591949928
1_S10E17_096_u,0.1852266096487913,0.1726817599782756,0.0132414070809042,0.0390242789808266,0.1450392718855259,0.4385302221227536,0.006256410191914,0.2802225276827811,sad,-0.7706557198498981,0.8487042778115513
1_S10E17_125_u,0.0071477850930149,0.0182481484849816,0.006318982551027,0.0519747459756207,0.8376331477219668,0.0430962384140387,0.0355809593588072,0.0061864588496972,neutral,-0.0228364085674416,0.12678590051868288
1_S10E17_146_u,0.0441932785764326,0.0686572227312032,0.0205698522708792,0.387410687250365,0.2461999625679376,0.0671711239371457,0.1657978912866775,0.012191887712106,happy,0.186819209734704,0.5880021647660256
1_S10E17_287_u,0.0145976063443438,0.0059153664172258,0.0025329171519256,0.938413334958806,0.0275907279677413,0.0062446078468027,0.0047053636332668,0.0047459598863496,happy,0.909122837198508,0.9677038327191039
1_S10E18_164_u,0.0121616286870289,0.0234648664512702,0.0072747523451614,0.0685727012025294,0.8562096571055788,0.0205073463750091,0.0118089615943596,0.0672093863831831,neutral,0.0051641073440597,0.13198129506099898
1_S10E18_266_u,8.185072589576519e-05,0.0002234911527234,0.0002142727938057,0.001197340092501,0.9976306867777028,0.0004536230771885,0.0001987346727272,0.0023849202407291,neutral,0.0002241023428874,0.002170577842114365
1_S10E18_323_u,0.0873472755937369,0.0239666344562808,0.015312972445117,0.6927922678872126,0.0753937970674234,0.0976330119004117,0.0075541008335281,0.0250963065773247,happy,0.4685323734916661,0.917052162282759
1_S10E18_391_u,0.0248118615402346,0.1517602028098884,0.0097319471874084,0.605166527539404,0.149817935390043,0.0353239895315365,0.0233874996681427,0.077221886254847,happy,0.383538526470336,0.8267945286084719
1_S10E18_423_u,0.0002120903988947,0.000274597552767,0.0001453772095898,0.0054441428922904,0.9927868286306716,0.0010613209536837,7.563535119302619e-05,0.0016314686072291,neutral,0.003750756777355,0.0071375290072256
1_S10E19_015_u,9.430499653865923e-05,0.0001296765569,7.132227470675534e-05,0.0017650204047532,0.9975329071480632,0.0003675401190779,3.915237021646564e-05,0.0020015177160529,neutral,0.0011021764575297,0.0024278643519765144
1_S10E19_252_u,0.0161637705402541,0.0179343546596907,0.0045039159343352,0.062203511073978,0.7005252261479048,0.1943933437653977,0.004275943985667,0.0067917946726083,neutral,-0.1707918738256998,0.29519889597365573
1_S10E21_151_u,0.0056832281805102,0.007994697426232,0.0042204455793465,0.041491090854981,0.902304329539748,0.0326730479811814,0.0056331103535234,0.0225985030992887,neutral,-0.0090803283122892,0.0920625100222511
1_S10E21_200_u,0.0019035809251696,0.0006411545374062,0.0006726410405267,0.0259328383139571,0.9692448558641192,0.000963534885787,0.0006413918337819,0.0006673728566964,neutral,0.0217519269250674,0.030113749702846603
1_S10E23_165_u,8.294191105869213e-05,0.0002541267882916,0.0002130107363741,0.0006424342817199,0.997803537909028,0.0009831489158906,2.0749383638936964e-05,0.0091349547437857,neutral,-0.0008907940698951,0.0021756626333348924
1_S11E01_100_u,0.0088392933661582,0.0110365531046631,0.0038869975030619,0.7605029041389959,0.2000343652903238,0.0126722498172566,0.0030276589775997,0.0664982688613235,happy,0.724067810347856,0.7969379979301356
1_S11E01_222_u,0.0157227164717463,0.0109541066813122,0.0053086310585251,0.0308253348745244,0.8976382009519819,0.0145723561740502,0.0249786453225732,0.0064119402959475,neutral,-0.0157324755111095,0.0773831452601582
1_S11E01_337_u,0.0156242218976865,0.0120605494849225,0.0103066255134143,0.5609778204980846,0.2413453986186247,0.0542125028123708,0.1054729054560863,0.0093436435126931,happy,0.4687739207896902,0.6531817202064788
1_S11E01_400_u,0.0017406546304973,0.0002241468628922,0.0005509586671845,0.9411712727664856,0.0016078777420931,0.0073662259527606,0.0473387871190813,1.566550480447404e-06,happy,0.9312892866531508,0.9510532588798202
1_S11E01_446_u,0.4578523690161761,0.0908830849584236,0.0232079120110948,0.0503626146861977,0.3087749111517868,0.0274149756003493,0.0415041508160411,0.1319943582639098,angry,-0.5489957268998461,0.6497209562722416
1_S11E02_008_u,0.047273358599119,0.0997092876261824,0.0228891078946851,0.1100150781460122,0.4821304410968304,0.1176769472181736,0.1203058127014463,0.1290480300085618,neutral,-0.1775336231921479,0.3975637794841723
1_S11E02_030_u,0.0,0.0,0.0,0.0,0.0,0.0,0.0,0.8789248263929038,vazio,0.0,0.0
1_S11E02_049_u,2.879292029729771e-07,1.6826770011415194e-06,1.3905584580880291e-06,0.9999927630025192,1.2070313712000434e-06,2.5218065464496114e-06,1.0171267538874121e-07,0.0001377224953102,happy,0.9999868800313104,0.9999986459737278
1_S11E02_127_u,2.6080521805883947e-05,7.092557734921594e-05,0.0002163424839668,0.9985709158719734,0.0009147989618014,0.0001285383316001,7.25400568446714e-05,0.0023000892379058,happy,0.9981290289572512,0.9990128027866955
1_S11E02_205_u,0.0444709892693142,0.0209011618512313,0.0096422837195123,0.6215583703988671,0.0730518483453326,0.034315222389902,0.1960601110139958,0.0007460704437106,happy,0.5122287131689072,0.7308880276288268
1_S11E02_299_u,0.4926046973445767,0.490957102664692,0.00094560878271,0.0014998269246765,0.0093392475002393,0.0012670278153532,0.0033864103356271,0.0036195513093843,angry,-0.9842746096826556,0.9872742635320083
1_S11E03_006_u,0.0004201725555504,0.0002568486637958,0.0002670217897494,0.0188400938705909,0.977354609023912,0.0007492311322772,0.002112137981437,2.706800415808175e-06,neutral,0.0171468197292178,0.0205333680119637
1_S11E03_067_u,4.8827364304256334e-08,4.029058867908475e-06,6.21253814370263e-08,0.9999954868097714,1.1500174339081802e-08,3.4387050228620815e-08,3.163149013562212e-07,1.6762849774920596e-08,happy,0.9999913124111076,0.9999996612084351
1_S11E03_169_u,0.0076605603007874,0.0009819374687434,0.0012140803692084,0.2854887066467225,0.0137427745845893,0.0047382045498238,0.6861736586058894,6.674674608575515e-07,surprise,0.2708939239581594,0.3000834893352855
1_S11E03_220_u,0.1335552795656933,0.0301498241646484,0.0237558367134903,0.3911444948545868,0.1262261754298238,0.0939919648089799,0.2011765023143908,0.0347523174132219,happy,0.1096915896017746,0.6725974001073988
1_S11E03_250_u,0.1685409145762116,0.0155636125844539,0.0128796695421619,0.0592484499085983,0.3895949064032837,0.2972886751944884,0.0568837899286296,0.0083615726907737,neutral,-0.4350244219887177,0.5535213218059141
1_S11E03_321_u,0.0001455635689673,4.2967662661631226e-05,0.0031925663707385,0.0003479565926117,0.994687364159698,0.0014713182320421,0.0001123177398611,0.0005475619946081,neutral,-0.0045044592417979,0.005200372427021232
1_S11E03_365_u,0.0001034365561307,9.17854205012452e-05,0.0001472877608621,0.0004090242211874,0.0003076375889003,0.0003306108106314,0.9986102298112378,4.925739983813182e-06,surprise,-0.0002640963269381,0.0010821447693128451
1_S11E04_005_u,4.979420233674765e-07,2.950384939210261e-06,1.7279665161846723e-06,0.9999894520005508,1.5327985728292642e-06,3.519378055981772e-06,3.769012423729523e-07,3.2844528391251515e-05,happy,0.999980756329016,0.9999981476720856
1_S11E04_016_u,0.0003242033137463,0.0015463277560123,0.0052091006753203,0.9464631837887147,0.0434393831739805,0.0027727156841776,0.0002450190488573,0.3978896907065063,happy,0.936610836359458,0.9563155312179712
1_S11E04_024_u,0.0162224879440844,0.0061177967912393,0.0067098997621271,0.8139031282476669,0.095287147060711,0.0228341790670317,0.0389252824941145,0.0015952793910399,happy,0.7620187646831841,0.8657874918121493
1_S11E04_067_u,0.6082234127133239,0.0106943755152834,0.0060646812227219,0.0208973849466858,0.0774272126175246,0.2719149799098219,0.0047779287545854,0.0043447948992251,angry,-0.8760000644144652,0.9177948343078368
1_S11E04_137_u,0.0072125724909793,0.007279831805753,0.0129355990767203,0.8485205710671587,0.0701606456819577,0.0038865518106767,0.0500042793534003,0.0772875359398312,happy,0.8172060158830292,0.8798351262512879
1_S11E04_162_u,0.0,0.0,0.0,0.0,0.0,0.0,0.0,0.5959150190465152,vazio,0.0,0.0
1_S11E04_273_u,0.0002047766491314,0.0007972521027215,0.0002643247531739,0.9941839643629692,0.0042419785793971,0.000271483229328,3.616850205799173e-05,0.0064943319885058,happy,0.992646127628614,0.9957218010973241
1_S11E04_298_u,1.0251227150267665e-07,8.081378756452024e-08,7.219479722980735e-08,0.999991817316868,7.425373814012436e-06,5.641703878822395e-07,3.8908309350473794e-08,4.275819702470597e-08,happy,0.999990997625624,0.9999926370081121
1_S11E04_315_u,0.0078181014409209,0.0199689496748241,0.0010957929475209,0.0091911118484501,0.9571715665808116,0.0042580852446864,0.0004964312920859,0.1871959103737024,neutral,-0.0239498174595023,0.0423320411564024
1_S11E04_347_u,0.1549639645118729,0.1636623978122695,0.0141005473674533,0.0576462721774642,0.1625058706232142,0.4251502187872819,0.0219706900850543,0.0357828941196202,sad,-0.7002308563014135,0.8155234006563418
1_S11E05_005_u,0.0098338639279935,0.0059574679467134,0.0055146086643586,0.0410815940175498,0.9036229700698722,0.0316697772486084,0.002319637719074,0.1573531692847609,neutral,-0.0118941237701242,0.0940573118052237
1_S11E05_060_u,0.1738112939164471,0.0291833604110178,0.0237788648235968,0.412545588476386,0.1705407821312649,0.1530740633375458,0.0370661186737392,0.2278989213518797,happy,0.0326980059877783,0.7923931709649935
1_S11E05_099_u,1.943764229277318e-06,5.227239144841076e-06,8.569757708751267e-06,0.999856464891552,0.0001130654181169,1.3575349762005448e-05,1.1283628733999177e-06,0.0002915610430135,happy,0.9998271487807072,0.9998857810023969
1_S11E05_156_u,0.2108894249125533,0.0512266385675589,0.0191741249062327,0.0607239065257334,0.5059190354918558,0.0759026274536829,0.0761642589566859,0.0099268144695087,neutral,-0.2964689093142945,0.41791672236576116
1_S11E05_186_u,0.1736492221114071,0.2121398947352387,0.0207763844446484,0.1302069367577912,0.2795178812541207,0.0906741865409926,0.0930354373325996,0.0207076894585041,neutral,-0.3670327510744958,0.6274466245900779
1_S11E05_193_u,0.0023765668849042,0.0081294047550067,0.0016855099491519,0.0045264670365581,0.9764245409473328,0.0049703204540157,0.0018872596578304,0.0419117699493652,neutral,-0.0126353350065205,0.0216882690796366
1_S11E05_253_u,6.745201911811019e-06,3.884489474903847e-06,3.730792269622186e-06,4.079057671192288e-05,0.9999256018486212,1.7622421278380722e-05,1.710595024688875e-06,5.114825285090774e-06,neutral,8.807671777205104e-06,7.277348164664065e-05
1_S11E05_306_u,0.0,0.0,0.0,0.0,0.0,0.0,0.0,0.7607767321169376,vazio,0.0,0.0
1_S11E05_343_u,0.0035726968752025,0.0031980829321111,0.0001009973354168,0.989668413807758,0.0033233302880338,5.9092187133329296e-05,7.743307232360914e-05,0.0054194406839087,happy,0.982737544477894,0.9965992831376217
1_S11E05_370_u,0.0229450575571664,0.0068212202936086,0.0045086616648503,0.0216070119903779,0.0802194324872223,0.0065485458851518,0.8573501254817315,2.1916293690082966e-05,surprise,-0.0192164734103994,0.062430497391155
1_S11E05_402_u,0.0141516522042419,0.0132154499702835,0.0091887814560815,0.1088237130389108,0.7702284323725154,0.0430915023690663,0.0413005048297473,0.0090152589255011,neutral,0.0291763270392374,0.18847109903858403
1_S11E05_429_u,0.0021168009374684,0.0089183522225818,0.0015747397019038,0.9530180468780018,0.0195313140392358,0.0061996350176578,0.008641210731851,0.0006667478446615,happy,0.93420851899839,0.9718275747576135
1_S11E05_448_u,0.3410191600314118,0.2100667120902309,0.0102528438036347,0.0530291898729793,0.2443004500893828,0.1121149349720846,0.029216729505863,0.0168005055747926,angry,-0.6204244610243826,0.7264828407703412
1_S11E06_003_u,0.0089030986447865,0.0420240292700854,0.0785539195607749,0.0983213977231738,0.5698804026617036,0.1143225327744646,0.087994555432016,0.1824177809758111,neutral,-0.1454821825269376,0.34212497797328517
1_S11E06_019_u,0.0,0.0,0.0,0.0,0.0,0.0,0.0,0.5852303090505302,vazio,0.0,0.0
1_S11E06_060_u,0.0002846694535834,0.0004765611200172,0.0003488248715238,0.1704558783579882,0.8190551995821084,0.009184086507199,0.0001949148867896,0.0001353566869965,neutral,0.1601617364056646,0.18075002031031162
1_S11E06_102_u,0.6004022199730922,0.0563060969711091,0.0063347532587625,0.0962998216645078,0.2202699800577565,0.0108751720501048,0.0095119351169338,0.0645674290135502,angry,-0.577618420588561,0.7702180639175764
1_S11E06_187_u,0.0129453340787403,0.0250205240409915,0.0118435969969269,0.1772635998680576,0.5542961474465581,0.034239352791011,0.1843914454567184,0.0034465330900275,neutral,0.0932147919603877,0.2613124077757273
1_S11E06_249_u,0.1924501256086391,0.0044764445951886,0.0068259448529627,0.0502807209663347,0.0770587469147651,0.1186693734310196,0.5502386373805166,8.411127055296674e-05,surprise,-0.2721411675214754,0.3727026094541447
1_S11E06_391_u,0.6615275784665023,0.0071565027809648,0.0316134553362172,0.0210306819642973,0.0636517914942943,0.0387247117343052,0.1762952308549514,0.0024995131097966,angry,-0.7179915663536923,0.7600529302822868
1_S11E06_410_u,0.0,0.0,0.0,0.0,0.0,0.0,0.0,0.5518061220645903,vazio,0.0,0.0
1_S11E06_448_u,0.9823352301804864,0.0058926592122134,0.0009835946250177,0.0012877418370064,0.0025939833160508,0.0054241550554343,0.0014826007573265,0.0005456842918647,angry,-0.9933478972361456,0.9959233809101582
1_S11E07_026_u,0.0006324781747554,0.0058758296092019,0.0038695711074186,0.0396196231309023,0.9288804394512,0.0084504496447591,0.0126715651962325,0.0388224263806477,neutral,0.0207912945947672,0.0584479516670373
1_S11E07_112_u,0.0143471388198915,0.0293077415531413,0.0089827922193055,0.0187725491710497,0.1921309432152345,0.6976644689126181,0.038794286876744,0.0071228905871975,sad,-0.7315295923339068,0.7690746906760061
1_S11E07_153_u,0.0018574466142541,0.0018815545496167,0.0011661987592237,0.002535787127535,0.0104595290443322,0.9817837522464848,0.0003157371425075,0.0128815720090641,sad,-0.9841531650420444,0.9892247392971143
1_S11E07_161_u,0.1491420844501045,0.2509412710064443,0.0346160713068425,0.0944906259083483,0.1512425975181548,0.045100619269547,0.27446669539344,0.3243051790632307,surprise,-0.3853094201245901,0.5742906719412866
1_S11E07_220_u,0.0,0.0,0.0,0.0,0.0,0.0,0.0,0.9592850871849806,vazio,0.0,0.0
1_S11E07_265_u,0.0294197517874644,0.696834715051631,0.0040581049998333,0.008263618222745,0.07528940580765,0.1604799120179894,0.0256545117677403,0.0049493452534079,disgust,-0.8825288656341732,0.899056102079663
1_S11E07_271_u,0.8896397970895356,0.0224757445146993,0.0189117493813099,0.0109421358322897,0.0099950935426919,0.0113001874742141,0.036735298226234,0.0012173675931989,angry,-0.9313853426274692,0.9532696142920485
1_S11E07_381_u,0.0087185628176764,0.0007709797230528,0.0015634689794321,0.0118139630382764,0.9521433263891184,0.0083180027376433,0.0166716422743343,1.8858386283682197e-05,neutral,-0.0075570512195283,0.031184977296080996
1_S11E07_405_u,0.0024488264684709,0.0017577648472442,0.0020342540907174,0.9674025782283776,0.0075656430611067,0.0031021438221063,0.0156887806369076,0.0058873147318081,happy,0.9580595889998388,0.9767455674569164
1_S11E07_415_u,0.032663937012694,0.0662927906757187,0.0216055049709724,0.1710619577045941,0.4278349235557045,0.1356590762021592,0.1448819154775546,0.0254570920951663,neutral,-0.0851593511569503,0.42728326656613835
1_S11E08_005_u,0.0335803012341433,0.0775944516296339,0.0081078349578778,0.0333637484232596,0.7952942027362975,0.040632492683578,0.0114269412938087,0.2939673061482607,neutral,-0.1265513320819735,0.19327882892849257
1_S11E08_113_u,0.0002539954187891,0.0004818807668437,0.0008131493853867,0.9909717257080014,0.0045996075970789,0.0018849876324197,0.000994592640805,0.015933160597342,happy,0.987537712504562,0.9944057389114407
1_S11E08_137_u,0.0770016168441766,0.0335891122238505,0.016538470518949,0.0505860280552988,0.5629832820169136,0.1246865896873324,0.1346148517967344,0.0290134093374945,neutral,-0.2012297612190097,0.30240181732960725
1_S11E08_142_u,0.0003401653966623,0.0002340360697842,0.0002486029649802,0.0091692990745422,0.9893904525948688,0.0005488158840302,6.858825149825473e-05,0.0034898230660473,neutral,0.0077976787590851,0.010540919389999098
1_S11E08_195_u,0.2444283334912611,0.0486046994687379,0.0369691459714403,0.0385335437273114,0.2852529619075856,0.3249104758715854,0.0213008805085171,0.0219693975523113,sad,-0.6163791110757133,0.6934461985303362
1_S11E08_217_u,0.0069796108140366,0.0019898624932986,0.0003118649607687,0.0446334626648945,0.9433872256504102,0.0016518140083247,0.0010461717357391,0.0001623295393073,neutral,0.0337003103884657,0.0555666149413231
1_S11E08_283_u,0.4872850124409762,0.0306492503176565,0.0107840010433333,0.3545993233038447,0.0070281552082064,0.0624002676031873,0.0472539477941809,0.001394129503751,angry,-0.2365192081013089,0.945717854708998
1_S11E08_305_u,0.0625321172283482,0.3915721792501982,0.0066029849599216,0.0119408616315828,0.4862221280772138,0.0374988248324843,0.00363095291383,0.3237976916134357,neutral,-0.4862652446393696,0.5101469679025351
1_S11E08_351_u,0.0294112988342623,0.0134886834942388,0.0039906063047516,0.15046422280462,0.759223071490442,0.020127997498828,0.0232941550773156,0.0040362598083446,neutral,0.0834456366725389,0.2174828089367007
1_S11E08_428_u,0.0162125377817865,0.0017547035218416,0.0014035934107502,0.00703881667493,0.0277076731153653,0.9448937867716792,0.0009889046439961,0.0164876247872598,sad,-0.9572258048111276,0.9713034381609875
1_S11E10_009_u,0.4778464486607505,0.0689100896899504,0.009041689023557,0.0135087930808622,0.3878671633552558,0.021649884581859,0.0211759552894105,0.0069991333875803,angry,-0.5639393188752547,0.5909569050369791
1_S11E10_062_u,0.003567389150937,0.0001633734636603,0.0003162927104098,0.0013331694102565,0.9488067029478918,0.0003868925223287,0.0454261875167823,4.395940038648405e-07,neutral,-0.0031007784370795,0.0057671172575922995
1_S11E10_143_u,0.0157326844723981,0.003065051640149,0.0029596269337575,0.0077746559557493,0.4078813888899772,0.5619259118051736,0.0006606648165897,0.0039502722211181,sad,-0.5759086188957291,0.5914579308072275
1_S11E10_228_u,0.0,0.0,0.0,0.0,0.0,0.0,0.0,0.851975369034335,vazio,0.0,0.0
1_S11E10_240_u,0.0743835585965926,0.0231850319807174,0.0220162637111118,0.0460370113903841,0.1883269236799018,0.3125370270562745,0.333514234161466,0.0053478982445085,surprise,-0.3860848699543123,0.4781588927350804
1_S11E10_249_u,0.0110749286145014,0.0056619787740066,0.0031363209703186,0.168530800760805,0.7668014170286265,0.0356851262413856,0.0091094492922113,0.0013193374034017,neutral,0.1129724461605927,0.2240891553610172
1_S11E10_297_u,0.0058300653314359,0.015950105514559,0.0412701105175006,0.0798892891176641,0.4459147439245071,0.3203826401525069,0.0907630343736611,0.0507474832411388,neutral,-0.3035436323983385,0.4633222106336665
1_S11E10_309_u,0.0152752869777981,0.0321442880347761,0.0347821262155933,0.033366971821051,0.5383162904439484,0.0465302010595259,0.2995847359994659,0.055751153427991,neutral,-0.0953649304666424,0.1620988741087444
1_S11E10_337_u,0.0124789244090318,0.0068109168261202,0.0070088938285816,0.5055625865580335,0.0188354711692572,0.0145400665977013,0.4347631832196599,0.0001796425713109,happy,0.4647237848965985,0.5464013882194685
1_S11E10_432_u,0.0645655699571931,0.0129051895411339,0.0132940000631648,0.1598413561643107,0.4631648575092876,0.0333245823183518,0.2529044308635325,0.000448208695161,neutral,0.0357520142844669,0.2839306980441543
1_S11E10_461_u,0.0418447245663169,0.0116504163827732,0.0077608953033061,0.2794142929347686,0.3335687950997602,0.0429703270445734,0.2827905228298589,0.0002072288298221,neutral,0.1751879296377989,0.38364065623173815
1_S11E11_024_u,0.2529874342624486,0.2298783263316546,0.0099183686422201,0.0072773684317873,0.4830888090004407,0.0059306687253818,0.0109189336895962,0.0780654842965304,neutral,-0.4914374295299178,0.5059921663934923
1_S11E11_055_u,0.0044471353060074,0.0041574034097596,0.0046408497690723,0.7697581315915104,0.040948766853054,0.0061780828164467,0.169869614670522,0.0468286187860939,happy,0.7503346602902243,0.7891816028927964
1_S11E11_077_u,0.0288162582748198,0.0119474927036577,0.0265516089138494,0.1566532519240286,0.3338992298961482,0.4051180311611024,0.0370141191996981,0.0013187495060264,sad,-0.3157801391294007,0.6290866429774579
1_S11E11_098_u,0.0453267140036467,0.0505465495853987,0.0231559645759541,0.0483455769360198,0.5991713222285544,0.2146392198736553,0.0188146494938713,0.1540862461552023,neutral,-0.2853228711026352,0.3820140249746746
1_S11E11_127_u,2.719614831133019e-06,1.7507658672883543e-05,3.301410450613246e-05,0.9998447007478014,7.65021169548177e-05,1.7524128249431644e-05,8.026024057780547e-06,0.0008002278736966,happy,0.9997739352415418,0.999915466254061
1_S11E11_182_u,0.0029564707030783,0.0273607773148394,0.0272384551249675,0.4687634868320021,0.1201403085187808,0.0243819861095324,0.3291585393514588,0.4280600120182498,happy,0.3868257975795843,0.5507011760844196
1_S11E11_217_u,0.0002221929410029,0.0001912382012822,0.0001437987831478,0.9979859477214292,0.0011448595578687,0.0002095808871615,0.0001024034492101,0.0001981559762497,happy,0.9972191369088343,0.9987527585340237
1_S11E11_301_u,0.0421599070203555,0.1199277264090739,0.0138101009093797,0.0733564260422105,0.6699412016385851,0.0531497431561087,0.0276548225100732,0.1113606123253702,neutral,-0.1556910514527075,0.3024039035371283
1_S11E11_343_u,0.3984286800116322,0.0312501676357007,0.0460557489880717,0.1956583898736457,0.2149008065014613,0.0506535431186892,0.06305258351226,0.006192591274157,angry,-0.3307297498804482,0.7220465296277394
1_S11E11_403_u,0.0432083418546875,0.0130121911333873,0.0140900693754614,0.3663744495779834,0.313261240465821,0.0219305156351684,0.2281232819287755,0.0149252658375189,happy,0.2741333315792787,0.458615567576688
1_S11E12_038_u,0.0102499462074612,0.0048715079939291,0.005220880406876,0.7343993063609235,0.2104533490371324,0.0177438514669602,0.01706117053465,0.0159709427389314,happy,0.6963131202856968,0.7724854924361501
1_S11E12_237_u,0.0681203573869736,0.0447953482108474,0.0049095485711686,0.1123120788301256,0.6825552018081706,0.05784342550978,0.0294640363603636,0.0014245495549402,neutral,-0.0633566008486441,0.2879807585088952
1_S11E12_279_u,0.0128453676809936,0.0096847791803634,0.0055923909820701,0.1360229850500893,0.7027208196578563,0.0598633425142028,0.0732703878050199,0.0010242822245344,neutral,0.0480371046924591,0.2240088654077192
1_S11E12_290_u,0.2635260358858816,0.1354933205378506,0.0614482016153458,0.0508778173070089,0.3266514894290857,0.0478775851482538,0.1141255600118093,0.10947618028149,neutral,-0.457467325880323,0.5592229604943407
1_S11E13_001_u,4.388445641832816e-05,0.0009785695980602,3.6965022393116186e-05,0.0001229872241199,0.9985413735365954,0.0001091313076642,0.0001672076106196,0.0013294125636775,neutral,-0.0010455631604161,0.0012915376086557442
1_S11E13_211_u,0.1093960217295363,0.4308197118423096,0.0151935290021228,0.2343440849828995,0.0971852769410458,0.0146761177538338,0.0983853396528707,0.2580540787894278,disgust,-0.3357412953449031,0.804429465310702
1_S11E13_362_u,0.0608794837705872,0.007107330509312,0.0117694532160274,0.2842163969151844,0.5372119133267027,0.0614940290637929,0.037321434059117,0.0327385905547998,neutral,0.1429661003554647,0.42546669347490396
1_S11E16_170_u,2.9156487446800338e-05,1.4736667264505549e-05,2.1883982675821425e-05,0.9997728690944718,9.710185229995852e-05,4.436168754545603e-05,1.991598069339976e-05,3.746262154891156e-05,happy,0.9996627302695392,0.9998830079194043
1_S11E18_206_u,2.7509929699114564e-06,4.89200239357561e-06,4.632661797638737e-06,3.1595278502094025e-05,0.000111133951884,5.036789403023933e-06,0.9998399046834836,2.7597922114914664e-09,surprise,1.4282831937944288e-05,4.8907725066243764e-05
1_S11E19_030_u,0.0005918040220728,0.0027363644855052,0.0002919108686222,0.0234806321682216,0.9706409602553218,0.0018337465173249,0.0004245531046821,0.0004492603329708,neutral,0.0180268062746963,0.0289344580617467
1_S11E19_143_u,0.0014896144712507,0.0046605290821009,0.000837242389897,0.0021655571355654,0.9777234991387016,0.0005684640576426,0.0125550086718879,0.0018361552783971,neutral,-0.0053902928653258,0.009721407136456599
1_S11E20_143_u,0.0078141734104067,0.0119229782735363,0.0055446603962021,0.5626609971763588,0.3791420854908102,0.0247401839404222,0.0081749821365533,0.0334496746072544,happy,0.5126390011557912,0.612682993196926
1_S11E20_332_u,0.0016888470319899,0.0005233493192846,0.0009184663749072,0.9797535365481116,0.0100490349731149,0.0053837618282967,0.0016829327317569,0.0001663697839831,happy,0.9712391119936328,0.98826796110259
1_S11E21_080_u,0.0144904248443859,0.0287027143223985,0.011137963149498,0.4101161200942786,0.3399188082390816,0.0183947268635676,0.1772391972987876,0.0319762835570145,happy,0.3373902909144284,0.4828419492741286
1_S11E21_201_u,1.784520727093615e-10,9.44293799482697e-09,2.239654019631294e-09,1.0000000008179573,2.141560708299512e-09,8.750446596702427e-09,1.4355590061772544e-09,8.179572019706426e-10,happy,0.9999999802064664,1.000000021429448
1_S11E22_069_u,0.0060989122394003,0.0039461535236702,0.000809884966856,0.1032823019758928,0.8733039708284382,0.0043547610956398,0.0082039855109613,7.53058739064727e-05,neutral,0.0880725901503262,0.1184920138014591
1_S11E22_149_u,0.0,0.0,0.0,0.0,0.0,0.0,0.0,0.6542343543842435,vazio,0.0,0.0
1_S11E22_205_u,0.5197977627022019,0.0526611059725088,0.0082912403556749,0.0178377989673375,0.368611633604414,0.0256496685717845,0.0071507882566892,0.1098546357825397,angry,-0.5885619786348327,0.6242375765695076
1_S11E22_260_u,0.0337923766089949,0.0247037128087081,0.0125799733400273,0.7767053229184113,0.1247656770678096,0.0125665989014884,0.0148863522354099,0.0271361558698117,happy,0.6930626612591924,0.86034798457763
1_S11E23_048_u,0.0,0.0,0.0,0.0,0.0,0.0,0.0,0.6954786309506743,vazio,0.0,0.0
1_S11E24_338_u,0.0422581031775823,0.0464309388884751,0.0430482586208396,0.0284523829309069,0.0396979675220079,0.0471406607844887,0.752971625403758,0.0227044152416056,surprise,-0.1504255785404789,0.20733034440229262
1_S12E01_111_u,0.0771015073650195,0.0561035285254606,0.0324069365206152,0.1792384061059745,0.3735611031274,0.1605510522653446,0.1210374586665091,0.0120574460597708,neutral,-0.1469246185704655,0.5054014307824144
1_S12E01_139_u,0.0002502962088647,0.003258926993755,0.0004367344105485,0.988121768759667,0.0061922059319936,0.0011811925425459,0.0005588438380709,0.0008921105763874,happy,0.9829946186039528,0.993248918915381
1_S12E01_150_u,0.0001502102847569,0.0002058762401351,0.0006676770479474,0.9749198264257438,0.001857481003702,0.000650751876566,0.0215482914505879,0.0001177218616703,happy,0.9732453109763382,0.9765943418751493
1_S12E01_248_u,0.0008388174718388,0.0042247114463616,0.0009687250081993,0.8142769745218824,0.1770853078047772,0.0019226762316876,0.0006828278430451,0.0560403217095881,happy,0.8063220443637948,0.8222319046799698
1_S12E01_268_u,0.0022746708043802,0.0011835556030709,0.0014600917753478,0.963821082165392,0.0040786007506312,0.0080837979462165,0.0190980771948212,5.667702862410806e-05,happy,0.9508189660363764,0.9768231982944073
1_S12E01_274_u,1.426978947123732e-05,1.5083130224751588e-05,0.0001007631368733,1.9132638892935625e-05,0.9997767341894526,6.264179800556956e-05,1.1367366938316866e-05,0.0001169836202734,neutral,-0.0001736252156819,0.00021189049346779409
1_S12E01_297_u,0.0,0.0,0.0,0.0,0.0,0.0,0.0,0.5456060681026429,vazio,0.0,0.0
1_S12E01_325_u,0.0014472351288612,0.000948560198636,0.0001767380878829,0.0050347997658643,0.9910743994312232,0.0011186522618756,0.0001997316590445,0.0075065705605083,neutral,0.0013436140886085,0.008725985443120001
1_S12E01_332_u,0.4327274409721082,0.0235638303365539,0.0183080992850644,0.1259725215514796,0.0473103996948052,0.0595111270412767,0.2926066093575611,0.0049258863291469,angry,-0.4081379760835236,0.6600830191864827
1_S12E01_339_u,0.1728907644510264,0.0276941397146335,0.0150382966764443,0.417845399190356,0.0922103836606324,0.1123099881185822,0.1620110580402182,0.005560334655456,happy,0.0899122102296694,0.7457785881510424
1_S12E02_006_u,0.2546762348966158,0.0518690469764413,0.0354932347857371,0.2338854534326143,0.2682425776844823,0.1191431817867394,0.0366903187537946,0.0169502226635813,neutral,-0.2272962450129193,0.6950671518781479
1_S12E02_105_u,0.031137313526136,0.0137595574216478,0.0148634967350128,0.0392317385357929,0.3706178236865535,0.3975994331680494,0.1327906223952327,0.0016044363583204,sad,-0.4181280623150532,0.4965915393866389
1_S12E02_118_u,0.2377587940219933,0.065764506264263,0.0291073629382388,0.1471070345464941,0.3959776201244666,0.0809060333943258,0.0433786347098464,0.0354414894245564,neutral,-0.2664296620723269,0.560643731165315
1_S12E02_204_u,0.0146229095236141,0.0432624349755882,0.0129957493608001,0.5316547238896502,0.1371661248476774,0.2542335803843001,0.0060645596351611,0.024902797769755,happy,0.2065400496453474,0.8567693981339527
1_S12E02_228_u,0.0015854507625387,0.0201305630435496,0.0026801574789832,0.0817366882056187,0.8865649705893728,0.0062036634788656,0.0010984275967181,0.1266379829030482,neutral,0.0511368534416814,0.1123365229695558
1_S12E02_262_u,0.0,0.0,0.0,0.0,0.0,0.0,0.0,0.7310505488421768,vazio,0.0,0.0
1_S12E02_274_u,0.0,0.0,0.0,0.0,0.0,0.0,0.0,0.9934003913222114,vazio,0.0,0.0
1_S12E02_358_u,0.014626951056839,0.0127506222962834,0.0042205918125869,0.0286049454480357,0.1841186507818832,0.7543144523239473,0.0013637529141723,0.0649442309513688,sad,-0.757307672041621,0.8145175629376923
1_S12E02_385_u,0.0015315979164515,0.0030022186740439,0.0035891198691475,0.9397914564262824,0.0470154333577814,0.0027263407474098,0.0023438154435916,0.2427993151068221,happy,0.9289421792192294,0.9506407336333351
1_S12E02_433_u,8.97586654326467e-06,5.086801970357875e-06,2.3784281991974244e-05,0.998814885563449,0.0010288665468217,0.0001175481485842,8.780169964043907e-07,0.000423103072535,happy,0.9986594904643592,0.9989702806625388
1_S12E02_443_u,0.0127383912996,0.0120954166794716,0.0154650615279986,0.3992697474712036,0.0422223644043506,0.5113346043483905,0.0068744295430146,0.0244119586423038,sad,-0.1523637263842573,0.9509032213266643
1_S12E02_466_u,0.0185343048741593,0.108899551536695,0.0192375509768695,0.4503972986567827,0.3098302657915355,0.0329586100608213,0.0601424201026418,0.0684471298009157,happy,0.2707672812082374,0.6300273161053278
1_S12E02_471_u,0.0066625495420752,0.0137290720618359,0.0134628942795638,0.085916254907372,0.8101876300134677,0.0320290747302047,0.0380124739873754,0.0192655621503945,neutral,0.0200326642936922,0.1517998455210516
1_S12E03_061_u,1.959610536873683e-05,0.0001910252520582,0.0001205760541836,0.0005162076253552,0.9987378302623652,0.0001208655962022,0.0002938677466603,0.0015668562025439,neutral,6.41446175423619e-05,0.0009682706331679367
1_S12E03_095_u,4.51788356783299e-06,2.846065459676572e-05,8.352610600586939e-06,3.746398425948909e-05,0.9999023366836955,1.8062454436598223e-05,7.471043612112847e-07,0.0007396157575385,neutral,-2.1929618942294786e-05,9.685758746127296e-05
1_S12E03_101_u,0.0015639938559484,0.0016974913047831,0.0007281217738834,0.0537746691697749,0.9386394249998572,0.002672072597134,0.00092422508323,0.0062362775352084,neutral,0.0471129896380258,0.0604363487015238
1_S12E03_118_u,0.0077574718688942,0.0127934220911473,0.002455838072577,0.0089573796174137,0.2414613221589097,0.7252679467613669,0.0013066069934946,0.1575093378778546,sad,-0.7393172991765717,0.7572320584113991
1_S12E03_174_u,0.0009959069371458,0.0022401635019719,0.0040010753196887,0.0168718436555993,0.0335550159253078,0.9410364059084988,0.0012996107421691,0.0444474495016038,sad,-0.931401708011706,0.9651453953229046
1_S12E03_195_u,9.306649317922754e-05,4.561282743111168e-05,2.170755229276581e-05,0.9994906055128712,0.0002623625786724,4.642046617445477e-05,4.0280445707745546e-05,2.7240005692874547e-05,happy,0.9992837981737938,0.9996974128519487
1_S12E03_239_u,0.7945058707066498,0.1165428395960733,0.0031477972304706,0.0048337143380375,0.0127523869977588,0.0658746032937387,0.0023429194660071,0.1403420269489288,angry,-0.9752373964888948,0.9849048251649699
1_S12E03_263_u,0.0151025524751718,0.0016511104959698,0.0058110611449201,0.0209299206358754,0.2518292037614374,0.6771231497435904,0.0275529627514201,8.708810128155164e-05,sad,-0.6787579532237769,0.7206177944955275
1_S12E03_286_u,0.0005392074384305,0.0003046818307748,0.0005300940445796,0.9326088603946608,0.0051182635967551,0.0006159413822748,0.0602828854365339,1.2225952986000264e-05,happy,0.9306189356986008,0.9345987850907206
1_S12E03_310_u,0.0222648617300359,0.0109808550832704,0.0387740198981356,0.3263623098344335,0.1047759352249479,0.1536663287343178,0.343175657545711,0.0004685397361753,surprise,0.1006762443886735,0.5520483752801932
1_S12E03_337_u,0.4268611267863366,0.008915119886847,0.0128720008013931,0.2805338298125808,0.0595691939328482,0.0212390047793489,0.1900097834794872,0.0030227188690332,angry,-0.1893534224413449,0.7504210820665064
1_S12E03_338_u,0.9844666077283832,0.0013931965086472,0.0007857733755485,0.0021517339332689,0.0061690328886957,0.0039023648938536,0.0011313383378832,0.005984214018099,angry,-0.9883962085731638,0.9926996764397016
1_S12E03_380_u,0.0033660542066039,0.006929816459645,0.0078114232081536,0.0057163055130453,0.0748535623966819,0.0334998913800653,0.8678229882237799,0.0071761131948733,surprise,-0.0458908797414225,0.0573234907675131
1_S12E03_410_u,0.0319047797410244,0.0134462467766114,0.0119933981700603,0.0230762493523592,0.6010655347651458,0.302028684588565,0.0164851243288296,0.0048342234804294,neutral,-0.3362968599239021,0.38244935862862034
1_S12E03_449_u,0.0001518168110411,8.158299738041887e-05,7.594927488718962e-05,0.000218553045119,7.229073533855905e-05,0.0001784170861211,0.9992213399310088,7.650361917188597e-06,surprise,-0.0002692131243108,0.0007063192145488085
1_S12E04_003_u,0.0,0.0,0.0,0.0,0.0,0.0,0.0,0.5874624341959134,vazio,0.0,0.0
1_S12E04_027_u,0.0509174244824,0.0381788620490865,0.0160792159284595,0.0917810766249332,0.7143658584650235,0.0392692850178131,0.0494081926347364,0.0431152506498619,neutral,-0.0526637108528261,0.2362258641026923
1_S12E04_040_u,0.002442435663589,0.0028907159508924,0.0016067353243877,0.0598389523786285,0.9145810461314718,0.0083785115361205,0.0102616576548205,0.0004197542039036,neutral,0.0445205539036386,0.07515735085361809
1_S12E04_046_u,0.0108211573773736,0.1287356284017861,0.015254346818494,0.5040273610406896,0.163341890862393,0.0219498515032695,0.1558697580226735,0.0450284396065398,happy,0.3272663769397661,0.6807883451416127
1_S12E04_055_u,0.1239108024510203,0.0208011100660954,0.1386853384754023,0.337222026945727,0.1115455387003179,0.1999237527403974,0.0679114778312941,0.0333709036931395,happy,-0.1460989767871885,0.8205430306786424
1_S12E04_070_u,0.0134396365240594,0.0014795503705053,0.7800342601425524,0.0022889796662713,0.0119117369221552,0.1902953050431907,0.000550520008429,0.0335424366639926,fear,-0.9829597724140366,0.9875377317465791
1_S12E04_076_u,0.0066700495366698,0.0165824869005895,0.0044460169383256,0.0242616238826863,0.8848540668641464,0.0623700206071942,0.0008157695635287,0.4135635853745043,neutral,-0.0658069501000929,0.1143301978654654
1_S12E04_102_u,0.0598480649087357,0.0350253345448164,0.022617084408857,0.1064537526468883,0.6478150223241955,0.0529436062121841,0.0752971421826321,0.0175663601839914,neutral,-0.0639803374277049,0.2768878427214815
1_S12E04_195_u,0.0106395663811451,0.0136570660019848,0.0075660326034765,0.7577008946542516,0.1340031516831338,0.0463438660989675,0.0300894230433889,0.001474544405937,happy,0.6794943635686775,0.8359074257398255
1_S12E04_204_u,0.0036565162338326,0.0010061280951416,0.0030828856866033,0.0140222734528611,0.5358527419243141,0.0144062282098869,0.4279732143721192,2.493799041758393e-05,neutral,-0.0081294847726034,0.0361740316783255
1_S12E04_233_u,0.1128369459686162,0.0257174693543331,0.0266582189442653,0.2573908531368205,0.1034362346268276,0.2719276989372064,0.2020326037809321,0.003962075774325,sad,-0.1797494800676006,0.6945311863412416
1_S12E04_242_u,0.0083581252302876,0.0084261256755294,0.0025404119598806,0.0241163690892442,0.921636459094861,0.0237579948129178,0.011164666523145,0.0007522038649767,neutral,-0.0189662885893713,0.0671990267678596
1_S12E04_249_u,0.9499322749503276,0.0114713584032781,0.0029476146413155,0.0055824305272183,0.0169422630568971,0.0033526075236227,0.0097713334384484,0.0039289767155423,angry,-0.9621214249913256,0.9732862860457622
1_S12E04_276_u,0.0121648436605466,0.0048863661207187,0.0047724472489217,0.198672135407512,0.687676635797016,0.0105741252452213,0.0812534345915886,0.0001141044249379,neutral,0.1662743531321035,0.2310699176829203
1_S12E04_456_u,0.0001077838216177,0.000881318690773,0.0005696301724775,0.0012665029567192,0.9965647761699258,0.0002612278197572,0.0003487330223967,0.0015834431142138,neutral,-0.0005534575479063,0.0030864634613446
1_S12E05_030_u,0.0003203073250053,0.0001977912000903,0.0003100084439682,0.0123998704638588,0.98365064153828,0.0010618321439237,0.0020596788834113,8.076245421761996e-06,neutral,0.010509931350871,0.014289809576846299
1_S12E05_054_u,0.9866943993595114,0.0024886836513808,0.0012790996407473,0.0006685434456905,0.004186466248524,0.0004163859502547,0.0042663625932838,0.0278307647531618,angry,-0.9902100251562036,0.9915471120475847
1_S12E05_083_u,0.0084226540998049,0.0082262484307482,0.0099247650073039,0.7577399946413026,0.063006869268679,0.0394929871173,0.1131865220782564,0.0010715654061641,happy,0.6916733399861454,0.8238066492964595
1_S12E05_110_u,0.2691129486457013,0.0450518431676027,0.0248139588732284,0.1063928337248474,0.3463038749801332,0.0797147186717118,0.128609838756927,0.0171922815497964,neutral,-0.3123006356333968,0.5250863030830916
1_S12E05_134_u,0.0210451239096146,0.0030013596132075,0.0028156404671406,0.9240969519113096,0.0117770956116292,0.0070951215483713,0.0301687145905325,0.0025257183660868,happy,0.8901397063729753,0.9580541974496435
1_S12E06_010_u,0.0016861562947179,0.0049470613432709,0.0056420841491035,0.1331528331287018,0.8422392998570164,0.0071870085100509,0.005145570221851,0.183222063089488,neutral,0.1136905228315584,0.152615143425845
1_S12E06_016_u,0.0857501973446227,0.0997916443,0.0059314052214696,0.0401435585211867,0.7216936302744944,0.0194432290620617,0.0272462637878972,0.0082717904588206,neutral,-0.1707729174069674,0.2510600344493407
1_S12E06_027_u,0.0007437784472888,0.0007178124606695,0.0017703407673894,0.9493214825091266,0.0376254654211878,0.0028358412915026,0.0069851729772158,0.0033967264444072,happy,0.943253709542276,0.9553892554759769
1_S12E06_088_u,0.0133256460805585,0.001893167853393,0.0025985943607879,0.1677966631246708,0.7436862737862171,0.0578918374264124,0.012807854743141,0.0001568689476698,neutral,0.0920874174035187,0.2435059088458226
1_S12E06_111_u,0.0,0.0,0.0,0.0,0.0,0.0,0.0,0.7673259289003908,vazio,0.0,0.0
1_S12E06_171_u,0.0007623269555761,0.0004945815371899,0.0010175886099957,0.5346722640481416,0.0223860967923733,0.0020858238077372,0.4385813067464765,2.013658452426625e-06,happy,0.5303119431376425,0.5390325849586406
1_S12E06_229_u,0.0015751470988483,0.0091016925907096,0.0141731284422331,0.0195313668998717,0.7431597434587477,0.0922445248267976,0.120214385834778,0.0127031290903686,neutral,-0.097563126058717,0.1366258598584603
1_S12E06_248_u,0.9550956380729484,0.0120117284471106,0.003092339690072,0.0032890751300355,0.0096519525052374,0.006295168767664,0.0105640524802175,0.0006370393675751,angry,-0.9732057998477596,0.9797839501078306
1_S12E06_287_u,0.0013357159190893,0.0008161377889076,0.0009602863233677,0.0016044466717954,0.0191464775730449,0.9758780374646135,0.000258772749643,0.0012695436307693,sad,-0.9773857308241828,0.9805946241677735
1_S12E06_316_u,0.0,0.0,0.0,0.0,0.0,0.0,0.0,0.5764883514493704,vazio,0.0,0.0
1_S12E06_367_u,0.030011742217649,0.0118096929351973,0.0104560393718899,0.0979051734482833,0.7331675283728747,0.0763114834827588,0.0403383485645879,0.0048184171027969,neutral,-0.0306837845592118,0.2264941314557783
1_S12E06_412_u,0.2316913204736317,0.0659317537437829,0.0200521837068272,0.0919580983177467,0.3842743519924466,0.1457582781878253,0.060333985392279,0.0417628446593879,neutral,-0.3714754377943204,0.5553916344298139
1_S12E07_005_u,1.046826579561898e-05,1.3461428167992305e-05,7.130805685985693e-05,8.968181325774265e-05,0.9992381520973412,4.9952919389601165e-05,0.0005269907829863,5.22125090292036e-05,neutral,-5.55088569553267e-05,0.000234872483470812
1_S12E07_060_u,0.0684678620386653,0.0518758400056401,0.022911053004372,0.0299650235655886,0.4671171800908205,0.2826566181957535,0.0770064108709797,0.0051339426427148,neutral,-0.3959463496788424,0.45587639681001946
1_S12E07_092_u,0.2512731874034634,0.0617553987587662,0.0186258365156994,0.044835351837789,0.5702134414927601,0.019186235540399,0.0341105853866572,0.0040149162523448,neutral,-0.306005306380539,0.3956760100561169
1_S12E07_105_u,0.0001019920565805,9.49673720034918e-05,0.0001098430615954,0.0007445321992179,0.99852862414582,0.0003654569594785,5.450886192492593e-05,0.0004456884598766,neutral,7.227274956001742e-05,0.0014167916488757918
1_S12E07_147_u,0.3033339684895687,0.0361852025984354,0.0051468548764321,0.0881357323676048,0.3134973406305705,0.2506187996080581,0.0030820699179958,0.0320684453472494,neutral,-0.5071490932048897,0.683420557940099
1_S12E07_169_u,0.0334732078492206,0.0028562125734127,0.0032931270167502,0.0397578478660177,0.7969797937684309,0.1188877413943357,0.0047520447387551,0.0022111227153799,neutral,-0.1187524409677016,0.19826813669973692
1_S12E07_179_u,6.017665530161907e-05,0.0001432086008975,0.0001288934459683,0.0014983013317472,0.9977855430343858,0.0003503259720202,3.35123328159098e-05,0.0052432642660277,neutral,0.0008156966575594,0.0021809060059348193
1_S12E07_264_u,0.0136500567142946,0.0115561410563214,0.0171719323137189,0.0390667982688968,0.6555568346091499,0.2540469298122221,0.0089513975627867,0.2731886482797562,neutral,-0.2573582616276603,0.3354918581654538
1_S12E07_424_u,0.0087305907132393,0.0057261167297183,0.0105804400517489,0.015611608470438,0.4910346589991306,0.0222149673574928,0.4461015625301249,0.0025724735460243,neutral,-0.0316405063817614,0.0628637233226373
1_S12E07_443_u,0.7765186925302496,0.0472182044230816,0.0093513808764212,0.0165432729431607,0.0692765209980067,0.048582806840374,0.0325091145099923,0.0014841953525319,angry,-0.865127811726966,0.898214357613287
1_S12E08_006_u,0.0011855786431821,0.002174845529585,0.0048193433616038,0.6848518868834029,0.2691691371715714,0.01397156286015,0.0238276155555054,0.0015721652598585,happy,0.6627005564888818,0.7070032172779239
1_S12E08_023_u,0.011220954719231,0.2541592228774483,0.00766896067364,0.1426332458321976,0.5433708115876187,0.034466572578404,0.0064801835035632,0.4592956770211457,neutral,-0.1648824650165258,0.4501489566809209
1_S12E08_071_u,0.0179057261863435,0.0164889010848247,0.0080606652913818,0.0341184967636164,0.4820633093705884,0.02485782562789,0.4165050041482509,0.0175075871338776,neutral,-0.0331946214268238,0.1014316149540564
1_S12E08_098_u,0.0075208951814923,0.0044441890740152,0.0028812494989188,0.0184014387140478,0.9471203494988044,0.0181608190517824,0.0014710340867965,0.0834227892337366,neutral,-0.014605714092161,0.051408591520256494
1_S12E08_103_u,0.0127577282103192,0.0145086630751099,0.0075794781004432,0.727197397065956,0.1481855400594801,0.0339019541657626,0.0558691830263045,0.0066365161474095,happy,0.6584495735143209,0.7959452206175909
1_S12E08_135_u,0.0385838609070815,0.5764184523156306,0.006893544154906,0.024172205656415,0.3036606777133078,0.0365036836045913,0.013767616089322,0.0442955545149743,disgust,-0.6342273353257945,0.6825717466386244
1_S12E08_258_u,0.0468312122607622,0.1966319054293529,0.0251610658404633,0.3029956912751451,0.2735516379958738,0.1032344660365117,0.0515939827346011,0.2123310244642197,happy,-0.0688629582919452,0.6748543408422352
1_S12E08_445_u,0.0099521184115994,0.0627236665923457,0.0181639269444051,0.5115379314154422,0.3240230507593302,0.0632001218950356,0.0103992844633199,0.3651009420864283,happy,0.3574980975720562,0.665577765258828
1_S12E09_005_u,0.7124257364179037,0.0065849972610836,0.0017664710347789,0.006461223510029,0.2584819888370716,0.0050959463288573,0.0091836321967244,0.000154650548211,angry,-0.7194119275325946,0.7323343745526526
1_S12E09_081_u,0.0078280862404258,0.0665805273667912,0.0065102888511281,0.0082242878044678,0.0226923568794846,0.0172809304357983,0.8708834311638567,0.0329809358754572,surprise,-0.0899755450896757,0.1064241206986112
1_S12E09_090_u,0.0,0.0,0.0,0.0,0.0,0.0,0.0,0.889460674370639,vazio,0.0,0.0
1_S12E09_103_u,4.03271354285682e-07,6.923186979582343e-07,4.087903415376298e-07,0.9999976592403328,3.786939240643605e-07,4.096258549644434e-07,1.4973327440925754e-07,5.202644999258155e-07,happy,0.9999957452340842,0.9999995732465816
1_S12E09_175_u,0.0030754780502437,0.0012259468052213,0.0013649869344501,0.7809056239090731,0.1947564176017572,0.0032084553117332,0.0154630888092991,1.2237445162099904e-05,happy,0.7720307568074246,0.7897804910107213
1_S12E09_207_u,0.0688774273260718,0.0153248266155529,0.0148474950086019,0.2853880284224675,0.5378741793461023,0.05325108263082,0.0244369707894045,0.0355196339078247,neutral,0.1330871968414206,0.4376888600035141
1_S12E09_307_u,0.01619853546713,0.0083351266155239,0.006348818210656,0.0372237571795793,0.4933725100348956,0.01463992176246,0.423881359142083,0.0009182416642942,neutral,-0.0082986448761906,0.0827461592353492
1_S12E09_369_u,0.0061211760794631,0.0181848581719817,0.0081043969606563,0.110271720498938,0.7839324900051888,0.070341184783232,0.0030442267620323,0.4295240864157676,neutral,0.0075201045036047,0.21302333649427108
1_S12E09_413_u,0.0401338956132953,0.0462891684008205,0.0080112577931376,0.0625448315271197,0.5564347682125708,0.2736331319440906,0.0129530258194946,0.010674530873075,neutral,-0.3055226222242244,0.43061228527846374
1_S12E10_076_u,0.0647588607968178,0.0165280724203641,0.0119701945974827,0.2979619823220052,0.1127938905470928,0.0302086464543271,0.4657783922764117,0.0011238383813178,surprise,0.1744962080530133,0.4214277565909969
1_S12E10_195_u,0.0,0.0,0.0,0.0,0.0,0.0,0.0,0.9947485691154724,vazio,0.0,0.0
1_S12E10_245_u,0.454532015753765,0.0984383610598705,0.0102745484704061,0.0175921885555974,0.2567715473486354,0.149111225206159,0.0132801383283823,0.1712474655359983,angry,-0.6947639619346033,0.7299483390457979
1_S12E11_002_u,0.0226776342785938,0.0249715371402281,0.0172414245799461,0.5434285170882428,0.3347074093493008,0.0195684599991112,0.0374049824644482,0.0514341800007967,happy,0.4589694610903634,0.6278875730861221
1_S12E11_072_u,0.019656561069859,0.0095167263474454,0.0040606894922032,0.0058662580501453,0.7842655719342001,0.0911599707765741,0.0854741564555922,0.0001547297270007,neutral,-0.1185276896359366,0.130260205736227
1_S12E11_190_u,0.0092306020511845,0.0133140284683742,0.0100826779301654,0.3662332205612107,0.5687474223920731,0.0263250680296481,0.00606691943642,0.0706720259040593,neutral,0.3072808440818384,0.4251855970405829
1_S12E11_199_u,0.0100856763356959,0.0058025801558668,0.0065213292820564,0.2269181015751974,0.5589554781346711,0.0375866049223973,0.1541302510671974,0.0012665973299589,neutral,0.1669219108791809,0.2869142922712138
1_S12E11_216_u,4.781812943089325e-05,3.373917334439185e-05,0.00011147478569,0.011794948215049,0.0027337202281491,0.0001817631297495,0.985096644730212,2.5349238237659666e-07,surprise,0.0114201529968341,0.012169743433263786
1_S12E12_030_u,0.0054989487907896,0.0012562844180927,0.0008849591420044,0.9765510025328008,0.0037586430904482,0.0017662229398127,0.0102839170325215,8.710457223060075e-05,happy,0.9671445872421014,0.9859574178235001
1_S12E12_043_u,0.0152935562066783,0.0061638604973635,0.0093390801175118,0.8177283466098236,0.0778719030964624,0.0084802605266213,0.0651230744843666,0.0116548370860981,happy,0.7784515892616486,0.8570051039579986
1_S12E12_086_u,0.0590993843498633,0.0088511339062051,0.0010875463057805,0.1197233273157347,0.0011708799716199,0.0008990307977633,0.8091687699038896,0.0001113934719113,surprise,0.0497862319561223,0.1896604226753469
1_S12E12_266_u,0.0018046686624792,0.000717298123828,0.0006486543012804,0.0022755384505126,0.9913835450831728,0.0026101686407494,0.0005600768741347,0.0048494284565094,neutral,-0.0035052512778245,0.0080563281788496
1_S12E12_281_u,0.0002659097238262,0.0003326189772013,0.0009074104012906,0.995222552231806,0.0022171035645434,0.0009315074796982,0.0001228763345995,0.0651706638163886,happy,0.9927851056497894,0.9976599988138223
1_S12E12_371_u,0.0362272848517363,0.0217893165635648,0.0238328559803756,0.4453515197379247,0.1158980868077985,0.0677344078524412,0.2891665059523679,0.0936845227552111,happy,0.2957676544898066,0.5949353849860427
1_S12E13_088_u,0.0002313996556092,0.0010438751925118,0.0001304091957242,0.0003140615977873,0.9976590156263164,0.0002901809653521,0.0003311537801714,0.0019222674936827,neutral,-0.0013818034114101,0.0020099266069846
1_S12E13_224_u,0.0,0.0,0.0,0.0,0.0,0.0,0.0,0.6472739586606621,vazio,0.0,0.0
1_S12E14_125_u,4.938800445685039e-05,0.0001762894890008,0.0002584212600608,0.0023110504070957,0.9966106681257378,0.0004603628649455,0.0001338235725789,0.0096340939917353,neutral,0.0013665887886315,0.0032555120255596502
1_S12E14_152_u,0.0013847513985963,0.000638637382548,0.0005383422946932,0.9912638484364054,0.0040948147468839,0.0015908467582489,0.0004887425322906,0.0004053779703098,happy,0.9871112706023188,0.9954164262704918
1_S12E15_013_u,0.042726701854698,0.068625510267788,0.0328894145700306,0.0288192787712714,0.7481797713512317,0.0717204615984329,0.0070388074567451,0.2773749995976686,neutral,-0.1871428095196782,0.2447813670622209
1_S12E15_064_u,0.0025111702846426,0.0228651204294589,0.0019327452963606,0.9479408069530508,0.0157169759945676,0.0026480356437732,0.0063851714043647,0.1170218925981316,happy,0.9179837352988152,0.9778978786072862
1_S12E15_154_u,0.0177989301473293,0.0138816674401934,0.0049404742408084,0.6932525184133722,0.2425347361105854,0.0113863533996027,0.0162054137169464,0.001110000303015,happy,0.6452450931854381,0.7412599436413059
1_S12E15_273_u,0.0,0.0,0.0,0.0,0.0,0.0,0.0,0.8119939905591309,vazio,0.0,0.0
1_S12E15_351_u,0.0018480842133716,0.0039565661570091,0.0002911115161118,0.0040376668037312,0.9877650104217772,0.0010201248635509,0.0010814427796514,0.000461136951344,neutral,-0.0030782199463124,0.0111535535537746
1_S12E15_420_u,0.0007799311003376,0.0007849721343219,0.000547880231943,0.0020838229193601,0.0027648745459228,0.0029072388834573,0.9901311499934348,0.0001998099486079,surprise,-0.0029361994306999,0.0071038452694199
1_S12E16_140_u,0.1007724585863002,0.044467318862544,0.0215338279465503,0.1455987955918868,0.4957263930164088,0.1758170283413778,0.0160841526781697,0.1423860481008887,neutral,-0.1969918381448857,0.4881894293286591
1_S12E17_085_u,0.0005451619336289,0.0027485696365595,0.0036238449370112,0.0022795074118224,0.795108970277807,0.0105583182514776,0.185135573989596,0.0021080613805679,neutral,-0.0151963873468549,0.0197554021704996
1_S12E17_124_u,0.0050633624134668,0.0010220222444424,0.0057274979110522,0.0167500346545745,0.0198596323392498,0.0032548266673842,0.948322644074032,4.285532099856937e-05,surprise,0.0016823254182287,0.031817743890920104
1_S12E17_195_u,0.0022703487835461,0.0205692003257055,0.0033331066059919,0.0251670827746531,0.8760604506626559,0.0708617860665671,0.0017380777503992,0.1714371477719395,neutral,-0.0718673590071576,0.12220152455646369
1_S12E17_336_u,0.001677762136952,0.0045860668600932,0.0062450282938349,0.0363910276476683,0.9458028238899876,0.0045545927495226,0.0007427631905059,0.0788301068823782,neutral,0.0193275776072653,0.053454477688070996
1_S12E18_030_u,0.0529376471343216,0.0620023623494559,0.0061946952201053,0.031582942514121,0.798880452029664,0.0295256867594575,0.0188762203988749,0.0731844095280393,neutral,-0.1190774489492194,0.18224333397746129
1_S12E18_159_u,0.0138317952046415,0.0150426922219736,0.0109795208843083,0.1759324416828461,0.597180908348973,0.1800416618628348,0.0069908962239433,0.228267096215859,neutral,-0.0439632284909122,0.39582811185660427
1_S12E18_198_u,0.1552109159526643,0.1569863591456998,0.0077016706138675,0.1478610960799764,0.493627894231826,0.0318125518509724,0.0067994458864174,0.4024447370320558,neutral,-0.2038504014832277,0.4995725936431804
1_S12E18_225_u,0.0245015276337302,0.1648028458299138,0.0316494695220076,0.2695533630629904,0.2092486331491493,0.210084926492695,0.0901592941355535,0.2644508772063999,happy,-0.1614854064153562,0.700592132541337
1_S12E18_290_u,0.0182003639986872,0.0140355927754583,0.0151780592132553,0.0533340554009363,0.8163227455652208,0.0723744837000142,0.0105546821125764,0.040784565033391,neutral,-0.0664544442864788,0.17312255508835128
1_S12E18_303_u,2.178802359729143e-06,8.896233482966606e-06,7.950020517673847e-06,0.9998591293460825,9.91610775663424e-05,2.2279339100401585e-05,3.2176652496184466e-07,0.0019244629693274,happy,0.9998178249506215,0.9999004337415432
1_S12E19_143_u,0.0478626268484151,0.0952108289402906,0.0209380135569989,0.0488627399295274,0.6976090578264176,0.012397799018576,0.0771188243368383,0.4144319553161039,neutral,-0.1275465284347534,0.225272008293808
1_S12E19_354_u,0.006909941769401,0.0035113503990681,0.002887887242637,0.0380351360732794,0.1777023234885006,0.7692099655520852,0.0017434391826215,0.0065132450545206,sad,-0.7444840088899121,0.8205542810364707
1_S12E20_378_u,0.0008445141791802,0.0003671361309831,0.0001151019963061,0.0009098672647579,0.9971799661667464,0.0002476621238578,0.0003358162698163,0.0002622659003463,neutral,-0.0006645471655695,0.0024842816950851
1_S12E21_167_u,0.0203210000420433,0.0311623678944517,0.0236064738371162,0.5066026461125094,0.2061021454135155,0.1988471046253383,0.0133582221292328,0.0907282456755637,happy,0.2326656997135597,0.7805395925114589
1_S12E21_261_u,0.0047234113265097,0.0025624267776516,0.0022703855863903,0.88197875692323,0.0692727744148119,0.0224739475384876,0.0167183647902376,0.0002721546261454,happy,0.8499485856941905,0.9140089281522692
1_S12E21_285_u,0.0071178758611612,0.0097216417165991,0.0102325228663741,0.0817474457227801,0.8417244996243183,0.0470684385339392,0.00238768035631,0.4361699267756194,neutral,0.0076069667447063,0.15588792470085372
1_S12E22_004_u,0.0080362021940142,0.004658708066429,0.0051576688153058,0.0314705560849106,0.8714227756816081,0.0279371648965094,0.0513169998229663,0.0062230393559729,neutral,-0.0143191878873479,0.077260300057169
1_S12E22_066_u,0.0020369213310508,0.0222975079550609,0.0258660546835666,0.031870375697008,0.764198940450507,0.1511321568086308,0.0025979885334491,0.1035243086516856,neutral,-0.1694622650813012,0.2332030164753171
1_S12E22_188_u,0.0019767923363938,0.0151768503109319,0.0185886254802081,0.6034507243348933,0.312541692537508,0.0131287339975104,0.0351365477067914,0.4641766167187597,happy,0.5545797222098489,0.6523217264599375
1_S12E22_211_u,0.0026020122902564,0.0067923885233847,0.0010413096631053,0.0120868425849868,0.973257040764697,0.002801733191773,0.0014185641587645,0.0291861667647026,neutral,-0.0011506010835328,0.0253242862535062
1_S12E23_209_u,0.0073517889318816,0.0086121943792711,0.0015495276420454,0.0196382506332906,0.9456742949821512,0.0104683241557837,0.0067056495436041,0.003366862903931,neutral,-0.0083435844756913,0.047620085742272396
1_S12E23_350_u,0.003102535333936,0.0101300402865942,0.000818741300604,0.0047758853786917,0.9773623928647528,0.002168189855522,0.0016422087008104,0.0081012729788198,neutral,-0.0114436213979646,0.020995392155347903
1_S12E23_389_u,0.0700240718513246,0.0160306970078508,0.0181764156118254,0.0376626666395758,0.2820612796593391,0.0476780240852963,0.5283668024606974,0.0029756783551419,surprise,-0.1142465419167214,0.18957187519587293
1_S12E23_470_u,0.0101216725642395,0.0112684926545169,0.0039313074717418,0.2833385398486346,0.6501794638557065,0.0358431271213782,0.0053173900564162,0.0219278410077094,neutral,0.222173940036758,0.34450313966051105
1_S12E23_488_u,0.2002769638055302,0.0375810817515012,0.0270496643796751,0.1358950395034618,0.4348619455954025,0.0705424384204011,0.0937929344320329,0.0242706696735694,neutral,-0.199555108853646,0.4713451878605694
1_S12E23_539_u,0.0002805313172817,0.0017944990073514,0.0006906616995984,0.9945694268205488,0.002086166623744,0.000229880156116,0.0003487551554006,0.0150541473994962,happy,0.9915738546402012,0.9975649990008963
1_S12E23_576_u,0.0593524655053548,0.0032919236017898,0.0164276538735545,0.859380084227638,0.0320344491831604,0.0213852819958274,0.0081281631663732,0.0061836084350942,happy,0.7589227592511114,0.9598374092041644
1_S12E23_600_u,0.0059296660711089,0.0092069750316419,0.0052765727064823,0.1889400682878681,0.6920760506358183,0.0240059832454006,0.0745646705416532,0.0014469237503361,neutral,0.1445208712332342,0.2333592653425018
2_1_u,0.9927751959510936,0.000211364843745,0.0001319285874032,0.0002526682219958,0.00100393129682,0.005199956474143,0.0004248956545937,1.4283252767199883e-05,angry,-0.9980657776343892,0.9985711140783805
2_102_u,0.4658780728491473,0.0296141822878307,0.0099328891276252,0.0934371585970162,0.177190111356937,0.1884747743800301,0.0354728328723811,0.0023543033748864,angry,-0.6004627600476171,0.7873370772416496
2_103_u,0.025403024880714,0.0321670596799973,0.0103222393703746,0.0214714976444947,0.6136242732694773,0.1800844455624936,0.1169273724758735,0.0016044803051044,neutral,-0.2265052718490849,0.2694482671380742
2_104_u,0.1640902275796212,0.0164729601603503,0.0234835169183269,0.2440340392825748,0.3004927891349934,0.0362665307298189,0.215159925102373,0.0029287171782925,neutral,0.0037208038944573,0.4843472746706921
2_105_u,0.0046112228651316,0.0017500240784935,0.002201272158141,0.0062813000520707,0.9405023988139468,0.0121440888665718,0.0325097820583642,0.0002003226463784,neutral,-0.0144253079162673,0.026987908020408603
2_107_u,0.0,0.0,0.0,0.0,0.0,0.0,0.0,0.7187490593641996,vazio,0.0,0.0
2_109_u,0.0406511732913754,0.0163142608685898,0.0100542414418612,0.0320653963811603,0.7084584841639605,0.1603753498739398,0.0320810751232615,0.0013615235511677,neutral,-0.1953296290946059,0.2594604218569265
2_11_u,0.001734817447223,0.0015949835340684,0.0012387804230859,0.9794108328610714,0.0030501631985936,0.0060036847167657,0.0069666346279745,0.0002815333245961,happy,0.9688385667399284,0.9899830989822145
2_111_u,7.241083052224279e-07,5.917924578284286e-07,1.519121840697842e-06,5.113520282623334e-06,1.9675160307985447e-06,1.588315174545489e-06,0.9999884384086292,1.7097354165747983e-09,surprise,6.901825043291467e-07,9.53685806091752e-06
2_112_u,0.0001787704936186,0.0004523678445485,0.0001538971324013,0.9972924549288474,0.0014071019540218,0.0002132666063225,0.0003020827450162,0.0003787359964917,happy,0.9962941528519562,0.9982907570057383
2_113_u,0.0193675829555093,0.0072671861650525,0.0041938585281073,0.6593843417264915,0.284732048325337,0.0155300917674225,0.0095248277245716,0.005583528371062,happy,0.6130256223103998,0.7057430611425831
2_114_u,0.0004168990828246,0.0004546706517055,0.0001925033105046,0.0041604457715302,0.9923625731497722,0.0012895190778718,0.0011233557149202,0.0001018819011733,neutral,0.0018068536486235,0.0065140378944367
2_115_u,0.0240829098953535,0.0038414061655399,0.0032850987313478,0.0065318222629159,0.0974294609034269,0.8461662699641244,0.0186630779723882,0.0001227278480655,sad,-0.8708438624934498,0.8839075070192814
2_118_u,4.51294340582761e-07,1.3080115480158257e-07,1.8912234055140773e-06,1.980166598594991e-05,2.612273647280021e-06,1.0482420293983807e-05,0.999964594881808,4.080600128071832e-11,surprise,6.845926791067681e-06,3.2757405180832135e-05
2_119_u,0.0035506828934985,0.0068891543448476,0.0120575465598725,0.1693767263300522,0.0996660929976691,0.6641113389174073,0.0443483755011648,0.0003173039222019,sad,-0.5172319963855738,0.8559854490456781
2_12_u,0.0375738144996464,0.0206344144220448,0.0235290745968636,0.0274570604981811,0.440333284102798,0.4377830200967741,0.0126892495456097,0.0090877176262437,neutral,-0.4920632631171479,0.54697738411351
2_120_u,0.130392154170949,0.0081525846873712,0.0066270430503465,0.0774195251659894,0.6737637125567089,0.0931491072248191,0.0104959010330592,0.0023658549180253,neutral,-0.1609013639674965,0.3157404142994752
2_121_u,0.0046908181689999,0.0120591502078322,0.0063603282079606,0.1626136526120024,0.4645784285859471,0.3349038177657358,0.0147938329487063,0.0073081491282209,neutral,-0.1954004617385261,0.5206277669625309
2_123_u,0.0036125934544694,0.007569750584502,0.0068426663306762,0.0287621836021419,0.0038596909435324,0.0141422710022177,0.9352107309696298,0.0005376873177737,surprise,-0.0034050977697235,0.0609294649740072
2_124_u,0.0834597792831128,0.007211086420417,0.0046773111785487,0.1458426693062754,0.0364089490946932,0.7061202927232427,0.0162799645209127,0.001008942577755,sad,-0.6556258002990459,0.9473111389115967
2_125_u,3.80749927619713e-05,0.000138150097896,0.0001014934268166,0.0012228693492127,0.9918083557907328,0.0066821913907931,8.888209017354308e-06,0.0003752462216652,neutral,-0.005737040559055,0.008182779257480371
2_126_u,0.0514191831742644,0.035615719606224,0.0034499276621217,0.0144003175961253,0.8524870517561893,0.0382340681847216,0.0043937628742318,0.0416280550416558,neutral,-0.1143185810312065,0.143119216223457
2_127_u,0.0007327211879426,0.0007632665793053,0.0005267782210547,0.986310618164778,0.0051268202226473,0.0008634872110288,0.0056762958451765,0.0002702687133932,happy,0.9834243649654464,0.9891968713641095
2_128_u,0.0001452129914534,0.0001184339710763,0.0002452775995588,0.0006011172679664,0.9974454590959124,0.0003445340031939,0.0011000810766885,6.10071492701536e-05,neutral,-0.000252341297316,0.0014545758332488
2_129_u,0.0011406938246001,0.0003612363865226,0.0005829272728201,0.0020246788609742,0.9918609222053164,0.0018295723817006,0.0021998585679567,5.0655055019888096e-05,neutral,-0.0018897510046694,0.0059391087266176
2_13_u,0.7310597859724421,0.0281383473394886,0.0144023000104513,0.070508914205974,0.0155411202273788,0.023216296714911,0.117133190654906,0.0064040758879855,angry,-0.7263078158313193,0.8673256442432671
2_131_u,0.0015395786091672,0.000746259442027,0.0003976256313734,0.9858289843667166,0.0067348909752754,0.0040771689568662,0.0006754937377791,0.0012095801648683,happy,0.9790683517272828,0.9925896170061503
2_134_u,0.1941879644630648,0.1006358013810693,0.0183559537800317,0.3146716326212749,0.1837383706212019,0.0477249192283651,0.1406853549537211,0.0138541579945011,happy,-0.0462330062312562,0.6755762714738058
2_135_u,0.0066933410903516,0.0123812426365689,0.0018561273926197,0.9308160368769764,0.0150290491617991,0.0288689301056669,0.0043553466437946,0.0013593125622719,happy,0.8810163956517689,0.9806156781021836
2_137_u,0.0320549618892325,0.0091808022870274,0.0081877520142,0.4408881845279785,0.406855285353459,0.0741094234949324,0.0287236093749362,0.0012816631351597,happy,0.317355244842586,0.5644211242133709
2_140_u,0.0005370789154842,0.0133866223866837,0.0012440227929003,0.9687014128376072,0.0020535806034929,0.0118100871184954,0.0022672275024581,0.0035390378616284,happy,0.9417236016240432,0.9956792240511707
2_141_u,0.0290261422669552,0.0155543113961836,0.0216102071574875,0.4400362686642393,0.3306569361343978,0.113032298424423,0.0500838227856415,0.0056145693524739,happy,0.2608133094191898,0.6192592279092886
2_144_u,3.650329537831086e-05,3.4999843687270046e-05,4.449885832688685e-05,0.999467189321638,0.0002878581567579,5.459668796359634e-05,7.432014578509837e-05,0.0003524464791552,happy,0.9992965906362818,0.9996377880069941
2_146_u,0.0004529804249745,0.000332342498154,0.0009335249542033,0.0026453315538243,0.9764322672331488,0.0017440808397913,0.0174593397061071,0.0001176338967069,neutral,-0.0008175971632989,0.0061082602709474
2_147_u,0.1302799233742396,0.0040946642785808,0.003277957972073,0.1011140441155776,0.2235056963235683,0.5321046668706924,0.0056230294058987,0.0012711585150098,sad,-0.5686431683800083,0.7708712566111634
2_148_u,0.0005063727915053,0.0004035479888642,0.0003349477776855,0.9957156601673663,0.0006400362014304,0.0005981117012011,0.0018012498633679,5.613207486021565e-05,happy,0.99387267990811,0.9975586404266225
2_149_u,0.0002602939151204,0.0004175644999191,0.0002273664921143,0.9235188837623376,0.0739935020261037,0.0009236293436765,0.0006588378721026,1.2055766482887977e-05,happy,0.9216900295115072,0.9253477380131679
2_15_u,0.0209316092943452,0.0030058972929331,0.0029504411471583,0.0137983851791723,0.1002018795043703,0.852710840901237,0.0064009659222386,0.0001987236610147,sad,-0.8658004034565013,0.893397173814846
2_150_u,2.852732075193169e-05,9.584460270446676e-06,6.0907663988073855e-06,0.0003203630034347,0.9995203765582272,0.000114242012649,7.638085923990111e-07,6.704291081405245e-05,neutral,0.0001619184433645,0.0004788075635048857
2_151_u,0.0012915857472326,0.0024039215107285,0.0012773145850052,0.0238243935770315,0.961765829836718,0.0087429571726215,0.0006939071448908,0.0099793339613823,neutral,0.0101086145614435,0.0375401725926193
2_152_u,0.0074042954574938,0.0024388209785934,0.003031963617604,0.1831108704313878,0.6385036422615032,0.0111025683179213,0.154407850180326,2.600026664367761e-05,neutral,0.1591332220597752,0.2070885188030003
2_154_u,0.9987864840248578,0.0003591963773167,3.23801744481579e-05,5.8603847279661295e-05,0.0002491265799336,6.430581652627123e-05,0.0004498698443685,7.255559239638387e-06,angry,-0.9991837625458694,0.9993009702404286
2_155_u,0.0058379400320057,0.0024723236148379,0.0024934091730221,0.9299937347032334,0.0360816675262663,0.0064827653897277,0.016638135541892,0.0001963611830433,happy,0.91270729649364,0.9472801729128267
2_158_u,0.0002104627985514,0.0003253841635015,0.0001539573106752,0.9916202194043702,0.0060025384083884,0.0006787874073747,0.001008536831803,1.4823372566752369e-05,happy,0.9902516277242672,0.992988811084473
2_160_u,0.0466292483139282,0.0399881411198212,0.0265836964786031,0.0971504629166468,0.3035567188187297,0.3921499345195464,0.0939417454774038,0.0138500691973603,sad,-0.4082005575152522,0.6025014833485456
2_161_u,0.1177233661600983,0.0079039333303343,0.0053999191865725,0.0503046965581983,0.7756989247805572,0.0222524904603385,0.0207167279809793,0.0005326859973137,neutral,-0.1029750125791454,0.20358440569554193
2_162_u,0.0646079168975498,0.0149253193685089,0.0143582120378661,0.4836900288232371,0.1679133801179601,0.0300583051132647,0.2244468558568255,0.0021888665069127,happy,0.3597402754060474,0.6076397822404266
2_163_u,0.0060451002604401,0.0103596112554975,0.3397190598456305,0.124471282823448,0.0217662094353561,0.4442291047718481,0.0534096205833877,0.0073792000766843,sad,-0.6758815933099682,0.9248241589568642
2_166_u,0.0360751340934227,0.0053852179587592,0.0080896183623723,0.0901469247660982,0.5260505075532332,0.0116983809548252,0.3225541751936011,7.466771967301611e-05,neutral,0.0288985733967186,0.1513952761354776
2_168_u,0.0252664210075451,0.0348224159966413,0.0137085787814848,0.5074057885695271,0.222607793632676,0.1260437130029788,0.0701453634818644,0.0042452864581718,happy,0.307564659780877,0.707246917358177
2_169_u,0.9082677116612888,0.0467932935343396,0.0018703486315455,0.0082315898829102,0.0174450308026921,0.0116010880412754,0.0057909787799697,0.0015674803289584,angry,-0.9603008519855392,0.9767640317513594
2_170_u,0.0005725641766537,6.589890373846537e-05,0.0022636241307159,0.8792871523181724,0.0582089863901143,0.0006614749565385,0.0589403580049599,3.7150694254250993e-07,happy,0.8757235901505257,0.882850714485819
2_171_u,0.0073782215557899,0.0027786317026705,0.0085283804496317,0.0815312508282487,0.0126744751109146,0.0117195762518733,0.8753895211468509,0.0005216374720475,surprise,0.0511264408682831,0.1119360607882141
2_172_u,0.0066168910469517,0.0014453547844077,0.0016619503728004,0.8665598372746417,0.108973377191146,0.0035718041197412,0.0111707710702819,4.02770870095992e-05,happy,0.8532638369507406,0.8798558375985427
2_173_u,0.000128108913645,0.0001305326435437,0.0001769211788684,0.002246408592284,0.99478232649505,0.0021497616276573,0.0003859529806301,5.673953637597151e-05,neutral,-0.0003389157714306,0.0048317329559984
2_174_u,0.01068842831853,0.0070620559450922,0.0053757039571814,0.1860487927063996,0.7532112900581273,0.0269933613236651,0.0106203959783849,0.0205227385740726,neutral,0.1359292431619308,0.2361683422508683
2_176_u,0.0192239502437997,0.0192302754683076,0.0060469817802866,0.5568010934781764,0.3513899741157725,0.0235888121522,0.0237189688952592,0.0014220533776096,happy,0.4887110738335823,0.6248911131227703
2_177_u,3.308767890073241e-06,9.61020596820862e-06,6.199587228961759e-06,0.9998626056388452,9.933927886492626e-05,1.1228485412483022e-05,7.593603992736972e-06,1.7231164974873536e-06,happy,0.9998322585923456,0.999892952685345
2_178_u,0.000113296079581,1.0341665459348744e-05,1.1887029394113655e-05,0.9992378037342308,0.0001058586641795,0.0005102540648354,1.046380968567538e-05,7.424566547342691e-06,happy,0.9985920248949608,0.9998835825735006
2_180_u,0.0187539173905674,0.001023693341627,0.0008666841281747,0.0160255472805454,0.0382538474794458,0.9244780761092029,0.0005982307324258,0.0005356079927877,sad,-0.9290968236890264,0.9611479182501174
2_181_u,0.011802872254321,0.0045320476442237,0.007199606122325,0.138414889834414,0.6359617186530225,0.0117087374890699,0.1903801942786127,0.0002912107320298,neutral,0.1031716263244742,0.1736581533443536
2_182_u,0.012890379579722,0.0041652579916961,0.0029271893343837,0.9085552532026266,0.0290732389610636,0.0072747514043961,0.0351138888902068,0.0001712081721052,happy,0.8812976748924285,0.9358128315128246
2_183_u,0.0051893731390576,0.0012676664856699,0.0014572783219001,0.8160100199669831,0.1642593680570242,0.0063382225237656,0.0054781185610459,7.752622150292154e-05,happy,0.8017574794965897,0.8302625604373763
2_186_u,0.0026404295897605,0.0028597430342599,0.0025437470454147,0.0809857238567444,0.8929733439749287,0.0057473691987822,0.0122496472956805,0.0011784900307246,neutral,0.0671944349885269,0.0947770127249617
2_187_u,0.0163940748214618,0.0156875976066524,0.0061805179532411,0.4457351001837262,0.4427306962890579,0.0593837557845833,0.0138882382115666,0.0090869605774058,happy,0.3480891540177874,0.5433810463496648
2_188_u,0.4807994680512633,0.0062792685840511,0.0341010567431458,0.0183617000680048,0.0245969774052547,0.0161994516777863,0.4196620420103248,0.0015611559938406,angry,-0.5190175449882418,0.5557409451242512
2_189_u,9.958392982738096e-05,5.039218501605391e-05,4.213441359507948e-05,0.0013225518686877,0.998123281866424,0.0003466493762069,1.5502602067614325e-05,3.785409808187978e-05,neutral,0.0007837919640422,0.0018613117733331144
2_190_u,8.047954748051002e-06,1.176359131938386e-06,1.5460489072527777e-06,0.0004203634741806,0.9993750130976214,0.0001935534427035,3.350939081029033e-07,2.353454760850582e-06,neutral,0.0002160396686898,0.0006246872796713421
2_191_u,0.1547831473967024,0.0484128771645741,0.0216591166124191,0.0388241410378401,0.5409935485569024,0.104208475988395,0.0911187945866497,0.0069312565610743,neutral,-0.2902394761242505,0.3678877581999307
2_193_u,1.1637626972114096e-05,4.297385270564727e-06,5.980433501009934e-06,4.544229949352749e-05,0.9998894508353356,1.979105920705224e-05,2.343016141140961e-05,3.296071234615283e-06,neutral,3.7357945427864944e-06,8.714880444426848e-05
2_194_u,0.0035557210881289,0.0032209490539365,0.0020988428903597,0.905543948297434,0.0023887011053922,0.0039761961955999,0.079215627286863,0.0001056717064784,happy,0.8926922390694089,0.9183956575254589
2_196_u,6.572412559752263e-05,2.1518725079372123e-05,6.194747137089564e-05,0.0161868366837714,6.430801213937205e-05,0.9835454142278482,5.431233743454119e-05,7.793582310899883e-07,sad,-0.9675077678661246,0.9998814412336674
2_197_u,0.0636187238082659,0.0098050326800134,0.004457342203087,0.2578283738769124,0.6153875953603344,0.0378218064570542,0.0110810765026294,0.002053526113741,neutral,0.1421254687284917,0.3735312790253329
2_198_u,5.707519981890268e-06,8.218201074999531e-06,1.748519122474425e-05,0.9967766915513332,0.0021540858664095,0.0010296419511241,8.207188877026484e-06,3.280360573398866e-06,happy,0.9957156386879276,0.9978377444147389
2_2_u,0.0070812639619483,0.0063418409796036,0.000744297391965,0.0068031206920284,0.973283549112788,0.0042906380164905,0.0014553746677034,0.0015371027402579,neutral,-0.011654919657979,0.0252611610420358
2_20_u,0.002682418335785,0.0012744427000378,0.0015020300082244,0.9499561378304238,0.0324601492983807,0.0060530685722808,0.0060716618779332,0.0006967361114219,happy,0.9384441782140956,0.9614680974467518
2_202_u,7.018166483863142e-07,2.416074048793261e-06,1.4690723503115492e-06,0.0001251922081149,0.9998208918874316,2.7373020307771154e-05,2.199882518927456e-05,3.8456705042655415e-09,neutral,9.32322247596857e-05,0.0001571521914701623
2_203_u,0.836397298097397,0.0067929521280227,0.009915456218712,0.0437140517857647,0.0236953507753506,0.049217134114484,0.0302678053239782,0.0015098703443072,angry,-0.8586087887728511,0.9460368923443805
2_204_u,0.0105999630510307,0.0018102371657975,0.0028087588831446,0.9356826549534047,0.0220546829458439,0.0087839412371978,0.0182597377428652,0.0001156830330728,happy,0.911679754616234,0.9596855552905754
2_205_u,0.0095540185574859,0.0012445190475853,0.0029385192690324,0.0057237667508031,0.015730703139269,0.9219847156406136,0.0428236751038839,9.010167195810936e-05,sad,-0.9299980057639144,0.9414455392655203
2_206_u,0.0321431712975334,0.0873852161213395,0.0630392648393564,0.0408209830008918,0.3283723671744801,0.4293842324168159,0.0188547405450112,0.0537097984924911,sad,-0.5711309016741536,0.652772867675937
2_208_u,0.0079498634881342,0.0054680777012734,0.007276735463468,0.0147320948950998,0.9312103072273388,0.0078704283213735,0.0254924688413343,0.0036446291560423,neutral,-0.0138330100791493,0.04329719986934889
2_209_u,0.0021599994440017,0.0008529746793964,0.0020005651181574,0.0934415152326287,0.0263336648458644,0.0022815337650924,0.8729298191252397,3.2442303179891496e-05,surprise,0.0861464422259806,0.1007365882392766
2_210_u,0.015098050853969,0.004502847199284,0.0071977870728371,0.4839782183850726,0.1140756239110364,0.0109493126552543,0.3641981939215675,0.0033523714018883,happy,0.4462302206037281,0.521726216166417
2_213_u,6.227619612797795e-06,1.3027819402466263e-06,2.1469454473958625e-06,0.9997507727097832,0.0002323257442909,2.0454008086410484e-06,5.141779237860694e-06,9.896354311034197e-08,happy,0.9997390499619742,0.9997624954575922
2_217_u,0.0086310549976987,0.003175469033282,0.0034791242789976,0.7409511626157509,0.1536117362579933,0.0105368707883127,0.0796145817078076,4.55068948213011e-05,happy,0.7151286435174598,0.7667736817140418
2_218_u,0.0178563832826932,0.0090234398546664,0.0077767920696786,0.0494969553571149,0.7290343716577785,0.0070506081356918,0.1797615011051511,0.0012710254522971,neutral,0.0077897320143846,0.09120417869984491
2_221_u,0.3513826993962593,0.033469970986246,0.0220891987776374,0.1825184208378791,0.1738935334351312,0.0881126398463836,0.1485335167647472,0.0024401867995038,angry,-0.3125360881686473,0.6775729298444054
2_222_u,0.0267777315426216,0.0113706456594095,0.0057568861611985,0.4171545085473708,0.0228332736318651,0.0101378370703471,0.5059691700897059,0.0003974736355303,surprise,0.3631114081137939,0.4711976089809475
2_223_u,0.0059637348796046,0.0047320090561101,0.0026163371158171,0.2825292167013568,0.6589356609233192,0.0355182083647883,0.0097049262038006,0.0007387458317679,neutral,0.2336989272850364,0.3313595061176769
2_225_u,0.0081712508304925,0.0043257230301716,0.0042374906320256,0.6508978510390715,0.246230317760866,0.0193752010849414,0.0667620684497375,9.833478543441744e-05,happy,0.6147881854614402,0.6870075166167027
2_226_u,0.0361621845431551,0.028303946224574,0.0102976920543511,0.701677247346101,0.0542151056191616,0.1216747492122777,0.0476689978608407,0.0047139688977039,happy,0.505238675311743,0.8981158193804589
2_227_u,0.010612247550907,0.0069117743373705,0.0109811206160965,0.0525509346477938,0.8341752895365344,0.0621960650083624,0.022572636274839,0.0010690865165087,neutral,-0.0381502728649426,0.14325214216053023
2_228_u,0.0005457418401673,0.0033160650016207,0.0007966286059635,0.0004623131468119,0.0023108581834004,0.9920733883753068,0.0004950735372923,0.0005041101248934,sad,-0.9962695106762464,0.9971941369698701
2_230_u,0.0001182583521077,3.2147099210314344e-05,3.906707594196821e-05,0.0009530314825431,0.9975158176176674,9.240498044431529e-05,0.001249231754613,3.785709239423341e-07,neutral,0.0006711539748387,0.001234908990247398
2_231_u,0.012703190622229,0.0090259011632849,0.0221286284119845,0.5348416909928909,0.1125600941243733,0.0446380073041588,0.2641025549726676,0.0019071972346864,happy,0.4463459634912335,0.6233374184945482
2_232_u,1.2001802434646993e-05,2.672385948451204e-05,7.965027605216339e-05,0.9889598599944384,0.0067021585842757,0.0041902354034617,2.935649063600009e-05,1.0558493755752352e-05,happy,0.9846512486530056,0.9932684713358715
2_234_u,0.0001894041249883,0.0001462821595318,0.0002468242135911,0.99268182037213,0.0035329665732677,0.0004543235607532,0.0027484294808705,1.7852278688224033e-05,happy,0.9916449863132656,0.9937186544309944
2_235_u,0.3352159953859497,0.0670044023770611,0.0407152093655943,0.066157367334911,0.2040898260286513,0.1694487363825465,0.1173684361557951,0.0158251780085265,angry,-0.5462269761762407,0.6785417108460626
2_236_u,0.9023018289702514,0.0071149591618068,0.0028410493248352,0.0193327084545632,0.0310233991270878,0.0268957335596774,0.010490327764696,0.0005864457489223,angry,-0.9198208625620076,0.9584862794711341
2_24_u,0.0038298497638118,0.0016270767895898,0.0008038890446903,0.5104720928706462,0.4723144929389672,0.0039930785056974,0.0069595356849944,2.155039533136005e-05,happy,0.5002181987668567,0.5207259869744356
2_240_u,0.2547079844824252,0.021317422493779,0.0267519115143062,0.0959719172933646,0.1628739291974104,0.082541017322532,0.3558358176815837,0.0031680203828727,surprise,-0.2893464185196778,0.481290253106407
2_241_u,0.0078658661747387,0.0043755862818813,0.0025384691461946,0.0408017783565511,0.9044810138194588,0.0245590306169307,0.0153782502541667,0.0004202618802082,neutral,0.0014628261368056,0.08014073057629639
2_242_u,0.0145682170570165,0.0036827459805487,0.007673730847969,0.8392637977655526,0.0116430481388341,0.0731228860418999,0.0500455279306644,0.0097304725422872,happy,0.7402162178381183,0.9383113776929867
2_243_u,0.5092104609484721,0.025896563469126,0.0292159779843284,0.0572923248211379,0.1453468638381703,0.0652717690190735,0.1677660857496205,0.0347394640557467,angry,-0.5723024465998622,0.686887096242138
2_245_u,0.0001323476568592,0.000183907794708,0.0005815261023903,0.124033626635225,0.8317883848443451,0.043217247260602,6.289238445391989e-05,0.0006036074846631,neutral,0.0799185978206653,0.16814865544978452
2_246_u,0.0287691786301867,0.0134611152507384,0.0044001816900857,0.0542512162424906,0.8126580859073401,0.0192089678353035,0.0672512256432552,0.0003345455843372,neutral,-0.0115882271638238,0.1200906596488049
2_247_u,0.0007513366554,0.0002092344347576,0.0004205931892536,0.955458966788965,0.0217316937742733,0.0007974190065115,0.0206308172749383,9.64754320875727e-07,happy,0.953280383503042,0.9576375500748877
2_248_u,0.0,0.0,0.0,0.0,0.0,0.0,0.0,0.5793185206130146,vazio,0.0,0.0
2_250_u,0.0082524605516269,0.0119291733888202,0.0187440057692453,0.0503962967032191,0.7476282287707795,0.0311407212048306,0.1319091956277301,0.0056978869833983,neutral,-0.0196700642113039,0.12046265761774211
2_251_u,0.9855064025549962,0.0009026531347394,0.000740170961451,0.0021539645965985,0.0014827487730063,0.0036727724639745,0.0055412325290002,3.3130716474261135e-05,angry,-0.9886680345185628,0.9929759637117594
2_253_u,0.0003741238515434,1.3495194941711228e-05,1.9140393373520887e-05,0.9966228517065798,0.0003169154968319,2.49736125641216e-05,0.0026284431983551,5.10519635454898e-08,happy,0.996191118654157,0.9970545847590027
2_254_u,0.0002099637234888,0.0001799497990236,7.734010840013022e-05,0.0064031959345067,0.9925725305667163,0.0002555517758079,0.0003015299536726,8.331488970725331e-06,neutral,0.0056803905277861,0.007126001341227131
2_255_u,0.4663572527902175,0.0474513457578619,0.0151934395694026,0.2801963648712018,0.1333772847197392,0.0239482644149037,0.0334760980662079,0.0165261309593915,angry,-0.2727539376611841,0.8331466674035876
2_257_u,0.0382364234656357,0.0023619875342,0.0050895732758071,0.7396601702379865,0.1336796271911212,0.0089812076575619,0.0719909924748339,0.000113578280434,happy,0.6849909783047816,0.7943293621711912
2_258_u,0.0491471244628697,0.469128155731318,0.0088511839350837,0.112918429878291,0.174973513170687,0.0698080043730182,0.1151735838863819,0.0048554224194956,disgust,-0.4840160386239987,0.7098528983805805
2_259_u,1.8968822425255643e-05,0.0001298912170858,6.012397478988146e-05,0.0077899139107616,0.9915020202737564,0.0002466218600071,0.0002525618761181,1.957274832875555e-06,neutral,0.0073343080364535,0.008245519785069636
2_260_u,0.0202019598121872,0.0068442152106973,0.0172655427817212,0.3247682509881202,0.5259551734164046,0.0269849644364594,0.0779799296760237,0.0076131082169012,neutral,0.2534715687470548,0.3960649332291853
2_261_u,0.3165629217076783,0.1952860803892364,0.0355812218489736,0.0305575041354367,0.2062113524215028,0.1900379115678097,0.0257630194687898,0.1929213758558034,angry,-0.7069106313782613,0.7680256396491346
2_263_u,3.945168965168979e-06,3.955546675836795e-05,2.500713221605009e-05,0.9994233793093932,7.671325525325115e-05,4.23573649650665e-05,0.0003891240594689,1.1874205370077105e-06,happy,0.9993125141764884,0.9995342444422979
2_264_u,6.801677171157934e-07,2.398040810118693e-06,9.076439725901554e-06,0.0002983391464777,0.9987260716722224,2.769786993049861e-06,0.0009605198882538,1.7472325808398635e-09,neutral,0.0002834147112315,0.00031326358172388584
2_267_u,4.694962821779684e-05,4.506007649878503e-05,5.3662052279771775e-05,0.0005155906179046,0.0003316195353839,0.0007534246273512,0.998253565787597,4.155673670458437e-08,surprise,-0.0003835057664429,0.0014146870022521537
2_268_u,0.0011332008656222,0.0001119173319558,0.0003531393266788,0.9528986437333044,0.0014673487955574,0.0018760294717565,0.0421597709594173,6.487789789844101e-07,happy,0.9494243567372908,0.9563729307293176
2_27_u,0.0008721539262209,0.0004685707344666,0.0007280269181692,0.0017470356673992,0.9873477584745772,0.0031070496937619,0.0057294182454448,7.477301755898225e-05,neutral,-0.0034287656052195,0.0069228369400178005
2_270_u,9.55925472112541e-09,4.4190034964586325e-10,1.4414551330332886e-08,2.3250156289123e-07,0.999942183494569,4.6967215894255847e-08,5.742753637605352e-05,1.027871516877778e-15,neutral,1.6111864059586996e-07,3.0388448518659e-07
2_271_u,0.0007229076394021,0.0025052004096201,0.0024531517523404,0.0245136544105114,0.9645711726113012,0.0047435603687913,0.0004903174229108,0.2054768040543421,neutral,0.0140888342403573,0.0349384745806653
2_272_u,0.2081676179962721,0.020967830967037,0.0185392038796109,0.084607199643099,0.2998168882591893,0.0429224237929549,0.3249788080056565,0.0020003994723082,surprise,-0.205989876992776,0.3752042762789739
2_278_u,0.0079884408744276,0.0085771700455515,0.0060807897257402,0.7657407638561728,0.1309736609942365,0.0082127663470931,0.0724264893440349,0.0003846186591544,happy,0.7348815968633603,0.7965999308489853
2_279_u,0.0135742133631388,0.0147651874819391,0.0060505720655583,0.1650010826556789,0.7160671387606181,0.0278951029757565,0.056646707488628,0.0007802030449965,neutral,0.102716006769286,0.22728615854207163
2_28_u,0.0016071798507384,0.0017924599075987,0.0013169788750803,0.1397718805439984,0.7917915181352391,0.0063472237695557,0.0573726725818762,4.308372876948852e-05,neutral,0.1287080381410251,0.1508357229469715
2_280_u,0.0844038493921605,0.015306299930653,0.0043491167303623,0.0330879788598876,0.0786994629537688,0.7707032021350539,0.0134500924747005,0.0011151439102831,sad,-0.8416744893283422,0.9078504470481173
2_281_u,0.0224988716837018,0.0053806818916109,0.0019422146596766,0.7151274175726579,0.2442138598794121,0.0076210118087832,0.0032159811056072,0.0047768696676938,happy,0.6776846375288852,0.7525701976164303
2_282_u,0.2300677981294248,0.0003185567680669,0.001822743883663,0.0046778645047296,0.0169200875059326,0.0031040015153176,0.7430889217135486,7.497250962273938e-07,surprise,-0.2306352357917428,0.23999096480120188
2_283_u,0.0028674478302831,0.005251638500219,0.008280848523646,0.8558830432286222,0.10623973637568,0.0102606154159708,0.011216538137798,0.013685709767742,happy,0.8292224929585029,0.8825435934987411
2_284_u,4.14629006684211e-08,1.0460214916463493e-08,1.998528098567944e-08,1.5837431988075066e-07,2.6268700992204848e-08,1.5747572135183063e-08,0.999999761581427,6.1784793041569786e-15,surprise,7.071835117500357e-08,2.4603028858649776e-07
2_286_u,0.11956941451927,0.0123174928965399,0.0140384404777528,0.0937268173308646,0.3067938985712756,0.3857926660931408,0.0677612051971252,0.0019857608131132,sad,-0.4379911966558391,0.6254448313175681
2_287_u,0.0105414292615412,0.0077225930140572,0.0109856206398931,0.0118790362533668,0.5252953564717998,0.4239823014814127,0.0095936790690474,0.0077699657995253,neutral,-0.4413529081435375,0.465110980650271
2_288_u,0.0800895050306859,0.0099985730882825,0.0108334829465871,0.2080352544189379,0.1480836762767163,0.5308377358912144,0.0121217948978015,0.0036393926711752,sad,-0.4237240425378319,0.8397945513757078
2_289_u,0.0016530995308216,0.0007422138954775,0.0007860804407089,0.9760466390802583,0.0089045918303726,0.010378235473472,0.0014891499583893,0.0015558322265859,happy,0.9624870097397784,0.9896062684207384
2_29_u,0.0019244597432387,0.1682761792255949,0.0007468639640878,0.0048703548110251,0.0008999032771923,0.0003034392928064,0.8229788711018452,0.030432268283107,surprise,-0.1663805874147028,0.17612129703675292
2_291_u,0.0013736229081637,0.0001705775941253,0.0002794748211209,0.0045636805504738,0.9887585477968014,0.0044927835566838,0.000361285144905,0.000296451995382,neutral,-0.00175277832962,0.010880139430567499
2_292_u,0.0063564400371073,0.0107728769112639,0.0013620809955877,0.0086617167958894,0.9656082226079208,0.0045447148575176,0.0026938923342702,0.063290243357187,neutral,-0.0143743960055871,0.031697829597365904
2_293_u,0.2452473075596287,0.0211277048683506,0.0243159770638315,0.0550338828692873,0.2134850563764557,0.1425700216920791,0.2982199669195055,0.0055854727979749,surprise,-0.3782271283146026,0.48829489405317716
2_294_u,0.0007413378074484,0.0009221162719589,0.0008134202724233,0.9855296658153452,0.0044045564559413,0.003567787714428,0.0040211371219627,0.0002110187542711,happy,0.9794850037490864,0.9915743278816038
2_295_u,0.4261183768101523,0.0212291426115163,0.0047618272315796,0.0229096991036762,0.4675070279183355,0.0233201072492256,0.0341539176735273,0.0005318935145623,neutral,-0.4525197547987977,0.49833915300615
2_297_u,0.0005903971430998,0.0001845093118887,0.0002951494727165,0.0009649985399692,0.0025814356272234,0.994824660337671,0.0005588467043023,1.3673055946128445e-05,sad,-0.994929717725407,0.9968597148053452
2_299_u,0.0002401807781332,0.0001781435321579,0.0018432017470928,0.0032954513812885,0.9931307455732066,0.0010171675200897,0.0002951049952407,0.0093301718661677,neutral,1.675780381468978e-05,0.0065741449587621
2_3_u,0.0100050812826085,0.0046975748704748,0.0029325004858135,0.0459257094675736,0.9159123483990828,0.0082968848578602,0.0122298853669405,0.0003069221129407,neutral,0.0199936679708166,0.0718577509643306
2_30_u,0.0054734991346508,0.0021857684714861,0.0024409949605104,0.0099285006884344,0.9558832980306938,0.0212871252780746,0.0028009106857607,0.0046300605754367,neutral,-0.0214588871562877,0.0413158885331563
2_300_u,0.0012351950340562,0.0038774491619889,0.0005370635885208,0.0010911916539372,0.9857240105684884,0.0069032980244392,0.0006317570276091,0.0013012471899854,neutral,-0.011461814155068,0.0136441974629423
2_301_u,0.0003479573102681,0.0004330617960841,0.0042529157748024,0.0015228553814823,0.2781313432738204,0.0010402010672725,0.7142716435644367,0.0001261441199619,surprise,-0.004551280566945,0.0075969913299094
2_302_u,0.8867672390558164,0.0310411806839111,0.008159521450588,0.0112080457134663,0.0192127652896718,0.029077471864616,0.0145338921019113,0.0023117153323255,angry,-0.9438373673414654,0.9662534587683979
2_303_u,0.0091917233487562,0.0021177890611239,0.0020485522125799,0.3990765995531606,0.5624881209153456,0.0107058790896485,0.0143713158055173,6.725686762365513e-05,neutral,0.375012655841052,0.42314054326526906
2_305_u,0.0077212235358685,0.0141596350834276,0.0725407211882608,0.6328958072632291,0.0494385254944776,0.0695654854022834,0.1536786124488108,0.0192883060954045,happy,0.4689087420533885,0.7968828724730693
2_306_u,0.0005451504437363,0.0008815798175904,0.0007799009656709,0.4403260485796295,0.5526003696326676,0.0048421482087238,2.486561510214189e-05,0.0339359845966099,neutral,0.4332772691439078,0.4473748280153509
2_31_u,0.3097288197149896,0.0198463508924414,0.0090141778573917,0.5400894424874547,0.0410136688970829,0.0241719375359082,0.0561356729204013,0.0023531367187388,happy,0.1773281564867236,0.9028507284881856
2_310_u,0.0025328129196327,0.003512728435174,0.0029580956855527,0.2090752736765604,0.7654383985504303,0.0152429620330711,0.0012398841639596,0.0347670100163667,neutral,0.1848286746031296,0.2333218727499909
2_312_u,0.0329746495134044,0.0237701321947313,0.0291509539290564,0.271065636737064,0.4219100021510328,0.1088654091796679,0.1122631565113373,0.0049424116732552,neutral,0.0763044919202037,0.46582678155392404
2_313_u,0.000868659161309,0.0005835423120141,0.0004897399531792,0.0039760577549487,0.989456326304864,0.0034959238605396,0.0011297584770369,5.3523597671301104e-05,neutral,-0.0014618075320932,0.0094139230419906
2_314_u,0.0122200720059714,0.0008341450680992,0.0054963948327187,0.0091348314992621,0.933813506452394,0.0023702887126902,0.0361308035402336,0.0002362897093916,neutral,-0.0117860691202175,0.030055732118741605
2_315_u,0.0001374371607673,0.0005856845852414,0.0002996366371668,0.0262070494735272,0.9696980934649077,0.0027520877033922,0.0003199214627444,0.0001195149452541,neutral,0.0224322033869593,0.0299818955600949
2_316_u,3.129275248200052e-05,4.391255694305217e-05,4.1335040393684e-05,0.9990445674601802,0.0006677066638307,0.0001270156392901,4.435652171908095e-05,0.0001811627062124,happy,0.9988010114710714,0.9992881234492891
2_317_u,0.0069731236613308,0.0006545709200319,0.0011108779593514,0.0311249201743571,0.9483579178751984,0.0098173621115869,0.0019612396398755,0.0001384363276883,neutral,0.0125689855220559,0.0496808548266581
2_318_u,7.809921958085105e-06,1.2583267342011403e-06,5.756412978043396e-06,8.057010568421807e-05,9.682751266265532e-05,5.661855178531918e-05,0.999751151182931,5.750112208212018e-10,surprise,9.12689222856926e-06,0.0001520133191398669
2_319_u,0.0004919209629726,0.0009387989610041,0.0092463999783409,0.0174505612817907,0.0076141767611529,0.9642563026567468,1.7896762838385936e-06,0.4524058637434791,sad,-0.9574828612772736,0.9923839838408551
2_322_u,0.042602629202413,0.0111549237998089,0.0163949950396532,0.4628813321475467,0.0469281223052823,0.1418496122392903,0.2781883254841492,0.0017472104373154,happy,0.2508791718663811,0.674883492428712
2_323_u,0.0439864057998588,0.0460927668440873,0.0115460343767838,0.6789343471744892,0.147450397314707,0.0291181106286418,0.0428718919757009,0.0054684597998856,happy,0.5481910295251172,0.8096776648238608
2_326_u,0.0206350288239605,0.0218561429849322,0.0066084935651284,0.1947403542612766,0.474832657576567,0.2625698090666626,0.0187576120637045,0.0014836820191703,neutral,-0.1169291201794073,0.5064098287019603
2_33_u,0.0035342393225656,0.0022041995834286,0.0058493519456524,0.1093475000949441,0.0124067487993372,0.0304827206672103,0.8361751870640443,9.001033299682604e-05,surprise,0.067276988576087,0.151418011613801
2_334_u,0.0032742558423982,0.00276194486646,0.0012762549458195,0.0181406591733048,0.9614106409379486,0.0049014358848837,0.0082348541390139,0.0010020579138653,neutral,0.0059267676337431,0.0303545507128662
2_337_u,0.0017730938698995,0.0005454115001885,0.0005306239916616,0.8906978922059638,0.1029830649001225,0.0019570288453718,0.001512958520717,2.937265787750221e-05,happy,0.8858917339988422,0.8955040504130853
2_338_u,2.609849254912223e-05,2.419059965259397e-05,4.965591611356616e-05,0.9871248090938112,0.0120770609115968,0.0006887611676534,9.36992878075892e-06,0.0001098435168387,happy,0.9863361029178424,0.9879135152697799
2_339_u,0.0060721031894429,0.0043676029852542,0.002750218577492,0.8359863244611891,0.1147915449839891,0.0117855871510466,0.0242466503077115,0.0001803953055058,happy,0.8110108125579532,0.8609618363644248
2_34_u,0.0316072451216734,0.0090541810947381,0.0049904113052012,0.1878030680953271,0.5835831767159059,0.041708199692699,0.141253709671254,0.000160558229254,neutral,0.1004430308810153,0.2751631053096388
2_340_u,0.5100295473953539,0.0126006840789046,0.0117781429595949,0.1404652894612789,0.0583043728308958,0.0191719541386696,0.2476500795294924,0.0001967871285159,angry,-0.4131150391112442,0.6940456180338018
2_341_u,0.0032444591291429,0.0023335354650735,0.0020294855933163,0.0012333635025401,0.0169013191349479,0.9520153051377366,0.0222425574926799,0.000269744848083,sad,-0.9583894218227292,0.9608561488278093
2_342_u,0.0728662475753672,0.0032321607943003,0.0035066269674959,0.7957596815065252,0.0921934251431136,0.0226076609836865,0.0098342743266261,0.0005303914222166,happy,0.6935469851856753,0.8979723778273752
2_343_u,0.0766304806259716,0.0038977756506211,0.0045086113545453,0.4492685539600081,0.4027488133994665,0.0050558647543627,0.0578899912730631,0.0001937746637849,happy,0.3591758215745073,0.5393612863455087
2_344_u,0.0007434689500466,0.0014905853038649,0.0004959093508466,0.992172588462456,0.0012650222494201,0.0007944615805261,0.0030378897331531,0.0001263870799448,happy,0.9886481632771716,0.9956970136477403
2_345_u,0.0713322543904116,0.0201210549190194,0.0113452972427215,0.0617920855813022,0.0570078484102244,0.7450041428348767,0.0333973054024449,0.0038441522046923,sad,-0.7860106638057271,0.9095948349683314
2_347_u,0.0016671946047464,0.0031250137102345,0.0045576348534239,0.0295458137406212,0.0843581348907965,0.8217226532945352,0.0550234850805415,0.0005537012521016,sad,-0.801526682722319,0.8606183102035612
2_35_u,0.8157073682356575,0.0013347542684597,0.1090481978388439,0.0066132498819632,0.0217271545045349,0.0182814141838735,0.0272878209149005,0.0009355813090222,angry,-0.9377584846448715,0.9509849844087979
2_350_u,0.0448535806869956,0.0076704826060746,0.0014459920729812,0.740221961399101,0.1919830762613922,0.0086898971642738,0.0051350649297272,0.0007537512719863,happy,0.6775620088687756,0.8028819139294263
2_351_u,0.0085049318684452,0.0745936754754176,0.0175944062309927,0.0541608485118543,0.0098496424245691,0.755307445186582,0.0799891204064987,0.0659123298828489,sad,-0.8018396102495833,0.9101613072732918
2_352_u,0.699208591934364,0.0203995813408797,0.0091061714794224,0.0201699277038865,0.2039623367051052,0.0384418222989378,0.0087116268910327,0.0064914368558673,angry,-0.7469862393497174,0.7873260947574904
2_353_u,0.0089902986553804,0.2816557160141929,0.0047056161871295,0.0196145796334637,0.5555946129161928,0.1007007103029629,0.0287384770608442,0.0055669979192315,neutral,-0.3764377615262021,0.41566692079312945
2_356_u,0.001669955802944,0.0067815772898197,0.0003831718985948,0.4788203654598557,0.5009143903030141,0.0085835925885741,0.0028469636411413,5.59170011911192e-05,neutral,0.4614020678799229,0.4962386630397883
2_357_u,0.0265312291114181,0.0109493141972878,0.009522537894254,0.487475377126787,0.3316854506584289,0.1260955807179423,0.0077403880854452,0.0283516258932649,happy,0.3143767152058847,0.6605740390476893
2_358_u,0.992044215094805,0.0003352732576975,0.000470269403592,0.0003359575537668,0.0053586481152056,0.0007225243151101,0.0007331814957503,0.0001800723985069,angry,-0.993236324517438,0.9939082396249714
2_359_u,0.0471634904269229,0.0070314237060252,0.0083081140564445,0.2247301003290303,0.4904941552689155,0.1988588554552445,0.0234138386356679,0.0014438822690862,neutral,-0.0366317833156069,0.48609198397366743
2_36_u,0.0518638314905441,0.2644833551113453,0.0150375258793191,0.1522877072566401,0.2583032155649494,0.1477365643633982,0.1102877738936306,0.0093314469559117,disgust,-0.3268335695879667,0.6314089841012468
2_361_u,0.0096045352562735,0.0561694960527127,0.0384061647587906,0.0998489894954198,0.1240460659092583,0.2771511974957101,0.3947736317466001,0.0260834530054125,surprise,-0.2814824040680673,0.4811803830589067
2_365_u,0.000191636013432,0.0003393544470379,0.0003923099972482,0.0047347188757678,0.9934610198954056,0.000516951172822,0.0003639151654497,0.0039102492155506,neutral,0.0032944672452275,0.006174970506307899
2_367_u,2.9759407126166436e-05,1.791458208287028e-05,3.324584251938575e-05,0.0384960535377791,0.9606931846958864,0.0003786841367625,0.0003511285118426,6.634736948729626e-08,neutral,0.0380364495692881,0.038955657506270024
2_369_u,0.2044926690911119,0.031756731514945,0.0157294306970603,0.2637961341619451,0.190945606770521,0.0890159394844844,0.2042634375171362,0.0041258909914176,happy,-0.0771986366256565,0.6047909049495467
2_370_u,0.1210164332017754,0.0163062394617489,0.0164890640345512,0.0334487328583112,0.759706001252379,0.0362553905677252,0.0167781996148851,0.0036493476945905,neutral,-0.1566183944074896,0.22351586012411187
2_371_u,0.0026832126203419,0.0016298776708511,0.0102830550637262,0.0579350988266275,0.1406297156315749,0.7744115648269846,0.012427477290909,0.0354066696017979,sad,-0.7310726113552765,0.8469428090085312
2_372_u,0.0074021834269338,0.6145501709975244,0.0012128575741064,0.0016060626010596,0.3602239036304075,0.0117204581158296,0.0032844420648333,0.0089715815265662,disgust,-0.6332796075133347,0.6364917327154538
2_373_u,0.0254410371575473,0.0053179559065802,0.007058146165227,0.5964923624619692,0.2310973840736567,0.014861894297273,0.1197311831995079,5.248147499514744e-05,happy,0.5438133289353415,0.6491713959885969
2_374_u,0.0537642585371454,0.0110754908660531,0.0054758310459523,0.1247795173944514,0.7218020067376486,0.0258954378368926,0.0572074552819938,0.000286806403892,neutral,0.0285684991084079,0.22099053568049482
2_375_u,0.094623952800504,0.0129940079455793,0.0403974526481098,0.1278916149601966,0.1784638140696632,0.4419872695444218,0.1036418626597224,0.0020286243525333,sad,-0.4621110679784184,0.7178942978988114
2_376_u,0.0416253224772678,0.0219506657739526,0.0130615266776632,0.0629194696570542,0.0784982703903631,0.7387882628767212,0.0431564739175459,0.0026917124050668,sad,-0.7525063081485507,0.878345247462659
2_377_u,0.0052088412195061,0.0017818391196855,0.0020168268103242,0.8410076249959973,0.1275786220945926,0.0155031817622805,0.006903065278867,0.0005349898710846,happy,0.8164969360842009,0.8655183139077937
2_378_u,0.0002583622320417,0.0002274198857718,0.0001294521071191,0.996398208892342,0.0018580785364436,0.0006075668154298,0.0005209497831324,1.9679175238707103e-05,happy,0.9951754078519792,0.9976210099327044
2_38_u,0.9474092810907404,0.0065826358729478,0.0013018190414309,0.001903305106267,0.0030522183386454,0.0093331987755254,0.0304175454190352,0.0003174069915985,angry,-0.9627236296743774,0.9665302398869116
2_380_u,0.0754601600605771,0.1981392311417289,0.0118506283356319,0.6170306265592034,0.0135375988142688,0.0511161075185224,0.0328656642323427,0.0078800867777317,happy,0.2804644995027429,0.9535967536156637
2_381_u,0.0060627899214677,0.0370543280342868,0.014523113783772,0.0398965029469725,0.0076293578195863,0.0173672345333206,0.8774665612056867,0.0011134796195619,surprise,-0.0351109633258746,0.1149039692198196
2_385_u,0.0226915361554592,0.003409912336608,0.0353573707683604,0.0315115011787749,0.5590174085269919,0.045439437951615,0.3025728163722962,0.0003659132071333,neutral,-0.0753867560332678,0.1384097583908175
2_387_u,0.0269374628397509,0.0145245181700986,0.009240220686193,0.1241328054437911,0.2889545500901335,0.4861239119851877,0.0500866058318539,0.0017822118825278,sad,-0.4126933082374392,0.6609589191250212
2_388_u,0.003540468263001,0.0138102516384451,0.0114332467051753,0.7759204511778598,0.1282256231189606,0.0221851470638834,0.0448847766858249,0.0218265248695388,happy,0.7249513375073549,0.8268895648483646
2_389_u,0.0199902234392866,0.006573110785168,0.0079789780615837,0.1756795484012413,0.2995726428286879,0.1213964929480594,0.3688090397000798,0.0007257143060996,surprise,0.0197407431671434,0.33161835363533904
2_39_u,0.4323639755418977,0.0060848757165714,0.0158551296041727,0.023977192251211,0.2931677845358587,0.2193868852348154,0.0091640323909158,0.0023341778578468,angry,-0.6497136738462465,0.6976680583486682
2_390_u,0.0738550895651426,0.03491450543478,0.0071726099524308,0.099474354773445,0.0884963574074004,0.6732488065470091,0.0228383155257513,0.0023060729727148,sad,-0.6897166567259174,0.8886653662728076
2_392_u,0.0217011899529491,0.0805314695751458,0.008819037870416,0.0689171029375046,0.736790097986556,0.062513241261803,0.0207279058295959,0.0720400430727749,neutral,-0.1046478357228094,0.24248204159781847
2_393_u,0.0432592065316985,0.0002959505080501,0.0041211438285449,0.895209527736615,0.0007189667866307,0.0124837176521297,0.0439115386443095,6.099696463479631e-06,happy,0.8350495092161916,0.9553695462570382
2_397_u,0.0062044224898288,0.0008431128235327,0.001714765711184,0.0381718440818502,0.0100814576467291,0.9404518593817351,0.0025325681910677,0.000111291938083,sad,-0.9110423163244306,0.9873860044881309
2_398_u,0.1724592174259514,0.0591825534539284,0.0109663911209901,0.187188850511323,0.4251693444701214,0.1273405258640648,0.0176931091300971,0.0133708561770616,neutral,-0.1827598373536118,0.5571375383762578
2_400_u,0.0028031133728496,0.0013322122600055,0.0009030289619744,0.1139441339298855,0.8712072450159438,0.0059617565482876,0.0038485368496469,4.379525671538431e-05,neutral,0.1029440227867683,0.1249442450730026
2_405_u,0.0650420359817074,0.0176428086340527,0.0143040106927113,0.4398966587279191,0.1012829342680034,0.2854977784968133,0.0763337028141576,0.0018184041255153,happy,0.0574100249226342,0.8223832925332037
2_406_u,0.2620241553558474,0.0017646265003158,0.0396605955085152,0.0467833719673035,0.0348845629693396,0.0124916764236127,0.6023910357733266,4.170840020378819e-05,surprise,-0.269157681820988,0.36272442575559455
2_407_u,0.0064449455371178,0.0128508794036704,0.0057620367867779,0.7111381020240461,0.0326312918121815,0.0118796798119047,0.2192931516958638,0.0004407492942846,happy,0.6742005604845752,0.748075643563517
2_408_u,0.1798452978588208,0.0194588899511412,0.0050735527759126,0.1811157087519468,0.5927182304642669,0.0170620497786481,0.0047262666416061,0.0138621819205581,neutral,-0.040324081612576,0.4025554991164695
2_409_u,0.0168117776559072,0.0168454402461548,0.0120798075323008,0.6307918337043127,0.1703757227633876,0.0633862895695912,0.0897091242684691,0.0025157345808111,happy,0.5216685187003585,0.7399151487082667
2_410_u,0.0044557661938261,0.002976421925494,0.0036007512814227,0.0548293941725596,0.905742136925212,0.019473905455453,0.0089216219337488,0.0010677580576157,neutral,0.0243225493163638,0.0853362390287554
2_413_u,0.0027686034326673,0.0003078517957566,0.0005651649666256,0.0013421963242746,0.0039518629415996,0.9898727718163146,0.0011915976252982,5.409095865616109e-05,sad,-0.9921721956870896,0.9948565883356387
2_415_u,0.0015065615383247,0.0004542476215531,0.000986597459941,0.7007298288090018,0.2904790629583266,0.0035153194531064,0.0023284520987167,2.2260036530497015e-05,happy,0.6942671027360764,0.707192554881927
2_416_u,0.049372566543841,0.0366445500830393,0.0201232309824866,0.1364220831512672,0.0704372701136779,0.6376261634463575,0.049374180055744,0.0372267774073406,sad,-0.6073444279044573,0.8801885942069916
2_419_u,0.0029478573784939,0.0027030998192092,0.0025334686405391,0.0237956115918894,0.6451675967582567,0.007085901219977,0.3157665369234526,3.206977919489873e-05,neutral,0.00852528453367,0.0390659386501086
2_42_u,0.0163219492077598,0.0095234285041433,0.0100825481699111,0.0340350280551133,0.8183435799589723,0.090990101501303,0.0207033709016082,0.0158277122827712,neutral,-0.0928829993280039,0.1609530554382305
2_420_u,0.0660344138163611,0.0217820899868164,0.0239654012071312,0.5918419035660644,0.1615397605062311,0.0877706697755599,0.047065736044538,0.0119867002358659,happy,0.3922893287801956,0.791394478351933
2_421_u,0.0206943976303212,0.0069931145935594,0.0056321731593026,0.116447480921082,0.6651487734495652,0.1297285783226623,0.0553554758154326,0.0005804681641165,neutral,-0.0466007827847636,0.2794957446269275
2_422_u,0.0011205528158141,0.0025302031445237,0.0019966291619223,0.0529815570108583,0.7219979914687424,0.0051937543813195,0.2141793234266691,3.0896627208676364e-05,neutral,0.0421404175072786,0.06382269651443791
2_423_u,0.1169379157765651,0.0070149780582969,0.0030445458452871,0.4783127057451904,0.3585769664361553,0.0175409508283622,0.0185718693292428,0.0003182750933774,happy,0.333774315236679,0.6228510962537016
2_425_u,8.074285761036258e-05,0.0001113538616162,0.0001171875617368,0.9931410723016996,0.0016365845468513,0.0003850473018641,0.0045279752253261,7.975251321568066e-07,happy,0.992446740718872,0.9938354038845271
2_426_u,3.1790943232009543e-09,5.632755598962121e-09,3.175591569555976e-09,1.0000000006525975,2.376272513645351e-09,1.6062733376111855e-08,9.670226403728756e-09,6.525975593252298e-10,happy,0.9999999726024228,1.0000000287027724
2_427_u,0.0013641234960086,0.0250356061587572,0.0101945201766139,0.0794567031736789,0.0077831485403971,0.0469480856864586,0.8292178110074009,0.007951164035603,surprise,-0.0040856323441595,0.16299903869151722
2_428_u,0.0223720088168752,0.0037796400973179,0.005197763342045,0.7235110742333514,0.0546192718881758,0.0226127762577577,0.1679075418296806,0.0001472645362809,happy,0.6695488857193553,0.7774732627473472
2_429_u,0.0002918376412659,0.0003153528572745,0.0002908865089893,0.99663132454061,0.000915910111933,0.0003787180358252,0.0011759890512208,8.127675664582057e-05,happy,0.9953545294972548,0.997908119583965
2_43_u,3.667796669290401e-05,3.237677376707819e-05,5.910593644698747e-06,8.527605336945851e-05,0.9997898982634276,2.875563670174976e-05,2.105770428043515e-05,1.5147398528370102e-05,neutral,-1.8444917436972205e-05,0.0001889970241758892
2_430_u,0.0028092408976661,0.0016264726275012,0.0013262911960334,0.9603156936970384,0.0224861113125226,0.0069890936070648,0.0044471459304955,0.0003524717249091,happy,0.9475645953687726,0.9730667920253039
2_431_u,0.0089216445952374,0.001923294032596,0.0007747656883118,0.0039785791622965,0.0144140838078474,0.9687916184944968,0.0011960383550021,0.0009639228956074,sad,-0.9764327436483456,0.9843899019729385
2_433_u,0.0078849944874911,0.0014487413976013,0.0051082241511747,0.0086482109973274,0.7290696577127913,0.0041005907149082,0.2437395774017968,0.0002007173676473,neutral,-0.0098943397538481,0.027190761748502698
2_434_u,0.0176803903652183,0.0042701139180646,0.0041861710958734,0.0243754116525728,0.901099385215982,0.0448312117299409,0.0035572887191813,0.0065338948043062,neutral,-0.0465924754565244,0.09534329876167001
2_435_u,0.0016303131527249,0.0015475659402292,0.0012064047485048,0.057786973810571,0.9235635903294296,0.0122529780388664,0.0020121409578937,0.0023088897578417,neutral,0.0411497119302455,0.0744242356908963
2_437_u,0.1615051273082738,0.0484100769768208,0.0042979336099617,0.0144972130929269,0.7578223627034926,0.009269584551979,0.0041977112125583,0.0151002211496233,neutral,-0.2089855093541085,0.23797993553996216
2_438_u,0.000218646196643,0.0027570323527907,0.0013887659388613,0.9903320905947391,0.0027220980007881,0.0007768536069507,0.001804593523063,0.0149218276201281,happy,0.9851907924994932,0.9954733886899848
2_439_u,0.0007926503241732,0.0002192364001519,0.0009607822829456,0.0042903465088682,0.9847609451032604,0.0055892614890339,0.0033868658435237,7.44533399483771e-05,neutral,-0.0032715839874364,0.0118522770051728
2_44_u,6.755430048569115e-05,9.952868620078532e-05,0.0002827687815738,0.0140621417564221,0.0034858112794269,0.0004584836495393,0.9815436534486234,2.3007242087036413e-06,surprise,0.0131538063386224,0.014970477174221676
2_440_u,0.2811896259807057,0.0137677787515674,0.0106189059577125,0.0791469290183738,0.1134615137960871,0.1407932967261833,0.3610219523027377,0.0005268787208478,surprise,-0.3672226783977951,0.5255165364345427
2_441_u,3.6993789614863766e-05,3.618776832261114e-05,6.256574343468824e-05,0.0014543142326233,0.9978679825824992,0.0002806093950851,0.0002614405260413,2.011968945225817e-06,neutral,0.001037957536166,0.0018706709290805632
2_442_u,0.0546369601992287,0.044409448844782,0.0209714519268596,0.2482049889815353,0.3781809735529965,0.2057212958993062,0.0478748970319114,0.0084248012863099,neutral,-0.0775341678886412,0.5739441458517118
2_443_u,0.0696641232894498,0.1188391970511416,0.0307602331789931,0.1240787698542568,0.1108138007624848,0.0859646583059098,0.4598792036556503,0.0453719866927713,surprise,-0.1811494419712375,0.4293069816797511
2_444_u,0.1600680392695828,0.0217368479541193,0.0130701020267799,0.0200127189510049,0.1136030432287424,0.4004591081234493,0.2710501053677983,0.004595452461217,sad,-0.5753213784229264,0.6153468163249363
2_445_u,6.113179296125745e-09,1.6764277466268395e-10,3.703589657188873e-09,2.8588148737269338e-08,1.00000000000294,7.504982413330945e-09,3.928818603793797e-09,2.939862708741664e-12,neutral,1.1098754595961089e-08,4.6077542878577576e-08
2_446_u,2.6688578132678053e-09,6.1471921159690414e-09,3.2514693304411473e-09,1.0000000044376116,1.979015182740588e-09,3.5307290581348767e-09,9.626220974197563e-10,4.4376115559963125e-09,happy,0.9999999888393633,1.0000000200358599
2_447_u,0.0053566727141026,0.0068024430454842,0.0030436147040585,0.6532055146221952,0.157287876682075,0.0070941572066293,0.1672097063185458,0.0002113347518388,happy,0.6309086269519204,0.6755024022924697
2_448_u,0.0103718125575242,0.0028830970152684,0.0052680523785832,0.0857310685111439,0.8389371322570561,0.0187127130091237,0.0380960846810696,0.0003197491205355,neutral,0.0484953935506442,0.12296674347164341
2_449_u,0.6685060167839022,0.0116540865533019,0.0162363513507783,0.0097466826818952,0.0748077418963977,0.2138474765847977,0.0052016448542586,0.0096981136593967,angry,-0.9004972485908851,0.9199906139546752
2_45_u,0.0053262215851596,0.0105456178666366,0.0023467569357631,0.924429035543534,0.0339879385644645,0.0173622983960255,0.0060021853544025,0.0007392707775579,happy,0.8888481407599491,0.9600099303271188
2_450_u,0.0746013820572934,0.0096221627325375,0.0091688622929564,0.1158382231091192,0.6522467347458687,0.1230065195243147,0.0155161937487063,0.0027174146380274,neutral,-0.100560703497983,0.3322371497162212
2_454_u,0.0065292742300724,0.1539292846128287,0.0068803046359499,0.0065435618642344,0.0166821828606003,0.8030363404633949,0.0063991404960685,0.0050993540789931,sad,-0.9638316420780116,0.9769187658064803
2_456_u,0.002056622174239,0.0047007033670133,0.0013062634625944,0.0026954509902954,0.9795276197449928,0.0087224405725907,0.0009909780086837,0.0011403640964999,neutral,-0.0140905785861421,0.019481480566732802
2_457_u,0.0217291467739594,0.0044089576090184,0.0032571430548685,0.0837977029040914,0.8539647159916135,0.0278053183954828,0.005036957377541,0.0056318593560716,neutral,0.026597137070762,0.1409982687374205
2_458_u,0.0012697148821112,0.0027476211091985,0.0009549839804242,0.8658431461651825,0.0837389128526192,0.0026225736333807,0.042822988162659,1.4558650946128184e-05,happy,0.8582482525600678,0.8734380397702971
2_461_u,0.0224065878618039,0.0061749444873368,0.0050438028949479,0.6462575724111352,0.0676683617501493,0.0349034006023528,0.2175453661170537,0.0002420943037577,happy,0.5777288365646938,0.7147863082575766
2_462_u,0.3308721675582148,0.0041461759321374,0.0039654542797924,0.3566716049398932,0.1223334229066497,0.1738655829855294,0.0081455226887253,0.0010378680199209,happy,-0.156177775815781,0.8695209856955672
2_463_u,0.0002348751515613,4.5446466972524754e-05,6.220486001325896e-05,0.008472978119253,0.9898799428484704,0.0001950874709056,0.0011095061286693,2.1768789792986362e-07,neutral,0.0079353641698002,0.009010592068705683
2_464_u,0.0029283938746271,0.0051785763205141,0.0047260914978272,0.7019354297375019,0.2623203737057184,0.0102874707341491,0.0126236917450466,0.0240893971058538,happy,0.6788148973103841,0.7250559621646194
2_465_u,0.0361025346037128,0.0128762681414297,0.0041079010336826,0.169407577227343,0.7071275052420808,0.0463272746499977,0.024050921014133,0.0003795545417233,neutral,0.06999359879852,0.26882155565616583
2_467_u,0.0002152890915048,0.0014761121212959,0.0018983711003999,0.2180303600130784,0.7539635690148084,0.0022654070295245,0.0221509145329777,3.0329754736158065e-05,neutral,0.2121751806703531,0.2238855393558035
2_471_u,0.0013313158430298,0.0338416993257303,0.0011964697648127,0.957715882913872,0.0025571611198646,0.0031050402198825,0.0002524092178093,0.0229090536013245,happy,0.9182413577604166,0.9971904080673273
2_472_u,0.1556965395056175,0.0873615295370543,0.0283944123409437,0.1091161333549013,0.3542741783986727,0.0618833251322595,0.2032739244730171,0.0167640253202988,neutral,-0.2242196731609738,0.44245193987077625
2_473_u,5.932181834734286e-05,3.552101925492258e-05,4.942348835150894e-05,0.0001526051531245,0.9992336233276248,0.0003895205352764,7.99767269462206e-05,6.7007056259171804e-06,neutral,-0.0003811817081057,0.0006863920143546744
2_474_u,1.9796234401910464e-05,0.0001179783456943,1.509883626280334e-05,0.9996511460393744,0.0001618306814107,3.1612632214307315e-05,2.5317534731335053e-06,0.0002009497802645,happy,0.999466659990801,0.9998356320879478
2_475_u,1.041503029690432e-06,7.786791384259935e-07,9.238441870262956e-07,7.605342079465163e-06,0.9999842721791348,3.4325660445218824e-06,1.9070757991428632e-06,6.038613005188154e-07,neutral,1.4287496798005595e-06,1.3781934479129768e-05
2_477_u,0.0047801349004041,0.0046645675491204,0.0011006436920096,0.0353916506048889,0.9444452536909136,0.0051587635051496,0.0044590976090105,0.0002296613529324,neutral,0.019687540958205,0.0510957602515726
2_478_u,0.0645489943854234,0.0110624042777303,0.0128356172729882,0.2063768729513942,0.2057437616812346,0.2849463949667468,0.2144859742559717,0.001515229436336,sad,-0.1670165379514946,0.5797702838542829
2_479_u,0.1194851334162295,0.0019407383026702,0.00134079423892,0.5691046918898301,0.2847033659011655,0.0224059614748235,0.0010193193915133,0.0036288615665397,happy,0.4239320644571867,0.7142773193224733
2_48_u,0.220722162901055,0.0105342364510613,0.0103832297950154,0.2269582248021673,0.0523579940775816,0.0555039281481024,0.423540185718483,0.0014935183753549,surprise,-0.070185332493067,0.5241017820974013
2_481_u,0.0007531189865029,0.0003901351025767,0.0011089945741212,0.220334115501311,0.7163202112334113,0.0110051061428345,0.0500882978965871,8.245252871574849e-07,neutral,0.2070767606952755,0.2335914703073463
2_482_u,0.9974773633889602,0.0003283496618608,0.0003510875656803,0.0003580320907941,0.0003633851203958,0.0005762408270088,0.000545500476618,7.990374797373079e-05,angry,-0.998375009352716,0.9990910735343042
2_484_u,0.2642721779463746,0.0827623548843722,0.0294118087015382,0.0651190811603565,0.2169916238517485,0.2959496281457503,0.0454934298947858,0.0293614594265817,sad,-0.6072768885176789,0.7375150508383919
2_485_u,5.393393293346507e-06,2.517516513446979e-06,1.883652794155223e-06,0.9994823127877324,0.0004549652319275,5.267594549067722e-05,2.1309020508144054e-07,2.2282800273387693e-05,happy,0.9994198422796406,0.999544783295824
2_486_u,4.729349819792652e-07,7.127001303025342e-07,6.737839311504198e-07,0.9999811877554596,8.624268244989039e-06,7.18241283742974e-07,7.654200264442851e-06,2.2823638090585522e-08,happy,0.9999786100951326,0.9999837654157869
2_487_u,0.0039614453133179,0.0019958035442002,0.0026743936540168,0.4459213097022804,0.1293443317912797,0.0030141684929011,0.4130885482352254,7.594007740863162e-05,happy,0.4342754986978442,0.45756712070671635
2_488_u,0.0020292921007097,0.0165606403969895,0.0044656587041229,0.9625767435980542,0.0096512522760606,0.0030333448746391,0.0016830082544825,0.0148639311082661,happy,0.9364878075215928,0.9886656796745154
2_489_u,0.014660834319047,0.0006250979357758,0.0004953432169981,0.0005533608005457,0.0006159791788877,0.9819730690764809,0.0010762901591395,3.862183893943438e-05,sad,-0.9972009837477565,0.9983077053488475
2_49_u,0.0040787457468503,0.0060269378467885,0.0031263105397397,0.1732340361517891,0.7877456882680403,0.0087102244805115,0.0170779913242302,0.0003075446365982,neutral,0.1512918175378989,0.1951762547656791
2_490_u,0.0563444654232346,0.0063894303804283,0.0050412939214157,0.214724875767367,0.6733508267779632,0.0215677637294389,0.0225812971061346,0.000785810581874,neutral,0.1253819223128493,0.3040678292218845
2_491_u,0.9803158726545816,0.0046735905690577,0.0026480875429279,0.0013775869010515,0.0048359276818236,0.002306230531428,0.0038427667069397,0.0006978879973756,angry,-0.9885661943969438,0.9913213681990467
2_492_u,0.0022655961698793,0.0002099321292565,0.0003344526835593,0.0028502058836274,0.9879330121427948,0.0055721149573683,0.000834800799658,0.0001244987897734,neutral,-0.0055318900564361,0.0112323018236908
2_493_u,0.0029498738631661,0.0016713537573137,0.0019693865000195,0.8096677176026967,0.1253369335480055,0.0043968798549286,0.0540078528133924,8.111505394481355e-06,happy,0.7986802236272686,0.8206552115781248
2_494_u,8.95739441778117e-05,0.0001101499830991,0.0001868687485186,0.00283016218526,0.995840103264968,0.0003823157324819,0.000560774955355,0.0001422429852481,neutral,0.0020612537769825,0.0035990705935374117
2_495_u,0.039020108617993,0.0241613822730342,0.0094805564206984,0.2910579240890745,0.1667668319065954,0.2864234319398422,0.1830897468559166,0.0002942083301604,happy,-0.0680275551624934,0.6501434033406424
2_498_u,0.0158177514827015,0.0193645808552482,0.0099447579616986,0.1400477302269742,0.6610620212386474,0.0265036894796957,0.1272595263351174,0.0128569240041542,neutral,0.0684169504476299,0.2116785100063182
2_499_u,0.0340740337221951,0.0117917627225727,0.0045346725922052,0.0808010518199133,0.8294219811157795,0.0178121386189392,0.0215644171658667,0.0005198367725824,neutral,0.0125884441640009,0.1490136594758255
2_50_u,0.0138762682157072,0.0415102009298286,0.0079357630867397,0.738302332699596,0.1141170871472369,0.0602377039421857,0.0240207215064932,0.0044426600215955,happy,0.6147423965251346,0.8618622688740573
2_500_u,0.0006610153537266,0.0009234574029901,0.0017286069837154,0.2982715194928806,0.0013068135998628,0.0041970252605154,0.692911581917364,7.335724355073125e-06,surprise,0.290761414491933,0.3057816244938281
2_502_u,0.0003478164756559,0.0002077957054963,0.0001973195127346,0.9942157381084198,0.0032433437244607,0.0016943861112745,9.359282765438536e-05,0.0053179420356172,happy,0.9917684203032584,0.9966630559135811
2_504_u,0.0028681313665283,0.0020141677205016,0.0046167699002315,0.0244723624276489,0.8445960891531046,0.002065953740071,0.1193665585718539,0.001089206213237,neutral,0.0129073397003164,0.0360373851549813
2_505_u,0.9673845234939809,0.0041291325288053,0.0022490249466432,0.0099256104334146,0.0016975171327849,0.0036473019412543,0.0109667851663882,0.0001868208346422,angry,-0.9674843724772692,0.9873355933440983
2_506_u,0.0043809398986168,0.9511856831500342,0.0013069401455363,0.001855694286419,0.0032524590340695,0.0090026045628056,0.0290156508639387,0.0034596945406519,disgust,-0.964020473470574,0.9677318620434119
2_507_u,0.222024954446823,0.032240777841075,0.0193689822766057,0.0285404780698486,0.3066068219781508,0.1449150747578984,0.2463028915351555,0.002408312211628,neutral,-0.3900093112525536,0.44709026739225066
2_508_u,0.0604595602326274,0.0142999969270035,0.0107634161398247,0.0856063138031316,0.1774291725084715,0.6372599490496772,0.0141815444775259,0.0038238799897952,sad,-0.6371766085460012,0.8083892361522644
2_509_u,0.0159653447202153,0.0232264489905239,0.0142881198738626,0.4341761572768569,0.0749687128896287,0.0356406073543302,0.4017346179366599,0.0174886738313943,happy,0.3450556363379246,0.5232966782157888
2_51_u,0.0063521031321237,0.0009669164347836,0.000995581938275,0.9418011277836146,0.0386370787172938,0.0013761034304132,0.0098710687429581,4.183014971204102e-05,happy,0.932110422848019,0.9514918327192101
2_511_u,0.0198554369430595,0.0488711863106901,0.002671270209892,0.0388115269886945,0.8499973281236155,0.006614260791228,0.0331788864383894,0.0008640438027213,neutral,-0.0392006272661753,0.11682368124356408
2_512_u,0.2793773003819732,0.1188041206636345,0.0202611526338438,0.0762410938062262,0.0167128649012629,0.0256721507685435,0.4629313147647016,0.0624368450662586,surprise,-0.3678736306417689,0.5203558182542212
2_514_u,0.5017602570827046,0.0143924131008233,0.0275217514888238,0.0826590772437801,0.2215126740586459,0.0670078053091064,0.0851461024117734,0.0074590956792234,angry,-0.528023149737678,0.6933413042252382
2_517_u,1.091414292275772e-09,3.132083481460768e-09,4.567736411331681e-09,3.457689899732941e-06,3.718634289384681e-08,8.059878098265472e-09,0.999996542930603,2.210724282881929e-17,surprise,3.440838787449607e-06,3.4745410120162745e-06
2_518_u,0.7815848880910752,0.0136276759526981,0.0090987047298198,0.0213361361190524,0.0265484150637709,0.0217463133078389,0.1260579059623174,0.0017174408276332,angry,-0.8047214459623797,0.8473937182004844
2_521_u,2.207891340037208e-05,0.0002171101660875,3.803650908713077e-05,0.2511834205476689,2.0402529127231304e-05,6.36485201863756e-05,0.7484553460119778,5.094921567971865e-10,surprise,0.2508425464389076,0.2515242946564303
2_522_u,0.2525094201204425,0.0572552288729337,0.0151500691646225,0.3172150768368934,0.2254336206237562,0.1038189143168715,0.0286176812030203,0.0071001433534546,happy,-0.111518555637977,0.7459487093117635
2_523_u,0.0004487850944852,0.0004516846393704,0.0002850603531703,0.0323750664857539,0.9652941297318216,0.0007285031865406,0.0004167575200208,9.639537165639922e-05,neutral,0.0304610332121872,0.0342890997593204
2_524_u,0.0001087167387086,4.886550368391427e-05,6.999173268572192e-05,0.9966615203664808,0.0023769256027057,0.0006292999071877,0.0001046689856509,8.887282433533983e-06,happy,0.995804646484215,0.9975183942487468
2_525_u,0.0001090747056369,0.0001435442945909,0.0003248621061286,0.9639811187293764,0.0167626087367576,0.001273635632145,0.0174051660079468,8.93397412937702e-07,happy,0.9621300019908748,0.9658322354678778
2_526_u,0.0135943242155314,0.0218193527967273,0.0136637826172294,0.2203999531592423,0.5660149017351015,0.035110614464533,0.1293970218989718,0.0044434056617318,neutral,0.136211879065221,0.3045880272532634
2_527_u,1.7842264027331566e-05,2.8529318654040923e-05,1.1316695787748125e-05,0.0006224459657595,0.9992395553912146,7.045260785731007e-05,9.847365728060249e-06,2.1346144649214693e-05,neutral,0.000494305079433,0.0007505868520859307
2_53_u,0.006654344099488,0.0156805027782005,0.0135999668585986,0.2582807516586883,0.6387691743046799,0.0142607429052237,0.0527544388707049,0.1278978287882636,neutral,0.2080851950171774,0.3084763083001991
2_530_u,0.0007335928826912,0.0001176186407261,3.976765889912119e-05,1.968827783375468e-05,3.067449148364424e-05,0.9990298404060928,2.884326578980909e-05,5.931823750415788e-06,sad,-0.9999011313105756,0.999940507866243
2_531_u,0.1322370278552476,0.0602823724203263,0.0166075324850565,0.1009308337014996,0.5159727182670174,0.1330794977512777,0.040890074669757,0.0466807303018867,neutral,-0.2412755968104086,0.44313726421340766
2_532_u,0.0136960297778012,0.0114769250232113,0.0072321157017892,0.4311716239175254,0.2864801942367884,0.0397367533029129,0.2102064052494225,0.0002184819240937,happy,0.3590298001118106,0.50331344772324
2_534_u,0.9569822201467438,0.0004527834843131,0.0006894386559279,0.0277626716817919,0.0009949460021528,0.0018858109806185,0.0112321733301187,2.4814899916236755e-05,angry,-0.9322475815858114,0.9877729249493952
2_535_u,0.0001581702675762,0.0003502340358823,0.001023593480297,0.000871632719161,0.0110685390452549,0.9862878091656512,0.0002399538957723,0.0014647593452536,sad,-0.9869481742302456,0.9886914396685677
2_536_u,6.245912493554769e-05,0.0010818859712267,0.0006045164629224,0.6172716421573512,0.1611126800413054,0.2134323366609249,0.0064345073213397,2.7685276791089564e-06,happy,0.4020904439373415,0.8324528403773607
2_537_u,0.0020194904921233,0.0015672768400469,0.0007970252768033,0.0436813597749395,0.9292257235926668,0.007889392022516,0.014819643022223,3.673406399684609e-05,neutral,0.0314081751434498,0.055954544406428997
2_54_u,0.7181646870602059,0.0459849510426928,0.0045094820126228,0.0018448100608148,0.0182027355298718,0.2028336437660317,0.0084596990401571,0.0016539465868845,angry,-0.9696479538207384,0.973337573942368
2_540_u,0.0001841502245187,3.415601686991024e-06,6.95212205949124e-06,0.0087103955927735,0.990678077435711,3.260321609338445e-06,0.0004138678509733,5.511379649533744e-09,neutral,0.008512617322899,0.00890817386264802
2_541_u,0.0343825090661393,0.4437106883597708,0.0124291482546033,0.4545613825194026,0.0382100345874554,0.0103729893772336,0.0063332798313843,0.1995443515479564,happy,-0.0463339525383444,0.9554567175771497
2_542_u,0.0615590248908996,0.0055420282817901,0.0065537660533918,0.4091882018544043,0.4452452972515529,0.0226073358671258,0.0493043762137573,0.0002201512907049,neutral,0.3129260467611968,0.5054503569476116
2_546_u,0.0002275758317489,7.435892240864843e-05,8.513844214940273e-05,0.9962022626308896,0.0026355704975881,0.0005371440499615,0.0002378233229926,6.015487116428631e-06,happy,0.9952780453846212,0.9971264798771582
2_547_u,3.519832291256335e-06,6.5539311797064e-06,7.688482986225194e-06,2.659224668715553e-05,0.999941082736295,1.042636320744908e-05,4.0486025190262606e-06,1.0343942960844288e-05,neutral,-1.596362977481476e-06,5.4780856351792545e-05
2_548_u,0.0001834137554209,0.0002329329359876,0.0002573441550699,0.0060092131548905,0.9924313524457946,0.0005494413135445,0.0003363087499675,7.880760495027062e-05,neutral,0.0047860809948674,0.0072323453149133994
2_549_u,6.898700707308691e-06,2.5727327318132687e-06,1.8986839128921368e-05,0.000206980770897,6.839054679390201e-05,6.72593245382843e-05,0.9996288012802556,1.90149752037766e-08,surprise,0.0001112631737907,0.00030269836800332763
2_55_u,7.31550454132854e-05,0.0002513090386628,0.0007268776231388,0.0037072897919336,0.992149634191908,0.0008380316365074,0.0022537371473604,0.0053641326724118,neutral,0.0018179164482112,0.005596663135655886
2_550_u,0.0206528531906407,0.0038183833389082,0.0022126385431962,0.2321322957578888,0.7165811807661311,0.0100897939909107,0.0145128789911395,9.96695725916652e-05,neutral,0.1953586266942329,0.2689059648215446
2_552_u,0.9708194631456252,0.004550510351887,0.0032564417375914,0.0073601827118417,0.0014360230514324,0.0077861778433772,0.0047911896780233,0.0002881220325434,angry,-0.9790524103666394,0.9937727757903225
2_553_u,0.006464334983416,0.0099476713718965,0.0209264740290629,0.1064691919343236,0.1867824684915074,0.6128728493624676,0.0565369654305591,0.0003023812023456,sad,-0.5437421378125195,0.7566805216811665
2_555_u,0.0026492988493598,0.0017686674559487,0.0091149912440913,0.3454408861665552,0.198179172519003,0.4416970099456119,0.0011499614157106,0.0051351351430639,sad,-0.1097890813284566,0.800670853661567
2_556_u,0.0028489026799546,0.0019444798018392,0.0021249202948208,0.0705776953966926,0.9010673551938,0.012318497393865,0.0091181881122764,0.0006922914981259,neutral,0.0513408952262127,0.08981449556717219
2_557_u,4.258678256621006e-06,2.6671855299357983e-05,3.9593557069211295e-05,0.0001059587774238,2.8341506301197892e-05,0.0001626610494933,0.9996324963154104,3.763212633846672e-07,surprise,-0.0001272263626946,0.0003391439175422903
2_558_u,0.1383417799976907,0.0143430971737305,0.0086145548860134,0.0663469274713991,0.6947490707824983,0.0450500997471727,0.0325545172876644,0.0017224007751792,neutral,-0.1400026043332083,0.2726964592760064
2_559_u,0.0212566419324255,0.0048218295444636,0.0068081076654682,0.1258763844986812,0.033059969509623,0.0106835365213923,0.7974935180113871,8.856763724907069e-05,surprise,0.0823062688349314,0.1694465001624308
2_56_u,0.1011437512356396,0.0094710369630199,0.0225675183786957,0.3118443344518344,0.0840211356042161,0.0790431140020315,0.3919091376952239,0.0012164380241301,surprise,0.0996189138724476,0.5240697550312211
2_560_u,0.0982469430717688,0.0008228310882815,0.002570492634428,0.0214030130934214,0.4989499829929143,0.3759584374140948,0.0020483045346972,0.000415917016653,neutral,-0.4561956911151518,0.4990017173019945
2_562_u,0.0007310855112623,0.0026442722387543,0.0012387789030934,0.3147466336553559,0.6555074887644494,0.0163344487233522,0.0087971978919493,2.79814576060744e-05,neutral,0.2937980482788934,0.33569521903181804
2_564_u,2.6563861442359584e-05,2.234982236221322e-05,2.11429769456247e-05,0.9990813997189798,0.0006791222598085,8.398333260395032e-05,8.537400362649032e-05,1.9356309621798573e-06,happy,0.9989273597256256,0.9992354397123341
2_567_u,0.0060165047494889,0.0031391912909967,0.0028840072413045,0.6959076998872213,0.2349439696313223,0.0411338347977305,0.0159748445078753,0.0003331619591335,happy,0.6427341618077005,0.749081237966742
2_569_u,0.0009904705253701,0.0013768549946116,0.0004300114119728,0.026720754943142,0.9608744792330886,0.0014375091570839,0.0081698784635675,8.230794492192217e-06,neutral,0.0224859088541034,0.030955601032180403
2_570_u,0.0025488083803058,0.0007835005951152,0.0012575296390237,0.0069726508657098,0.0010006065590888,0.0022713314400054,0.9851655580205536,6.409373044036215e-05,surprise,0.0001114808112595,0.0138338209201599
2_572_u,1.2860577136921198e-08,1.057449516430474e-06,1.8105740434765706e-07,0.9999985797209008,3.5645038901907856e-08,5.769275914909678e-08,7.340566958759458e-08,2.486513075439234e-07,happy,0.9999972706606436,0.9999998887811579
2_573_u,0.0003800898423588,0.000940234987475,0.0004327388996506,0.9894337317051544,0.0046636869587683,0.0009717437835121,0.0031776658293345,0.0001126771612689,happy,0.9867089241921578,0.9921585392181508
2_574_u,0.0232434984193853,0.001039689975283,0.000816620326237,0.0032782917909449,0.0044714470643237,0.9646607019083552,0.0024897617978768,9.169137410935946e-05,sad,-0.9864822188383158,0.9930388024202054
2_575_u,0.0003449023646117,0.0002202889319351,0.0003688435105718,0.0113077712052962,0.98700536300317,0.0005715495262759,0.0001813428678685,0.0022617133290622,neutral,0.0098021868719014,0.0128133555386907
2_576_u,0.0074351677384117,0.0020986809424269,0.001609667865404,0.0146062265778117,0.9709452336055164,0.0025051705964952,0.000799750429724,0.028773657104466,neutral,0.0009575394350738,0.0282549137205495
2_577_u,0.0028654024075909,0.001370268122121,0.0032564947513389,0.0971544033869587,0.4340709762150534,0.4600448598171096,0.0012376065618157,0.0024782727123237,sad,-0.3703826217112018,0.5646914284851191
2_579_u,0.0386399260238171,0.0280321359730226,0.0288175484022075,0.2966368651151579,0.184843679243094,0.2714895821926225,0.1515402221406111,0.0182398007018491,happy,-0.0703423274765118,0.6636160577068276
2_58_u,0.1962250710052242,0.0017214148572582,0.0014369934653786,0.1395020522065154,0.0161419224668853,0.0083692445591527,0.6366032607047879,8.811581722056872e-07,surprise,-0.0682506716804984,0.3472547760935291
2_581_u,0.0078403303857812,0.0029783607930649,0.0012363512457233,0.0202926505366481,0.9525593471449963,0.0096050147040843,0.005488005067796,0.0011644188489298,neutral,-0.0013674065920057,0.041952707665301806
2_583_u,0.0089547045076434,0.0013678000023211,0.0043192862013701,0.0440704657478142,0.0108724353941394,0.6870296452027574,0.243385659512387,1.2558596608869266e-05,sad,-0.6576009701662779,0.7457419016619062
2_585_u,0.0036498964570358,0.0049133795247958,0.0086407841591703,0.0285320649154807,0.8674859773940059,0.0413036934760584,0.0454742036584909,0.000558995459869,neutral,-0.0299756887015798,0.087039818532541
2_586_u,0.0102739656538818,0.0034054883667728,0.0015541138009198,0.0544984399881773,0.9052617103451596,0.0116769534524629,0.0133293011109733,0.0001498080891906,neutral,0.0275879187141398,0.08140896126221461
2_587_u,0.0026778610259185,0.0004136030294651,0.0003928094811861,0.0080855914315895,0.9846369855701677,0.002808813492395,0.0009842661079137,0.0002783617892418,neutral,0.0017925044026247,0.014378678460554201
2_588_u,0.7799996167441938,0.0192626842470953,0.0046299552957305,0.0095881354052794,0.1301307385661606,0.0493923484236585,0.0069965265709351,0.0027344828704371,angry,-0.8436964693053988,0.8628727401159575
2_589_u,0.0692907944512093,0.0516375074278994,0.0131888755028434,0.1595084047362469,0.4220301506034153,0.0761427508569956,0.208201546741638,0.0026836408942471,neutral,-0.0507515235027009,0.3697683329751946
2_590_u,0.000550333955586,0.0004853934602094,0.0011331090836591,0.0216987006319828,0.9628749936295972,0.0030678951019192,0.0101896250918636,1.6326805507560493e-05,neutral,0.016461969030609,0.0269354322333565
2_591_u,3.894666650568914e-06,2.938073303496032e-05,1.2108554764791835e-05,0.9997136029560006,0.0002022367801196,2.6347371528308325e-05,1.243854497483427e-05,8.46955936140148e-06,happy,0.999641871630022,0.9997853342819791
2_594_u,0.0215297567955081,0.0007610994856682,0.0011620248663305,0.0059575787567997,0.0041464227983864,0.4641634004482224,0.5022797033933354,2.2637443919393263e-06,surprise,-0.4816587028389297,0.4935738603525289
2_595_u,0.0043912125442813,0.0039994132430317,0.0033164317135586,0.0112248936541082,0.0343040431893549,0.9358392442186592,0.006924787760077,0.0104525489441584,sad,-0.9363214080654226,0.958771195373639
2_596_u,0.0038827325656301,0.0217570791787845,0.0093378709299505,0.0675822731260912,0.7702300539049542,0.0283578863686517,0.0988521540852777,0.028699111251626,neutral,0.0042467040830742,0.130917842169108
2_598_u,0.0074304632218954,0.0016090704500115,0.0022115130120183,0.8081051913402753,0.0407121833264274,0.0104985780191878,0.1294329877684717,7.79145079832233e-05,happy,0.7863555666371621,0.8298548160433883
2_599_u,0.3415695446251228,0.5576704753126593,0.0066262441017336,0.0120991277070998,0.0410697816220548,0.0187173659292874,0.022247501799986,0.0085790578741579,disgust,-0.9124845022617034,0.936682757675903
2_602_u,0.017819596984061,0.0081093032201257,0.024695283562971,0.102311721329063,0.2208523926734252,0.1301313849473304,0.4960802141574391,0.0002097126962325,surprise,-0.0784438473854251,0.2830672900435511
2_604_u,2.6890915413925065e-08,2.0979040255628667e-07,1.2437505724714004e-07,0.9999993070814044,2.997726526144658e-07,1.0933352607288927e-07,1.6476255308567783e-08,1.09522150637531e-06,happy,0.999998836691503,0.9999997774713058
2_607_u,0.0007991052992625,0.0018771985561137,0.0002407884455121,0.9184253295682312,0.0712137377840487,0.0014064984917792,0.0060373016560326,5.135699154834583e-06,happy,0.9141017387755636,0.9227489203608987
2_608_u,0.5718537052605038,0.0148048823150366,0.0081343871822773,0.0538057962417711,0.2558746468311952,0.0619900675298544,0.0335364987612762,0.0010389843664597,angry,-0.6029772460459013,0.7105888385294432
2_609_u,7.109319189823507e-06,1.1753512641995502e-05,2.7594308663264494e-05,0.000144533105773,0.999753976835772,4.904008443112732e-05,5.994353397848069e-06,0.0005170434935734,neutral,4.9035880846835095e-05,0.00024003033069921084
2_611_u,0.0056956341962185,0.0550292171279701,0.0132275810504314,0.3344540778754395,0.3807418828598374,0.0959800098403581,0.1148715775712635,0.0019057939061894,neutral,0.1645216356604613,0.5043865200904176
2_612_u,6.979080626035646e-06,6.482156250832192e-06,8.873653780118431e-06,0.0002988990778036,0.9996639055093745,1.3723679995413448e-05,1.0323992602705746e-06,6.154878087727411e-05,neutral,0.0002628405071512,0.00033495764845599966
2_615_u,0.0001452022103015,0.0002737310787283,0.0002919958421216,0.982852899517938,0.002300419712155,0.0003794178241496,0.0137563100045267,1.5124224717055768e-05,happy,0.9817625525626368,0.9839432464732389
2_617_u,4.54013857036256e-05,1.757752906287555e-05,0.0034259654943413,0.0001606081465446,0.9952701109279262,0.0001121707783719,0.0009681587935561,0.0002031175881711,neutral,-0.0034405070409351,0.003761723334024301
2_622_u,0.0126099230160235,0.0072452834951351,0.0033856456985543,0.0084471798516527,0.7941785488326165,0.0098874068202925,0.1642460243255241,0.0003323342402836,neutral,-0.024681079178353,0.04157543888165811
2_623_u,0.0070819945566868,0.0017548218410818,0.000576758725229,0.982606772673633,0.0049239019975776,0.0018634198880613,0.0011923533905236,0.0009777780505828,happy,0.971329777662574,0.9938837676846919
2_626_u,0.0090053594179776,0.0295290226683834,0.0121342670819502,0.2032912620074674,0.2237512770974357,0.4519844974986076,0.0703043068560532,0.0090968172589782,sad,-0.2993618846594513,0.7059444086743861
2_627_u,0.0013833544624886,0.0002299793140319,0.0047003650146547,0.0051458423778794,0.0016217216718003,0.0059318523424009,0.9809869006689914,6.726882253005328e-05,surprise,-0.0070997087556969,0.0173913935114555
2_65_u,0.0016786017087095,0.0004780689982295,0.0007642085764366,0.0572937029461513,0.8794120571075563,0.0602831586809043,9.009082347380676e-05,0.0146956602111458,neutral,-0.0059103350181287,0.1204977409104312
2_66_u,4.359191873568246e-05,1.445297312694996e-05,9.129966736914662e-06,0.9998255808468176,3.106520548567088e-05,3.5581906869428406e-05,4.064406967000302e-05,1.9513310576257936e-06,happy,0.9997228240813488,0.9999283376122867
2_69_u,0.9233072790400756,0.006633881782419,0.0118477797775166,0.0088657953743467,0.0052572950802952,0.0130623334875183,0.0310255735217275,0.000520747649716,angry,-0.9459854787131828,0.9637170694618762
2_7_u,0.0064628314627682,0.0141901243935254,0.0146487970216673,0.101961823509028,0.1002090195244672,0.7389300395022645,0.0235972924097511,0.0072446973645127,sad,-0.6722699688711975,0.8761936158892535
2_71_u,0.0007832622435986,0.0011062508695114,0.0006378884688432,0.0127128430505672,0.97795339213842,0.0065509289626313,0.0002553583947075,0.002275646664202,neutral,0.0036345125059825,0.0217911735951517
2_72_u,0.0004293530445615,0.0009636142923968,0.0009203140602915,0.0048104570113066,0.9419384451259106,0.0506673847427394,0.0002704416819569,0.0005677208828272,neutral,-0.0481702091286827,0.0577911231512958
2_73_u,0.0100110317768202,0.0025563221341867,0.001554420745594,0.0055829376561619,0.0038563359713371,0.0038022071193197,0.9726366518299716,8.451929411990022e-05,surprise,-0.0123410441197589,0.023506919432082503
2_74_u,0.1058972265062321,0.0325811578695629,0.0055956267014649,0.1001606113185779,0.7096660248462676,0.0334480814949211,0.0126512301466069,0.0033605280332266,neutral,-0.0773614812536032,0.2776827038907589
2_77_u,0.9998834274697368,1.6792597772457165e-06,7.428240670035736e-07,1.5233078772423691e-05,1.7293536319975168e-05,1.911429016901809e-05,6.244394259916533e-05,1.4156567862411153e-08,angry,-0.9998897307649778,0.9999201969225224
2_78_u,3.749890874670242e-05,4.716703692429235e-05,0.000140373374702,0.0009364326729274,0.000591001804427,0.9981340464888978,0.0001134947458142,5.583148094956414e-06,sad,-0.9974226531363432,0.9992955184821982
2_79_u,0.0019438030206135,0.0090635463721534,0.0311022991404085,0.0093753642339309,0.9022453332201552,0.0439510075560162,0.0023185766740694,0.1642037902493029,neutral,-0.0766852918552608,0.09543602032312251
2_8_u,0.0002221890241174,0.0002534051516454,0.0002443979056924,0.0141822513302687,0.982753985824366,0.002291456743336,5.218182204719105e-05,0.0110751619067741,neutral,0.0111708025054774,0.017193700155059898
2_84_u,0.1308506455151614,0.0306544576539506,0.017249369211743,0.0456562163196544,0.3343308481331628,0.32078511294834,0.1204733811940248,0.0031273692438843,neutral,-0.4538833690095406,0.5451958016488494
2_86_u,0.0057005339207957,0.0026900181320953,0.0013393802424987,0.9499082684934942,0.0357947339309205,0.0032626777699866,0.0013044165277783,0.0050510842120274,happy,0.9369156584281176,0.9629008785588705
2_87_u,0.0049472188358931,0.0026318092042173,0.0013405856128749,0.128464811221394,0.8410295482170306,0.004090780614057,0.0174951346795751,4.843276474275626e-05,neutral,0.1154544169543515,0.14147520548843628
2_88_u,0.0071901133693996,0.0090139438184376,0.008498887935924,0.0624266319860551,0.7376581779154052,0.0793042867900473,0.0959079477862673,0.0004575511811707,neutral,-0.0415805999277534,0.1664338638998636
2_89_u,0.0047667942396904,0.0027570780256313,0.0016218757172872,0.0406876591343308,0.9388285971293436,0.004825723189138,0.0065123038666043,0.0014220214798114,neutral,0.0267161879625836,0.05465913030607769
2_9_u,0.3732672112056314,0.0540954723225375,0.0104981609320941,0.1463061459702464,0.3659317359622848,0.0247761678926734,0.025125138167116,0.0242697689682244,angry,-0.3163308663826902,0.6089431583231829
2_91_u,5.588600332205587e-05,6.442188431214648e-05,0.0001142412301773,0.0003045436373381,0.9974052789539558,0.0019968831171095,5.888047428374547e-05,1.3254974419396603e-05,neutral,-0.0019268885975829,0.0025359758722591024
2_92_u,0.0781599391395807,0.1343321678023745,0.0530260089443161,0.1816602021233115,0.3352374568633559,0.0865313832342403,0.1310528201152124,0.0377842201851306,neutral,-0.1703892969972002,0.5337097012438231
2_94_u,0.0107537004023844,0.0054128928819545,0.0039634706415709,0.0181744606088792,0.1110738329873342,0.8462624184795579,0.0043591944932405,0.0007760560547466,sad,-0.8482180217965885,0.8845669430143468
2_96_u,0.0031031678937205,0.0023254846643556,0.0012254548978276,0.9727778492065772,0.0064355026295785,0.0050379932789965,0.009094591240361,0.0002317389298695,happy,0.9610857484716768,0.9844699499414772
2_97_u,0.0005476707438133,0.0005254333238985,0.0004406293809034,0.6717691419828624,0.3238462337466147,0.0024812494140513,0.0003896366103749,7.320024224100052e-05,happy,0.6677741591201958,0.675764124845529
3_S01E01_128_u,4.499191418875663e-06,1.235171635542046e-05,1.4211518382459305e-05,0.0001241454831375,0.9997999830867248,3.797708684634386e-05,6.887542036827432e-06,7.626586972264704e-05,neutral,5.510597013444433e-05,0.00019318499614059926
3_S01E01_226_u,0.0015439419141929,0.0072243294904589,0.0091946043645472,0.6084195179486566,0.1047983088985874,0.0111460467908696,0.257673278909559,0.0724827295180148,happy,0.5793105953885878,0.6375284405087253
3_S01E01_255_u,0.0078448724543949,0.0333853201322009,0.0055774742379014,0.0202198565154929,0.7900856920249102,0.1384848605978793,0.0044019344375073,0.3060047670733183,neutral,-0.1650726709068836,0.2055123839378694
3_S01E01_568_u,0.0,0.0,0.0,0.0,0.0,0.0,0.0,0.9153199669672176,vazio,0.0,0.0
3_S01E02_004_u,0.0003023624794884,0.0003718480201119,0.0270327012584891,0.0009832836933706,0.011167543780259,0.9597580571040474,0.0003841434250049,0.0037704617134295,sad,-0.9864816851687664,0.9884482525555074
3_S01E02_324_u,5.6517514389767503e-05,0.0001252073602266,2.32505951845883e-05,0.0075470643228397,0.9921053956424338,0.0001345365899202,8.029315187623177e-06,0.0003708984113472,neutral,0.0072075522631184,0.007886576382560856
3_S01E02_461_u,0.0003233569662563,0.000973382378669,0.0008732152820901,0.0008531280907076,0.0147559150853412,0.9821443825129736,7.666460265940624e-05,0.0177496473188511,sad,-0.9834612090492816,0.9851674652306966
3_S01E03_021_u,1.558721850513672e-06,4.338666480427045e-06,1.139420598584091e-05,1.2311817027795848e-05,0.9999224518800384,4.2550631112918745e-05,5.424558661663178e-06,1.3886481994518364e-05,neutral,-4.7530408401904526e-05,7.215404245749622e-05
3_S01E03_024_u,6.42539860593581e-05,0.000368358186536,0.0005245300547992,0.00596714106433,0.9877373901872012,0.0047138380681042,0.0006245306258504,0.0002280149774378,neutral,0.0002961607688311,0.011638121359828758
3_S01E03_056_u,0.0002166736121487,0.0008126760234125,0.0001267942068216,0.9772422979710615,0.0202090061711632,0.0001406938888017,0.0012518366767555,1.452342257834971e-05,happy,0.975945460239877,0.978539135702246
3_S01E03_122_u,3.23103073244196e-08,1.6399622773875306e-09,7.670605263473852e-10,2.5595557677999543e-08,0.9999994041355452,5.367976428782778e-07,3.7183930941093037e-10,1.8199323558593103e-10,neutral,-5.459194153284327e-07,5.971105306844319e-07
3_S01E03_249_u,0.0002686963848301,0.0002919404573962,0.000312159434264,0.0026264797262311,0.9940290137127488,0.0024610511715857,1.077437383730733e-05,0.0774137085536494,neutral,-0.0007073677218451,0.0059603271743071005
3_S01E03_359_u,0.0,0.0,0.0,0.0,0.0,0.0,0.0,0.5707978773862123,vazio,0.0,0.0
3_S01E03_517_u,2.2480938819042223e-05,0.0003604645824729,0.000190874148857,0.9988028315091954,0.0002375779826411,0.0001933087627783,0.0001923888095665,0.0029849289894627,happy,0.998035703076268,0.9995699599421226
3_S01E04_009_u,0.0018841381683848,0.0077173787354045,0.0091243670020626,0.0589407659039867,0.8793101203013006,0.0401127285716625,0.00291061155218,0.3705851780250668,neutral,0.0001021534264721,0.1177793783815011
3_S01E04_327_u,4.530506991918677e-05,7.931770238096617e-05,6.257897700588656e-05,0.000606262354829,0.9987474326228644,0.0003923017164377,6.673120197827842e-05,0.0002285963546455,neutral,2.6758889085234356e-05,0.0011857658205727396
3_S01E04_342_u,0.000318385457756,2.061951368834682e-06,1.0223718645160175e-06,0.0002523300069943,1.561913113165523e-06,3.94688300855213e-07,0.9994243409603384,2.6210882598197683e-09,surprise,-6.953446229584305e-05,0.0005741944762845059
3_S01E04_356_u,1.8951481256429665e-05,9.900742161642768e-05,1.811333524336712e-05,0.9994948652390484,0.0002171477552049,0.0001378110064494,1.4091216252568644e-05,0.0001663359798839,happy,0.9992209819944828,0.999768748483614
3_S01E05_417_u,2.3749527348055493e-10,3.6650296691539864e-10,7.363978317049542e-09,3.0078974870596878e-09,1.0000000001395697,7.752289478107426e-09,4.899645967411047e-11,1.3956961454619776e-10,neutral,-1.2712368548493237e-08,1.8728163522612608e-08
3_S01E05_456_u,2.887483553870018e-05,0.0001118720529991,0.0030224144144325,0.0016531230306488,0.9946967549390856,0.0004568013843044,3.0242478663434684e-05,0.0430882593063869,neutral,-0.0019668396566259,0.0052730857179235
3_S01E05_520_u,5.200257920091722e-05,8.091154500303062e-05,9.44234910938447e-05,0.0010701649103431,0.9977637740040418,0.0009377954738418,9.695229036593374e-07,0.0317294459091499,neutral,-9.496817879650014e-05,0.0022352979994826926
3_S01E06_054_u,0.0564887671717812,0.1691681784078471,0.009173441444811,0.6455137495595219,0.0553351550481142,0.009348498352259,0.0549721906710407,0.0250892450567334,happy,0.4013348641828232,0.8896926349362203
3_S01E06_266_u,2.851687691279296e-05,0.9997635343137112,1.8126517038679543e-05,4.136999562045892e-05,7.0075189347076e-05,4.032612078175391e-05,3.801200381965144e-05,7.01571962054004e-05,disgust,-0.999809133832824,0.999891873824065
3_S01E08_422_u,0.0004326013603361,0.0070177525541393,0.0008972277927672,0.0010268242091768,0.0072733765810903,0.9766256553869342,0.0067266033251053,0.0049520461743668,sad,-0.9839464128850004,0.9860000613033536
3_S02E01_050_u,0.3817410409625588,0.0255127787091326,0.0046784919899746,0.0140341439869911,0.5515792618596244,0.0141741039064592,0.0082801577806295,0.0431446890579536,neutral,-0.4120722715811341,0.4401405595551163
3_S02E01_096_u,0.2780651947164368,0.0747645910449867,0.0064347472572519,0.1183104180141127,0.4830453924090594,0.0321618358562683,0.0072177594974864,0.0261378684081136,neutral,-0.2731159508608312,0.5097367868890564
3_S02E01_413_u,1.557939444118985e-09,9.572248771405693e-09,1.7871858659646175e-08,2.203568669756369e-07,9.4531529271081e-09,1.8927529765733363e-08,0.9999997615814292,8.449622478909614e-15,surprise,1.7242729033473268e-07,2.682864436165411e-07
3_S02E02_081_u,0.0010288598397171,0.0009391321005622,0.0019815410231288,0.0031892388117076,0.436025703259136,0.5562918938972208,0.0005436455955489,0.000289859046461,sad,-0.5570521880489214,0.5634306656723365
3_S02E03_218_u,0.0011012361054251,8.91422179594074e-05,2.981311775912732e-05,0.0578861716016041,0.9397883343467696,0.00105836692375,4.70024311020183e-05,1.7560668240435007e-05,neutral,0.0556076132367104,0.06016472996649773
3_S02E03_229_u,0.982676837556963,1.0194485125080016e-05,0.0017861074155242,1.1224151943386448e-05,0.0005578658471009,9.722383226310431e-05,0.0148605782439092,4.09799265099764e-06,angry,-0.984559139137932,0.9845815874418188
3_S02E03_244_u,6.87886991494972e-05,0.0001212866978163,0.0001591459635574,0.9912812531210216,0.0064171832108578,0.0008993570869061,0.001053017281841,3.04855666399817e-06,happy,0.990032674673592,0.9925298315684509
3_S02E03_370_u,4.192518454065239e-05,4.000697225340316e-05,2.849130810410548e-05,3.5441608240156505e-05,0.9994912376794806,0.0003626954450375,1.826529333250881e-07,0.0037498111487365,neutral,-0.0004376773016956,0.0005085605181758176
3_S02E03_561_u,0.0023723820988964,0.0808135996439942,0.001826180803462,0.0044547738676985,0.8841363468431382,0.0219161581439129,0.0044804822593418,0.0335520016087683,neutral,-0.1024735468225672,0.11138309455796401
3_S02E04_162_u,0.0001755130154422,1.0050909085755493e-05,4.450654015746834e-07,5.572405434800227e-06,0.999806684900326,1.5382730079722335e-06,1.4898145392537034e-07,8.090559049378498e-06,neutral,-0.0001819748575027,0.00019311966837230263
3_S02E04_395_u,0.0005878646385076,0.0009423489608324,0.0009667707085615,0.0025181434259721,0.5779189481323993,0.4168626835074391,0.0002032518630825,0.0002417547948425,neutral,-0.4168415243893687,0.4218778112413127
3_S02E05_179_u,0.0003233127952772,0.0001100408852153,0.0002742802871726,0.0002187051441073,0.143067473060748,0.8559865107905991,1.9632752644570275e-05,3.214137953655438e-05,sad,-0.856475439614157,0.8569128499023715
3_S02E05_378_u,4.488640089670585e-06,3.503255353067699e-06,1.8956480220571604e-06,0.0001522069210227,0.999818127322525,1.925354153846412e-05,6.625170999261215e-07,3.4387885534670204e-06,neutral,0.0001230658360194,0.00018134800602595956
3_S02E05_466_u,0.0002816049067279,4.08621534471676e-05,1.6724785893181313e-05,2.446897772638257e-05,7.543763984905792e-05,0.9995474846364945,1.346734041057458e-05,3.4021038857190437e-06,sad,-0.9998622075048365,0.9999111454602891
3_S02E07_256_u,0.0006907665861029,0.0013114679072332,0.007603238080941,0.0847784464757056,0.8753273664208293,0.0300099244481855,0.000278819850143,0.4305183044634758,neutral,0.0451630494532427,0.12439384349816819
3_S02E10_133_u,9.926946812209132e-05,0.0002610617954007,0.0004956525114087,0.001548613639344,0.0125714892574159,0.984953709768734,7.024070180594721e-05,0.0009382356511195,sad,-0.9842610799043218,0.9873583071830094
3_S03E01_185_u,0.0005320594018779,0.0003138427847652,0.0003413933377203,0.0042607942498878,0.580183598474904,0.413952886402555,0.0004153742721612,6.117946711015065e-06,neutral,-0.4108793876770307,0.4194009761768062
3_S03E01_409_u,0.0075263382689016,0.0224573004246719,0.0135941167909926,0.1653046744189233,0.4148878681480991,0.3589491660183794,0.017280560575917,0.1403194388840347,neutral,-0.2372222470840223,0.5678315959218687
3_S03E01_431_u,2.8429450491549576e-10,1.3265840662717199e-09,1.154849217519672e-09,1.0000000010941603,7.072200610658142e-10,4.997467445339204e-10,3.355710435423331e-10,1.0941603456604554e-09,happy,0.9999999978286858,1.000000004359635
3_S03E02_062_u,0.0012134397589165,0.0004762552621391,0.0003402651564615,0.0028724446171319,0.8732726658742963,0.1206496365727248,0.0011752556459415,1.229549070558278e-05,neutral,-0.1198071521331101,0.1255520413673738
3_S03E02_111_u,0.012714774836107,0.0475103511860475,0.0290894102911014,0.2380746358736694,0.426132122726185,0.0126553034167895,0.2338233785678667,0.0904357353574596,neutral,0.1361047961436238,0.3400444756037148
3_S03E03_012_u,0.0063934373485036,0.0011959856918373,0.0008714454506342,0.0027121764907621,0.0051732207629248,0.0034555739713088,0.9801980913777948,0.0002824629502313,surprise,-0.009204265971522,0.014628618953046
3_S03E03_111_u,0.0115726544116342,0.0072677610660707,0.0051369851365219,0.0044256979255385,0.897656816833914,0.0732731510125183,0.0006669288587834,0.4246583592612296,neutral,-0.0928248537012067,0.1016762495522836
3_S03E03_126_u,2.9363105034251096e-06,6.861662829754446e-06,2.911071447370657e-06,2.8832971387889072e-05,0.9999207349239508,3.723272607438518e-05,5.109778706705941e-07,8.596581335496012e-05,neutral,-2.1108799467046318e-05,7.877474224282446e-05
3_S03E03_316_u,0.0007473868719698,0.0017671920171602,0.0030655630138291,0.0038329553076242,0.3325241246805231,0.6569420033443926,0.0011207682363229,0.0002517669854568,sad,-0.6586891899397275,0.6663551005549758
3_S03E03_511_u,0.0827734175760526,0.0531318772824087,0.0202362662722146,0.0339744796695668,0.6405204048332118,0.1525935322160126,0.0167700551252027,0.4492502943612635,neutral,-0.2747606136771217,0.34270957301625526
3_S03E04_437_u,0.0005427342975254,0.0034137227042231,0.0048655052271791,0.0161253954445104,0.3576401258221348,0.6153690946617282,0.0020434445695697,0.0011389011633581,sad,-0.6080656614461455,0.6403164523351662
3_S04E01_575_u,0.0002069218644037,0.0024559837178676,0.000533369826265,0.0009145193489883,0.9569071308681554,0.0389798660623532,2.294101994555256e-06,0.1057371683418749,neutral,-0.0412616221219014,0.0430906608198778
3_S04E02_217_u,5.1193974064814414e-06,1.1053987015154824e-05,2.304697005317465e-05,2.770853063080073e-05,0.9998687392771574,6.262820813557328e-05,1.7164129699330925e-06,8.624794691058923e-05,neutral,-7.414003197958347e-05,0.00012955709324118493
3_S04E02_326_u,9.611405560896345e-05,0.0003930101971877,0.0001396489585432,0.0001167425211119,0.0031273022824482,0.9961130260453496,1.416722794495334e-05,0.002699221469811,sad,-0.9966250567355774,0.9968585417778013
3_S04E04_363_u,0.0014711274434349,0.0027528806238652,0.0041555740697206,0.3795176722951164,0.0072982109007093,0.6022684230609265,0.0025361074637891,0.0023400155478155,sad,-0.2311303329028309,0.9901656774930636
3_S04E05_313_u,0.000339777567023,0.0002841705417026,0.0002951396812029,0.0004053402094551,0.8097339355140493,0.188896038422724,4.56775080908714e-05,3.917081126303401e-05,neutral,-0.1894097860031975,0.1902204664221076
3_S04E05_320_u,0.0018587454595325,0.0076091565416318,0.0019565332068748,0.0280040996621417,0.9545294723807692,0.0031018127268072,0.0029401929728477,0.1437806434987577,neutral,0.0134778517272952,0.042530347596988
3_S04E05_485_u,0.0008920677983817,0.0049276345240523,0.0018292805178542,0.0074603436978949,0.9589197669666788,0.0127753264250046,0.0131955682850458,0.0087854314660944,neutral,-0.012963965567398,0.0278846529631877
3_S04E05_497_u,0.0448485472098328,0.046152700364605,0.0244682729369365,0.0394964931228146,0.4793550754205307,0.3649555809312121,0.0007233790605912,0.3116649100556969,neutral,-0.440928608319772,0.519921594565401
3_S04E06_526_u,0.000195502228331,0.0010915268062488,0.0505357204741003,0.0042707131229356,0.7755686325239353,0.1667343450356084,0.0016035900444614,0.0042237908928654,neutral,-0.2142863814213529,0.2228278076672241
3_S04E07_292_u,0.0084491812611184,0.0137970205199781,0.0038770921052408,0.1265371438961315,0.5626656215420034,0.2783459233418257,0.0063279453508692,0.0037647043354808,neutral,-0.1779320733320317,0.43100636112429447
3_S04E10_120_u,0.0001293186415328,0.0008241473349514,0.0002909308956546,0.1004357012482102,0.0106055294114805,0.8876430022367499,7.138903565219946e-05,0.0002767479215889,sad,-0.7884516978606786,0.9893231003570988
3_S05E01_120_u,1.8618143068091818e-07,2.1272372416762965e-06,1.2278533968155096e-06,4.296056194500821e-06,0.9999634914407616,2.854102914829631e-05,7.544884111678089e-08,1.6384732361984788e-06,neutral,-2.778624502296821e-05,3.6378357411969856e-05
3_S05E02_072_u,2.349718595321887e-07,1.6459412642212905e-06,5.951989763380921e-07,0.9999958166009264,2.951038048257594e-07,3.024461882699921e-07,1.1998677307374646e-06,5.849749555864037e-07,happy,0.999993038042638,0.9999985951592147
3_S05E02_532_u,0.0064589057716949,0.0145988335746262,0.0013481340502304,0.0103140759170085,0.9376052581709974,0.0294178737659928,0.0002568294417537,0.328029928728938,neutral,-0.0415096712455358,0.0621378230795528
3_S05E03_098_u,0.0025924547290256,0.0046660627439774,0.0115255546402703,0.28492850030881,0.6850013539932092,0.0089320698056389,0.0023541062805155,0.3140111076645552,neutral,0.2572123583898976,0.31264464222772215
3_S05E05_119_u,0.0004970763503495,0.0004749683156831,0.000903471382535,0.0023804594558325,0.9781734709077172,0.0174910243327712,7.958532148528002e-05,0.0186490215128287,neutral,-0.0169860809255065,0.0217469998371713
3_S05E06_207_u,6.714286830554034e-07,4.396255992766084e-06,1.0054854493307943e-06,8.287436280331093e-06,0.9999556424701798,3.002147544714531e-05,4.586872457059482e-08,2.991118435602402e-05,neutral,-2.7807209291966492e-05,4.438208185262869e-05
3_S06E01_317_u,0.0003778483841263,0.0001680312998522,0.0002221211463043,0.0045355015887145,0.9940507177675004,0.0006264555176554,1.9296589680587264e-05,0.0142877520120236,neutral,0.0031410452407762,0.0059299579366527
3_S06E01_417_u,1.6499208595565533e-05,0.0004383544897551,0.0001155340376857,0.9986126467510466,0.0004151555123261,0.0001161791890692,0.0002855328251324,0.0006420623940357,happy,0.9979260798259408,0.9992992136761523
3_S06E01_460_u,0.0010230459390863,0.0008515104697349,0.0010489840945485,0.0063600419888758,0.9790442754439856,0.0115114095544356,0.0001607948561979,0.1235735483351163,neutral,-0.0080749080689297,0.0207949920466811
3_S06E02_152_u,0.0004071058569842,0.0034090296088827,0.0028156618861455,0.0047682568398111,0.9784057189253969,0.0100313543165413,0.000162890507025,0.0453259532805531,neutral,-0.0118948948287426,0.0214314085083648
3_S06E02_171_u,0.0259226050628084,0.0726101631606235,0.0151422795368586,0.1501257374690173,0.5035291826981607,0.2135808970078472,0.019089069942081,0.0704307751730083,neutral,-0.1771302072991204,0.47738168223715505
3_S06E02_398_u,0.002772533020202,0.0022837084349415,0.0046102734530495,0.0021070142625718,0.0239956056167921,0.9632821068443986,0.0009486783788817,0.0743727923836558,sad,-0.9708416074900198,0.9750556360151634
3_S06E03_366_u,3.3411512283673634e-05,3.0891523170558964e-05,3.094164562387746e-05,0.0007388041314574,0.9988563290109898,0.0003054084447274,4.127366946393e-06,0.001201596292958,neutral,0.0003381510056519,0.00113945725726291
3_S06E05_355_u,5.247111417121173e-05,7.836027683404019e-05,8.02466218188384e-05,0.0010150273856733,0.9982645707646512,0.0004206523558485,8.873000089928587e-05,2.8082520202588057e-05,neutral,0.0003832970170006,0.0016467577543458904
3_S06E06_143_u,1.770323486479711e-05,9.36195625088074e-05,5.615772929953914e-05,0.0002227890967409,0.9994866967952888,0.0001178100929929,5.1956898903894205e-06,0.0053878784528932,neutral,-6.250152292514358e-05,0.0005080797164069437
3_S06E07_272_u,0.0007324482010195,0.0046709342308943,0.0053300644007417,0.0376856991529424,0.8541940814680127,0.0968566195133433,0.0005301482487352,0.2152694794349371,neutral,-0.0699043671930564,0.1452757654989412
