KEY,context,angry,disgust,fear,happy,neutral,sad,surprise,emocao_predominante,context_valence,context_intensity
1_10004_u,"Well, I'm sure that, uh, you...
have a lot of questions. Who was he? His name is Ron.
I met him at my prayer group. How long have you been involved with him? A few months.",5.734748629038222e-05,1.4835342881269751e-05,5.729265831178054e-05,0.0278679467737674,0.9718819856643676,9.025532563100567e-06,0.0001115966442739,neutral,0.0277294457537209,0.02800644779381393
1_10009_u,"FYI, we plan on selling out the human race hard. In 20 years, who knows what'll happen with any of us? I think you and Leonard will be together. You do? Yeah.
I think you're the best couple I know. That's so sweet. What the hell?! Excuse me? Ah-da-da-da-da!",0.0019001584732905,0.0001647009921725,2.7952726668445397e-05,0.6310549378395081,0.3663463592529297,0.0001729165232973,0.0003328447637613,happy,0.6287892091240792,0.6333206665549368
1_1001_u,"Or maybe she just doesn't want to talk. Look, I found an iPod! It's smashed beyond repair. What are you gonna do with it?",0.0003570738481357,6.438813579734415e-05,7.058238406898454e-05,5.06355136167258e-05,0.999011754989624,0.0003804663137998,6.497588037746027e-05,neutral,-0.0008218751681852,0.0009231461954185545
1_1003_u,"It's smashed beyond repair. What are you gonna do with it? What else? Sell it on eBay as ""slightly used."" It was Penny's boyfriend's, they broke up. Apparently, he posted intimate details of their physical relationship on his blog which I cannot find anywhere. I'm gonna go back and try talking to her again.",0.0003467826463747,5.63399116799701e-05,0.0002025572030106,4.636291123460978e-05,0.9988512992858888,0.0004778541042469,1.876513852039352e-05,neutral,-0.0010371709540777,0.0011298967765467798
1_10190_u,"it's important to the story that my boobs be the last things to turn ape. It's sweet that he thinks there's a story. Oh, and there's not even a bathroom on set.
I have to go to the gas station across the street. I mean, I was dressed like half an ape and still not even close to the most disgusting person in there. Leonard, I could use your assistance. Sure. What's up?",0.0001148297160398,0.000217016757233,0.0142420819029212,0.980627715587616,0.0011969680199399,0.0032031869050115,0.0003983169444836,happy,0.9628506003064105,0.9984048308688215
1_10462_u,"it's-it's what my grant was designated for, and that everybody has to do things they don't want to do. He then gave an example of something he had to do, even though he didn't want to, which was look at my stupid face. That's a rude thing to say. Out loud. It's an outrage.
Honestly, I'm tempted to leave the university.",0.9847286343574524,0.0024778938386589,0.0002760633360594,0.000173466745764,0.0091766230762004,0.0027864263392984,0.0003807725152,angry,-0.9900955511257052,0.9904424846172332
1_10495_u,"Ugh! It's like walking into the Amazon.
And not the good Amazon with one-day shipping.
The awful one with birds and snakes. You hate the sound of all those keys on his key chain. Four keys!
Who does he think he is, a warden? See? Maybe you'll love living alone. I don't know. Perhaps.",0.9122273921966552,0.0008425037376582,0.0632205680012703,0.0029618286062031,0.0184744466096162,0.0019629434682428,0.0003103606868535,angry,-0.9752915787976236,0.9812152360100295
1_10496_u,"And not the good Amazon with one-day shipping.
The awful one with birds and snakes. You hate the sound of all those keys on his key chain. Four keys!
Who does he think he is, a warden? See? Maybe you'll love living alone. I don't know. Perhaps. And if it turns out you don't... you and I could live together",0.7047670483589172,0.0004559372318908,0.0300940927118062,0.001528316643089,0.2617139518260956,0.0011326086241751,0.0003080668393522,angry,-0.7349213702837005,0.7379780035698782
1_105_u,"Great Caesar's ghost, look at this place. So Penny's a little messy. A little messy? The Mandelbrot set of complex numbers is a little messy. This is chaos. Excuse me. Explain to me an organizational system where a tray of flatware on a couch is valid.",0.0014793508453294,6.251430022530258e-05,0.0017128877807408,0.0003939372836612,0.9898263216018676,0.006090055219829,0.0004349851515144,neutral,-0.0089508708624634,0.009738745429785704
1_10748_u,"Howard and Bernadette, Raj and his girlfriend, Penny and Chardonnay, Penny and you. There isn't any ranking. And if there were, we wouldn't be at the bottom of it. Yeah, and actually, I drink Sauvignon Blanc. That's the part you have a problem with? Relax.",0.0001800700265448,1.7442464013583958e-05,2.0367484466987665e-05,0.0086618512868881,0.991050124168396,1.811492256820202e-05,5.21303154528141e-05,neutral,0.0084258563892944,0.008897846184481674
1_10797_u,"to be a pharmaceutical sales rep. Maybe she can practice on you some time. Oh, it would be great to practice on a real doctor. Yeah. I'm sure that'd be fine. I have some odd freckles on my buttocks. Can I make an appointment for you to look at them? Um... okay, I guess.",0.0063977120444178,0.012639426626265,0.0270338058471679,0.138943538069725,0.8061777353286743,0.0015504508046433,0.0072573469951748,neutral,0.0913221427472308,0.186564933392219
1_10810_u,"For starters, they shed and bite. Hey, here's a thought.
Why don't we put up the rest of the money that Stuart needs? So, we'd be, like, owners of a comic book store? It's kind of a dream come true. That does sound fun. Ooh, maybe we could come up with a business plan to compete with this place.",5.520313789020293e-05,8.189052459783852e-05,3.1657418730901554e-05,0.1204132959246635,0.8793744444847107,1.4399473002413288e-05,2.91182950604707e-05,neutral,0.1202301453704421,0.12059644647888486
1_10829_u,"You would leave me out of the conversation with the next guy if you dump Leonard? Why say it? Yes! Well, I would never leave you off my list, and not just because, without you, we're playing fast and loose with the word list. Well, good job. Now she hates me. Great.",0.0002721477649174,0.0001365375064779,9.483100438956173e-05,0.9914813041687012,0.000507270800881,0.0060234325937926,0.0014844954712316,happy,0.9849543552991236,0.9980082530382786
1_10849_u,"he used to... take me to the comic book store. It was one of the few things we did together. Oh. Howie, I had no idea. Well, I don't... like to talk about it. Oh, baby. 
That story's made up, isn't it?",0.012030191719532,0.0002212804392911,0.0001886500394903,0.0106907812878489,0.6387316584587097,0.3333452939987182,0.0047921873629093,neutral,-0.3350946349091828,0.3564761974848805
1_10853_u,"Uh, listen, Penny, before you start, I just want to apologize for being so rude the other day in my office. No, no. No need to apologize. Excuse me, can I say something? I just love both you guys, and I want you to get along. And when I say love"" I meant as a friend.
And, uh, way too soon, right?",0.0181492157280445,0.0003022954333573,0.0052915574051439,0.1288084536790847,0.0355957746505737,0.7933273315429688,0.0185254476964473,sad,-0.6882619464304298,0.9458788537885991
1_10857_u,"Okay, sit down. Listen, Emily, what happened between me and Raj was a long time ago. It was, and I may have made it seem like a bigger deal than I should have. Yeah, and Leonard and I are engaged now, and I'm just hoping we can put this whole thing behind us. Mm. I'd like that, too. Yeah, I thought I'd be okay with it, but then I saw how pretty you are. Oh, that's so sweet.
I mean, look at you-- you are gorgeous.",0.0001496865152148,4.147030631429516e-05,0.0001005878730211,0.9831935167312622,0.0159656796604394,0.0003812959766946,0.0001678165717748,happy,0.9825204760600172,0.9838665574025071
1_10859_u,"It's true-- you're both gorgeous. Kind of says something about the man who could bed you both. You get why I've been alone most of my adult life. So, what brings you by? Well,",3.603717414080165e-05,2.4188029783545065e-05,1.3419378774415236e-05,0.9797499179840088,0.0196054279804229,0.0005525594460777,1.840626646298915e-05,happy,0.9791237139552322,0.9803761220127852
1_10890_u,"Robot girlfriend. Mm, that was mine. Robot prostitute. Also mine. Wait. I'm confused. 
Why would you need both a robot girlfriend and a robot prostitute? There's just some things you don't do with your robot girlfriend.",0.0001968032447621,2.2581714802072383e-05,2.7669568225974217e-05,5.826742562931031e-05,0.9995689988136292,2.7996982680633664e-05,9.770417818799616e-05,neutral,-0.0002167840848414,0.00033331893610009055
1_10977_u,"Like what? Your incomplete set of <i>Star Trek</i> collector plates? For your information, I just bought the last one I needed on eBay. Without asking me? There were only three minutes left in the auction and it was a mint condition Scotty from a smoke-free home. How much, Howie? Not a lot. How much?",0.0001304235338466,8.869864359439816e-06,2.156418668164406e-05,0.0002836161002051,0.999479115009308,4.488031481741928e-05,3.1565599783789366e-05,neutral,7.787820049998118e-05,0.0004893539999102031
1_11006_u,"Well, if I do well in sales, I could end up making a lot more money than you. Not a problem. I grew up with a mother who emasculated my father financially and in every other aspect of his life, so... ...really, it's what I think love looks like. I'll be right back. I'm gonna go check on him.",0.0192637108266353,2.360848338867072e-05,5.75575468246825e-05,0.0735375508666038,0.9070380330085754,3.4091895940946415e-05,4.546541822492145e-05,neutral,0.0541585821138141,0.0929165196193934
1_11021_u,"So, what are you working on these days? I'm studying one-celled organisms to try and find the neurochemicals that lead to the feeling of shame. What would a one-celled organism have to be embarrassed about?",0.0013395358109846,8.537150279153138e-05,0.0020856028422713,0.0001001187556539,0.1652992069721222,0.8306940197944641,0.0003962410264648,sad,-0.8341044111948577,0.8343046487061655
1_11042_u,"but since you seem to be okay with the article being canceled, I have a little confession.
I'm the reason it was pulled. What? How? I sent the editors of the magazine a pretty scathing e-mail. Amy, what did you say? I simply pointed out that they would never consider doing an article ranking male scientists on their sexuality, let alone showing them in various stages of undress.",0.0010238279355689,0.0004208581231068,0.0009183118818327,0.2802519202232361,0.6561156511306763,0.0608133487403392,0.0004560648812912,neutral,0.2170755735423881,0.34342826690408373
1_11046_u,"Red Zinger with one teaspoon of honey. Thank you.
Neat<i> Star Trek</i> mug. I actually have one of the phasers from the original TV show. Oh, cool.
How'd you get that? Oh, easy, Gene Roddenberry needed a vasectomy. Wait a minute.
You've snipped Gene Roddenberry's vas deferens? Yes.",0.0001133575278799,2.0689249140559696e-05,4.595256905304268e-05,0.9961593151092528,0.0035893435124307,3.090236350544728e-05,4.039451596327126e-05,happy,0.995948413399674,0.9963702168188318
1_11051_u,"Ooh.
He was so happy after he passed it, he gave me a Terminator. That is amazing.
How long have you been collecting? Ever since I was a kid, but, uh, I didn't really get serious until William Shatner's bladder infection. What'd you get? What'd you get?",2.1159517928026617e-05,0.0001672637299634,0.0003408550110179,0.9496179819107056,0.0275779236108064,0.0003390339843463,0.0219358652830123,happy,0.9487496696674498,0.9504862941539612
1_11055_u,"A gallant man would defend his fiance for being called a urethra. Can we please change the subject? Well, that didn't go your way. Dr. Lorvis, what are you doing here? Uh, well, actually I came to see you. Really? Why?",0.0051147593185305,3.128311800537631e-05,2.7243082513450645e-05,0.0405138731002807,0.9534559845924376,0.0008333558216691,2.352894443902187e-05,neutral,0.0345072317595622,0.046520514440999125
1_11098_u,"I don't suppose you also brought napkins, clean bowls, utensils and a roll of toilet paper. Right here. You guys are the best. What's with the clothes? Well, with all the new stuff I bought for work, I needed to make room in my closet. I meant why are they folded? 
But whatever. Ooh, what's this? That, believe it or not, is my prom dress.",6.555166328325868e-05,7.24931524018757e-05,0.0001251389767276,0.9667437672615052,0.0297016780823469,0.0003359256661497,0.0029553577769547,happy,0.9661446578029428,0.9673428767200677
1_11120_u,"There's nothing weird going on with me and your mother. Stewie, your bath is getting cold! I got to go, bye. Penny?
Penny.
Penny.
Penny.
Penny. You knocked more than usual.",6.40233265585266e-05,0.0001374407875118,0.0004078384372405,0.0094847027212381,0.987720549106598,9.262163075618446e-05,0.0020928275771439,neutral,0.0087827785391709,0.01018662690330511
1_11177_u,"Okay, why?",7.260511665663216e-06,0.0001018064504023,3.1110710551729426e-05,0.0079615479335188,0.991576611995697,3.25098262692336e-05,0.000289142190013,neutral,0.0077888604346298,0.008134235432407726
1_11201_u,"It's nice they're getting exercise. Although now that I think about it, Leonard would never go swimming in public without his swim shirt. I'm sure he brought it. No, but last year, at Magic Mountain, he got such a bad sunburn, we had to cut him out of it.",1.0026406926044729e-05,6.531594408443198e-05,6.403716542990878e-05,0.9964937567710876,0.0022234746720641,0.0001598380767973,0.0009836046956479,happy,0.99619453917785,0.9967929743643253
1_11224_u,"You heard what he said about his parents. 
It was the little things they kept bottled up. 
I don't want that to happen to us. How can I convince you it won't? Well, is there anything about me you're keeping inside? I'm not answering that. 
It's a trap. So there<i> are</i> things you don't like.",0.0007771772216074,1.1373243978596292e-05,0.0001595080684637,8.179338328773156e-05,0.9984256029129028,0.0004785803903359,6.598465552087873e-05,neutral,-0.001344845541098,0.0015084323076733279
1_11232_u,"And I love that you're strong and independent. And yet, I still love when you hold a door for me. I love that I'm kind of a slob around here, and...
you're okay with that. Uh-huh.",0.005152856465429,5.307423271005973e-05,0.0001191074334201,0.9708351492881776,0.001856270711869,0.021876061335206,0.0001073881867341,happy,0.9436340498214122,0.9980362487549428
1_11236_u,"Wow. I don't know which hurts worse-- my nose or my heart. Well, I'm done speaking to you. Don't be like that. You two need to talk this out. Yeah, 'cause you sound really funny. Sheldon, I'm sorry I didn't tell you about the surgery, but you were worried about nothing.",0.0021304672118276,0.002866945695132,0.039088062942028,0.0009328383603133,0.0003976827138103,0.0128674777224659,0.941716492176056,surprise,-0.0560201152111403,0.0578857919317668
1_11242_u,"I was not panicked, and I am not overly attached to Leonard. You were so worried that you smashed your face trying to check on me.
You love me. Yeah. Tell me those aren't the words of a man with a spider eating its way through his brain. Amy, you're a neuroscientist.
Crack his skull open, spray some Raid in there.",0.004558250773698,3.202627340215258e-05,0.9641934037208556,0.0243389438837766,0.0046864938922226,0.0014806971885263,0.0007102565723471,fear,-0.9459254340727056,0.9946033218402587
1_11243_u,"Yeah. Tell me those aren't the words of a man with a spider eating its way through his brain. Amy, you're a neuroscientist.
Crack his skull open, spray some Raid in there. I love that you take pride in your looks, even when I have to pee in the morning, and you're in there spending an hour on your hair.",0.0039926879107952,5.188111026654951e-05,0.0016704782610759,0.957643985748291,0.0362176075577735,4.285168688511476e-05,0.0003804611624218,happy,0.9518860867792682,0.9634018847173138
1_11253_u,"Who will stand between us and flag ignorance"""" I know I was thinking that.
Is this a show on flags or mind reading? But the truth is I can no longer balance a full-time career, a popular Internet show, and a girlfriend. And he really does have one, you jerks on the comment board.",0.1627677679061889,0.0002111328067258,0.0002303907967871,0.0030639297328889,0.829053521156311,0.0042215683497488,0.000451744563179,neutral,-0.1643669301265617,0.17049478959233952
1_11257_u,"You know, I thought cleaning out a dead professor's office was gonna just be boring, but then I found his dentures and realized it's also gross.",0.0951267108321189,0.0001626785960979,0.0004411014379002,9.194575250148772e-05,0.0201780311763286,0.8839707374572754,2.8858492441941053e-05,sad,-0.9796092825708912,0.9797931740758938
1_11306_u,"Well, that's it. That's the end of Roger Abbott. And we still don't know who framed him. I still keep thinking about how an entire life can seemingly amount to nothing.",0.0008012146572582,0.0002069347392534,0.0186174158006906,0.0002256641018902,0.9336633682250975,0.0367305614054203,0.0097547583281993,neutral,-0.0561304625007323,0.056581790704512705
1_11322_u,"Hey, how are things going with your parents? Not great. They hired divorce attorneys. You know, speaking of attorneys, if I ever needed a lawyer, I would not hire She-Hulk.",0.0004819229943677,9.61390178417787e-05,0.017529783770442,0.0052670524455606,0.9162931442260742,0.0562606714665889,0.0040712100453674,neutral,-0.0691014648036798,0.07963556969480098
1_11378_u,"Okay. On the count of three, I'll shoot the fire extinguisher and get him airborne. Howard, you wave the blanket and guide him towards the exit. Raj, you hold open the curtain so he can fly out.",0.0029385944362729,0.0001612042833585,0.3066290020942688,0.1279662698507309,0.5616169571876526,0.0004810844839084,0.0002068612375296,neutral,-0.1822436154470779,0.43817615514853947
1_11439_u,"This isn't so bad. That's easy for you to say. 
Your chair's not facing the lingerie section. Boy, that's a lot of panties. You guys comfy? This might take a while. You know, I don't understand why women insist on making a big production out of buying clothes.",0.0002640618185978,1.0854145330085885e-05,1.3695773304789329e-05,0.0150467939674854,0.9845847487449646,3.155507511110045e-05,4.8272471758536994e-05,neutral,0.0147266271551416,0.015366960779829176
1_1144_u,"Are you saying that you've been holding back? Of course. Out of respect. So, how do you explain the ten years before Penny? Who were you respecting then? Well, I've dated plenty of women. There was Joyce Kim, Leslie Winkle",1.822842568799388e-05,8.124424311972689e-06,4.898571205558255e-05,0.0155383702367544,0.9843356609344482,1.148913725046441e-05,3.9050755731295794e-05,neutral,0.0154515425374484,0.015625197936060414
1_11485_u,"See, I've got, uh, my tea is at the perfect sipping temperature. Uh, I have fleece-lined boxer shorts to keep my tushie toasty. And then, oh, last but not least, this inspirational cat poster, improved with the reassuring face of physics renegade Richard Feynman.",3.477343125268817e-05,1.6296022295136936e-05,1.6133408280438744e-05,0.9801533222198486,0.0197137612849473,4.62411335320212e-05,1.9441071344772357e-05,happy,0.9800398782244883,0.9802667662152089
1_11526_u,"If I were going to Hawaii, I'd spend all my time at the Keck Observatory.
Did you know that the telescopes there have better resolution than the Hubble? Really?
Want to go to Hawaii? Ladies?
Ladies...
Ladies? Come in. Ladies. What's up?",3.2893731258809566e-05,8.224118937505409e-05,0.0064980844035744,0.0519421435892581,0.9298605918884276,0.0013380678137764,0.0102460542693734,neutral,0.0439908564512734,0.05989343072724276
1_11529_u,"What exactly do you think goes on here? Well...
conversations that you wouldn't be comfortable having in front of the opposite sex. You know, who has the best cervix. Which sanitary napkin is all the rage right now. Men's buttocks, and how you want to pat and squeeze them. We were talking about Penny's job.",6.502778705907986e-05,3.160583946737461e-05,0.0002670477551873,0.000878692662809,0.9984110593795776,0.0002291028795298,0.000117438219604,neutral,0.0002859084015653,0.0014714769240525545
1_11609_u,"Do you really want him to write back? Yeah, I do. No matter how he responds, I am going to destroy him with a picture of a bored cat saying, ""Oh, really?"" Me-wow.",0.000292448879918,2.067368222924415e-05,4.743562385556288e-05,0.033695749938488,0.9657148718833924,2.531830978114158e-05,0.0002033769414993,neutral,0.0333098734427039,0.03408162643427195
1_11697_u,"Can you please just let it go? Oh, I can help you with that. Imagine you're holding an ordinary pen. While your favorite pen is safe and secure in your pocket. Hold that thought. Hello? How can I make this up to you?",3.1050156394485384e-05,1.998013067350257e-05,6.662997475359589e-05,0.9273526072502136,0.0689633935689926,0.0035390392877161,2.737335307756439e-05,happy,0.923695907700676,0.9310093067997514
1_11699_u,"Hold that thought. Hello? How can I make this up to you? The answer's in this puzzle box. 
Let's see if you can open it. You could have at least warned him about the furniture. That's what I said when we moved it. You helped him?!",4.810648169950582e-05,5.156174665899016e-06,3.293454574304633e-05,0.0011866850545629,0.9986079335212708,2.3410193534800783e-05,9.565164509695025e-05,neutral,0.0010770776589197,0.001296292450206152
1_11723_u,"Oh... then I choose a janitor.
'Cause I'm about to throw up. I'm in love.
Let's do something else. Ooh, uh, Emily gets off work soon.
Why don't the four of us go out? Okay. Sounds good. Should we call Howard and Bernadette? I don't know what time their plane gets in, but let me, let me shoot them a text. Did he say anything about the funeral?",0.000415412010625,0.0002556169347371,0.0016368542565032,0.9801477193832396,0.0010757944546639,0.0041407104581594,0.0123279867693781,happy,0.9736991257232148,0.9865963130432643
1_11736_u,"Mr. and Mrs. Wolowitz? As far as I can tell, your bag arrived in Los Angeles. So, where is it?",8.12920116004534e-05,4.3916945287492126e-05,0.0008176835835911,0.0001552501053083,0.9975990653038024,0.0008887272560968,0.000414119742345,neutral,-0.0016763696912676,0.0019868699018841455
1_11773_u,we decided that the time was right to take a step forward. Okay. Do you want to say it? Let's say it together. We're getting a turtle!,8.953706856118515e-05,0.0005954488879069,0.0042345132678747,0.4396393299102783,0.5365811586380005,0.0002546167816035,0.0186054315418005,neutral,0.4344652139043319,0.4448134459162246
1_1180_u,"Yeah, sure. I don't like bear claws. Hey, Penny. Dumbass. Leslie Winkle. Of all the overrated physicists in all the labs in all the world, why does it have to be Leslie Winkle? They have a lot in common. I mean, they're both scientists.",0.9864985942840576,0.0002292549179401,0.0002372156159253,0.0001616124791326,0.0127515280619263,3.77597170881927e-05,8.405593689531088e-05,angry,-0.9868412120558788,0.9871644370141438
1_1185_u,"I'm sorry about all of Sheldon's interruptions.
He can be a bit of an eccentric. If by ""eccentric"" you mean passive-aggressive East Texas blowhole, I agree.",0.3885622322559356,0.000761057017371,0.0079909339547157,0.5081667304039001,0.0061149410903453,0.0880889818072319,0.0003150913980789,happy,0.0227635253686457,0.9935699354391544
1_11885_u,"Glad you guys could make it. Of course. Wow, it looks really pretty in here.",3.541866681189276e-05,4.286238981876522e-05,0.0001147534130723,0.9988356232643129,0.0001801539037842,0.0001053060623235,0.0006860017310827,happy,0.9985372827322864,0.9991339637963393
1_11889_u,"Hi. Hello. Oh, and a special hello to Leonard, who needs to be mentioned by name. Subtle. But you got it, right? Hey, guys. Hey. Hi. Hello. I just want everyone to know, uh, tonight's not a sad occasion.",0.0001864051300799,3.5990939068142325e-05,7.874987932154909e-05,0.0078558232635259,0.9733889102935792,0.0183942373842,5.998842243570834e-05,neutral,-0.0108395600691437,0.02655120659619549
1_1189_u,"That's enough. Call me. Right. Okay, good night. What? Had a great time. Ciao.",6.962587212910876e-05,3.953509440179914e-05,0.0009776013903319,0.9950266480445862,0.0020952944178134,0.0013316818512976,0.0004596464859787,happy,0.9926082038364256,0.9974450922527466
1_11901_u,"I don't believe it matters what the topic is. What's crucial for a salon is that we conduct the discussion in an elevated and insightful way. 
It's all about the execution. Of course you'd focus on that rather than the inspiration. Uh, new salon topic.
What's more important, an idea or its execution? Oh, that's fun.",0.000243410540861,3.953643681597896e-05,0.0007764503825455,0.9939934611320496,0.0036648719105869,8.37901679915376e-05,0.0011984481243416,happy,0.9928502736038354,0.9951366486602635
1_11913_u,I don't think I've eaten that much in my entire life.,0.0018627743702381,0.0017557010287418,0.0007375348359346,0.0527674593031406,0.0683396235108375,0.0508115142583847,0.8237253427505493,surprise,-0.0024000651901587,0.10793498379643979
1_11924_u,"So, I put stickers on everything we're gonna sell.
We just need help taking it all out to the driveway. Can I be in charge of pricing?
I've been going to garage sales my whole life. Can you believe I got these pantyhose for a nickel?",0.0002170779189327,1.5862544387346134e-05,0.0011004322441294,0.0038931532762944,0.9939529299736024,0.000796511711087,2.408901127637364e-05,neutral,0.0017632688577577,0.006023037694830846
1_11928_u,"All right, Amy's in charge of pricing and being 75. Hey, Penny, can you give me a hand with this? Sure. Aw, we had one of these growing up. I used to play all the time. Oh, yeah? I love Ping-Pong. Oh, I meant beer pong. I had a table, too, but I didn't have any friends, so all I did was serve. You know, you can leave one side up and play against it.",0.0002380281221121,7.149817975005135e-05,0.0010553487809374,0.4215176105499267,0.5747451782226562,0.0003098695015069,0.0020624552853405,neutral,0.4198428659656201,0.42319235513423314
1_12002_u,"It's not like I was invited to Richard Feynman's house and have anything better to do. Is this how the rest of the night's going to be? I don't know the future. Do you think there's a chance that an asteroid could hit the Earth, destroying Feynman's house and everyone in it? No, Sheldon.",0.0001223076978931,2.437900002405513e-05,0.0003234817704651,0.0003400302666705,0.9982749223709106,3.7999521737219766e-05,0.0008769538835622,neutral,-0.000168137723449,0.0008481982567899748
1_12083_u,What's going on in here? I am making molecular cocktails. This sphere is actually a cosmopolitan. How do you drink it?,0.0003116426814813,1.759779843268916e-05,0.0001202921484946,3.495113560347818e-05,0.9994316697120668,1.941905793501064e-05,6.44657775410451e-05,neutral,-0.0004340005507401,0.000503902821947078
1_12202_u,"Leonard, what time does your mom's plane get in? I don't know-- some time tomorrow morning. Don't you want to know for sure?",0.0003112867416348,2.117928852385376e-05,0.0010048378026112,0.0002294017467647,0.9981179237365724,0.0001288736821152,0.0001866257662186,neutral,-0.0012367757681204,0.0016955792616497535
1_12275_u,"I don't want to rush you, but I'm closing a little early tonight. Ooh. Hot date?",0.0001539308577775,1.6454185242764652e-05,0.0001026686368277,0.0003176290192641,0.9993755221366882,1.2324543604336212e-05,2.1563204427366145e-05,neutral,3.225079581170576e-05,0.0006030072427164009
1_12320_u,"Okay. Well, then it's settled: small indoor church wedding, black-tie, no butterflies. Sounds perfect. Great. You still didn't pick a date. Stay out of it! Shut up!",0.0037477347068488,2.192772080888972e-05,5.530226189875975e-05,0.9944360256195068,0.0011373625602573,0.0005414882325567,6.014946484356187e-05,happy,0.9900695726973936,0.99880247854162
1_12331_u,"Stuart: It's just my dad, probably calling to wish me a happy birthday. I'll call him back. You were saying? Look, Raj, be honest with me. If you want to end things, just do it. Don't expect me to do it for you. End things? I'm trying to tell you that I love you. Happy birthday to you.",0.0121656470000743,0.0001248620828846,0.0138153070583939,0.7684684991836548,0.1123708188533783,0.0921940803527832,0.0008608354837633,happy,0.6501686026895186,0.8867683956777908
1_1262_u,"Leonard, this is Tom. Hi, Tom. Sheldon? Didn't I explain to you about your little mistake in the cafeteria?",3.935864151571877e-05,3.154428850393742e-05,0.0023263168986886,0.0004929954302497,0.996155083179474,0.0007333426619879,0.0002214119012933,neutral,-0.0026375670604465,0.003623557920945856
1_1296_u,"They're going to digitally add a supernova.
They say it's the perfect metaphor for my incandescent talent. Right, a ball of hot, flaming gas that collapses upon itself. Excuse me. Oh, it's my assistant, Trevor. Go for Koothrappali.",8.598605199949816e-05,0.0001068066630978,0.0002600622246973,0.7000759243965149,0.2990972697734833,0.0002498210524208,0.0001242228900082,happy,0.6993732484042994,0.7007786003887303
1_1466_u,"Excuse me, Dr. Cooper. I'm Kathy O'Brien. I just finished reading your paper reconciling the black hole information paradox with your theory of string-network condensates, and it just took my breath away.",0.0013679235707968,0.0004289908974897,0.2087661474943161,0.2534655034542084,0.4760850965976715,0.0035610736813396,0.0563252754509449,neutral,0.039341367810266,0.4675896390981506
1_1470_u,"Hey, guys, I need to use your TV. What's wrong with your TV?",0.000263685680693,4.26488186349161e-05,0.0001774380361894,3.850031498586759e-05,0.9994016885757446,6.042232416803017e-05,1.5585752407787368e-05,neutral,-0.0005056945446995,0.0005826951746712138
1_1478_u,"Did I miss anything? Did they kick Giselle off? Not yet, but her underwater photo shoot was an embarrassment.",0.0001336880231974,8.166894258465618e-05,0.0020787799730896,7.456906314473599e-05,0.0089411307126283,0.9881717562675476,0.000518410175573,sad,-0.9903913241432748,0.990540462269564
1_1484_u,"Who touched my… Penny! Penny did it. Why would you do that? I don't know. I was hungry?
What's the big deal?",0.0004290669166948,9.560528269503266e-05,0.0006912924000062,2.230382051493507e-05,0.9982524514198304,0.0001300525909755,0.0003790908376686,neutral,-0.0013237133698567,0.0013683210108864678
1_1549_u,"Will you at least stipulate that Star Trek IV: The Voyage Home is inarguably the best? I have three words for you: Wrath of Khan. Thank God, you're here. What's the emergency? I got the Mars Rover stuck in a ditch. Where?",5.962819341220893e-05,3.895408372045495e-05,0.0004786025092471,0.2667115926742553,0.73260897397995,4.989563603885472e-05,5.24259485246148e-05,neutral,0.2660845122518367,0.2673386730966739
1_1560_u,"So my friend Leonard is gonna take you home. Okay. Let's go, friend Leonard. I'll call ya. So are you a scientist like Howard? No one's a scientist like Howard. My mother is so gonna love her.",0.0004847403906751,0.0002668533415999,0.0549398064613342,0.0739364102482795,0.8689076900482178,0.0002283601643284,0.0012360842665657,neutral,0.0180166498903417,0.1298561706062171
1_162_u,"On the other hand, no arousal. None? None. Thank you for your time. Thank you. None at all?",0.0004196205700282,5.521758794202469e-05,3.814017691183835e-05,0.9629392623901368,0.0364946648478508,2.9854483727831397e-05,2.314604898856487e-05,happy,0.9623964295715268,0.9634820952087467
1_1627_u,"So, we're all standing around looking at the post-op X ray and there it is, clear as day, right in the guy's chest cavity...one of my earrings. Oh, my God, what did you do?",0.1484005749225616,0.0021265966352075,0.0928810909390449,0.0001255607203347,0.4241934418678283,0.2806381583213806,0.0516346134245395,neutral,-0.52392086009786,0.5241719815385293
1_1638_u,"What, Sheldon? What, Sheldon?! What, Sheldon?! Tell me what you see here.",0.0001013535656966,6.371109338942915e-05,0.0005934811197221,9.81723060249351e-05,0.9971621632575988,8.097551472019404e-05,0.0019001303007826,neutral,-0.0007413489875034,0.0009376935995532584
1_1666_u,"it will establish you as the ""alpha"" male. You see... when a female witnesses an exhibition of physical domination, she produces the hormone oxytocin. If the two of you then engage in intercourse, this will create the biochemical reaction in the brain which lay people naively interpret as ""falling in love."" Huh",7.431773701682687e-05,5.031645196140744e-05,4.325998452259228e-05,0.0198152530938386,0.9798768162727356,5.148079435457476e-05,8.856079512042925e-05,neutral,0.0195958781259832,0.020034628061694003
1_1678_u,Can you open this for me? Can I see your stitches? Sure.,1.0356237908126786e-05,6.85907843944733e-06,1.5383244317490608e-05,0.0057075074873864,0.9942458271980286,4.639623966795625e-06,9.45336705626687e-06,neutral,0.0056702693027546,0.00574474567201826
1_1722_u,What are you doing here? Hang on. 130 over 80. It's a little high. We can attribute that to the stress of sneaking past the security desk. Where did you get the stethoscope and the blood pressure cuff?,3.412786463741213e-05,0.0001703424350125,0.0021353177726268,0.0082500167191028,0.976866900920868,0.000264449219685,0.0122789209708571,neutral,0.0056457794271409,0.010854254011064513
1_1732_u,Oh no What?,0.0003323940327391,0.0003566774830687,0.0006606152164749,0.0004498421039897,0.973893940448761,0.0001609146856935,0.0241456199437379,neutral,-0.0010607593139866,0.0019604435219659003
1_175_u,"Oh, good Lord. God, that's a good song.",0.0003975098952651,0.0016382341273128,0.0006857480038888,0.973995566368103,0.0001392165577271,0.0034480940084904,0.0196956284344196,happy,0.9678259803331456,0.9801651524030601
1_1772_u,"There are always do-overs when my people play sports. Where were you that's more important than Wii bowling night? Actually... It's rhetorical.
There is nothing more important than Wii bowling night. Come on, it's just a video game. And we suck at it. Nice motivational speech from the team captain. Where were you?",0.0013279221020638,4.516095214057714e-05,0.0001319036964559,0.6331979036331177,0.3626738786697387,0.0013953376328572,0.0012279615039005,happy,0.6302975792496,0.6360982280166351
1_1798_u,"You're kidding. You've got lotions and bath oils and soaps. That's the estrogen hat trick. What it is is a cacophonous assault of eucalyptus, bayberry, cinnamon and vanilla. It's as if my head were trapped in the pajamas of a sultan.",0.0001248461630893,0.0009380049305036,0.0031956455204635,0.0180343985557556,0.5249394774436951,0.0018246646504849,0.4509429931640625,neutral,0.011951237291214,0.0241175598202969
1_1803_u,"Leonard. Come, join us. Hey, Dave.
And Penny, what a surprise. Dave was just showing me around the university. This place is unbelievable! I know, I've been offering to show you around for a year and a half. You always said you had yoga. I never said that.",2.580663021944929e-05,0.0003596093738451,0.0024453892838209,0.0031841068994253,0.0050157592631876,0.0002658244920894,0.988703429698944,surprise,8.747711945034098e-05,0.006280736679400149
1_182_u,How do I look? Could you be more specific? Can you tell I'm perspiring a little?,9.194364974973725e-05,7.876114977989346e-06,0.0001152794066001,0.000185721728485,0.9994792342185974,0.0001091807935154,1.0807762919284867e-05,neutral,-0.0001385582363582,0.0005100016933282266
1_1931_u,Where are we going? You're driving me to the mall. I'm going to acquire a book that summarizes the current theories in the field of friend-making.,3.40567494276911e-05,4.303780588088557e-05,0.0001772383839124,0.0016695033991709,0.9980401396751404,1.1379200259398203e-05,2.467800186423119e-05,neutral,0.0014037912596904,0.001935215538651275
1_1973_u,"Ask me why. Do I have to? Of course. That's how you move a conversation forward. Why? The learning opportunities would be abundant. Additionally, I like having my belly scratched.",4.316454214858823e-05,2.2811957023805007e-05,4.510422877501696e-05,0.0458225570619106,0.9537391662597656,1.1612792150117455e-05,0.0003156586608383,neutral,0.0456998635418131,0.04594525058200813
1_1987_u,"Hey. Hey. A little mood lighting, huh?",1.936575426952913e-05,0.0007105982513166,0.0001109059594455,0.0412361063063144,0.864882230758667,0.001302606309764,0.0917381569743156,neutral,0.0390926300315186,0.04337958258111002
1_2075_u,"Say what? That's basically what I just said. You brought your husband to work. You know the rules. Mesa thinking yousa looking pretty sad now too, betcha, betcha. Leonard, it's 1:00. Weren't you going to show me your laboratory at 1:00?",0.0005086823366582,0.0002202432660851,0.0043604327365756,0.0017209009965881,0.8176832795143127,0.1670306473970413,0.0084759285673499,neutral,-0.1703991047397721,0.1738409067329483
1_2119_u,"but wait to be captured or killed. That's the worst part, the waiting. All the while knowing that there's a paint pellet out there with your name on it. The big wet ball of death.",0.0536521263420581,0.0168680101633071,0.2247395664453506,0.000283699017018,0.1422579884529113,0.5618444085121155,0.0003541499318089,sad,-0.8568204124458134,0.8573878104798492
1_213_u,"You know, I am not going to enjoy this party. I know, I'm familiar with you. The last department party, Professor Finkleday cornered me and talked about spelunking for 45 minutes. Yes, I was there. You know what's interesting about caves? What? Nothing. Then we'll avoid him, we'll meet the new department head, congratulate him, shake his hand and go.",0.0029367266688495,5.0029560952680185e-05,0.9777581095695496,0.0027131501119583,0.0134651530534029,0.0021856401581317,0.0008911740151233,fear,-0.9802173558455252,0.9856436560694417
1_2198_u,"See, by attaching RFID tags to my clothing, it will enable my laptop to read and identify the items with this wand. I will then cross-reference them against destination, anticipated activity spectrum, weather conditions, duration of trip, et cetera. That does sound much simpler. How long is this going to take?",1.6165982742677443e-05,2.162983400921803e-05,0.0004399961908347,0.0035636920947581,0.9954490065574646,6.267036951612681e-05,0.0004468648112379,neutral,0.0030232297176553,0.004104154471860823
1_2216_u,"Unlike you, I can actually talk to women when I'm sober. You fail to take into account that even mute, I am foreign and exotic, while you, on the other hand, are frail and pasty. You know the old saying, ""Pasty and frail never fail.""",0.0050045289099216,8.590403012931347e-05,0.0001467948895879,0.0103753777220845,0.6126410961151123,0.3716733455657959,7.294244278455153e-05,neutral,-0.3665351956733502,0.38728595111751923
1_2354_u,"They're here. Stay calm. We don't know anything about them yet. What are you doing? I'm checking for musical instruments. Does that sound like castanets to you? The box says ""kitchen.""",9.463547758059576e-05,1.1365775208105331e-05,0.0001394924038322,0.0014662839239463,0.9982239603996276,2.768724243651377e-06,6.155470327939838e-05,neutral,0.0012180215430817,0.0017145463048108525
1_2361_u,Thanks so much for helping me.,6.271473102970049e-05,0.0001585769641678,0.0002261152985738,0.998748540878296,0.0004112553433515,0.0001528268039692,0.0002399218064965,happy,0.9981483070805552,0.9993487746760364
1_2420_u,"Or pick out his career for him without knowing his aptitude. Or pick out a new breakfast cereal without knowing his fiber requirements. Or his feelings about little marshmallows. Spider-Man. Get him Spider-Man. Amazing Spider-Man, Ultimate Spider-Man, Spectacular Spider-Man, The Marvelous Adventures of Spider-Man, Spider-Man 2099? Leonard",7.859516335884109e-05,2.7700096325133927e-05,4.6845234464854e-05,0.0001717175764497,0.9993365406990052,7.973120227688923e-05,0.0002588163770269,neutral,-6.11541199759813e-05,0.00040458927287541824
1_2423_u,"Everybody's staring at me. Don't worry, they're more scared of you than you are of them. Unlikely. Here, what about this one for my nephew? A superb choice. Oh, great.",0.0014406045665964,0.0002081184211419,0.985993504524231,0.0102041373029351,0.0013076760806143,0.0001359480229439,0.0007100879447534,fear,-0.9775740382319782,0.9979823128378483
1_2464_u,"Come on. I think it's nice that Captain Sweatpants showed up to your art opening. Yeah, it would have been nicer if he hadn't touched all the cheese. You know, it's kind of early.
Do you want to maybe come in for some coffee? Gee, it's a little late for coffee, isn't it?",8.981829887488857e-05,0.0001286461192648,0.00020338059403,0.7214110493659973,0.2695004045963287,0.0012250385480001,0.0074416412971913,happy,0.7197641658058274,0.723057932926167
1_2575_u,"This thing has to hold up against a hearty potato-based diet. I feel terrible Maybe if you were helping, you'd feel better about yourself. I deliberately tried to sabotage Stuart's date with Penny. Of course you feel terrible. You completely screwed up your karma.",0.0055164783261716,0.0032245782203972,0.0040447348728775,0.0001645551819819,0.0353057272732257,0.9512750506401062,0.0004688809567596,sad,-0.9638962868775708,0.9642253972415344
1_2580_u,"It's actually a very elegant system. You know, what goes around comes around. Speaking of what goes around comes around... Okay, look. Instead of trying to reinforce this structure here, what if we just ran another line, bypass it entirely? It won't work. The diameter of the tubing is insufficient. What if we reposition the collection tank? It won't work. No way to mount it.",0.0013700475683435,4.501130752032623e-05,4.810525570064783e-05,0.9363402724266052,0.0620063506066799,0.0001044688469846,8.576506661484018e-05,happy,0.934772639448056,0.9379079054051542
1_2614_u,"You went to President Seibert's house in the middle of the night? He didn't respond to my e-mail, his phone number is unlisted. Tell me what my other option was. You could have waited until morning. I know, look who I'm talking to. Do you remember the grant proposal I submitted to the National Science Foundation to detect slow-moving monopoles at the magnetic North Pole?",0.0048576011322438,0.0001432764693163,0.0097612841054797,3.433005986153148e-05,0.980905532836914,0.0026393688749521,0.0016585504636168,neutral,-0.0173672005221305,0.01743586064185343
1_2616_u,"Of course not. I'm a theoretical physicist.
A career I chose in no small part because it's indoors, but if I'm able to detect slow-moving magnetic monopoles there, I will be the scientis to confirm string theory. People will write books about me. Third-graders will create macaroni-art dioramas depicting scenes from my life.",2.4691173166502267e-05,2.917705569416285e-05,3.945099888369441e-05,0.0422586351633071,0.9571681022644044,0.0001471522264182,0.0003327616723254,neutral,0.0420181637091445,0.04249910661746966
1_2664_u,"I don't think I can go to the North Pole. I know you're concerned about disappointing me but I want you to take comfort from the knowledge that my expectations of you are very low. Yeah, that's very comforting. Comforting is a part of leadership.
It's not a part I care for, but such is my burden.",0.0001627572928555,0.0001355877466266,0.3658457994461059,0.0275450497865676,8.135996904456988e-05,0.6047735214233398,0.0014559272676706,sad,-0.9433726161223605,0.9984627156954955
1_2669_u,"What time is it? It's 7:00 a.m. I'm sorry it's early, but we're leaving soon, and I needed to talk to you.",0.0002540422719903,0.0008256072178483,0.0417850650846958,0.0258381590247154,0.7982041239738464,0.1279225796461105,0.005170480813831,neutral,-0.1449491351959295,0.1966254532453603
1_276_u,"He switched over to high-energy radiation research, had a little mishap, and now the other guys are uncomfortable sitting next to him. You're in? Yeah, sure, why not? Great, we rehearse on Tuesdays at your place. Why at my place? Department of Energy said our regular space is kind of a hot zone. Nice meeting you. Yeah, you, too.
Leonard, I didn't know you played the cello.",2.777168992906809e-05,1.9515800886438228e-05,0.0011022111866623,0.0056114052422344,0.9929352402687072,0.0002760579518508,2.78454135695938e-05,neutral,0.0041858486129058,0.007036961871563006
1_2778_u,"Don't push me, Sheldon.
I may be small, but I took kung fu when I was 13, and I remember a good deal of it. Oh, really? Well, I grew up with an older brother and a very contentious twin sister. And I believe I could easily best you in any physical confrontation-- be it noogies, swirlies or the classic ""Why are you hitting yourself?""",0.6760260462760925,5.65039117645938e-05,0.0002857451618183,0.0942610055208206,0.2290152907371521,0.0002388048014836,0.0001166493020718,angry,-0.5823460946303385,0.7708681056719797
1_2792_u,"like Mrs. Riley' s chicken. What's Mrs. Riley's chicken? A chicken that was owned by Mrs. Riley. Okay, forget the chicken. Well, I wish I could. No, no. You may be right about me and Leonard. Of course I'm right What are the odds I'd be wrong twice in one week?",0.0005365867400541,0.0004648673639167,0.0046606152318418,0.1254912465810775,0.8589524030685425,0.0002613591495901,0.0096329869702458,neutral,0.1195678180956747,0.13141467506648022
1_2797_u,"It's oatmeal day. Tell you what, next French toast day, I'll make you oatmeal. Dear Lord, are you still going to be here on French toast day? Morning. Look, Leonard, Penny made French toast. Sorry, I haven't given her your schedule yet.",0.0003899834118783,0.0004678627592511,0.0868469923734664,0.0490542463958263,0.3048936724662781,0.5246121883392334,0.033735055476427,sad,-0.563262780488003,0.6613712732796555
1_2819_u,"Howard, what did you do? They're called tattoo sleeves. Look. I got them online. Raj got a set, too. Fantastic, right? Put them on, have hot sex with some freaky girl with her business pierced, take them off, and I can still be buried in a Jewish cemetery.",0.0012206290848553,9.677287744125353e-05,0.0001947003329405,0.0012799825053662,0.9959088563919068,0.0009231201256625,0.0003758625825867,neutral,-0.0011552399155334,0.0037152049262657535
1_2830_u,"I think we're fitting in quite nicely. It'd help if you weren't drinking light beer. What's so gothic about vodka and cranberry juice? Hello? It looks like blood. Did you even read the ""Wiki how"" link I sent you on being Goth?",0.0005685674841515,2.698813113966025e-05,3.442202432779595e-05,0.7114136219024658,0.2879237830638885,1.0915458005911203e-05,2.174818109779153e-05,happy,0.7107727288048409,0.7120545150000906
1_2837_u,"You'll never guess who they got to replace you at work. Okay, I know what you're doing. Really? Yes, you're using chocolates as positive reinforcement for what you consider correct behaviour. Very Good.",0.0018700475338846,6.580238550668582e-05,0.0007194303907454,0.9878580570220948,0.0084255104884505,0.0002519710105843,0.0008091979543678,happy,0.9849508057013736,0.9907653083428158
1_2842_u,"So, what do you guys do?",3.0824856366962194e-05,1.883584991446696e-05,2.1697198462788947e-05,0.0001675072271609,0.999657392501831,3.980896508437581e-05,6.404118175851181e-05,neutral,5.634035733237397e-05,0.0002786740969894939
1_2853_u,"My God, she didn't! What could she possibly be talking about for so long?",0.0001662925933487,0.0011068487074226,0.0003353463253006,0.0001682234142208,0.0083343302831053,0.0025262867566198,0.9873627424240112,surprise,-0.0039665509684709,0.004302997796912501
1_3064_u,When are you going to stop making Cylon toast?,1.2671083823079243e-05,3.230615038773976e-05,4.6942273911554366e-05,0.0006117888842709,0.9991334080696106,2.2605307094636373e-05,0.0001403331116307,neutral,0.0004972640690539,0.0007263136994879098
1_3069_u,"Am I correct in assuming that your attempt to be accepted by Penny's peers is based on your desire to ensure your continuing mating privileges with her? Well, I wouldn't put it exactly that way. How would you put it? Yeah, okay, like you said.",6.135980947874486e-05,1.1923560123250354e-05,1.8486971384845677e-05,0.0006413103546947,0.9992048144340516,4.8301841161446646e-05,1.384846564178588e-05,neutral,0.0005012381725464,0.0007813825368429876
1_3125_u,"Let me ask you something. Do you think it's okay for Penny to have an ex-boyfriend sleep on her couch? No, I mean, she's obviously way out of line. Thank you!",0.0300364457070827,7.64030555728823e-05,0.0002125625032931,0.7104305624961853,0.2590460479259491,0.0001120757224271,8.590849756728858e-05,happy,0.6799930755078094,0.7408680494845611
1_3177_u,"We did it. We have the west coast feed of hbo. Ooh,real sex. Big deal. Every time I watch that show, it's old women putting condoms on cucumbers. All right,let's see what's on the east coast feed. Dune.",0.0054158926941454,6.896769627928734e-05,0.0010879482142627,0.0016340899746865,0.9905526638031006,0.000381670135539,0.0008587705087848,neutral,-0.0053203887655399,0.008588568714912889
1_3204_u,"Anything? No. that was the last pudding cup. No! What about slim jims Thats what he used to eat his pudding, remember?",8.944535511545837e-05,7.296865078387782e-05,0.000112285844807,0.0001765310007613,0.9988396763801576,0.000109914697532,0.0005991577054373,neutral,-0.0002080835474771,0.0005611455489996362
1_3256_u,"So nice you could join me this evening. You're looking lovely as always. Thanks, Howard.  Always nice to be part of your masturbatory fantasies. Come on, Katee. Don't make it sound so cheap.",0.0011833368334919,6.0409012803575024e-05,0.0001215029406012,0.9979758858680724,0.0004068443377036,0.0001878744951682,6.410985224647447e-05,happy,0.9964227625860076,0.9995290091501373
1_3259_u,"Thank you. So, shall we get started? Sure.
But can I ask you a question first? Do you want to play Cylon and colonist? I want to know why you're playing make-believe with me when you could be out with a real woman tonight. You mean, Bernadette?",5.920095645706169e-05,4.403282218845561e-05,0.0001849506807047,0.9908349514007568,0.0086143286898732,0.000112711219117,0.0001498120400356,happy,0.9904340557222896,0.9912358470792241
1_3287_u,"I told my girlfriend Bernadette she could join us for dinner. Sure. The more, the merrier. Wa- no, that's a false equivalency. More does not equal merry. If there were 2,000 people in this apartment right now, would we be celebrating?
No, we'd be suffocating. Sheldon... Don't ""Sheldon"" me. We ordered for five people, not six. Oh, come on, it's fine. We'll just put it all on the table, you know, family style.",0.16658616065979,9.898902499116956e-05,0.0023063460830599,0.824622392654419,0.0052463696338236,0.0004453017900232,0.0006944336928427,happy,0.6551855950965546,0.9940591902122833
1_3293_u,"I am.
Are you interested in physics? Oh, I find it fascinating. If I hadn't gone into microbiology, I probably would have gone into physics.
Or ice dancing. Actually, my tests of the Aharonov-Bohm quantum interference effect have reached an interesting point. Right now, we're testing the phase shift due to an electric potential. That's amazing. Yes.",1.7712063709041104e-05,0.0001507919223513,0.0023215417750179,0.9346914291381836,0.0501954592764377,0.0001116659186664,0.0125113697722554,happy,0.9320897174584388,0.9372931408179282
1_3333_u,"That's why Leonard does it. Okay, I just have one question. What exactly are sub-atomic particles? A good question. Thank you. And to answer it, we first must ask ourselves: ""What is physics?"" Oh, balls. It's a warm summer evening in ancient Greece.",5.263815546641126e-05,9.895383846014738e-05,0.0016022713389247,0.931319296360016,0.0653348788619041,3.413777085370384e-05,0.0015579632017761,happy,0.9295312952563108,0.9331072974637209
1_3348_u,"Should I give him another chance? It's up to you. He didn't call your experiment stupid. Come here, tushy face. ""Tushy face. "" That is going on twitter right now.",8.755685848882422e-05,1.0896643289015628e-05,5.36500992893707e-05,0.0129245882853865,0.9868573546409608,1.5300660379580222e-05,5.074787259218283e-05,neutral,0.0127571840239397,0.01309199254683329
1_3371_u,"Thank you for driving me back to my hotel. Oh,it's not a problem.",6.825613672845066e-05,4.551749589154497e-05,9.804963337955996e-05,0.9989266991615297,8.287214586744085e-05,0.000739959301427,3.8531154132215306e-05,happy,0.997974916594103,0.9998784817289562
1_340_u,"And I cannot believe people pay for horoscopes, but on a more serious note, it's 8:13 and we're still not playing Halo. Fine. We'll just play one-on-one until he gets back. One-on-one? We don't play one-on-one. We play teams, not one-on-one. One-on-one. The only way we can play teams at this point is if we cut Raj in half.",0.357027530670166,0.0002735582529567,0.0102213742211461,0.0055986987426877,0.4896338582038879,0.0037306312005966,0.1335143893957138,neutral,-0.3656543956021778,0.3768517930875531
1_3419_u,"So, what should we talk about? Well, we could always learn more about why people who believe in psychics are idiots. Leonard?",0.5343634486198425,8.233924017986283e-05,0.0012821976561099,0.0230770949274301,0.4407781958580017,5.366886762203649e-05,0.0003629953134804,angry,-0.5127045594563242,0.5588587493111845
1_3476_u,My new computer came with Windows 7. Windows 7 is much more user friendly than Windows Vista. I don't like that.,0.9936566948890686,0.0001476547913625,0.0001742534950608,0.0006350589683279,0.0051627960056066,0.0002071100170724,1.648508623475209e-05,angry,-0.9935506542242364,0.9948207721608923
1_3545_u,"There's a 39.95 lover's special at P.F. Chang's. Egg rolls, dumplings, bottomless wok, and you get your picture taken on the big marble horse out front. Given that Saint Valentine was a third century Roman priest who was stoned and beheaded, wouldn't a more appropriate celebration of the evening be taking one's steady gal to witness a brutal murder?",9.468976350035518e-05,5.11109510625829e-06,4.118354263482616e-05,0.000297217426123,0.9995007514953612,5.144257374922745e-05,9.524789675197098e-06,neutral,0.0001047904511324,0.000489644401113667
1_3573_u,Hello. Hello Alright dispense with the friendlt banter I believe you know why I'm here.,0.0001203282081405,7.416443986585364e-05,9.450496872887015e-05,0.0066984486766159,0.9926827549934388,0.000118610325444,0.0002111934300046,neutral,0.0062908407344366,0.007106056618795123
1_3599_u,"That's a great idea. I'm going to get him to sign a Batman as well. What is it about the word ""unique"" you don't understand? Damn, paper cut. Nothing worse than a paper cut. Well, obviously you don't remember your circumcision. There's Neosporin and Band-Aids in my top desk drawer.",0.0005334907909855,7.31159743736498e-05,0.0001014085355564,0.9947615265846252,0.0043794601224362,5.83745822950732e-05,9.263728861697018e-05,happy,0.9939951367014146,0.9955279164678359
1_3649_u,"Hi. I'm Penny. This is my friend, Sheldon. We're not friends at the moment. Depends on how this goes. Right, right. Anyway, Sheldon here is a huge fan of yours, and he was supposed to meet you the other day at the comic book store, but he kind of ended up in jail. I see. And you thought you'd just come over to my house uninvited? You said we were invited.",0.003324958262965,2.392731585132424e-05,0.0003174399898853,0.0004826974181924,0.9955332279205322,0.000219506691792,9.808664617594332e-05,neutral,-0.0034031348423013,0.0043685296786860235
1_3660_u,"Leonard, what do the two of you talk about after the coitus? My guess is, ""Hey, four minutes! New record!"" That's why I'm the funny one. Anyway, we followed the guy to this garage sale, and they had the coolest stuff. They were closing up. We got this whole box for 60 bucks. We didn't even get to go through it all. There could be anything in here.",3.8416699680965394e-05,0.0012114536948502,0.0025431087706238,0.3273868560791015,0.0029388286639004,0.0004890742129646,0.6653922200202942,surprise,0.3231048027009819,0.3316689094572211
1_3707_u,"Hey, Sheldon. I was up in the administration office, and I happened to overhear the name of the winner of this year's Chancellor's Award for Science. And you want to rub my nose in the fact that my contributions are being overlooked again? I am the William Shatner of theoretical physics. All right, I'll play. What self-important, preening fraud are they honoring this year?",0.9466328620910645,1.5181480193859898e-05,0.0004784866177942,0.0005719116306863,0.0318862833082675,0.0203643441200256,5.083871656097472e-05,angry,-0.9669189626783918,0.9680627859397644
1_3766_u,"I honestly don't care. Really? Because every time we've talked about unusual animal genitals, you've always had some pretty strong and controversial opinions. What do you want from me? I just don't give a rat's ass. Would that be a giant rat's ass? For the record, giant rats are possible.",0.0745664834976196,7.728139462415129e-05,0.0005035027861595,0.0607854686677455,0.8638120293617249,9.25193089642562e-05,0.0001627589081181,neutral,-0.0144543183196219,0.136025255655113
1_3837_u,"Oh, there it is: now that you don't have a girlfriend, you want to hang out with me again. I never stopped hanging out with you. Oh, please, we all know I'm the friend you call when you have no other options. If we were the Justice League, I'd be Aquaman. I wish you were Aquaman. Then I could send you to scoop my mom out of the old lady tank.",0.0044551836326718,9.56958465394564e-05,0.0020401803776621,0.0198256112635135,0.8258472681045532,0.1469547301530838,0.0007814226555638,neutral,-0.1337201787464437,0.17337140127347067
1_3840_u,"Ah…I do so love beverages. Now I think I'll take my after-dinner walk. Since when do you take after-dinner walks? Yeah, since when do you take walks?",8.69154609972611e-06,4.015523882117122e-05,0.0001410204713465,0.987436056137085,0.0104136141017079,7.771397213218734e-05,0.0018828344764187,happy,0.9871684749086852,0.9877036373654845
1_3842_u,"I've missed you. All right, say hello to your mother for me. Okay. What? You said you were going for a walk. I didn't say outside.",0.0011687388177961,0.000807026925031,0.06463473290205,0.2073874622583389,0.0646068081259727,0.4844858944416046,0.176909327507019,sad,-0.3437089308281429,0.7584838553448207
1_3911_u,"And shake twice for Texas. Something his mother taught him. All right, Elizabeth, the bathroom is yours. The seat is down, and has been sanitized for your protection.",0.0006717549404129,0.0003613246954046,0.2258505970239639,0.0065747732296586,0.763517439365387,0.0014226593775674,0.001601449213922,neutral,-0.2217315628076903,0.2348811092670074
1_4031_u,"Happy now? I'm moving the dirty sock. Thank you. Raj, keep an eye out for the other one. Hey, guys, this is my friend Zack. Hey. Hello. Whoa! Is that the laser? It's bitchin'. Yes.",1.6467867681058124e-05,1.4465985259448644e-05,3.334554276079871e-05,0.9965627789497375,0.0033023345749825,4.508829806582071e-05,2.545655115682166e-05,happy,0.9964534112559704,0.9966721466435047
1_410_u,"Do you really need the Honorary Justice League of American membership card? It's been in every wallet I've owned since I was five. Why? It says, ""Keep this on your person at all times."" It's right here under Batman's signature. and this is Leonard and Sheldon's apartment. Guess whose parents just got broadband.",1.3291791219671724e-05,2.243108428956475e-05,0.0003413923841435,0.0007886617677286,0.9982059001922609,8.140430873027071e-05,0.0005468579474836,neutral,0.0003301421993455,0.001247181336111607
1_4145_u,And this is a schematic for a bird-trapping device that will ultimately backfire and cause me physical injury? What I'm doing here is trying to determine when I'm going to die.,0.0006264399853534,0.0001146260692621,0.0012934199767187,0.0002319260674994,0.9975806474685668,0.000100636301795,5.236445213085972e-05,neutral,-0.0019031962656299,0.0023670484006286
1_427_u,"This is Dr. Sheldon Cooper. Yeah, I need to cancel my membership to the planetarium.",1.819266071834136e-05,2.773700180114247e-05,2.308205148437992e-05,0.002566039096564,0.9973040819168092,4.073872696608305e-05,2.012902950809803e-05,neutral,0.0024562886555941,0.0026757895375339466
1_4281_u,"You never told me what happened between you and Bernadette. I did a stupid thing. Yeah, I guessed that.",0.0004610082833096,9.376009984407574e-05,0.0007361268508248,9.427384793525562e-05,0.0187815763056278,0.9796631932258606,0.0001700138236628,sad,-0.980859814611904,0.9810483623077744
1_4286_u,"and a super executive ant farm with glow-in-the-dark sand? - What if he buys his own desk? Yeah, what if I buy my own desk? - That's ridiculous. - Why? Because… Yes? It's my office.",0.0001021033604047,0.0014096782542765,0.0011707548983395,0.0030220234766602,0.9719404578208924,8.047262235777453e-05,0.0222744327038526,neutral,0.0002590143412817,0.005785032612038674
1_4290_u,Would you have opened the door if you knew it was me? Not since I found out the teddy bear you gave me had a webcam in it.,0.0134655432775616,0.0002237593871541,0.0533865727484226,6.063838736736216e-05,0.9311273097991944,0.0014890072634443,0.000247074640356,neutral,-0.0685042442892154,0.06862552106394997
1_430_u,"but it was between you and the Museum of Natural History, and frankly, you don't have dinosaurs. I'll miss you, too. Bye-bye. Okay, I know you're texting about me and I'd really like you to stop. Oh, dear, I am rightly and truly screwed. Hey, I thought you were finding new friends.",0.0012496578274294,3.6975885450374335e-05,0.0003852623049169,0.0006021349108777,0.0080844769254326,0.989501655101776,0.0001399512257194,sad,-0.9905714162086952,0.9917756860304504
1_4352_u,"Right. That's not true of all bars. Juice bars, for example. Oh! Good point, Amy.
Yeah, building on your premise, Leonard could frequent sushi bars, salad bars, oyster bars, the Apple Genius Bar... What are you doing? Keep going. I'm listening. That was rude.",0.0044880486093461,8.401154627790675e-05,0.0001836488081607,0.8457072377204895,0.1493012607097625,6.174928421387449e-05,0.0001740902371238,happy,0.8408897794724908,0.8505246959684881
1_4477_u,"Yes.
I'm Special Agent Page, FBI. You say you're Special Agent Page, FBI. Here's my I.D. And here is my Justice League membership card. But that doesn't prove I know Batman.",0.0006092233816161,3.957324588554911e-05,6.049883450032212e-05,0.0002241143229184,0.9986756443977356,8.294967847177759e-05,0.0003079779853578,neutral,-0.0005681308175553,0.001016359463392149
1_4544_u,"Besides, Penny and I are having a girls' night tonight. Girls' night? What does that entail? Oh, you know, girls get together, hang out, share girl talk. I'm a girl. Oh. Well, maybe you can join us. I'll ask Penny. No need. Penny and I are very close. You are?",1.864130535977893e-05,1.5714105757069774e-05,6.214575114427134e-05,0.0831983312964439,0.9163838624954224,9.35527787078172e-05,0.000227729382459,neutral,0.083008277355475,0.08338838523741283
1_4552_u,"And here's where we are. The runts in a large litter.
unlikely to ever reach the nourishing teats of Indiana Jones. So I guess it's a good thing we stopped for dinner. You know, guys, when facing disappointment, Eat, Pray, Love  teaches us Oh, shut up.",0.0002813742030411,0.0002037770173046,0.0007108333520591,0.0159276947379112,0.4090608358383178,0.5725971460342407,0.0012183524668216,sad,-0.5578654358687345,0.5897208253445567
1_4576_u,"""And Absolon hath kist hir nether ye, ""and Nicholas is scalded in the towte.
This tale is doon, and God save al the rowte."" What the hell was that?",0.4177254438400268,0.0016504131490364,0.0005217411089688,8.365605754079297e-05,0.5745059251785278,0.0047725080512464,0.0007403724011965,neutral,-0.4245864500917378,0.4247537622068192
1_4603_u,"to bring us all with you to the year 7010 where we are transported to work at the thinkatorium by telepathically controlled flying dolphins? No, Penny kissed me. Who would ever guessed that? What kind of kiss? A big kiss.",0.000109935645014,0.0004591566394083,0.014791271649301,0.0577684678137302,0.8197587132453918,0.0007322989404201,0.1063801348209381,neutral,0.0416758049395866,0.07386113068787359
1_4639_u,"and pump it into his mom's Camry. Yeah, that's great. It's a funny story. Moving on. And Donnie was a rocket scientist compared to that boy who wanted to get beer pong into the olympics. What was his name, sweetheart? Curtis, and I'm pretty sure he was joking. I don't know. That petition looked real to me. Yeah, okay, I think this ends the ex-boyfriend portion of our evening.",0.0002680825418792,9.350090113002808e-05,9.136501466855408e-05,0.9971286654472352,0.0016466937959194,0.0005919784307479,0.0001796744327293,happy,0.9960837385588092,0.9981735923356608
1_467_u,"When I was a little boy and got sick, which was most of the time, my mother would read it to me. It's about an Indian princess who befriends a monkey who was mocked by all the other monkeys because he was different. For some reason, I related to it quite strongly. I know the reason. We all know the reason. Sheldon, what are you getting at?",0.0011978977127,6.894450780237094e-05,0.0012050102232024,0.0185340531170368,0.9398826956748962,0.0390210077166557,9.041296289069578e-05,neutral,-0.0229588070433237,0.06002691327739727
1_4743_u,"That's what I love about science-- there's no one right answer. So...you and Zack again, huh? Yeah, yeah, me and Zack again. Were we here earlier? Okay, we should, we should go. Ah, not yet. I want to talk science with the science dudes.",3.9647271478315815e-05,2.935024531325325e-05,5.555682218982838e-05,0.7219200730323792,0.2770726978778839,0.000107228399429,0.0007754601538181,happy,0.7216882902939687,0.7221518557707896
1_4760_u,"Wow, this place is awesome. Where do they keep the Archies?",1.197577512357384e-05,5.224253254709765e-05,4.7560519305989146e-05,0.994881272315979,0.0044456301257014,9.545721695758402e-05,0.0004657989193219,happy,0.9946740362720448,0.9950885083599132
1_4789_u,"Stupid Aquaman. If it makes you feel any better, when I was dating Penny, she used to flip out on me all the time. Whoa. You dated Penny? She didn't tell you? She told me she dated a guy named Leonard. Who would have thought it was you? Who else would it be?",0.3771942257881164,6.399773701559752e-05,0.0004362907493487,0.0001345539203612,0.621821403503418,8.351567521458492e-05,0.000265999144176,neutral,-0.3776434760293341,0.3779125838700565
1_4792_u,"I may have failed. Okay, I guess we just go without a Wonder Woman. I don't want to go without Penny. Oh, great. No Superman, no Wonder Woman? All we've got is a skinny Flash, an Indian Aquaman, a nearsighted Green Lantern, and a teeny, tiny Dark Knight.",0.0014860680093988,2.9897344575147144e-05,0.0005357667105272,0.0001578439841978,0.0011038688244298,0.9966039657592772,8.260371396318078e-05,sad,-0.9984978538395808,0.9988135418079762
1_4850_u,"Why not ""World's Greatest Engineer""? I'm sorry.
I typed that into the label maker, but I just couldn't press enter. Now down to business. What would it take for you to abandon Leonard and join me in a rival company Unless, of course, the mugs are sufficient, in which case, welcome aboard. We're not quitting on Leonard.",0.0001837873423937,3.320206451462582e-05,0.0008840005612,0.0047633349895477,0.0225384663790464,0.97150719165802,9.001026046462357e-05,sad,-0.9678448466365808,0.977371516615676
1_4949_u,"Who could get <i>all</i> the giant missiles she wants. Are we talking about women wanting penises? Because I'd like to weigh in. Dr. Koothrappali, would you care to join the conversation?",5.150508877704851e-05,2.4631004635011777e-05,9.701263479655609e-05,0.0002987894695252,0.9992401599884032,0.0001180235485662,0.0001698437408776,neutral,7.617192750331014e-06,0.0005899617463000164
1_4967_u,"Are you guys doing okay? Leonard and I are fine, but I think Raj needs to meet a girl really soon. Well, that shouldn't be too hard. He's such a cutie. Thank you, but ""cute"" is for bunnies. I want to be something with sex appeal, like... like a labradoodle.
 Labradoodle?",4.294652535463683e-05,2.0036412024637684e-05,5.250473623163998e-05,0.8500218391418457,0.1497873663902282,3.168686816934496e-05,4.355274359113537e-05,happy,0.8498746646000654,0.850169013683626
1_4995_u,"Why not? It seems like you're improvising your entire curriculum. This is all about listening and responding. Gotcha. I'm going to create a character and a situation, and you just jump in when you feel it. All right. All right. Action. Okay, it's not a movie. It's improv. So no one calls ""action.""",0.0006601130007766,1.8343494957662188e-05,0.0002894263598136,0.0262556169182062,0.972672402858734,7.358851689787116e-06,9.685262921266258e-05,neutral,0.0252803752109684,0.027230858625443853
1_5058_u,"Yes, I live with him.
I don't... I-I really don't know why. Tonight? Sure, that'd be great. Okay, I'll see you then. Bye. She wants to have dinner and talk about my research.",0.000116246381367,5.599269570666365e-05,0.0002746707759797,0.0388242192566394,0.9604482650756836,1.732795499265194e-05,0.0002632856776472,neutral,0.0383599814485933,0.039288457064685416
1_506_u,I'm with you. I just have to make sure if I'm a synthetic human I'd still be Jewish. I promised my mother. I suppose you could have your android penis circumcised. But that's something your rabbi would have to discuss with the manufacturer.,4.771635940414853e-05,1.8658627595868893e-05,5.295004302752204e-05,0.9973267316818236,0.002459391253069,5.048487219028175e-05,4.403986167744733e-05,happy,0.997156921779606,0.9974965415840414
1_507_u,"I promised my mother. I suppose you could have your android penis circumcised. But that's something your rabbi would have to discuss with the manufacturer. Not to mention you'd have to power down on saturdays. Sheldon, why is this letter in the trash?",0.0004692743241321,1.2630690434889402e-05,5.647601210512221e-05,0.0369826070964336,0.9624482989311218,1.870390769909136e-05,1.210202208312694e-05,neutral,0.0364255221620624,0.0375396920308048
1_5109_u,"That's very nice of you, but I made other plans. Well, just keep in mind that should you ever need a slightly apathetic tertiary friend, I stand at the ready. Hi, Howard. Hi, Sheldon. Hello. Hey. Why are you holding hands? I forbid you to hold hands. Rajesh, you know Leonard and I spent the night together.",0.0029314304701983,5.365590186556801e-05,5.5989679822232574e-05,0.6041966080665588,0.3925535678863525,0.0001170076575363,9.172272257274015e-05,happy,0.6010385243571363,0.6073546917759812
1_5134_u,"Thank you, Leonard. That doesn't make it sound boring at all. So, how you holding up? I'm fine. Oh, who are you kidding? She's breathtaking. So, Penny, Leonard tells me you're an actress. That must be pretty exciting.",2.963616316264961e-05,2.7336946004652415e-05,3.917103094863705e-05,0.9974381923675536,0.0023213713429868,4.878019535681233e-05,9.54352435655892e-05,happy,0.997293268032081,0.9975831167030264
1_5156_u,"The audible sigh is a show of exasperation, right? Right. Is it about me or the dead pixels? Hey, you're just in time. We made Tex-Mex. Oh, sounds great. Oh, Indians making Tex-Mex. Might as well have had the Chinese pizza. Hey, you.",0.0593159087002277,7.218665996333584e-05,0.0001999103405978,0.0032272620592266,0.9368574023246764,4.470585554372519e-05,0.0002826302370522,neutral,-0.056405449497106,0.06285997361555916
1_5166_u,"but the driver didn't look at all like the photograph on his license, so I leapt out and ran for it. Wise. There you go. Just like recovering alcoholics drink in the Caribbean. Hi, bestie. Oh. Hi, Amy. How you been? Fine. From this angle, I can see up your nose.",0.0013072144938632,0.0001627061865292,9.596873132977636e-05,0.0984976515173912,0.8996551632881165,0.0002367993438383,4.451823406270705e-05,neutral,0.0966949627618305,0.10030034027295168
1_5169_u,"Your flaring nostrils indicate otherwise. Cluck-cluck-cluck. Sheldon, look at me.
I think it's time to face the fact that Leonard is the nucleus of your social group.
Where he goes, the group goes. Leonard the nucleus? That makes no sense. I'm the whimsical elf that everyone looks to for a good time.",0.0001421298948116,2.663008490344509e-05,4.556015846901573e-05,0.0536994598805904,0.945949137210846,2.0760211555170827e-05,0.0001164011118817,neutral,0.0534643795308511,0.053934540230329626
1_5211_u,"Um, no. You should get one. What's that? It appears to be something preserved between two pieces of acrylic. Oh, it's a snowflake from the North Pole. Leonard gave it to me last year. Oh, God, that is so romantic. Yeah, it was. Leonard's really one of a kind.",0.0001226901804329,3.904744153260253e-05,6.298401422100142e-05,0.8808369040489197,0.1185313090682029,0.0002793149324133,0.0001277861883863,happy,0.8803328674803197,0.8813409406175194
1_5212_u,"Baby, you're not that kind Don't go breaking my heart Anybody do ""Walking on Sunshine"" yet? No Dibs.",0.5019791722297668,4.328279828769155e-05,0.0019088046392425,0.0003949269885197,0.4604776203632355,0.0351400971412658,5.605389014817774e-05,angry,-0.5386764298200433,0.5394662837970825
1_533_u,"Because it's not a costume, it's a flight suit. Ok, alright, moving on. Oh, wow. A paisley shirt. It goes with my corduroy suit. If you mean it should end up in the same place, then I agree. Is this your only tie?",0.0001575940696056,0.0001514278555987,8.055513899307698e-05,0.6362969279289246,0.3589255511760711,5.111579594085924e-05,0.0043368162587285,happy,0.6358562350687862,0.6367376207890628
1_536_u,Hey Sheldon. Hello Penny. Get anything good?,7.213636126834899e-05,7.18346745998133e-06,0.0001207871173392,0.0031285679433494,0.9965941309928894,6.581646448466927e-05,1.1428321158746256e-05,neutral,0.0028626445327972,0.0033944913539015993
1_537_u,Hey Sheldon. Hello Penny. Get anything good? Just the latest copy of Applied Particle Physics quarterly.,7.273789378814399e-05,1.841622179199476e-05,0.0010052481666207,0.0083166155964136,0.9903539419174194,0.0001764986518537,5.655041240970604e-05,neutral,0.0070437146623589,0.00958951653046814
1_5496_u,"That bitch is crafty. You think? Of course. How does the cheetah attack a herd of wildebeests? By going after its weakest member. Well, what makes me the weakest member? Your trusting nature coupled with your teeny-tiny body. You wouldn't last a minute on the Serengeti.",0.5118066072463989,0.000100981327705,0.0012141636107116,0.1036419048905372,0.3829609751701355,0.000120628188597,0.0001547023130115,angry,-0.4096004754828755,0.6168842852639498
1_5571_u,"The backwash into this glass is every pathogen that calls your mouth home, sweet home. Not to mention the visitors who arrive on the dancing tongue of your subtropical girlfriend. Hey! That's my sister and my country you're talking about. Leonard may have defiled one, but I won't have you talking smack about the other. You guys ready to order?",0.1431623101234436,0.0001565114216646,0.0004107701533939,0.00074638024671,0.8547166585922241,0.0007858523167669,2.1481557268998586e-05,neutral,-0.1437690637685591,0.145261824261979
1_5572_u,"of your subtropical girlfriend. Hey! That's my sister and my country you're talking about. Leonard may have defiled one, but I won't have you talking smack about the other. You guys ready to order? Yes, I'd like a seven-day course of penicillin, some, uh, syrup of ipecac-- to induce vomiting-- and a mint. I don't understand.",0.2854188978672027,0.4135785102844238,0.0753035023808479,0.0041695376858115,0.2171162068843841,0.0020131301134824,0.0024002743884921,disgust,-0.7721445029601455,0.7804835783317683
1_5580_u,"I was thinking of weaving it into her eulogy. Howard, you've got to tell your mother. Hey, have you told your parents you're dating this short glass of skim milk here? Uh... that's different.
First of all, we're not engaged; and second, Indian parents are very protective of their children.",0.0006894362159073,7.89008572610328e-06,0.0004929830320179,0.001262727426365,0.9965167045593262,0.0009989925893023,3.1311305065173656e-05,neutral,-0.0009265744965887,0.0034520293493186032
1_5581_u,"Hey, have you told your parents you're dating this short glass of skim milk here? Uh... that's different.
First of all, we're not engaged; and second, Indian parents are very protective of their children. Right, right, whereas Jewish mothers take a casual, la-di-da approach to their sons.",0.0032977203372865,2.3831626094761305e-05,0.0001351153332507,0.0166388805955648,0.9795926213264464,0.000246710027568,6.50634101475589e-05,neutral,0.0129355032713647,0.020342257919764763
1_5617_u,"Yeah, I'm saying, it'd be easier to lift a car. What can I tell you? After I found the courage to put her pants back on, I was unstoppable. So, how is she? They're running tests-- I don't know. It may have been a heart attack or heart-attack-like event. What's the difference? A heart-attack-like event is an event that's like a heart attack.",7.228336471598595e-05,6.639506318606436e-05,0.0003962003393098,0.0106469430029392,0.9867799878120422,5.7094373914878815e-05,0.0019810912199318,neutral,0.0100549698618124,0.01123891614406593
1_5627_u,"You mean when he was little. Not as little as you'd want him to be. You know, this stuff is horrible.
You want to see if we can find the cafeteria and get real coffee? Sure. We're going to the cafeteria to get some coffee. 
You want anything? I'm fine. That's nice that they're getting along.",0.0009268495487049,0.0009767661103978,0.0089118992909789,0.0018924119649454,0.9852460026741028,0.0001668621989665,0.0018792292103171,neutral,-0.0090899651841027,0.0128747891139935
1_5679_u,the organism responsible for Michelob Lite. Is there something wrong with your neck? It's a little stiff. What a remarkably fragile structure to support such a valuable payload. Not unlike balancing a Faberge egg on a Pixie Stick. Have you considered massage?,5.880989920115098e-05,0.0009178340551443,0.0532828755676746,0.1048498526215553,0.8270289301872253,0.0032358958851546,0.0106257498264312,neutral,0.0473544372143805,0.16234526802872995
1_5699_u,"And a living will and durable power of attorney. This says you can make ""end of life"" decisions for me. As your friend, let's hope it doesn't come to that. 
Please sign. Did you sign this? There's a reciprocity clause.
You get to pull the plug on him, too. Well, that seems fair.",5.361437433748506e-05,1.2238725503266323e-05,4.445304148248397e-05,0.9902904629707336,0.0095126461237668,6.1942839238327e-05,2.4705155738047324e-05,happy,0.990118213990172,0.9904627119512952
1_5751_u,"What the hell is wrong with you?! Well...
You were always so nice to me, I thought maybe you liked me. I'm nice to everyone! I'm sorry. Damn right, you're sorry! And you tell Howard there's never been anything between us! I will. Hey, Bernadette? What?! Do you think I have a shot with Penny?",0.206990048289299,4.434892980498262e-05,0.0001944676332641,0.000554536934942,0.0063098249956965,0.7857787609100342,0.0001279536954825,sad,-0.9924530888274604,0.9935621626973443
1_5758_u,"It's like a waterfall of liquid gold. My turn. You know, I don't even know what the point of me staying in L.A. is. I haven't gotten a single acting job since I moved out here. The closest I came was last month, I got a callback for a hemorrhoid commercial.",0.4164110422134399,0.0001095630068448,0.0104590775445103,0.1631377339363098,0.2541413903236389,0.1552320718765258,0.000509183271788,angry,-0.4190740207050112,0.7453494885776305
1_5786_u,"What are you doing? Oh, uh, Priya's calling in a few minutes on Skype, and we are gonna have a dinner date. It's 8:00 in the morning in Mumbai. 
How can she have dinner? Fine, whatever. 
Priya will be having breakfast.",0.0001996171922655,5.265031722956337e-05,7.37497684895061e-05,0.0012812000932171,0.9981599450111388,3.5493307223077863e-05,0.0001974570477614,neutral,0.0009196895080094,0.0016427106784247473
1_5880_u,"Oh, sweetie, guests don't normally wear corsages to a wedding. 
That's more of a prom thing. I never went to my prom. 
My mom paid my cousin to take me, but he just used the money to buy drugs. Put the corsage on her. Amy this is for you.",0.0015131862601265,1.5340239770011976e-05,4.272029400453903e-05,0.0003100851608905,0.9965842962265016,0.001474649994634,5.963761213934049e-05,neutral,-0.0027358116276445,0.003355981949425551
1_5919_u,"Your movies and your TV shows promised streets paved with beautiful blonde women with big bazongas. Eat another pie, you'll have your own bazongas. That's cruel. You know it goes straight to my hips. Gentlemen, please focus. You're facing a fire-breathing dragon. I don't know if I want to play anymore.",0.9489240050315856,6.83366961311549e-05,0.0005000082310289,0.0175555311143398,0.030757762491703,0.0021651769056916,2.9142252969904803e-05,angry,-0.9341019957500976,0.9692130579787771
1_5953_u,"because you no longer wear underpants. The dice giveth and the dice taketh away. Is Raj out with Emily again? Yeah, every night for the last month. Wow, can't believe he has a girlfriend. Me neither.",8.1583384599071e-05,0.0002194228727603,0.0023686678614467,0.0017569547053426,0.014166216365993,0.0003614584857132,0.9810457229614258,surprise,-0.0012741778991767,0.004788087309861871
1_5964_u,"Wow. You're engaged to my friend. Hey, Bernadette doesn't mind where I get my motor running, as long as I park in the right garage. I can't believe you're engaged to my friend.",2.9740400350419804e-05,0.0002968847111333,0.0005101609276607,0.012860364280641,0.0005928714526817,0.000437675305875,0.985272228717804,surprise,0.0115859029356215,0.01413482562566042
1_60_u,I never would have identified the fingerprints of string theory in the aftermath of the Big Bang. My apologies. What's your plan?,5.376971603254788e-05,0.0002030571922659,0.002707953331992,0.0007784835179336,0.0620006769895553,0.9297363758087158,0.0045196716673672,sad,-0.9319226725310727,0.9334796395669399
1_6020_u,"What differences does it make if Leonard goes to Wil Wheaton's party? Wil Wheaton is Sheldon's mortal enemy. Mortal enemy? Mm-hmm. Sheldon, I know you're a bit of a left-handed monkey wrench, but...
you really have a mortal enemy? In fact, I have 61 of them. Would you like to see the list? Oh, say no, say no, say no, say no.",0.0128260357305407,0.0001265762839466,0.0017263439949601,3.0062352379900403e-05,0.9838481545448304,0.0009986107470467,0.0004442722420208,neutral,-0.0156475044041144,0.015707629108874
1_6032_u,"What choice did I have? She went behind my back and turned my own mother against me. Wow. You're not only our first astronaut.
You're also the first one of us to kick a girl out of bed. You're like a rock star. Little bit. I hate to say it, but she did kind of betray you.",0.6763597130775452,0.0024647361133247,0.0025907061062753,0.2418692409992218,0.0287868622690439,0.0151374014094471,0.0327913723886013,angry,-0.4546833157073706,0.938421797705814
1_6039_u,"He can't go to space. He's like a baby bird. Do you know he once got an asthma attack from reading an old library book? You're kidding. No, I was there that day. Sheldon threw his back out handing him that book.",0.0002449542225804,3.000442302436568e-05,0.0003607075777836,0.0047597517259418,0.9913672804832458,0.0001642971037654,0.0030729991849511,neutral,0.003959788398788,0.005559715053095565
1_6065_u,"All-you-can-eat Last Supper Buffet. 
And my personal favorite, Gunning with God. What's Gunning with God? I'm afraid to ask. Oh, it is a hoot and a half. You write your sins on a clay pigeon, they fire 'em up in the air, and you pulverize them with a 12-gauge shotgun full of our Lord's forgiveness.",0.0004288142663426,0.0003343986172694,0.2611013948917389,0.7090023159980774,0.0266258176416158,0.0011321025667712,0.0013751441147178,happy,0.4460056056559551,0.9719990263401994
1_6092_u,"Three, sadly, are dead. Mom, you remember Rajesh? Rajesh, my mother. Of course. Mrs. Cooper. So nice to see you again. Well, it's so nice to see you, too. I thought it was our Indians that had the occasional alcohol problem.",5.2434555982472375e-05,0.000141001335578,0.0015494837425649,0.0058604809455573,0.0169456768780946,0.974082350730896,0.0013685495359823,sad,-0.969964789419464,0.9816857513105787
1_6113_u,"Now I'm going out tonight. Would it be crazy to ask you to look at the outfit I'm going to wear? Oh, not crazy at all.
And don't beat yourself up. When I was your age, you could have me for a car ride and a bottle of strawberry wine. That will not be in this week's e-mail blast.",0.0031806617043912,0.0004341509775258,0.077148400247097,0.0138112576678395,0.7745019793510437,0.1258801221847534,0.0050433836877346,neutral,-0.192832077445928,0.2204545927816069
1_6134_u,That lecture was a waste of time. I made more accurate diagrams of the expansion of the early universe on the nursery wall with the contents of my diaper. Are you getting sick?,0.2069140821695327,0.0002144733007298,0.0104973018169403,7.603110134368762e-05,0.1194564402103424,0.6625584363937378,0.0002832031459547,sad,-0.8801082625795971,0.8802603247822842
1_6165_u,"Okay, all right. That one was clever. Skeleton with phosphorous on a zip line. Come on out, merry pranksters. Take a bow. You should've seen your face.",1.1786304639826994e-05,3.3413783967262134e-05,1.6301002688123845e-05,0.992400050163269,0.0074612749740481,2.1828778699273244e-05,5.523964136955328e-05,happy,0.9923167202932746,0.9924833800332635
1_6183_u,"It is, isn't it? (gasps) Oh, bother. Isn't that just always the way? 
You go to staple something, and you're out of staples. Gosh, I wish I'd known that earlier today when I was at Staples.",0.0202260762453079,0.0001764972839737,0.0010794909903779,0.0002314161829417,0.9514753222465516,0.0148923648521304,0.0119189443066716,neutral,-0.0361430131888482,0.036605845554731606
1_6188_u,"Yeah, sure, come on in. Thanks. Want some mac and cheese? No. Lactose. Gas. Glass of wine? No. Sulfites. Migraines. Okay, well, I'd offer you Halloween candy, but that's gone. So, what's up? Okay, we used to go out, right?",7.747927884338424e-05,2.2798447389504872e-05,7.167903822846711e-05,0.928767740726471,0.0703849121928215,0.0006371275521814,3.823727456619963e-05,happy,0.927958656409828,0.9295768250431137
1_6211_u,"Oh, no! I can't! Hurry! 
We're running out of time! - Okay. Just do it! Oh, God!
One... two...
three! Trick or treat, bubbeleh. What?
(laughing)",0.00860261823982,0.0016432636184617,0.0319735258817672,0.0542262606322765,0.8114999532699585,0.0005597287672571,0.0914946496486663,neutral,0.0114471241249702,0.0970053971395825
1_6221_u,"So, Bernadette, how goes the hunt for bridesmaid dresses?",7.113197352737188e-05,7.058682240312919e-05,0.0020040983799844,0.0175086949020624,0.9750276803970336,0.0052231717854738,9.463584865443408e-05,neutral,0.0101397059406735,0.0248776838634511
1_6355_u,"Okay. So... we went out, saw a movie, met some nice people,",6.712484901072457e-05,1.865337799245026e-05,0.0001015495799947,0.9990240335464478,0.000162903452292,0.0004709225031547,0.0001548466971144,happy,0.9983657832362952,0.9996822838566004
1_6370_u,"consider changing disciplines.
Yeah, to the humanities-- perhaps history. One of the advantages of teaching history is that you don't have to create things. You know, you just have to remember stuff that happened and then parrot it back. You could have fun with that. Yeah, that's not it. Stuart's kind of interested in Amy.",0.0001678920234553,0.0002305254020029,0.0009031387744471,0.5831729173660278,0.4094471633434295,0.000217012289795,0.0058613098226487,happy,0.5816543488763273,0.5846914858557282
1_6426_u,"No, that was a different, different guy. Was he the one who used your head to open a nut? Oh, oh, oh. Was he the one who made you eat your arm hair? No, but, actually, that was this guy's sister. All right, well, what do you think he wants? I don't know.",4.175465801381506e-05,4.1649862396297976e-05,0.0001042929579853,0.0008288935059681,0.9983882904052734,6.984890933381394e-05,0.0005252269911579,neutral,0.0005713471182389,0.0010864398936973269
1_6427_u,"Oh, oh, oh. Was he the one who made you eat your arm hair? No, but, actually, that was this guy's sister. All right, well, what do you think he wants? I don't know. You know, the holidays are just around the corner. Maybe he wants to see if he can lodge the other testicle up there. I told you. That was a different guy.",0.0002892710035666,0.0001060141075868,0.0004072384326718,0.000580605934374,0.9973932504653932,0.0001768311922205,0.0010468282271176,neutral,-0.0003987488016718,0.0015599606704197002
1_6428_u,It's 2:00 a.m. What are you doing up? Nobel Prize acceptance ceremony streaming live from Stockholm.,8.17547261249274e-05,0.0001658887777011,0.0019725882448256,0.1995624005794525,0.7863475680351257,0.0006199147901497,0.0112499464303255,neutral,0.196722254040651,0.2024025471182538
1_6472_u,"Then take away his keys and make him wander the streets with the other drunks. You remember Sheldon and Raj and Howard. Not really, no. It's funny, huh, Leonard? Back in school, I was the winner and you were the loser.
And now we're reversed. You're the winner.",0.0059558385983109,7.7639109804295e-05,0.0016743642045184,0.0026681041345,0.9767258763313292,0.0123056452721357,0.0005925794248469,neutral,-0.0173453830502694,0.022681591319269293
1_6504_u,"It's probably a euphemism for urination. Sheldon, what is wrong with you? Not much. Although, I can be faulted for being overly fond of koala bears. I don't know what it is, when they smart munching on eucalyptus, I just melt inside. Okay, Amy just told you some exciting news, and you acted like it was no big deal.",0.000313807016937,9.677789057604969e-05,2.964973646157887e-05,0.6831147074699402,0.3160703182220459,0.0002876590297091,8.716146840015426e-05,happy,0.6823868137962563,0.6838426011436238
1_6534_u,"I don't think there's anything in this jewelry store that Amy would appreciate more than the humidifier we were just looking at at Sears. Oh, my God, now I know what I sound like to you when I say stupid stuff. Ooh, a pocket watch. Okay, I don't think Amy wants a pocket watch.",0.7397487163543701,0.0007472414872609,0.0141709232702851,8.072940545389429e-05,0.151393711566925,0.0924958884716034,0.001362711074762,angry,-0.8470820401780657,0.8472434989889734
1_6627_u,"That was a really nice dinner. I'm glad you asked me out again. Me, too; I missed you. You see me all the time. You sure you just don't miss the sex?",0.0022538946941494,8.752784924581647e-05,0.0004507118428591,0.4371035099029541,0.1449689865112304,0.4147681295871734,0.0003672981401905,happy,0.0195432459295261,0.8546637738763818
1_6645_u,"(chimes) Wisten to me.
Not westauwant; westauwant. (chimes) I don't know what you mean by ""not westauwant; westauwant."" See? Total cwap.
You suck, Siwi. Hey, don't talk to her like that. 
She's a lady.",0.6446598768234253,4.096777047379874e-05,0.0001579753443365,0.0009501313907094,0.3540811240673065,5.87912327318918e-05,5.103127841721289e-05,angry,-0.6439674797802581,0.6458677425616769
1_6648_u,"This is amazing.
How did you even get this idea? I called your dad.
I asked him what things you liked to do when you were a kid. This seemed easier than getting a cow out here so you could tip it. Okay, you're kind of really great.",0.0003085253993049,0.0002574971003923,0.0002659384044818,0.9942501783370972,0.001191122457385,0.0001365977077512,0.0035901751834899,happy,0.9932816197251668,0.9952187369490273
1_6683_u,"Buzz Lightyear is not real. No, that's not what I'm talking about. Well, are you talking about when he thought he was real? No Okay, um... how about ""Crash""? 
Howard ""Crash"" Wolowitz.",6.847221811767668e-05,9.17291527002817e-06,2.25041076191701e-05,0.000344621046679,0.9994823932647704,1.5069145774759818e-05,5.773140583187342e-05,neutral,0.0002294026598974,0.00045983943346063476
1_672_u,I want grilled cheese.,1.6631211110507138e-05,1.6096972103696316e-05,1.7669526641839184e-05,0.0014109396142885,0.9985087513923644,1.945020085258875e-05,1.051968865795061e-05,neutral,0.0013410917035798,0.0014807875249971314
1_6766_u,"And I'm super smart, so it's probably true. Hey, I've been training in the field of neurobiology for 12 years. You've been here for three hours, and you've spent one of them in the bathroom. I'm sorry! It takes me a while to get things going on an unfamiliar toilet. Sheldon, I've given you the simplest things to do, and you haven't done one of them right.",0.0001033471708069,0.0002893800265155,0.0044948533177375,0.8621879816055298,0.000367849424947,0.1282195150852203,0.0043371627107262,happy,0.7290808860052493,0.9952950772058099
1_6769_u,"All right. I'm no stranger to a little gray matter. Locus coeruleus. Locus coeruleus. You're getting warmer-- it is, indeed, in the brain.",1.5543757399427705e-05,0.0003050933300983,4.5949909690534696e-05,0.1105555891990661,0.8834444284439087,7.213069329736754e-05,0.0055612549185752,neutral,0.1101168715085805,0.11099430688955174
1_6835_u,"The painting is a constant reminder that of the three of us, she is the least cool. Yeah, that's... that's what it is, so... You have such a good heart. Yeah... I try. Come on. Whoa, whoa, where are we going? We're going to go put this painting back up in your apartment. Well, what about Bernadette?",0.0001812946429708,0.0001042002404574,0.0006190191488713,0.9042859077453612,0.093810424208641,0.0005792035954073,0.000420038762968,happy,0.9028021901176544,0.905769625373068
1_6860_u,"You know, Sheldon, I used to cut my brother's hair. 
I could do it for you. Penny, I know you mean well, offering the skills of the hill folk, but, um, here in town, we don't churn our own butter, we don't make dresses out of gunny sacks, and, uh, we sure as shootin' don't get our hair cut by bottle-blonde... Sheldon, be nice.",0.0005908950115554,3.568315878510475e-05,4.3457039282657206e-05,0.1729039400815963,0.8261118531227112,0.000264515139861,4.968186840415001e-05,neutral,0.1719693897321121,0.17383849043108046
1_70_u,"This is one of my favorite places to kick back after a quest. They have a great house ale. Cool tiger. Yeah, I've had him since level ten. His name is Buttons. Anyway, if you had your own game character we could hang out, maybe go on a quest. That sounds interesting. You'll think about it?",5.76473166802316e-06,1.9774402971961536e-05,2.0653396859415807e-05,0.994763970375061,0.0050417492166161,6.676070188404992e-05,8.125773456413299e-05,happy,0.9946510171416776,0.9948769236084445
1_7047_u,"Wrong. Leonard? Horse, but mostly just for the height. A little bit for the genital girth. Wrong, and let's keep it clean, shall we? Kangaroo, uh, I'd be Kanga-Jew. The first of my people to dunk a basketball.",0.0035612829960882,8.672208059579134e-05,0.0001338032016064,0.0004977075150236,0.9949519634246826,0.000641020189505,0.0001274783135158,neutral,-0.0039251209527719,0.004920535982818991
1_7082_u,"This man became my whole world. Yeah, nice speech, Francine. I'm not done, but thank you. I think back....",0.0003396926622372,2.884690002247225e-05,4.712399822892621e-05,0.9983376264572144,0.0011243204353377,9.728079749038444e-05,2.5143659513560124e-05,happy,0.9978246820992354,0.9988505708151934
1_7089_u,"after you had a snootful of this, laddie! Funny. You boys have a nice time? Yeah, it was great. Low-key, like I promised. 
No hanky-panky, no strippers.
Just the guys telling jokes. That's nice. How about you? Did you have a fun night?",5.099882764625363e-05,4.180169707979076e-05,7.38626258680597e-05,0.9759254455566406,0.0233124606311321,0.0002589124196674,0.0003365626034792,happy,0.975499869986379,0.9763510211269021
1_7186_u,"and she makes me Froot Loops. Go with gay story, people are more accepting of that. Actually, Froot Loops just got married to a girl. Congratulations. Thanks, we decided to do it before the launch. You and Mrs. Loops have a big wedding?",2.1028090486652214e-05,9.023982420330869e-05,2.4212280550273132e-05,0.3443909287452698,0.6553459167480469,4.556749627226964e-05,8.216327842092142e-05,neutral,0.3442098810537572,0.3445719764367823
1_7281_u,"""Release the Kraken."" That never gets old. ""Release the Kraken!"" Oh, chills. Besides, I'm having dinner with Amy. Oh, okay. I'll just go home and be alone. W-Which is cool.
I eat alone, I sleep alone, I cry alone, so...
Cool.",0.0012384400470182,0.0001253473601536,0.0006418999400921,0.2459928393363952,0.2586874067783355,0.4911103546619415,0.00220378045924,sad,-0.2471232026728103,0.7391088813456006
1_7341_u,"You know, joking, kidding around, hurting feelings. Okay, my turn. 
Let me talk to him. Go ahead. 2311 North Los Robles Avenue, Pasadena, California to International Space Station.
Can you read me? Over. (imitates walkie-talkie static) Yes, I read you, Sheldon. Copy that. Over. (imitates walkie-talkie static) What are you doing?",0.0002452672051731,0.0001179048413177,0.0002071076887659,0.8591710925102234,0.0889219120144844,0.0511370599269866,0.0001997567596845,happy,0.8074637528479798,0.9108784321724667
1_7357_u,"My tongue won't go as far forward as it used to. Maybe your tongue is shrinking. Nope. Oh, you have no idea how annoying this is.",0.9754406213760376,2.265125476696994e-05,7.856774027459323e-05,2.709346154006198e-05,0.0241123065352439,0.0002967104082927,2.200709059252404e-05,angry,-0.9758114573178318,0.9758656442409119
1_7395_u,"You slept with him? I didn't know what else to do.
He had those big, sad eyes. Oh, sure, you had no choice. He looked at me like this.",6.889228097861633e-05,0.0001076218104572,0.000187376703252,0.0004306494665797,0.9798873662948608,0.0189615190029144,0.0003564932558219,neutral,-0.0188947603310225,0.01975605926418192
1_7400_u,"There are some charts in the back where I kept track of shape, color and consistency. Disgusting. No, what's disgusting is he's still keeping track. Why do you need all this stuff...? No, no, no, no... Sorry! I am glad you asked. Yeah, are you familiar with the Higgs boson?",0.0612268149852752,0.0175530146807432,0.1904964596033096,0.0010000312468037,0.5482497811317444,0.180882453918457,0.0005914381472393,neutral,-0.4491587119409814,0.45115877443458874
1_7402_u,"the paper was rejected, but recently, he was proven right. And now he's on the fast track to win a Nobel prize. Yeah, that's basically what I said. The point is Higgs is being celebrated for work he did 50 years ago, so that got me thinking, perhaps I've already hit upon the idea that will win me my Nobel prize.",0.0010869516991078,0.0001434995938325,0.0085048479959368,0.7181904911994934,0.2681445181369781,0.0004341647727414,0.0034955523442476,happy,0.7080210271378746,0.7283599552611119
1_7442_u,"This will interest you. And, Penny, feel free to paint your nails. What do you got? I believe Alex may have unearthed the grade school science project that could be my ticket to the Nobel Prize. Behold. ""Magnets: What Do They Stick To?"" If the answer is ""metal,"" it's not exactly groundbreaking.",7.252027717186138e-05,3.9032242057146505e-05,9.962234616978094e-05,0.1872904747724533,0.8123948574066162,1.6681939086993225e-05,8.687689842190593e-05,neutral,0.1870626179679675,0.1875183315769391
1_7443_u,"in town were starting to say I was a witch. Sheldon thinks the approach in this paper might change the way we calculate ferromagnetic hysteresis. Oh, it's about time. I hated the old way. Hi. I'm Penny. Alex.
Uh, do you work with Dr. Hofstadter? In a way.",0.0213682055473327,0.002382782055065,0.1354225873947143,0.6297643780708313,0.1927929520606994,0.0125733474269509,0.0056957467459142,happy,0.4580174556467682,0.8015113004948942
1_7445_u,"In a way. We've kind of been involved in a five-year experiment. Oh. Well, you're lucky. He seems very talented.
And I'm sure a lot of people want to work with him. Well, a lot of people can't. Uh, hey. Where are we going?",0.0001916800392791,9.599694021744654e-05,7.304699829546735e-05,0.9586668610572816,0.0395457781851291,0.000119884207379,0.0013068427797406,happy,0.9581862528721105,0.9591474692424525
1_7449_u,"or Leonard's gym membership. We're not kicking him out. 
Stuart and I have become good friends. Okay, one vote for, one vote against.
Leonard, you're the tiebreaker. I don't have a problem with Stuart.
Besides, he gives us a 20% discount at his comic book store. Well, I don't sell my friendship that cheaply. I can go 30. Welcome aboard, old chum.",0.0006844843737781,3.517352160997689e-05,1.738920582283754e-05,0.0389871522784233,0.9601589441299438,1.653000435908325e-05,0.0001004299338092,neutral,0.0382335751728533,0.0397407293839933
1_7487_u,"Oh, look at you.
You, you look like you grew. Yeah.
The lack of gravity did decompress my spine, so I'm like an inch and a half taller. I'm going to the DMV tomorrow to get my license changed before I shrink back. Oh, uh, come in, come in. Oh, I, uh, I didn't think I was going to get to see you until tomorrow.",0.0004969884757883,0.0006289527518674,0.0035522293765097,0.4606363475322723,0.0540944971144199,0.0035539427772164,0.4770370721817016,surprise,0.4524042341508902,0.46886846091365403
1_7490_u,"Yeah, well, Bernadette's a little under the weather and my mom's kind of under my dentist. Wait, your, your mother is sleeping with your dentist? Former dentist.
I need a new one now that I know where his hands have been. So you're wandering all around by yourself?
That's not the kind of hero's welcome an astronaut should come home to.",0.0087758982554078,4.4733984395861626e-05,0.0001001217679004,0.0001844085199991,0.9891371130943298,0.0010076517937704,0.0007500246865674,neutral,-0.0097439972814754,0.01011281432147356
1_7494_u,"Wow, so you guys are like buds now? Oh, yeah, we hang out all the time. Plus, he doesn't have a girlfriend, I don't have a girlfriend. It's like we both had these holes in our lives, but now we fill each other's holes.",0.0003451513475738,0.0003018708957824,0.0007705154712311,0.5740116238594055,0.3408262729644775,0.0028333668597042,0.0809112414717674,happy,0.5697607192851137,0.578262528433697
1_7504_u,"Oh, hey, Stuart, I got you a little souvenir from my trip to space. Well, Howard, that's very nice of you. Yeah, maybe. Open it first. It's my official NASA portrait.",0.0002605689514894,0.0002674797433428,0.0023284365888684,0.9461369514465332,0.0475159958004951,0.0017000248190015,0.0017905208515003,happy,0.9415804413438308,0.9506934615492353
1_7575_u,"It was a compromise. I lost. Can you believe Stuart's walking around taking credit for this party? Who cares? What do you mean ""who cares""? Look at what I pulled off here.
The deejay's on fire, there's a Tardis photo booth in the back room, and, oh, my God, the food! Stuart wanted Kraft Draculoni and cheese.",0.0395145751535892,5.959439295111224e-05,0.0003496222780086,0.0035891791339963,0.9152621030807496,0.0391841009259223,0.0020408667623996,neutral,-0.075518713616475,0.08269707188446751
1_7593_u,"What do you think? Can I speak to you for a second? I'll be right back. Feel free to play with yourself. I don't care for your friend, he's being rude to me. You need to ask him to leave.",0.0137970801442861,5.790144859929569e-05,0.0001297804992645,0.1062995195388794,0.8796644806861877,1.5845673260628246e-05,3.544977880665101e-05,neutral,0.0922989117734687,0.12030012730428992
1_7641_u,"You are now the only woman in my life who I'll see naked in the bathroom. I know this wasn't easy.
You doing okay? Oh, I'm fine.
It's just her I'm worried about. Aw, she'll be okay.
She's a grown woman. I know. 
It's just ever since my dad left, I've felt responsible for her. That's a lot for a kid to deal with.",0.0004587910952977,0.0002227814838988,0.043435014784336,0.6090996265411377,0.1052213385701179,0.2375104129314422,0.0040520429611206,happy,0.3274726262461627,0.8907266268361123
1_7661_u,"There it is again.
Do you kiss your mother with that mouth? Oh, well, I'm sorry for your loss.
- Oh! - Good night, sir. Unbelievable.
He says Wolowitz deserves my spot because he's a high-profile asset to the university. Well, he's not wrong.
Howard did go to the International Space Station.",0.0006202604854479,0.0007181806722655,0.0042245867662131,0.0045759812928736,0.0295355301350355,0.9429596066474916,0.0173659082502126,sad,-0.9439466532785444,0.9530986158642917
1_7675_u,"Damn. Well, at least when we do make love, Sheldon won't be thinking about his mother. And yes, that is a cleverly veiled reference to Howard's lifelong obsession to crawl back into her spacious womb.",4.349118171376176e-05,4.560580418910831e-05,5.819269790663384e-05,0.9982460737228394,0.0007235743105411,0.0008065495057962,7.65611621318385e-05,happy,0.9972922345332336,0.999199912912445
1_7722_u,"(thermometer beeps) 102.2.
(coughs)",1.9397073629079387e-05,1.9377514036023055e-05,0.0001006786405923,0.0019230137113481,0.9978862404823304,8.570056706957985e-06,4.275595347280614e-05,neutral,0.0017749904263837,0.0020710369963124605
1_7894_u,Do you really think you should be drinking right now? How else am I supposed to talk to the Human Resources lady? I don't know. Seek professional help?,4.944801912643016e-05,7.33298884370015e-06,7.229006587294862e-05,0.0011298193130642,0.9986775517463684,2.6799232728080824e-05,3.682962051243521e-05,neutral,0.000973949006493,0.0012856896196353597
1_7938_u,"What if we were to get in a car with a crazy person? Look at us, Sheldon.
We're the crazy people. Well, perhaps we should hold up a sign that assures passing motorists of our mental competence. Good idea.
Why don't you get started on that?",9.512890392215922e-05,3.708849908434786e-05,0.0006780180265195,0.0175313595682382,0.9815621972084044,2.0426386981853284e-05,7.56717927288264e-05,neutral,0.0167006977517303,0.01836202138474606
1_7953_u,"Hello. Uh, four glasses of water, please. Anything for you guys? Can I use your phone? 
Our car got stolen.",0.0007791460957378,0.0002043345593847,0.0186066757887601,0.0004612448392435,0.9672372937202454,0.0123759899288415,0.0003353017091285,neutral,-0.0315049015334807,0.032427391211967596
1_80_u,"Here we go. Pad thai, no peanuts. But does it have peanut oil? I'm not sure. Everyone keep an eye on Howard in case he starts to swell up.",1.3257661521492992e-05,1.1623517821135463e-05,0.0002036765072261,0.0051477556116878,0.9945371747016908,1.6122658053063788e-05,7.0316789788194e-05,neutral,0.004903075267066,0.005392435956309592
1_8042_u,"Here you go. Great. Come on in. What, you don't say thank you? It's my suitcase.
I lent it to you two years ago. Well, then, I should tell you I broke the wheel and the handle. So, is everyone from Bernadette's company going to Vegas?",0.0032654325477778,0.000167691061506,0.0364364981651306,0.5318080186843872,0.0175045747309923,0.4093482196331024,0.0014695370336994,happy,0.0825901772768702,0.9810258600919041
1_8045_u,"to rebrand the stuff as a cure for constipation. Way to make lemonade.
You know, from around the corner where fudge is made. Hey, I got a favor to ask. Sure. My mom's been kind of an emotional wreck since that dentist she was dating dumped her.",7.402726623695344e-05,0.0001084845789591,0.0001594288332853,0.5736877918243408,0.4257944524288177,0.0001058041016221,7.000129699008539e-05,happy,0.5732400470442371,0.5741355366044443
1_8052_u,"I swear, that man is the most egotistical, insufferable human being I have ever met. Yeah, but you two make such a cute couple.",0.375706285238266,0.0003506532520987,0.0007872606511227,0.6203007102012634,0.0015261635417118,0.0011402461677789,0.0001887270045699,happy,0.2423162648919969,0.9982851555105297
1_8078_u,"Rajesh!
You up?
You ready for breakfast? Oh, boy. Breakfast. Okay, Raj, listen to me.
You need to get out of there. But I have a cream sherry hangover and I smell blintzes. If you don't leave now, she'll use food and guilt to keep you there for the rest of your life. Oh, Howard, stop.",0.0151721322908997,0.0006846790784038,0.0785938426852226,0.5817397236824036,0.19108946621418,0.0577559135854244,0.0749642923474311,happy,0.4295331560424529,0.7339462913223541
1_8136_u,It's nice that all the people who are lonely on Valentine's Day can come here tonight and be together.,0.0001538329088361,0.0001598902890691,0.0001315194094786,0.0326014868915081,0.950390875339508,0.0165055152028799,5.691068508895114e-05,neutral,0.0156507290812442,0.0495522447017718
1_8159_u,"But if someday you decide you want to get married, you have to propose to me. Really? Yes. It's all on you. But I got to tell you, when the time comes, I want the whole nine yards. I want you down on one knee, flowers.
I want to be swept off my feet. Yeah, you got it.",0.0005794408498331,0.0001509648573119,0.0022084573283791,0.4955275356769562,0.4985605180263519,0.0009683995740488,0.0020046788267791,neutral,0.4916202730673831,0.4994347982865291
1_8185_u,"The surf and turf sounds good.
See if they corn on the cob. Guys!
We're trying to get him out of here, not you in. You're wasting your time.
Just please, leave me alone. Now what? I don't know.",0.0050314697436988,0.0002127493789885,0.000119279458886,0.8518376350402832,0.1305323392152786,0.0121569139882922,0.0001096745399991,happy,0.8343172224704176,0.8693580476101488
1_8217_u,"There are many things seriously wrong with me. And not quirks, either.
Like... diagnosable psychological problems. Maybe brain damage. Well, how do I know you're not just saying that?",0.0059569077566266,8.003340917639434e-05,0.0004200952243991,7.954338798299432e-05,0.972581386566162,0.0203754417598247,0.0005065329605713,neutral,-0.0267529347620438,0.02691202153800979
1_8407_u,"It ended on a cliffhanger. They did. Uh, Sheldon, there are two dumplings left. Do you want them? Dumplings?
Don't you understand what's going on here? As a rule, no. That show ended with all the residents of New York either dead or unconscious.
Now I'll never know what happened. Well, why don't you make up your own ending?",0.0015889991773292,4.470194107852876e-05,0.0009603971266187,8.40708744362928e-05,0.9942827224731444,0.0014425773406401,0.0015965425409376,neutral,-0.0039526047112303,0.004120746460102822
1_8417_u,"Roger is Raj. I always thought, if I had a white name, it would be Gavin. Keep reading. What does it say? No, no, I don't know if I should. 
If she wanted me to know about her blog, she would've told me. It's almost like I'm reading her diary. That's exactly what it's like. Keep reading. No, this is creepy.",0.0022232276387512,0.0002113372756866,0.7077083587646484,0.0010639193933457,0.2867674231529236,0.000767815276049,0.0012580059701576,fear,-0.7098468195617897,0.711974658348481
1_8452_u,"Probably because I didn't read the instructions.
No wrapper's going to tell me what to do. Unless his name is Jay-Z. Is something going on? What do you mean? Well, you're acting all weird.
And I'm pretty weird, so I think I know what I'm talking about. I don't know. Maybe it's all those steroids I've been taking.",0.1109328046441078,0.0002748387050814,0.0144474878907203,0.0001632432831684,0.8664315342903137,0.0008314120932482,0.0069186338223516,neutral,-0.1263233000499894,0.1266497866163261
1_8505_u,"I just Googled ""foo-foo little dogs."" (Skype ringing) It's Raj. Stay quiet. (chuckles): Hey!
Bad timing.
Bernadette just took Cinnamon out for a walk. Hmm. Interesting. 
Did they take a walk down Liars' Lane? What?",0.0013697479153051,0.0001069163336069,0.0030592428520321,0.1100013703107833,0.883009672164917,0.000483778072521,0.0019692603964358,neutral,0.1049816851373179,0.1150210554842484
1_8717_u,Do you think Penny's mad at me?,0.0002740393683779,0.0001855879672802,0.0039786724373698,0.0002550829667598,0.9525076150894164,0.0416210480034351,0.001177909085527,neutral,-0.0458042648097034,0.0463144307432228
1_8746_u,"So what'd you think? It was good. That's it? ""Good""?",1.3707934158446731e-05,9.67921150731854e-05,5.206318019190803e-05,0.0145671665668487,0.984582543373108,0.0001671665086178,0.0005205213092267,neutral,0.0142374368288074,0.01489689630489004
1_8749_u,"I enjoyed it. When you told me I was going to be ""losing my virginity,"" I didn't think you meant showing me Raiders of the Lost Ark  for the first time. My apologies. I chose my words poorly.
I should have said you were about to have your world rocked on my couch. Anyway, thank you for watching it.
It's one of my all-time favorites.",0.0001093721584766,6.811555795138702e-05,0.000303001696011,0.9466203451156616,0.0002631525276228,0.0523904077708721,0.0002455790818203,happy,0.8937494479323504,0.9994912422989728
1_8827_u,"Awkward silence. Sheldon on his phone.
No touching. Somebody's having date night. It's actually steamier than it looks.
Sheldon's looking up the phallic symbolism of root vegetables in Renaissance paintings. Oh, no, I got bored with that.
I'm just browsing cuticle scissors on Amazon.",0.0910946875810623,0.0001068880592356,0.0008219003211706,0.0004132222093176,0.1060122698545456,0.8014408349990845,0.0001102940004784,sad,-0.8930510887512355,0.8938775331698706
1_8837_u,"Really? Yes. Huh. Yeah, I always took it literally. That's why I have never once moved my bowels in this or any restaurant. 
Hmm. I'm relieved that you don't have a problem with us working together.",9.95379450614564e-05,0.0001819437893573,0.0001093678583856,0.9880950450897216,0.0006842829170636,0.0005236085271462,0.0103062894195318,happy,0.987180586969771,0.9890095032096721
1_90_u,"A marathon? How many Superman movies are there? You're kidding, right? I do like the one where Lois Lane falls from the helicopter and Superman swooshes down and catches her. Which one was that? One. You realize that scene was rife with scientific inaccuracy. Yes, I know, men can't fly. Let's assume that they can.",9.982586925616488e-05,0.0002353743766434,0.0019091843860223,0.2513750791549682,0.7146239280700684,0.000437929702457,0.0313187018036842,neutral,0.2486927648205892,0.254057393489347
1_9003_u,"I guess they really do read their mail. Hey, isn't that Professor Proton? Oh, yeah. Look at him, just standing in line like he wasn't moderately famous 30 years ago. - Let's go say hello. - Oh, maybe we shouldn't bother him.",7.673761137994006e-05,5.007451181882061e-05,0.0013356120325624,0.0059119490906596,0.9829270243644714,0.0002683312341105,0.0094303274527192,neutral,0.0041811937007878,0.007642704480531261
1_9009_u,"Dr. Jeffries, hello again. Leonard Hofstadter. Oh, oh, right, I remember your-your girlfriend. Is-Is she... is she here? No, she's not. So, what prescription are you getting filled? - Sheldon. No. Wait, I want to guess. Don't tell me. I wasn't going to tell you.",0.0004293116508051,0.0001119219523388,0.0051675448194146,0.0091691007837653,0.9820760488510132,0.0003342312411405,0.0027117526624351,neutral,0.0031260911200661,0.015212110447464303
1_9087_u,"Yup, oh... here you go. Oh, thank you. Here, get yourself an eraser for your troubles. Oh-ho.
I forgot about this. 
My aunt made it for me when I started college. Aw, did she hate you?",1.962336864380632e-05,1.948033423104789e-05,1.6724454326322302e-05,0.968881607055664,0.0308807864785194,0.00015230034478,2.9398781407508068e-05,happy,0.9686734785536828,0.9690897355576451
1_9245_u,"Yes. And some people in the science community are calling it ""The Wonder Blunder."" Who? Give me their names.
I bet it's Wolowitz. It's just such a fascinating story. Your calculations are way off, but they find the element anyway. It's like misreading a treasure map and still finding the treasure.",0.000151556378114,7.389784150291234e-05,0.0003724624111782,0.2094673961400985,0.7824761867523193,8.773869194556028e-05,0.0073708086274564,neutral,0.2087817408173577,0.21015305146283916
1_9594_u,"You know, there-there's always WonderCon in Anaheim, you know? That-That's just as good. Excuse me. Oh, guys, this is really sad. And in a different way than it was 20 minutes ago.",0.0002705907681956,0.0001010695777949,0.0005438209045678,0.0109555777162313,0.0886351987719535,0.8991321325302124,0.0003615932073444,sad,-0.8890920360645396,0.911003191497002
1_9668_u,"We'll come back to that one. This brings us to the final item in our annual State of the Relationship Summit.
Item 29: Valentine's Day. Ah, the worst for last. Hmm. Classic Flakey. Before you get upset, I believe I've come up with a way for us to celebrate the occasion that we both can enjoy.",5.578964555752464e-05,2.5369728973601013e-05,0.0008079864201135,0.9932036399841307,0.0047580767422914,0.0010072642471641,0.0001418142928741,happy,0.991307229942322,0.9951000500259395
1_971_u,"Take that! What's the matter? This granola bar has peanuts in it! Oh, my God. Why did you eat it? I don't know. It was just there! If I had a gun there, would you have shot yourself? Don't yell at me! I've got to go to the emergency room!",0.7628093361854553,0.0019342263694852,0.1816115230321884,0.0001518547069281,0.040157675743103,0.0046061123721301,0.0087292231619358,angry,-0.950809343252331,0.9511130526661871
1_9963_u,"Koothrappali murder mystery dinner. I'm leaving. You can't leave. 
You're a suspect in the mysterious murder of Stuart Bloom. (dramatic music plays) I didn't know his last name was Bloom. Yeah, it's Bloom. Are you really gonna lie on the floor and pretend to be dead all night?",0.001364656491205,0.0001254784874618,0.0980006232857704,0.000339457008522,0.8965234756469727,0.0014900056412443,0.0021562441252171,neutral,-0.1006413068971596,0.1013202209142035
1_9971_u,"We can't show up to your mom's empty-handed. 
We should bring something. I already am.
I'm bringing the gift of knowledge. Oh, boy. Despite what her Bible says, recent archeological studies indicate that although camels are referenced in the Old Testament, they didn't exist in the Middle East until hundreds of years later.",0.0001803181512514,2.5250434191548266e-05,0.0011425253469496,0.9300937652587892,0.0674211829900741,0.000878486665897,0.0002584214671514,happy,0.9278671846604992,0.9323203458570787
1_9972_u,"So, what happens next? I can't tell you that.
But perhaps the killer dropped a fun and imaginative clue somewhere in the apartment.",0.0004234783991705,4.1828494431683794e-05,0.0003917015274055,0.0798444896936416,0.918910264968872,2.91937558358768e-05,0.0003589689731597,neutral,0.078958287516798,0.08073069187048515
1_9993_u,"You're all inside it, and we hurtle through the very fabric of time. (electronic sound effects playing) And welcome to 20 years in the future. Hey, you guys just time-traveled.
Stop looking so bored.",0.0002234133135061,1.222162063641008e-05,7.45771758374758e-05,0.000667855492793,0.9989823698997498,1.0989543625328224e-05,2.8627544452319853e-05,neutral,0.0003466538391876,0.000989057146398314
1_S09E01_027_u,"So, what package are you thinking? Mm, this one comes with music and flowers. Oh, they even stream the whole thing live on the Internet. Why would we want that? Cause there's a lot of gorgeous blondes out there who don't believe they can land a short, nearsighted scientist. Let's give them hope.",4.3113868741784245e-06,1.73710777744418e-05,1.472489475418115e-05,0.026707561686635,0.9731797575950624,2.9124725188012235e-05,4.71873463538941e-05,neutral,0.0266420296020442,0.026773093771225814
1_S09E01_368_u,"I asked you over and over if you were okay. Why would you go through with the wedding if you weren't? I thought I was okay, but it turns out I'm not. Okay, listen, I may not have been entirely faithful, but you, you are not easy to lift!",0.0036237807944417,0.0001523105602245,0.0001079308494809,0.0002181124000344,0.9922577142715454,0.003333173925057,0.0003070110396947,neutral,-0.0069990837291697,0.007435308529238499
1_S09E01_379_u,so I took it upon myself to make you a hot beverage.,1.5602870917064138e-05,0.0008040447137318,0.0001686954783508,0.3040400445461273,0.6944276690483093,0.0003341728297527,0.000209757767152,neutral,0.3027175286533747,0.30536256043887966
1_S09E01_403_u,"You know, if I dated Mandy, that would teach both Leonard and Amy a lesson.",0.001322548603639,6.477553688455373e-05,3.395926614757627e-05,0.0022352316882461,0.9963020086288452,5.825691005156841e-06,3.5648929042508826e-05,neutral,0.0008081225905698,0.003662340785922387
1_S09E01_439_u,What happened? They just got married. (sighs) I don't know. It's a mess. They had a huge fight in Vegas. Think they'll break up?,0.0142366960644721,2.2997093765297905e-05,0.0004430792178027,5.468624294735491e-05,0.968679428100586,0.0164660979062318,9.69696047832258e-05,neutral,-0.0311141840393247,0.031223556525219253
1_S09E02_002_u,Why are you up?,6.565588410012424e-05,0.0001025214951368,0.0001636041997699,7.584432023577392e-05,0.9990116357803344,2.760205279628281e-05,0.000553113699425,neutral,-0.0002835393115674,0.00043522795203888094
1_S09E02_064_u,"Sheldon, I am not doing ""Fun With Flags"" with you. Why not?",0.393044650554657,4.5704182412009686e-05,0.0002982705191243,0.0001174461722257,0.6063748598098755,6.751671025995165e-05,5.143130329088308e-05,neutral,-0.3933386957942275,0.39357358813867893
1_S09E02_078_u,"Sheldon, this has to stop. I know it's hard. It's hard for me, too. But I've seen and talked to you more in the two days we've been broken up than in the last two months that we were together.",0.1064716279506683,6.652096635662019e-05,0.0011532981880009,0.0004896575701422,0.2629922032356262,0.6283668875694275,0.0004598696250468,sad,-0.7355686771043111,0.7365479922445956
1_S09E02_178_u,can we have some privacy?,6.340251275105402e-06,3.0221004635677676e-05,4.063606320414692e-05,0.0060859736986458,0.9932589530944824,0.0005689731915481,8.959043952927459e-06,neutral,0.0054398031879827,0.00673214420930883
1_S09E02_215_u,"Fine, you want to meet her? No, I just want to know that when you're at work, there's nothing going on. How many times do I have to tell you? I have no interest in this woman.",0.1920562833547592,3.185533205396496e-05,8.159079152392223e-05,0.000625237415079,0.8071256875991821,5.52690435142722e-05,2.4118055080180056e-05,neutral,-0.1915997611067723,0.19285023593693035
1_S09E02_271_u,"You guys have any idea how much it costs to see a marriage counselor? $250 an hour. Why? How do you know? Bernadette and I have occasionally gone to one to, you know, stay on top of things. And I'm just hearing about this now?",0.0068436916917562,2.7031699573853984e-05,0.0001290872751269,0.0003166681271977,0.9921318888664246,9.58772943704389e-05,0.0004556699714157,neutral,-0.0067790198336297,0.0074123560880250934
1_S09E02_371_u,"Penny, after all these years, I still feel like maybe I don't deserve you.",0.0013790954835712,3.305687278043479e-05,0.0003077895380556,6.195781315909699e-05,0.002206009812653,0.995612859725952,0.0003992794954683,sad,-0.9972708438072004,0.9973947594335184
1_S09E02_386_u,"(sighs) Well, how about we stop being so scared of losing each other and just be together?",0.0002349782735109,0.0002273340214742,0.6164544224739075,0.052178144454956,0.3058077394962311,0.024015188217163,0.0010821581818163,fear,-0.5887537785310997,0.6931100674410116
1_S09E02_392_u,"I've loved you since the moment we met, and I will keep loving you until the end of time.",2.042792948486749e-05,2.1791358449263495e-05,1.99910209630616e-05,0.9978016018867492,0.0019639560487121,8.413364412263036e-05,8.817533671390265e-05,happy,0.9976552579337294,0.997947945839769
1_S09E02_424_u,"I don't know what you were thinking, but take the video down now!",0.9264180660247804,3.762654887395911e-05,0.0004034853482153,3.990623008576222e-05,0.0721159353852272,0.0008397717028856,0.0001452503493055,angry,-0.9276590433946694,0.9277388558548411
1_S09E03_056_u,"It's bad enough I'm being taken against my will. I don't see why it has to be in some hippie's mobile sex dungeon. Well, Sheldon, there's something about this van that you're going to find very interesting.",0.9859592318534852,0.0001033104854286,0.0001545753184473,3.1971056159818545e-05,0.0123990662395954,0.0013338575372472,1.7926186046679504e-05,angry,-0.9875190041384484,0.9875829462507681
1_S09E03_072_u,"So, are you gonna give us a clue where we're headed? Uh, okay, let's see... They've got spicy food and there's a chance you'll get diarrhea.",0.0004785973287653,0.0002677143202163,0.0007252639625221,0.000253060774412,0.998206377029419,1.802855149435345e-05,5.097448593005538e-05,neutral,-0.0012365433885861,0.0017426649374100533
1_S09E03_120_u,"According to this Mexican Customs Web site, visitors may not bring more than five laser discs, 20 compact discs or 12 VHS tapes.",5.40626460860949e-05,0.0004247378674335,8.649951632833108e-05,0.003183024469763,0.9961771965026855,6.31277944194153e-05,1.1285877008049283e-05,neutral,0.0025545966454956,0.0038114522940303416
1_S09E03_125_u,"According to this Mexican Customs Web site, visitors may not bring more than five laser discs,20 compact discs, or 12 VHS tapes. We don't have any of those. How can you be sure? VHS was king when Feynman drove this van. For all we know, there are hidden compartments lousy with Jane Fonda workout videos.",9.171161218546332e-05,1.3295887583808508e-05,8.062021515797824e-05,0.0006943146581761,0.9990506768226624,5.697621236322448e-05,1.2443484592949972e-05,neutral,0.0004517107308856,0.0009369185854665745
1_S09E03_135_u,I just wish Leonard would work up the courage to tell Sheldon he's moving in here.,9.40397076192312e-05,9.697540917841252e-06,0.0001371164544252,0.0207942370325326,0.978765308856964,0.0001855905575212,1.4049201126908883e-05,neutral,0.0203677927720491,0.021220681293016068
1_S09E03_143_u,"Speaking of Sheldon, how's single life treating you?",2.110121749865357e-05,1.0051760909846053e-05,1.7745500372257084e-05,0.0120365172624588,0.9878503680229188,3.318541348562576e-05,3.0961542506702244e-05,neutral,0.0119544333701924,0.012118601154725182
1_S09E03_170_u,"Piercing my ears. Oh. Oh. All you need is a needle and an ice cube. You really never had that done? My mom said pierced ears were for whores, pirates and genies. Okay, well, you're a grown woman now. I know, but Sheldon had this clause in the Relationship Agreement forbidding cosmetic surgery unless it's to look like a Klingon. We'll take you to the mall to get it done. Why? I can do it right here. Really? You have a piercing gun? No.",0.0004663971776608,0.0002610567316878,0.003515736432746,0.0001417739113094,0.9876502156257628,0.0034022983163595,0.0045625641942024,neutral,-0.0075037147471448,0.0077872625697635
1_S09E03_233_u,"You know, if he finds out we eloped, it's gonna break his heart.",0.000125732840388,2.645102176757064e-05,0.0002432193577988,0.0007052462897263,0.0016629231395199,0.9971665740013124,6.995150761213154e-05,sad,-0.9968567309315404,0.9982672235109931
1_S09E03_241_u,When did you learn how to change a tire?,3.1499403121415526e-05,1.5586971130687743e-05,5.378507921705023e-05,0.0011319008190184,0.9987338185310364,2.167547791032121e-05,1.1729174730135128e-05,neutral,0.001009353887639,0.0012544477503978746
1_S09E03_359_u,"All we need is to find stuff to make a ""leever"" big enough to fix this. Exactly.",9.12711038836278e-05,4.056068064528517e-05,2.080014746752568e-05,0.3967397511005401,0.6030639410018921,7.918711162346881e-06,3.5713077522814274e-05,neutral,0.3965792004573814,0.3969003017436989
1_S09E03_476_u,What... What are you doing back?,0.0004913837765343,0.0001640225673327,0.0002076914679491,0.0001241809804923,0.9659961462020874,0.0013450727565214,0.0316716395318508,neutral,-0.0020839895878452,0.0023323515488298
1_S09E04_015_u,"Why are you taking your bins over there? That's just where I need them. You know, she doesn't have a lot of closet space. What's wrong with your closet? Uh... Well, honey, you know,",0.0001335076376562,1.39281946758274e-05,2.09487734537106e-05,0.0006682786624878,0.9990872144699096,4.149424057686701e-05,3.4675591450650245e-05,neutral,0.0004583998161251,0.000878157508850405
1_S09E04_053_u,"Well, in addition to Amy leaving me, Leonard's moving in with Penny. It's difficult not to feel abandoned.",0.0001744546170812,9.009189670905472e-05,0.0004385162901598,0.0008590638171881,0.0024754065088927,0.9958855509757996,7.692231156397611e-05,sad,-0.9957295499625616,0.9974476775969378
1_S09E04_074_u,Have you seen this Archie comic? It's actually Archie versus Predator.,6.654352546320297e-06,1.3120134099153802e-05,5.087932368041948e-05,0.0039160717278718,0.9959352016448976,1.7582349755684845e-05,6.037881394149736e-05,neutral,0.0038278355677903,0.004004307887953379
1_S09E04_088_u,"Hey, we've always talked about playing together.",8.938643986766692e-06,2.511029560992029e-05,1.1718794667103792e-05,0.096103049814701,0.9037944674491882,3.410017234273255e-05,2.2542277292814102e-05,neutral,0.0960231819080945,0.09618291772130752
1_S09E04_106_u,"Dude, if we do this, we're gonna need a cool band name. You know, I've actually (chuckles) had one I've been sitting on for years. Really? It was for this power trio I tried to put together in junior high, but I was short two friends. What is it?",2.65263097389834e-05,2.6161098503507677e-05,5.663864794769325e-05,0.8534411787986755,0.1459773927927017,0.0001498848723713,0.0003221554507035,happy,0.853181967870114,0.853700389727237
1_S09E04_207_u,"I'm not gonna be your roommate, Sheldon.",0.9922227263450624,0.0001375104766339,0.0004749070794787,5.242675979388878e-05,0.0069383601658046,0.0001228962210007,5.126203905092552e-05,angry,-0.9929056133623816,0.9930104668819696
1_S09E04_230_u,"So, what are you thinking for dinner?",8.813564818410669e-06,2.2156600607559085e-05,2.405948180239648e-05,0.0022795142140239,0.9974709749221802,0.0001517297350801,4.2857009248109534e-05,neutral,0.0020727548317154,0.002486273596332366
1_S09E04_267_u,What else can you do? Move back in with him?,8.46633247419959e-06,2.8794795071007684e-05,2.008980118262116e-05,0.0039231199771165,0.9959586262702942,3.2039941288530827e-05,2.8887432563351467e-05,neutral,0.0038337291071002,0.004012510847132859
1_S09E04_288_u,"Hey, if you're open to living with someone great, I'll give you $1,000 to take Stuart.",1.5164680007728748e-05,1.941535265359562e-05,5.7043998822337016e-05,0.996972680091858,0.002825717208907,9.47383960010484e-05,1.5254231584549416e-05,happy,0.9967863176643732,0.9971590425193427
1_S09E04_342_u,"I'm telling you, dude, the song has no groove. You can't dance to it.",0.9952374696731568,2.0936287910444665e-05,0.0001342751347692,5.180263542570174e-05,0.0013428672682493,0.0031878314912319,2.475412293279078e-05,angry,-0.9985287099516428,0.9986323152224941
1_S09E04_351_u,"Where's this coming from? A few hours ago, we both loved this song.",6.968709840293741e-06,3.468084105406888e-05,1.5152006199059542e-05,0.9980127811431884,0.001720389467664,6.649376882705837e-05,0.0001436337915947,happy,0.997889485817268,0.9981360764691088
1_S09E04_382_u,"LEONARD: Buddy, I know me moving in with Penny feels like a big change, but it's not.",0.001512877875939,8.368487760890275e-05,0.0126314274966716,0.0066304928623139,0.9643727540969848,0.0137009788304567,0.0010677478276193,neutral,-0.0212984762183623,0.0345594619429901
1_S09E05_022_u,"You know, I think it's great you guys want to get more exercise, but do you really think sports is the right choice for you?",2.5169929358526133e-05,5.594320464297198e-05,5.660906754201278e-05,0.5315907597541809,0.4676623046398163,4.821483526029624e-05,0.0005610346561297,happy,0.5314048227173771,0.5317766967909847
1_S09E05_213_u,"Sheldon, instead of focusing on Amy dating other guys, maybe you should start thinking about dating another girl. That's ridiculous.",0.0346977934241294,0.00254478584975,0.0357338264584541,0.0139891179278492,0.9063616991043092,0.0003342568816151,0.0063384431414306,neutral,-0.0593215446860995,0.08729978054179781
1_S09E05_222_u,"Maybe you should consider women who aren't in serious relationships with your closest friends. There's that prostate doctor, but I'm still mad at her. Oh, there's a woman. I'll make her my girlfriend.",8.973995136329904e-05,1.8253105736221187e-05,2.2208640075405128e-05,0.0007756653358228,0.9988710284233092,1.391884779877728e-05,0.0002091104252031,neutral,0.0006315447908491,0.0009197858807965027
1_S09E05_258_u,"- Barry Kripke just asked me out. - (GASPS) Oh! Look at you, two guys in one day. I told you things would change if you plucked your eyebrows. What did he say? ""Hi, how are you? I was wondering if you'd like to get a drink after work sometime."" Well, what are you gonna do? I don't know. I guess I assumed that I would eventually date other people, but this is happening so fast.",5.429187876870856e-05,2.544531525927596e-05,0.0006357720703817,0.009240954183042,0.9844650626182556,0.0005090752383694,0.00506935082376,neutral,0.0080163696802628,0.010465538685821086
1_S09E05_278_u,How've you been?,7.503464985347819e-06,3.84840568585787e-05,0.0001354492851532,0.0049656806513667,0.9945223331451416,0.0001781919854693,0.0001523178798379,neutral,0.0046060518589001,0.005325309443833127
1_S09E05_284_u,I should let you know that he expressed interest in asking you out.,1.047818750521401e-05,3.9238253521034494e-05,3.167284376104362e-05,0.0278533995151519,0.9720095992088318,1.0204690624959769e-05,4.540215013548732e-05,neutral,0.0277618055397397,0.027944993490564153
1_S09E05_291_u,"I asked two women out today, and they both said no. I didn't know you were interested in dating.",0.0017455400666221,0.0001619123358977,0.0001642424758756,6.088568261475302e-05,0.984924614429474,0.010506828315556,0.0024359745439141,neutral,-0.0125176375113369,0.012639408876566154
1_S09E06_055_u,Why do you need Kripke? Why don't you just go to Party City for helium? We'd have to go to every Party City in California.,7.730881770839915e-05,2.0837569536524825e-05,8.062122651608661e-05,9.073690307559446e-05,0.9996932744979858,1.121718651120318e-05,2.612647222122177e-05,neutral,-9.92478971966193e-05,0.0002807217033478082
1_S09E06_168_u,"What are you guys up to? We put Amy on a dating app, and we're seeing what's out there. Oh, fun! Let me see. Uh, no... no, uh, definitely not. What was wrong with that guy?",0.001731974305585,3.4516728192102164e-05,3.2045161788119e-05,0.0598866790533065,0.9382110834121704,5.0223363359691575e-05,5.348804188542999e-05,neutral,0.0580379194943816,0.061735438612231415
1_S09E07_054_u,"Hello, Amy. It's Sheldon. Yeah, I know that we're broken up but I'm leaving this message because I thought perhaps you'd like to watch me be interviewed for a documentary about Mr. Spock. Or as I like to call it, a Spockumentary. (LAUGHS) Yeah, I'm going to use that joke in the interview, so try to laugh like you're hearing it for the first time. You know, hysterically. And with a tinge of sadness that I'm no longer in your life. I'm the one who thought of Spockumentary.",0.0005698059103451,5.593594323727302e-05,0.0034281550906598,0.0150778153911232,0.0030128320213407,0.9776198863983154,0.0002356179320486,sad,-0.9665959679514344,0.9967515987336808
1_S09E07_135_u,"Look, I don't even think you can take this wall down 'cause it's load-bearing. Well, it's easy to find out, just go into the crawlspace under the house and check.",0.995635449886322,8.981169230537489e-05,0.0012849421473219,2.332660369575024e-05,0.0027356743812561,0.0001722774177324,5.839762525283732e-05,angry,-0.997159154539986,0.9972058077473774
1_S09E07_285_u,"so in a way, Howard's not only like your father but he's also like the child that you're afraid to have. Why are you still here?",0.0002898410893976,0.0002060434489976,0.9910457730293274,0.000286287657218,0.0064580617472529,0.0004560522793326,0.0012579909525811,fear,-0.9917114221898372,0.9922839975042732
1_S09E08_255_u,"- What happened? - OMG. - Aren't you Leonard Hofstadter? - Yeah? I saw you speak at Stanford with Sheldon Cooper. Amy, can you believe it? It's Dr. Leonard Hofstadter!",0.0004983111866749,0.0009139257599599,0.1191373765468597,0.0750787928700447,0.2174215614795684,0.0025803779717534,0.5843696594238281,surprise,-0.0480511985952034,0.19820878433529257
1_S09E10_065_u,"Yeah. So you have a song stuck in your head. It happens to everybody. Well, I'm not everybody. I have an eidetic memory. I should be able to remember what song this is, but I can't. Something's wrong with me.",0.0258486252278089,0.000608600967098,0.0289531927555799,0.0002984736929647,0.0998166501522064,0.8401826620101929,0.0042918976396322,sad,-0.895294607267715,0.8958915546536443
1_S09E10_208_u,"Oh, my God, he won't stop. How does he keep coming up with new ways to be annoying?",0.8730067014694214,0.0048431935720145,0.0179320629686117,0.0007077574846334,0.0180823281407356,0.003294605994597,0.0821332708001136,angry,-0.8983688065200113,0.8997843214892779
1_S09E11_045_u,You guys just got back together. You might not want to ditch her on her birthday. I think Penny has a point. You can see it another day. But someone might spoil the movie. No one can spoil Amy's birthday for me. Surprise! She's even older. Who saw that coming?,0.0001858073665061,9.284225961891934e-05,6.948685040697455e-05,0.0178417358547449,0.963916540145874,0.0001438089821022,0.0177497267723083,neutral,0.0173497903961106,0.018333681313379094
1_S09E12_184_u,"when you asked me to move in and help take care of your mom, I'd still be here two years later? - No one. - Nobody thought that. Well, that's it. I guess so. This is weird.",0.003904506098479,0.0007367626531049,0.0064868829213082,7.825109787518159e-05,0.0109750414267182,0.9682259559631348,0.0095925414934754,sad,-0.979275856538152,0.979432358733902
1_S09E12_369_u,"You know, if anything, he's turning me into his mother. Before I did pharmaceutical sales, I was an actress. You know, I was pretty good. You know, girl-next-door type, but hot. Doable. Hmm. And not only am I Leonard's mother, but we have this man-child living with us named Sheldon. Oh, Leonard talked a lot about him. I wasn't sure if he was real.",0.0003536668955348,4.252220605849288e-05,0.0002025645953835,0.9365219473838806,0.0620297901332378,0.0004307377676013,0.0004188149177934,happy,0.9354924559193024,0.9375514388484587
1_S09E13_024_u,"I am happy to report I'm feeling much better. Good for you. My fever is gone, my sinuses are pressure-free, and my mucus is as clear as a Yosemite waterfall.",1.878327566373628e-05,3.729495074367151e-05,5.03068877151236e-05,0.9986503720283508,0.0001875799061963,0.0009404289303347,0.0001151491087512,happy,0.9976035579838936,0.9996971860728081
1_S09E14_045_u,That's not her. That's not her. That's not her. That's not her. That's not her. That's not her. That's not her. That's not her.,0.0054548205807805,0.0021070626098662,0.0006068560178391,0.0002023898268816,0.9717497229576112,0.0005708991666324,0.0193082876503467,neutral,-0.0085372485482366,0.0089420282019998
1_S09E14_455_u,"I always looked up to you and Pop-Pop. I-I know what a challenging man he could be, but I saw you stand by him and-and make him into a better person. I did. Yeah, well, that is exactly what I've been doing the last five years with this little work in progress.",0.0002090965426759,0.0001101876041502,0.0002471904736012,0.1657242625951767,0.8315859436988831,0.0012873614905402,0.0008359978673979,neutral,0.163870426484209,0.1675780987061442
1_S09E16_101_u,"I'm, uh... (chuckles) uh, gonna be a father. That's so amazing. What? Congratulations. Oh, no. Why ""oh, no""? Because this changes everything. What about comic book night? Uh, what about playing games together? What about our trips to Disneyland? How can we do those things with a child around?",0.000518154411111,0.000300730636809,0.0004255341482348,0.9769200086593628,0.0002844722475856,0.0028137771878391,0.0187373235821723,happy,0.9728618122753688,0.9809782050433568
1_S09E16_189_u,"Are you hungry? How about that sushi place you love? Doctor said I can't have sushi. Okay, look, we don't have to go anywhere. We can just, you know, stay here and hang out in the hot tub. Doctor said I can't go in the hot tub.",0.0005890763713978,0.0001140003369073,0.0323845148086547,0.6979023814201355,0.2535401880741119,0.0138666480779647,0.0016031833365559,happy,0.6509481418252108,0.74485662101506
1_S09E18_033_u,"Okay, I gotta ask-- why are you wearing a bow tie? I've never applied for a patent before. I wanted to make a good impression.",8.502777200192213e-05,3.108097371296026e-05,0.0012604752555489,0.0142452595755457,0.9831165075302124,0.0005156895495019,0.0007459028856828,neutral,0.0123529860247799,0.01613753312631138
1_S09E18_147_u,"Well, what if we go around the university and just get the patent ourselves? We can't. It says on their Web site, as long as we work there, they have a controlling ownership of anything we come up with.",0.0033585322089493,1.0953614037134685e-05,6.322799163172022e-05,0.0001870521664386,0.996359407901764,1.0335829756513704e-05,1.0440734513395e-05,neutral,-0.003255997477936,0.0036301018108132687
1_S09E18_357_u,"Hangon, What if Sheldon had no choice but to be respectful?",1.3208876225689892e-05,6.948508962523192e-05,1.921869261423126e-05,0.0006738918018527,0.9991588592529296,8.135139069054276e-06,5.733577563660219e-05,neutral,0.0005638440043185,0.0007839395993869074
1_S09E19_044_u,"Hey, guys! Hey. Hey. What are you doing here? We heard there were some sexy scientists working hard all weekend. Yeah,",0.0001406812662025,0.0007102247909642,0.0004986265557818,0.2948569357395172,0.4980926811695099,0.0001857252937043,0.2055151313543319,neutral,0.2933216778328642,0.29639219364617003
1_S09E20_029_u,"Why are you pretending to be outdoors? You hate it. Okay, if that's true, why aren't there more genius squirrels? Hmm? Oh. Amy showed me a compelling study That demonstrated the cognitive benefit Of spending time in the wilderness. Buddy, I am ready to drive you Into the wilderness any time you want and leave you there. Well, make your jokes, but some of the participants Who spent four days in the woods away from all technology Reported a 50% gain in reasoning skills upon their return.",0.0004730418440885,0.000113116344437,0.0011502644047141,0.6101081967353821,0.3845861554145813,0.0007740382570773,0.0027950732037425,happy,0.607597735885065,0.612618657585699
1_S09E20_127_u,"You feel like raj is getting a little carried away With all the baby stuff? I don't think so. Yeah. He just wants to be part of the experience. All right, if you say so. What's in the box? Oh, it's an ultrasonic microphone So we can hear the baby's heartbeat. Oh. That's cool. Can we try it? Actually, raj ordered it. He made me promise to wait till he was here. So he can be... Part of the experience?",0.0001985445996979,6.50692600174807e-05,0.0015889559872448,0.0051994114182889,0.9895542860031128,0.000368191715097,0.0030254984740167,neutral,0.0029786498562316,0.007420172980346081
1_S09E20_156_u,"I'm gonna say something to him. Leave it alone. He means well. You saw him carrying that. So you don't think he needs to rein it in a little? No, not really. And you're not concerned He's acting like somehow this is his kid, too? He's just trying to be supportive. Just supportive. Not over-the-top in any way? No. Koothrappali: Hello!",0.0006458924035541,0.0001473436859669,0.0013809663942083,0.0850697606801986,0.9030402302742004,0.0006022569723427,0.0091135259717702,neutral,0.0822933012241264,0.08784622013627061
1_S09E20_179_u,"Wow, it's really coming down. This sucks. And there goes our hike. Oh, not our hike! Now we have To stay safe and warm. You know, we could still go. A little rain isn't gonna kill us. Have you been outside in the rain with sheldon?",0.0513514503836631,0.0006370362825691,0.0088929291814565,0.1681786924600601,0.0472136437892913,0.0051851910538971,0.7185410261154175,surprise,0.102112085558474,0.23424529936164587
1_S09E20_237_u,"Calm down. I'll go first. All right, let's see. Never have I ever...",4.087923662154935e-05,2.865360875148326e-05,0.0001574043999426,0.0351430028676986,0.9643334150314332,2.6248606445733454e-05,0.0002705494116526,neutral,0.0348898170159373,0.035396188719459966
1_S09E20_354_u,"Well, how much you got in there? $6,427.00 $47 once my nana's birthday check gets here. My god, leonard, do you know What I could do with that kind of money?",0.0001591621403349,0.0001873297151178,0.000922370061744,0.0394573099911212,0.916688859462738,0.0027270482387393,0.0398579202592372,neutral,0.0354613998351851,0.0434532201470572
1_S09E21_024_u,"Oh, that's claire. Got to run. I thought you were back with emily. Uh, actually I'm... Seeing both of them.",0.0019493892323225,2.2910675397724845e-05,0.0008025265997275,0.0002916760277003,0.9944109320640564,0.0022161193192005,0.0003064636839553,neutral,-0.004699269798948,0.005282621854348525
1_S09E21_255_u,"So what the hell happened? Oh, I just ran out of patience with sheldon's nonsense. Tell me about it. I've had it with raj, too. You know, like women, men have a monthly hormone cycle. Dips in testosterone can cause irritability.",0.997851014137268,4.343228647485376e-05,0.0001766670175129,0.0002917968668043,0.0006906864000484,0.0009180592023767,2.837381180142984e-05,angry,-0.9986973757768284,0.9992809695104368
1_S09E21_401_u,"Hey, jon snow! How come your horse has a basket on it? How come your head has your face on it? They don't wear bicycle helmets in game of thrones. You're thematically inaccurate, But I applaud your commitment to safety. Don't you guys have anything better to do?",0.351931482553482,0.000243601258262,0.0010734024690464,0.5255706310272217,0.1203837767243385,0.0002742269716691,0.0005228392546996,happy,0.172047917774762,0.8790933442796812
1_S09E22_015_u,"All right, well, let me know if you guys want to go. I would love to. I do enjoy the complexity of an aged Pinot noir.",1.1189807082701009e-05,1.075937780115055e-05,4.76387249364052e-05,0.9979552030563354,0.0019255268853157,2.1981595637043935e-05,2.757525726337917e-05,happy,0.997863633550878,0.9980467725617927
1_S09E22_075_u,"Hey, you think it'd be okay if I brought Claire to the wine tasting? Sure. I'd like to meet her. Oh, that's great. I've been wanting her to meet you guys, too, so this seems like the perfect opportunity. Oh, but I won't be there.",6.708721775794402e-05,4.764864934259094e-05,0.0002099221455864,0.2737012505531311,0.7254260182380676,0.0002329959679627,0.0003151413111481,neutral,0.2731435965724813,0.27425890453378077
1_S09E23_017_u,"that's a Venn Diagram, and I remember because",4.095345502719283e-05,9.313804184785111e-05,3.4039985621348023e-05,0.0003646608092822,0.9992780089378356,0.0001260215503862,6.316429062280804e-05,neutral,7.05077763996087e-05,0.000658813842164792
1_S09E23_102_u,I'm not surprised Leonard chose to avoid picking me up. He's battled intimacy issues his whole life. Does he have difficulty maintaining erections?,0.0001486425026087,0.0010235463269054,0.0392413623631,0.0006062997854314,0.0647294521331787,0.8849809765815735,0.0092697460204362,sad,-0.9247882279887564,0.926000827559619
1_S09E23_270_u,"You look like you come with a kickstand. You can't make me feel bad. Hmm, maybe not. Leonard?",0.0006782807759009,0.0001976568601094,0.0001050826977007,0.4888729453086853,0.0286314841359853,0.4814164936542511,9.809965558815747e-05,happy,0.0064754313207231,0.9712704592966475
1_S09E23_420_u,"To be honest, I'm surprised you cared about the wedding at all. I'm still human, Penny. Not getting invited to my own son's wedding is difficult to ignore. I know how you feel. She didn't invite any of us. It was spur of the moment! But we did get to see a live stream of it on the Internet. I could've watched it on the Internet?",0.036099974066019,0.0005103999283164,0.0003606380778364,0.0421147011220455,0.8658113479614258,0.0034979721531271,0.0516048967838287,neutral,0.0016457168967463,0.08258368534734441
1_S09E24_014_u,"How'd it go with my mother? Uh, you know, it started a little rocky, but I think we got to a good place. Wow. Well done. (chuckles) Yeah, and when I dropped her off at the hotel, she even gave me a hug.",7.170955359470099e-05,2.6346200684201904e-05,3.399549314053729e-05,0.9983412027359008,0.0009533931151963,0.0003875082766171,0.0001858126634033,happy,0.9978216432118644,0.9988607622599374
1_S09E24_152_u,"It was so nice of Leonard and Penny to invite me. Well, actually, I... It sure was. I've always had a special place in my heart for Leonard. Taking care of my baby all these years. Excuse me, I take care of him.",0.0001852248533396,4.676576281781309e-05,0.0003432426019571,0.9982798099517822,0.000256660132436,0.0005965487798675,0.0002917343517765,happy,0.9971080279538,0.9994515919497642
1_S10E01_075_u,"When Beverly gets here, do not bring up last night. All right? As far as you're concerned, you didn't see anything. I want you just to play dumb.",0.0742433965206146,2.545789538999088e-05,0.0008879312663339,0.0005074438522569,0.9223815202713012,0.0019084411906078,4.585835631587543e-05,neutral,-0.0765577830206893,0.07757267072520319
1_S10E01_197_u,"Here you are, Mother. Thank you. I'm glad you decided to stay. It's gonna be special for Penny and me to share this with you. I can't wait for this day to be over.",2.1795531210955232e-05,2.598867467895616e-05,5.783130836789496e-05,0.9978813529014589,0.0016008919337764,0.0003221833321731,8.996931137517095e-05,happy,0.9974535540550278,0.9983091517478898
1_S10E01_225_u,"All right, you guys, uh, get settled in, then we'll go across the hall and say hi to everyone. You know, It's hard to believe I've never met Leonard.",0.0020255330018699,0.0009846067987382,0.0371555909514427,0.0452007465064525,0.3618054687976837,0.0090176435187459,0.5438104271888733,surprise,-0.0039826277643442,0.0943841207772492
1_S10E01_381_u,Why do people cry at weddings?,0.0003194764722138,1.3298842532094568e-05,0.0001245565072167,0.0007149298908188,0.9778492450714112,0.0209459643810987,3.255295450799167e-05,neutral,-0.0206883663122425,0.022118226093880092
1_S10E01_474_u,"Your friends are just lovely. Oh, thanks, Mom. Although that Sheldon is a bit peculiar.",5.4016432841308415e-05,0.0004040483327116,4.905725654680282e-05,0.994154155254364,0.0051362072117626,0.0001852856948971,1.729331233946141e-05,happy,0.993461747537367,0.9948465629713608
1_S10E02_101_u,"You know, maybe before our meeting we should talk to a lawyer. That's not a bad idea. Well, you must have someone in your family that's a lawyer.",0.0009955872083082,0.0001784633786883,0.0220292080193758,0.5920597314834595,0.378774493932724,0.0001325746707152,0.0058299573138356,happy,0.5687238982063718,0.6153955647605469
1_S10E02_123_u,"How did you think you were gonna hide your pregnancy? I had a plan-- I kept leaving Dove Bar wrappers around to explain any weight gain. Where did you get empty Dove Bar wrappers? From all the Dove Bars I ate! I'm pregnant! Try to keep up! I'm sorry. I-I have to go find out if my boss knows. Well, whatever happens, we're here for you. Thanks. You guys are the best. Yeah, drive safe. We love you. And give us a call...",0.0006808273610658,1.7263306290260516e-05,0.0007895437884144,0.987501859664917,0.002133839065209,0.0088203968480229,5.640084054903127e-05,happy,0.9771938283611236,0.9978098909687104
1_S10E02_327_u,"Hi. Hello. What are you doing? Oh, Leonard's mad at me, so I'm making him lemon bars. Does he even like lemon bars? Not really.",0.0011462164111435,4.240740236127749e-05,0.0001623898715479,0.0003701155947055,0.9958421587944032,0.0021164249628782,0.0003203233354724,neutral,-0.0030973230532254,0.003837554242636377
1_S10E02_372_u,"So I guess I won't be seeing you guys for a while. Oh, looks like it. Wow. You're going off to work with the military, leaving me behind. Now I know how all those army wives feel.",0.004096083343029,0.0003708396980073,0.2060398161411285,0.0047388863749802,0.0691742599010467,0.5113517045974731,0.2042284458875656,sad,-0.7171195574046578,0.7265973301546181
1_S10E03_144_u,"I don't even know where to begin. Well, in The Sound of Music, Julie Andrews says, ""Let's start at the very beginning. A very good place to start.""",0.0005514937220141,0.0003392061626072,0.5774492621421814,0.0044919578358531,0.3828934729099273,0.0324721485376358,0.0018024578457698,fear,-0.6063201527285855,0.6153040684002916
1_S10E03_154_u,"Oh, that's a nice one. Was it yours when you were little? My dad built it for me. Wow, it's so cute.",3.138460670015775e-05,0.0001572401670273,0.0002259068860439,0.9898031949996948,0.0024836715310811,0.0001040893985191,0.0071946009993553,happy,0.9892845739414042,0.9903218160579853
1_S10E03_177_u,"Why is it taking him so long to get a drink out of a vending machine? Oh, it's complicated. He finds pushing that little door and reaching up into the machine uncomfortably intimate. (door opens)",0.1009511947631836,8.292969869216904e-05,0.0002397127536823,6.937870057299733e-05,0.8955498933792114,0.0030335029587149,7.336346607189626e-05,neutral,-0.1042379614737001,0.10437671887484597
1_S10E03_224_u,"Maybe we should break for lunch. What time is it? (moans twice) According to the world's worst cuckoo clock, it's 2:00.",1.1856701348733624e-05,2.332189069420565e-05,0.0004381709441076,0.0007538507925346,0.9985472559928894,0.0001015781017486,0.0001240752171725,neutral,0.0001789231546354,0.0013287784304337393
1_S10E03_260_u,Sorry I flipped out on you. I think it's just hormones.,0.0001636183005757,1.6389869415434077e-05,0.0002596595149952,0.0025240469258278,0.0040326756425201,0.9929046034812928,9.905551269184798e-05,sad,-0.9908202242404514,0.995868318092107
1_S10E03_282_u,"I don't care what color the room is. Okay, well, I'm just trying to help you. Well, you're not, so just drop it! I'm clearly upset. Why aren't you following me?",0.0003813500516116,2.288837822561618e-05,0.0001974147307919,0.0024079310242086,0.0044083097018301,0.9925359487533568,4.614487625076436e-05,sad,-0.9907296708897776,0.9955455329381946
1_S10E03_311_u,"Uh, you're really going to have caffeine in front of me when I'm trying to get my life back on track? Uh, okay, let's pretend you do have a problem. I do. You don't. Yeah, but I do. No, you don't!",0.0014282455667853,9.76302835624665e-05,0.0004042898362968,0.0002512797655072,0.9968823194503784,6.745879363734275e-05,0.0008687115623615,neutral,-0.0017463447147747,0.002248904245789109
1_S10E04_007_u,"There was water everywhere. It was such a mess. That stinks. How long are you out of the apartment? About five weeks. Ugh! Did you lose anything valuable? Well, the pipe was over my closet, so all my clothes are gone.",0.0022409937810152,0.0003032020758837,0.0004805509233847,0.0013558858772739,0.8694623112678528,0.1259922385215759,0.0001647729077376,neutral,-0.1276610994245857,0.1303728711791334
1_S10E04_021_u,"Well, if you need a place to crash, you can stay with us. Really? Of course. You can stay in Leonard's room, and we'll stay at my place. You're sure that's not an inconvenience? No, not at all.",1.568789048178587e-05,2.292314820806496e-05,7.569717126898468e-05,0.971083402633667,0.0282629448920488,0.0004204325960017,0.0001188682435895,happy,0.9705486618277064,0.9716181434396275
1_S10E04_043_u,"Cohabitation with my girlfriend? That's a great deal to process. Mm. It's only for five weeks. Yeah, and we'll be right across the hall. What do you think?",3.529206878738478e-05,0.0001120912347687,0.0001996151113416,0.0731699839234352,0.9192069172859192,0.0001182323030661,0.0071578691713511,neutral,0.0727047532054712,0.07363521464139898
1_S10E04_057_u,"Sheldon, I understand your apprehension, but let me appeal to the scientist in you. Given the five-week end date, isn't it the perfect opportunity to consider this an experiment and collect data on our compatibility?",0.0007611135370098,0.0001931316510308,0.1012526750564575,0.2874067425727844,0.6053910255432129,0.0047406698577106,0.0002546883479226,neutral,0.1804591524705756,0.39435433267499315
1_S10E04_082_u,"Interesting. If my official residence were across the hall, I wonder if I'd need to knock every time I came over here.",0.0001145740970969,0.0002799762878566,0.0002491799823474,0.0105420481413602,0.8877367377281189,0.0007034110603854,0.1003741100430488,neutral,0.0091949067136738,0.0118891895690465
1_S10E04_105_u,"I have to say, I am happy with your ob-gyn. Cool. 'Cause she says you're doing a great job as ""weird friend who doesn't have to be at every appointment.""",0.0001705930044408,0.0001516745978733,0.0009613838628865,0.9934872388839722,0.0001050221471814,0.0009731968748383,0.0041508399881422,happy,0.991230390543933,0.9957440872240111
1_S10E04_158_u,You've been roommates with Sheldon forever. Do you have any advice?,8.209968655137345e-06,9.11970255401684e-06,0.0001014008084894,0.0045608067885041,0.9951961636543274,0.0001084404939319,1.586216239957139e-05,neutral,0.0043336358148735,0.004787977762134555
1_S10E04_177_u,"you and I are gonna be sharing a bed. You know, this is uncharted territory for both of us. How are you feeling about that?",0.0001192091440316,0.0002749006671365,0.0092302812263369,0.0043354611843824,0.8423131108283997,0.1397081017494201,0.0040190201252698,neutral,-0.1449970316025428,0.1536679539713075
1_S10E04_194_u,"Look, I know this experiment is a big step outside of your comfort zone. So why don't we take being physical off the table and maybe later on, once we're more settled in, we can revisit it. You're really okay with that?",0.000109548374894,8.860303205437958e-05,0.0006579174660146,0.7287759780883789,0.2099494189023971,0.059873841702938,0.0005447538569569,happy,0.6680460675124777,0.7895058886642798
1_S10E04_238_u,"Which side of the bed would you prefer? Doesn't matter to me. Your choice. No, no, we're living together now-- everything's equal. You know? I know that I have a tendency to be controlling, so I would rather you choose.",0.0628128945827484,1.5971912944223732e-05,0.0005000087548978,0.0004081621882505,0.9356979727745056,0.0005239489837549,4.103024184587412e-05,neutral,-0.0634446620460948,0.06426098642259581
1_S10E04_262_u,"Now, this side offers me proximity to the bathroom, but I am closer to the window where perverts can watch me sleep. Okay.",0.0003300700918771,2.528020013414789e-05,0.001278489944525,0.0004317929269745,0.997803509235382,0.0001152116528828,1.5537058061454445e-05,neutral,-0.0013172589624446,0.0021808448163935477
1_S10E04_277_u,"This is ridiculous. The doctor knows what the baby is, the ultrasound tech knows, Raj knows, his Grey's Anatomy online fan group probably knows. Is it weird we don't? I don't know. Maybe the surprise will make it more fun. Like magic tricks. Remember how disappointed you were when I explained the never-ending hanky?",0.0005218842998147,4.46720041509252e-05,0.000463192933239,0.0004577585787046,0.9938556551933287,0.00126695970539,0.0033898425754159,neutral,-0.00183895036389,0.002754467521299225
1_S10E04_307_u,"because I was wondering how you'd feel about separating the two of us with a pillow wall. Sheldon, I've made more than enough accommodations for you. We're both grown adults-- we've been far more intimate than this. If you don't want to snuggle, fine-- but we're not building a pillow wall.",0.0070599117316305,0.0001525819388916,0.0008578933775424,0.0003505988861434,0.9870023727416992,0.0013912033755332,0.0031853499822318,neutral,-0.0091109915374545,0.0098121893097411
1_S10E04_343_u,"Screw it. I'm calling and finding out. Good. Call him. Wait, I'm not sure I want to know. But you just said you wanted to know.",0.1658683270215988,3.501371975289658e-05,0.0001962482347153,0.0004821878974325,0.8333116769790649,3.780055703828111e-05,6.860702706035227e-05,neutral,-0.1656552016356727,0.1666195774305378
1_S10E04_361_u,"Okay, you're positive you want to know? Yes. Okay. Here we go. It's ringing. (ringtone playing) Hello?",0.0001779818994691,3.280508826719597e-05,0.0003008982166647,0.2150456607341766,0.784231424331665,2.50518223765539e-05,0.0001862528879428,neutral,0.2145089237073989,0.21558239776095417
1_S10E04_398_u,"So, how is everyone? Miserable and exhausted. Really? I slept great.",0.0001044149757944,0.0002019636740442,0.0020763843785971,0.01224822178483,0.1882353276014328,0.7955474853515625,0.0015862570144236,sad,-0.7856820265951683,0.8101784701648282
1_S10E04_403_u,"(sighs) Sheldon, maybe living together is a bad idea. Well... Yeah, but what kind of scientists would we be, drawing a conclusion after only 12 hours of data?",0.8336515426635742,4.0068061935016885e-05,0.0003568331885617,0.0001172481861431,0.1251744925975799,0.0406260341405868,3.371257844264619e-05,angry,-0.8745572298685147,0.8747917262408009
1_S10E05_079_u,"When you live with someone, there's gonna be conflict. You just have to keep communicating. I'm open to that.",0.0011566075263544,2.502466304576956e-05,1.5551479009445757e-05,0.9938260912895204,0.0049059041775763,5.32078483956866e-05,1.765022534527816e-05,happy,0.9925756997727148,0.9950764828063257
1_S10E05_110_u,"Honey, how ya feeling? (Bernadette retching loudly) The book says at this stage of the pregnancy morning sickness should be going away. (retching) So that's good news, right?",0.001242957310751,0.0001679817651165,0.2687196135520935,0.1001480817794799,0.6209461092948914,0.0084524760022759,0.0003227383131161,neutral,-0.1784349468507571,0.3787311104097168
1_S10E05_120_u,But it's our last chance to take a vacation that's just the two of us.,4.7031087888171896e-05,8.116344542941079e-05,9.6254181698896e-05,0.0154550410807132,0.9496085047721864,0.0346202477812767,9.172462159767748e-05,neutral,-0.0193896554155799,0.050299737577006384
1_S10E05_288_u,"So you're back out on the dating scene now? Yeah, yeah, a little. Oh, that must be fun. How's that going?",1.3617495824291836e-05,2.8221489628776908e-05,2.6365925805293955e-05,0.8926286697387695,0.1070441007614135,9.777025115909056e-05,0.0001611937332199,happy,0.8924626945763521,0.892794644901187
1_S10E05_319_u,"Well, who you gonna hit on? The girl in front of us got strawberry. That's your favorite.",0.0001651342463446,2.3921342290122997e-05,0.000509436475113,0.000213756255107,0.9990085959434508,5.527881876332685e-05,2.3925038476591e-05,neutral,-0.0005400146274041,0.0009675271376180498
1_S10E06_003_u,"Hey, have you ever heard of the Van Nuys Comic-Con? Yeah. It's a dinky little convention where they sell collectibles and get sad D-list celebrities to appear. Why?",0.0004544061375781,0.0001103059039451,0.0009112731786444,0.0009665472316555,0.2412657439708709,0.7561142444610596,0.0001774823322193,sad,-0.7566236824495718,0.7585567769128827
1_S10E06_062_u,That's a kick. That's an actual kick. (panting) What are you doing?,0.0001522126549389,4.926366455038078e-05,3.092098268098198e-05,0.0001257806870853,0.999292254447937,9.711156599223614e-05,0.0002524172887206,neutral,-0.0002037281810771,0.0004552895552477989
1_S10E06_091_u,"What's all this? Oh, everything we need for your autograph session-- head shots, markers. Okay. Leonard, it's sweet you're excited about this, but it'll be a miracle if one person asks for my autograph.",0.0058334060013294,0.000182577088708,0.1832506656646728,0.6946566104888916,0.1103703528642654,0.0049182623624801,0.0007881874917075,happy,0.5004716993717011,0.8888415216060818
1_S10E06_166_u,Never been on this side of the table before. I feel powerful. Really?,9.875551768345758e-06,4.330420415499248e-05,6.175340968184173e-05,0.9952196478843688,0.0028444044291973,0.0007857424789108,0.001035236287862,happy,0.9943189722398528,0.9961203235288848
1_S10E06_255_u,"It's got a rearview camera, there's a DVD player-- oh, and check this out. It's like we're living in the future! Hey, show her the trunk! Show her the trunk!",0.0001059376882039,2.117707481374964e-05,5.304717706167139e-05,0.0069240489974617,0.9926371574401855,1.1604609426285606e-05,0.0002470271720085,neutral,0.006732282447956,0.007115815546967307
1_S10E07_069_u,"Thank you for your services, gentlemen. Now, I'm hoping to broaden our audience with your youthful rock and roll music.",7.6493497545016e-06,4.8468460590811446e-05,7.34403874957934e-05,0.9993380904197692,0.000274779042229,0.0001503858075011,0.0001070782309398,happy,0.999058146414427,0.9996180344251114
1_S10E07_110_u,"You're awful quiet, everything okay? I'm concerned about Amy. She's acting a bit odd lately.",0.0002281695487909,0.0001503306848462,0.9822402596473694,0.0130465412512421,0.0010365716880187,0.0027983044274151,0.0004998148069716,fear,-0.9723705230571796,0.9984636055596637
1_S10E07_140_u,"She's enjoying living with you and she didn't want it to end early. So, she's deceiving me in order to spend more time with me. Yes. Oh. Well, I feel both flattered and hurt. Like when people say I look like that skeleton from Nightmare Before Christmas.",0.0001543535618111,0.0003837870317511,0.0013515661703422,0.86775803565979,0.1063016578555107,0.0050685456953942,0.018981983885169,happy,0.8607997832004912,0.8747162881190886
1_S10E07_163_u,"So, if I actually know something right now... and I do... ...you don't want me to tell you? Uh... Pfft, no.",0.3568356931209564,0.0002442410041112,0.0001515919720986,0.0120900049805641,0.6302748918533325,0.000122893063235,0.0002806023694574,neutral,-0.3452644141798373,0.3694444241409653
1_S10E07_187_u,"So, what's the deal with your apartment? Why's it taking so long? Um, it was a drywall problem. Oh, no, what happened? Well, the drywall got wet, and you do not want wet drywall because when drywall gets wet, it's really more... Wet wall? Or damp wall, just as bad. Mm.",0.0001829321845434,4.384652493172325e-05,0.0004093211900908,0.0001623023417778,0.9968718886375428,0.0017127346945926,0.000617001845967,neutral,-0.0021865322523808,0.0025111369359363234
1_S10E07_198_u,"But is Sheldon really believing all this crap? Well, he started to question it, but then I fake sneezed on him and he ran to take a shower. Please don't say anything, I feel terrible about this.",0.0191162936389446,0.0005776858306489,0.2099831402301788,0.0004419854958541,0.0332428961992263,0.7365013360977173,0.0001367432269034,sad,-0.9657364703016356,0.9666204412933437
1_S10E07_247_u,"What is going on? Fine, I told Sheldon that her apartment's been finished, but then you just said it's not, so now I'm all confused. Penny was just covering for me. My place has been ready for two weeks. How could you lie to me?",0.4561280608177185,0.000169928651303,0.001489155809395,5.894232162972912e-05,0.4910614788532257,0.0494099147617816,0.0016825303900986,neutral,-0.5071381177185685,0.5072560023618279
1_S10E07_267_u,Why did you tell Howard I was hiding Leonard's things? One sec. Why did you tell Leonard,0.0001128775111283,2.5810941224335693e-05,0.0001855987793533,5.157018676982261e-05,0.999220609664917,0.0001379331952193,0.0002656810684129,neutral,-0.0004106502401555,0.0005137906136950584
1_S10E08_063_u,"I-I just found a wobble. Oh, do I need a mop? It's a gravitational wobble. It could be a sign of an extrasolar planet that may contain life and someday be named after me. Oh... well, if it has life, maybe it already has a name, huh? Yeah, but it's probably difficult to pronounce. What is your name? Rajesh Ramayan Koothrappali.",6.060469240765087e-05,0.0002610867959447,0.0077428212389349,0.0131477210670709,0.9388501048088074,0.0016074917512014,0.0383301675319671,neutral,0.0034757165885821,0.02281972554555955
1_S10E08_131_u,"Huh, they screwed up and gave us steamed broccoli. Oh, no, that's mine. Really?",0.0181194897741079,0.0088819051161408,0.0142916860058903,3.226604894734919e-05,0.4692377746105194,0.1710619330406189,0.3183749616146087,neutral,-0.2123227478878107,0.21238727998570525
1_S10E08_140_u,"You're dating somebody, who is it? What? What are you talking about? You only watch what you eat when you're afraid you might have to take your shirt off.",0.0001082421076716,6.676238990621641e-05,0.0014717907179147,0.0002637702273204,0.997475564479828,1.5105884813237935e-05,0.0005986568285152,neutral,-0.0013981308729853,0.0019256713276261544
1_S10E09_021_u,"How much money did he win? Over half a million dollars. Wow. And he doesn't have to use it for research, he can do whatever he wants with it.",3.360398841323331e-05,4.259178967913613e-05,1.933271596499253e-05,0.9911845326423644,0.0076530664227902,6.352175842039287e-05,0.001003278652206,happy,0.9910254823898867,0.9913435828948421
1_S10E09_066_u,Bert is studying the way microbes in rocks can survive in extreme environmental conditions. They say it could be a potential indicator of life on other planets.,3.36513840011321e-05,0.000140080723213,0.000864183763042,0.0026063024997711,0.9961101412773132,0.0001284403988393,0.0001172230040538,neutral,0.0014399462306755,0.003772658768866532
1_S10E09_081_u,(knocking) You busy? There's somebody out here who wants to meet you. Who is it?,8.002365211723372e-05,2.974077506223693e-05,0.0008508792379871,0.0001099732544389,0.9987583160400392,5.998326378175989e-05,0.0001110979283112,neutral,-0.0009106536745093,0.0011306001833872306
1_S10E09_100_u,It's always fun watching him read someone else's work. (scoffs) (moans),3.465112968115136e-05,7.273659866768867e-05,7.70586120779626e-06,0.780931293964386,0.2187961041927337,5.8366629673400894e-05,9.913615213008596e-05,happy,0.780757833745156,0.781104754183616
1_S10E09_169_u,"You know, I do understand what you're feeling. My brother and sister's accomplishments have always been held over my head. How did you deal with it?",0.0004534546751528,1.5236435501719823e-05,2.655903335835319e-05,0.0226547308266162,0.9736791253089904,0.003148692427203,2.219659654656425e-05,neutral,0.0190107882554002,0.026298673397832074
1_S10E09_186_u,Do it. Visualize it as your anger a-and-and toss it out of your life. Perhaps I will. This rock encapsulates all my negative emotions. I will cast you far away. Feel free to take out a pigeon while you're at it.,0.277163028717041,9.220034553436562e-05,0.0003832821676041,0.0093216383829712,0.7128157615661621,0.0001602062111487,6.401098653441295e-05,neutral,-0.268477079058357,0.28712035582429934
1_S10E09_194_u,What happened? I tried to let go of anger and threw a rock into my foot! Then he got more angry and kicked the rock,0.9580556750297546,0.0003659228095784,0.0057496544905006,8.402545063290745e-05,0.0354727581143379,0.0001698557607596,0.0001020829513436,angry,-0.9642570826399606,0.964425133541226
1_S10E09_258_u,"Well, it's a new day. I have a new outlook. You know, I realized I don't need to worry about other people. I just need to think more about myself. Oh, how will we ever get used to the new you? Well, I'm glad to see you moving forward. Bert did quality research. And he deserves whatever accolades he receives.",4.1917795897461474e-05,5.326462633092888e-05,0.0026752734556794,0.9917520880699158,0.0015620999038219,0.0006446702172979,0.0032706100028008,happy,0.98833696197471,0.9951672141651214
1_S10E09_324_u,Howard's dopey haircut? I think he looks cute. And I think you're cute. I think you're both cute.,1.8485665350453928e-05,9.821583080338314e-05,0.0001343365438515,0.9978610873222352,0.0006066849455237,0.0006282780086621,0.000652908696793,happy,0.9969817712735676,0.9987404033709026
1_S10E10_009_u,"If we're going to be staying in this apartment, would you be interested in doing a little redecorating? Oh, actually, I would. Great, what'd you have in mind? Let's take every single thing from the other apartment and put it in here. Well, how about we start a little smaller? Like moving the furniture around.",2.6697711291490123e-05,3.143671710859053e-05,9.42992337513715e-05,0.6971502900123596,0.3024010062217712,0.0001522486709291,0.0001440252090105,happy,0.696845607679279,0.6974549723454402
1_S10E10_090_u,"can I live here? Stuart, we'd love to help you out, but this a bad time; we're about to have a baby. Or is that why this is a great time? Think about it-- when that baby comes, you're gonna need all the help you can get. Thank you, but I'm not really sure.",4.00372373405844e-05,4.563269249047153e-05,0.0014539047842845,0.9835507273674012,0.0146025819703936,0.0002021400869125,0.0001049791608238,happy,0.981809012566373,0.9852924421684294
1_S10E10_158_u,"Sheldon, you're-you're being a little selfish. Why don't you let Leonard keep a few things? It's not my fault I'm bad at sharing; I skipped kindergarten. You know what? There is one thing I would like. Yeah, take whatever you want.",0.0150378281250596,0.0001429710973752,0.0002707573003135,0.0001005910089588,0.9770614504814148,0.0071643483825027,0.0002220135502284,neutral,-0.0225153138962923,0.022716495914209798
1_S10E10_269_u,"Hey, what's up? I'm here to put the crib together. Ooh, sorry, I already did it. Oh, I don't know if you realize this, but I bought that crib.",0.0001618765381863,0.0002319794002687,0.0083410069346427,0.0003059101291,0.0417109131813049,0.9445670247077942,0.0046812752261757,sad,-0.952995977451792,0.9536077977099919
1_S10E10_376_u,"I have to admit, leaving you to move in with Amy has been harder than I thought it would be.",0.0002552467922214,4.693692608270794e-05,0.0001968391734408,0.001399498200044,0.022343935444951,0.9755051732063292,0.0002523710136301,sad,-0.9746046978980304,0.9774036942981181
1_S10E11_321_u,"It's hard to believe Howard's having a kid. Penny, you're the one who introduced him to Bernie.",2.599267463665456e-05,0.0004657992685679,0.0043712789192795,0.0001238039403688,0.0081260902807116,0.0033501568250358,0.9835368990898132,surprise,-0.0080894237471511,0.008337031627888654
1_S10E12_115_u,"What, so... You thought I was going to be alone for the rest of my life? No! Just for the middle part.",0.0009112877887673,0.0002601036685518,0.0002520811976864,0.0001579368254169,0.9721941947937012,0.0079397223889827,0.0182846877723932,neutral,-0.0092052582185715,0.0095211318694051
1_S10E13_095_u,"Things going well with you and Sheldon living together? Better than ever. He asks about my day, takes an interest in my life. He's like my boyfriend in college, except he's real, so people can see him.",0.0001269993663299,0.0001259736745851,0.0003358208632562,0.9439709186553956,0.0509172044694423,0.003864963306114,0.0006581975612789,happy,0.93951716144511,0.9484246758656808
1_S10E13_135_u,"If you do that, I'll win in eight moves. I'll win in five moves. I'll win in one move.",1.4074917999096216e-05,3.1545612728223205e-05,0.0001426648668712,0.0019038914470002,0.9973700046539308,3.129487231490202e-05,0.0005065448931418,neutral,0.0016843111770867,0.0021234717169136214
1_S10E14_032_u,"Hey. Hey, boys. How's it going? Well, I thought we were having a nice conversation, but it turns out, i was being offensive.",0.9918381571769714,1.1703878044500016e-05,4.000674744020216e-05,6.864411989226937e-05,0.0046480484306812,0.0033500248100608,4.336620258982293e-05,angry,-0.9951712484926248,0.9953085367324092
1_S10E14_056_u,"You know, I just read that a team at mit. Developed a device that helps people read human emotions.",0.0027092066593468,8.91394229256548e-05,0.0482520945370197,0.0309574510902166,0.9157736897468568,8.570222416892648e-05,0.0021327747963368,neutral,-0.0201786917532444,0.08209359393367768
1_S10E14_094_u,"Sheldon, I just heard from the guys at mit about that emotion reader; They're sending a prototype for you to beta test. (Gasps) Wonderful. Although I'm not sure how I feel about being used as a Guinea pig.",0.0002213280822616,4.909158815280534e-05,0.0053619924001395,0.985598921775818,0.0077532706782221,0.0001715817779768,0.000843942805659,happy,0.9797949279272872,0.9914029156243487
1_S10E14_476_u,"You know, I just read a study that suggests new mothers are better at sensing emotions for up to two years. It's true. Pregnancy causes physiological changes in the brain that result in increased empathy.",2.213673542428296e-05,1.8449058188707568e-05,3.974149512941949e-05,0.9607391953468324,0.0387866981327533,0.0001398171007167,0.0002539508568588,happy,0.9605190509573732,0.9609593397362916
1_S10E16_009_u,"Go! (Inhales deeply) Come on, raj! Leonard: You can do this! There's no way. What is happening? This is an euler's disk. It's a physics toy that demonstrates angular momentum, potential energy, and kinetic energy.",0.0003134165017399,0.0001047171899699,0.0082996441051363,0.0194909665733575,0.9698900580406188,0.0002194067637901,0.0016817648429423,neutral,0.010553782012721,0.0284281511339937
1_S10E17_032_u,"Well, he has a job. How bad can it be? Well, his rent and car lease are exceedingly high. You couple that with his penchant for dining out and shopping...",0.0002651587710715,1.754225195327308e-05,5.4532731155632064e-05,0.0002588457427918,0.9991335272789,0.0002405599079793,2.9819440896972083e-05,neutral,-0.0003189479193679,0.0008366394049515052
1_S10E17_096_u,You actually think penny will have fun at comic-con?,0.0002959003904834,4.4055297621525824e-05,0.0024434423539787,0.0375352650880813,0.9540925621986388,0.0006251010345295,0.0049636759795248,neutral,0.0341267660114681,0.04094376416469442
1_S10E17_125_u,"Yeah, you're a grown man who's highly educated.",6.469902928074589e-06,3.1350486096926033e-05,8.978880032373127e-06,0.9753237962722778,0.0244547519832849,4.405621803016402e-05,0.0001305814512306,happy,0.9752329407851904,0.9754146517593654
1_S10E17_146_u,"Okay. What you doing? Making lasagna. Oh, she's sexy, she can cook. I'm such a lucky guy. (Chuckles) You want something stupid, or you did something stupid? No. I just walked in here, saw how beautiful you are and had to tell you.",0.0001979117660084,1.9649160094559196e-05,1.438597246306017e-05,0.9847694635391236,0.0147950705140829,0.0001136789287556,8.980683924164623e-05,happy,0.9844238377118018,0.9851150893664452
1_S10E17_287_u,"Stay, I'll get her. Appreciate it. That's fine. She and I can cry together. He's such a sweetie. I know, I wish there was some way we could help him. If he could find a girl with a good job, all his problems would be over.",0.0002578701823949,3.5634631785796955e-05,2.7820489776786417e-05,0.9643417000770568,0.0264144875109195,0.0088345315307378,8.797864575171843e-05,happy,0.9551858432423614,0.973497556911752
1_S10E18_164_u,"Hey, look at that. You've got a Raj, we've got a Stuart.",2.7939837309531868e-05,3.881689553963952e-05,0.0003287728177383,0.2267712652683258,0.7709877490997314,0.0001054312670021,0.0017399744829162,neutral,0.2262703044507361,0.22727222608591538
1_S10E18_266_u,"Maybe moving in was a bad idea. I haven't been here one day, I'm already causing problems. You didn't do anything. It's Sheldon. ""You didn't do anything. It's Sheldon."" That'd make a nice needlepoint pillow. So, relax. We're happy to have you. Thank you, but how do I know you're not saying that just to be nice?",0.2555544972419739,0.0001893682929221,0.0120436921715736,0.0674670189619064,0.6422614455223083,0.0217938926070928,0.0006901382002979,neutral,-0.2221144313516561,0.3570484692754688
1_S10E18_323_u,"I'm sorry, guys. Sheldon was upset, Leonard and Penny were fighting. I just wanted to go someplace where I wasn't causing problems.",0.000185477969353,0.0001518698845757,0.0010023203212767,0.0005670204991474,0.0547695197165012,0.9426165819168092,0.0007072647567838,sad,-0.9433892295928672,0.944523270591162
1_S10E18_391_u,"Well, no offense, but I didn't go to art school. I have a PhD in astrophysics.",0.9976285099983216,4.529623765847646e-05,0.0001305056066485,0.0002614483237266,0.0005789487040601,0.0013332261005416,2.2191761672729623e-05,angry,-0.9988760896194436,0.9993989862668969
1_S10E18_423_u,"You are not a burden, and we want you to come back and stay with us. But I also upset Sheldon, and he's not gonna want to come over if I'm there.",8.750547567615286e-05,0.0001085783660528,0.0004013503494206,0.0038636506069451,0.018267823383212,0.9771182537078856,0.0001527717104181,sad,-0.9738520372920902,0.9815793385059803
1_S10E19_015_u,Would you mind taking cinnamon for a walk?,1.876087480923161e-05,0.0001220479607582,0.0001380519242957,0.0023792062420397,0.9972520470619202,3.537668089848012e-05,5.443341433419846e-05,neutral,0.0020649688012781,0.002693443682801312
1_S10E19_252_u,"Look, raj just gets along with women. I-i know, but he was my friend first. It's like she's stealing him and they're just having the best time doing all their dumb girly stuff together.",0.0883983671665191,7.336617272812873e-05,0.0001011764979921,0.70121830701828,0.0993918254971504,0.1106301099061966,0.0001868104300228,happy,0.502015287274844,0.9004213267617159
1_S10E21_151_u,"Can't believe Bert has a girlfriend and I don't. I thought you were taking a break from women to focus on your career. Oh, grow up. Don't you have any friends he can date?",0.1382091790437698,8.607576455688104e-05,0.0002169962390325,0.0020975738298147,0.8119661808013916,0.0321968607604503,0.0152270998805761,neutral,-0.1686115379779948,0.17280668563762422
1_S10E21_200_u,"I haven't had much success meeting people online. I didn't either, until i revamped my profile.",0.0001235467643709,3.0433018764597364e-05,0.0003358179237693,0.005803354550153,0.0033081213477998,0.9903556108474731,4.314650868764147e-05,sad,-0.9850420540042252,0.996648763104531
1_S10E23_165_u,"So, did you tell him about Princeton yet? No, I'm waiting till he's in a good mood.",9.915378541336397e-06,1.0702528015826829e-05,2.489197868271731e-05,0.0062403189949691,0.9936473965644836,8.211462954932358e-06,5.857534415554255e-05,neutral,0.0061865976467743,0.006294040343163913
1_S11E01_100_u,"We're engaged. Oh, my God, that's amazing! Wait, uh, tell me everything. Well, Dr. Nowitzki was kissing me...",5.895346475881525e-05,0.0008116854005493,0.0053194817155599,0.4966885149478912,0.0035207655746489,0.0005672733532264,0.4930334091186523,happy,0.4899311210137966,0.5034459088819856
1_S11E01_222_u,"Hey, Stuart. Oh, hey, Raj. What can I help you with? I need to buy an engagement gift.",0.0003040419251192,7.391037797788158e-05,0.030588936060667,0.0050648320466279,0.9633501172065736,0.0002958409313578,0.0003223821113351,neutral,-0.0261978972484939,0.03632756134174978
1_S11E01_337_u,"Ooh, you know what you could do? You could have a baby, too.",2.0322551790741272e-05,0.0001400552137056,3.830390051007271e-05,0.1370032280683517,0.8619571328163147,4.3586394895100966e-05,0.0007974038599058,neutral,0.1367609600074502,0.1372454961292532
1_S11E01_400_u,"All right, so what are we celebrating? Well, you know, Bernadette and Howard are pregnant again, and Amy and Sheldon are getting married. I didn't want you to feel left out. Ah. Left out?",0.0026909003499895,4.091564187547192e-05,9.587675594957544e-05,0.0164376758038997,0.1035950481891632,0.8768786787986755,0.0002609620278235,sad,-0.8632686957425904,0.8961440473503898
1_S11E01_446_u,"Hello. Hey. Hey. Amy, welcome back. Oh, l-let me see the ring. Ooh, nice.",4.53682332590688e-05,6.396506068995222e-05,1.5387304301839322e-05,0.8200230598449707,0.17964768409729,5.5357562814606354e-05,0.0001492082228651,happy,0.8198429816839052,0.8202031380060362
1_S11E02_008_u,"Uh, one dumpling left. Who wants it? Maybe you should offer it to the pregnant lady. And that would be... Me, Sheldon. I'm obviously pregnant. Well, you never said it to my face. And the last time I assumed a woman was pregnant, it did not go over well.",0.0010526572586968,1.1255687240918633e-05,2.206711178587284e-05,0.0002045655419351,0.9986201524734496,7.735327380942181e-05,1.1950041880481876e-05,neutral,-0.0009587677895979,0.0013678988734681131
1_S11E02_030_u,"I'm being interviewed on public radio this Friday. Oh, cool. How come? Uh, the university is trying to get more funding for the physics department, so they want me to go out and talk it up.",0.0002107347681885,6.68104476062581e-05,0.0009624091908335,0.7191173434257507,0.2741463482379913,0.0004681427672039,0.0050281845033168,happy,0.7174092462519184,0.7208254405995828
1_S11E02_049_u,"Joining me today is my guest physicist, Dr. Leonard Hofstadter, to talk about all of the exciting research they're doing at Cal Tech.",1.0678912985895296e-05,3.687776916194707e-05,0.0002300605119671,0.994731903076172,0.0041523086838424,0.000254243670497,0.000583876913879,happy,0.9942000422115598,0.9952637639407839
1_S11E02_127_u,"You ready for lunch? Oh, one second. Ooh, someone's got a lot of fancy new lab equipment. I know. The university has been throwing money at my study. With any luck, there'll be a brain disease with my name on it.",9.55796567723155e-05,0.0001144625057349,0.0003846705949399,0.0039132419042289,0.9836469292640686,0.0003607766120694,0.0114842765033245,neutral,0.0029577525347121,0.0048687312737454155
1_S11E02_205_u,"Here, drink this. It might help. What if it doesn't?",1.0084338100568855e-05,0.0001033108055707,0.0002703339268919,0.6424210071563721,0.3569802045822143,7.000378536758944e-05,0.0001450268755434,happy,0.6419672743004412,0.6428747400123028
1_S11E02_299_u,"You know, you're a successful woman. You should be able to brag about your accomplishments once in a while. Well, so should you. I mean, the guys are never shy about bragging.",0.0001463142543798,0.0001331657840637,0.0071565369144082,0.9805610775947572,0.0090610515326261,0.0002350729628233,0.0027069211937487,happy,0.972889987679082,0.9882321675104323
1_S11E03_006_u,"Hmm, some news of our wedding, I have sent you all a ""save the date"" e-mail. Oh, exciting. You guys picked a date? Better. I picked 80 dates. And I need you to save them all until we narrow it down.",3.3670068660285324e-05,1.210816844832152e-05,0.0002481476112734,0.9978644251823424,0.0014412365853786,0.0001818487799027,0.0002184963668696,happy,0.9973886505540576,0.9983401998106272
1_S11E03_067_u,"Hey, just a reminder-- I'm going out for drinks after work. Oh. Great. Just a reminder-- you're pregnant. I'm not drinking, just taking a new coworker out. Oh. Just a reminder-- you're married. Female coworker. She's new in town, and I want to make her feel welcome. And let her know the office is full of liars before everyone tells her I'm mean. Is she single?",0.0001233854854945,5.1269878895254806e-05,0.0001099501969292,0.4191509187221527,0.5797252655029297,0.0006116584409028,0.0002275909500895,neutral,0.4182546547199308,0.42004718272437447
1_S11E03_169_u,"Oh, you were born in Trivandrum. Have you ever been to the Kuthira Malika Palace? No, I haven't.",2.72615779977059e-05,6.291556201176718e-05,0.0013799594016745,0.0014431450981646,0.994598150253296,0.000964130857028,0.0015243646921589,neutral,-0.0009911223005474,0.0038774124968765727
1_S11E03_220_u,"What are you listening to? Nothing. Oh, come on, I want to hear. We don't need GPS. Let's just see where the road takes us. I see why you turned it off. That guy sounds like an idiot.",0.0108766136690974,2.010816206166055e-05,0.0003418382548261,0.000434855435742,0.9881787896156312,1.8562688637757677e-05,0.0001291814405703,neutral,-0.0108222673388809,0.011691978210364917
1_S11E03_250_u,"This picture of Galactus eating a planet looks like my preggo wife destroying a coffee cake. (laughing): Oh, yeah, I see it. I'm just saying, you should bow out.",0.0009468377684243,0.0002602225285954,0.003907096106559,0.0212218612432479,0.9734699726104736,0.0001332864194409,6.068496804800816e-05,neutral,0.0159744184202281,0.026469304066267497
1_S11E03_321_u,"Here you go. Thanks. (chuckles) It's too bad Stuart couldn't make it. He seemed fun. Oh, yeah, he is. I love him dearly, yeah. Not to say that I don't worry about him.",0.0002145480684703,2.7130974558531307e-05,0.0001034579836414,0.9984914064407348,0.0003604262310545,0.0007749477517791,2.802658491418697e-05,happy,0.9973713216622856,0.9996114912191841
1_S11E03_365_u,"Hello. Hey. So, um, I, uh... I got flip-flops. Good for you.",4.847172385780141e-05,0.0002005787246162,5.864944978384301e-05,0.9953572154045104,0.003973324317485,3.933582047466189e-05,0.0003223748644813,happy,0.995010179685778,0.9957042511232429
1_S11E04_005_u,"It feels like it wasn't that long ago we were here doing this for Halley. Cause it wasn't. Which reminds me, before we leave, let's get you a vasectomy.",8.949595940066501e-05,2.371432128711604e-05,0.0003352559288032,0.6656861901283264,0.3331659138202667,0.0005027158185839,0.0001967286953004,happy,0.6647350081002514,0.6666373721564013
1_S11E04_016_u,"So, you two ready to find out the sex of this baby? Yeah. Absolutely. Is Halley hoping for a little brother or a little sister? Well, she's nine months old, so unless it jingles or is in my bra, she doesn't care. And how about you two? You know, for the first one, we really wanted a girl, but this time around, we don't have a preference. Yeah. Boy, girl, as long as it's healthy.",0.0001698395208222,0.0001854640431702,0.0029587098397314,0.1008936241269111,0.8927291631698608,0.0006549598765559,0.0024083580356091,neutral,0.0969246508466312,0.10486259740719078
1_S11E04_024_u,"Come on, you can't really be disappointed. Hey, I barely know how to be a man myself. Now I have to teach someone? As the saying goes, ""Those who can't do, teach."" Don't you want a little version of Howard?",0.0022339408751577,2.6637460905476477e-05,0.0001329295919276,0.0015237430343404,0.9925810098648072,0.0034454527776688,5.619485455099493e-05,neutral,-0.0043152176713192,0.007362703739999976
1_S11E04_067_u,"Hey, where are you going? Back to the dry cleaner. Look at this. They didn't get the stain out of my Starfleet uniform. Well, if you didn't make me wear the green body paint in bed, you wouldn't have to get it dry-cleaned so much.",0.0017554363003,0.0001502448576502,0.001022056909278,0.0192172676324844,0.9613646268844604,0.0145367095246911,0.0019538050983101,neutral,0.0017528200405649,0.0366817152244037
1_S11E04_137_u,"So, you don't want to hang out with Sheldon and Howard? No, they were bonding over their sad childhoods, and my stupid parents were always there for me. What's all this? I'm just boxing up all the clothes Halley's outgrown. Guess we won't need them anymore. Oh, well, slow down. I'm sure there's some you could reuse for a boy.",0.0593682155013084,5.8151199482381344e-05,0.0002006259310292,0.0001773978874552,0.7076032161712646,0.2323668152093887,0.000225594107178,neutral,-0.2918164099537534,0.2921712057286639
1_S11E04_162_u,"Oh. I should've brought peanuts. You can't eat peanuts. You're allergic. If you die, who's going to drive me home? I'm not gonna eat them. It's a thing they do at JPL. When the Ranger mission finally had a successful launch, there were peanuts in the room. Ever since then, they have them at every launch. That sounds like a silly superstition.",0.0015710826264694,0.0003170887648593,0.0359386429190635,0.5751502513885498,0.0936557129025459,0.291599839925766,0.0017674189293757,happy,0.2457235971523914,0.9045769056247079
1_S11E04_273_u,"Reason number 13 to feel good: as a launch, it was bad, but as an explosion, it was glorious. Reason 14: you still have all your fingers, and boys prefer a dad with fingers.",0.0007012084824964,5.832038004882634e-05,1.5753479601698928e-05,0.9982910752296448,0.0007977394852787,0.0001082314702216,2.7713131203199737e-05,happy,0.9974075614172762,0.9991745890420134
1_S11E04_298_u,"Oh, hey, hey, what do you think? Just because it's a boy, I don't think you need to put a picture of genitals on his shirt. But that's a baseball bat with two little baseballs. Okay, and now I see it. So, you know, I understand why Howard is nervous about having a son, but are you really upset about it?",0.0157318413257598,0.009006624110043,0.9067310690879822,0.0003035067347809,0.0184348206967115,0.0454648621380329,0.0043272795155644,fear,-0.9766308899270372,0.9772379033965988
1_S11E04_315_u,"Hey. Hello. You got a sec? Sure. What's up? Penny's been talking to my mother like they're best friends, and it's kind of freaking me out.",0.2680886387825012,0.0002711229317355,0.3896119892597198,0.0020168332848697,0.3348838090896606,0.0035926157142966,0.0015348928282037,fear,-0.6595475334033836,0.6635811999731228
1_S11E04_347_u,"You know, studies have shown that people distracted by emotional issues are poor drivers.",0.0031191769521683,3.307250153739005e-05,0.0003369180194567,0.004683768376708,0.9760456681251526,0.015739805996418,4.148513835389167e-05,neutral,-0.0145452050928724,0.023912741846288388
1_S11E05_005_u,"Thanks for letting me put Halley in your room. Yeah, no problem. Oh, and, Penny, she kinda threw up on your stuffed bear. Oh, that's okay. Hey. Tha-That's an Ewok and it's mine.",2.36186297115637e-05,4.966905180481263e-05,0.0002012277691392,0.9856510758399964,0.0031251357868313,0.01088138949126,6.791479972889647e-05,happy,0.9744951708980808,0.9968069807819121
1_S11E05_060_u,"Hey, what you reading? A parenting book. Oh, my God. Are-are we...?",5.829136716783978e-05,4.4298136344878e-05,0.0012220434146001,0.0029852492734789,0.9892300963401794,0.0013731832150369,0.0050867083482444,neutral,0.000287433140329,0.005683065406628617
1_S11E05_099_u,So this is it? Yes. We are using it to map brain wave patterns and then converting them into electrical impulses that can be used to control anything from wheelchairs to robots.,2.074310032185167e-05,0.0001013463770505,0.0002055932418443,0.0398115776479244,0.9586136937141418,3.5178491089027375e-05,0.00121194741223,neutral,0.0394487164376187,0.04017443885823008
1_S11E05_156_u,"She's going to be home at ""eight-ish."" Like, when is that? 8:01? 8:02? And what kind of scientist uses ""-ish""? I'll give it a go.",3.003504934895318e-05,1.216056989505887e-05,2.7066538677900095e-05,0.0003386875032447,0.9994827508926392,9.86960185400676e-06,9.931773092830554e-05,neutral,0.0002595557434688,0.0004178192630206189
1_S11E05_186_u,"What did you do-- Are you a witch? No, I've been reading Bernadette's parenting book. It's like the answer key to the Sheldon test. That's amazing. I know. But, you know, it's only birth to five.",0.0047493493184447,0.0002030798641499,0.017472892999649,0.2264265567064285,0.7409374713897705,0.0002065627486445,0.0100040817633271,neutral,0.2037946717755403,0.2490584416373166
1_S11E05_193_u,"Hey, Bernadette. Oh, hey, Raj. Howard's not here. Oh, I know, he's been in the lab every night this week with his work wife. That's weird,",0.0079643446952104,0.0002128544874722,0.0122987879440188,0.0002765876124612,0.9631800651550292,0.0136236865073442,0.0024436104577034,neutral,-0.0338230860215844,0.0343762612465068
1_S11E05_253_u,"Ugh, Sheldon's texting me to drive him to Bernadette's. Well, what are you gonna say? Well, they did just introduce the middle finger emoji. If it's not for this, I don't know what it's for. No, no, no. He'll just think that means ""Be there in a minute."" Uh...",0.9797719717025756,2.6083120246767063e-05,0.0010048936819657,2.5389403162989765e-05,0.0184239596128463,0.0007207226008176,2.697002855711617e-05,angry,-0.9814982817024428,0.9815490605087686
1_S11E05_306_u,"Okay, I'm gonna extend the wait time and have it poll the A-to-D converter at the top of the loop instead of the bottom. Oh. That's impressive. You think that's impressive, take apart that brain model. (gasps) Oh my God-- three of clubs. That was my card! How did you...?",2.644956111907959e-05,4.903563603875227e-05,0.0001116632993216,0.9752551913261414,0.0186203587800264,0.0001670435012783,0.0057702050544321,happy,0.9749009993283836,0.975609383323899
1_S11E05_343_u,"Okay, I put new batteries in the smoke detectors. Did you do the laundry? I sure did. Ooh. He's gonna be steamed. Just like his dress shirts.",0.2974849343299866,3.7707548472099006e-05,0.0001119184089475,0.0218180380761623,0.6797510981559753,0.0005710455588996,0.000225262294407,neutral,-0.2763875677701435,0.320023643922468
1_S11E05_370_u,"She made me do all her chores, and it wasn't even her idea-- she stole it from Tom Sawyer. You know what? This is crazy. Howard and Amy are working together-- get over it.",0.1127901524305343,0.0065725916065275,0.0056880107149481,0.0007746085175313,0.8625645041465759,0.0104702692478895,0.0011399497743695,neutral,-0.1347464154823683,0.13629563251743068
1_S11E05_402_u,"Hey, what are you working on?",4.419139713718323e-06,6.0373997257556766e-05,0.0001050259597832,0.0016134200850501,0.9978132247924804,6.781987030990422e-05,0.0003356293600518,neutral,0.0013757811179857,0.0018510590521144793
1_S11E05_429_u,"You know, once we get this operational, we could probably figure out how to make it wireless. That'd be amazing. (phone chimes) Oh, that's Sheldon. Oh, he's upset with Leonard and Penny. (phone whooshes) And Bernadette. (phone whooshes) And Mark Twain.",1.9260267436038703e-05,9.177532774629071e-05,0.0004789105150848,0.9834129810333252,0.0036877561360597,0.0036610297393053,0.0086483368650078,happy,0.9791620051837526,0.9876639568828975
1_S11E05_448_u,"This is great, the two of us hanging out. Why didn't we think of this earlier? Agreed. I don't need Amy to watch a movie. I can not hold your hand just as easily. (music begins playing over TV)",5.840491576236673e-05,2.0236739146639596e-05,1.1972048014285974e-05,0.9985060691833496,0.0011957869865,0.0001827479718485,2.483250318618957e-05,happy,0.9982327075085776,0.9987794308581214
1_S11E06_003_u,"Howie, slow down. I can't.",0.0002351137518417,1.240278834302444e-05,6.029600990586914e-05,0.0001325786870438,0.9994632601737976,1.3987238162371796e-05,8.243609045166522e-05,neutral,-0.0001892211012091,0.00045437847529676534
1_S11E06_019_u,They're going to start making Professor Proton's science show again. I thought he passed away. He did.,0.0001319951406912,8.028142474358901e-05,0.057511631399393,0.0040641529485583,0.8846248984336853,0.0524334870278835,0.0011534524383023,neutral,-0.1060932420441531,0.1142215479412696
1_S11E06_060_u,"You doing okay? No, I'm very nervous. (man groaning) Where are you going?",0.0003524658968672,0.0003826962783932,0.4341868162155151,0.1880628764629364,0.3719376027584076,0.0005210869712755,0.0045564984902739,fear,-0.2473801888991147,0.6235059418249874
1_S11E06_102_u,"Ow. Ow. Ow. Ow. Really hurts, huh?  ",0.0002147911291103,0.0001474393211537,0.0006730327149853,0.0004338183789514,0.9770195484161376,0.0212003979831933,0.000310998148052,neutral,-0.0218018427694914,0.022669479527394
1_S11E06_187_u,"Where did you get a bell? App store. (bell ringing) Fun. Let me see. (chuckles) When you catch me, you can have it back.",2.2942695068195466e-05,5.37238665856421e-05,2.533564475015737e-05,0.2418992668390274,0.7579026222229004,2.6820604034583084e-05,6.931232928764075e-05,neutral,0.2417704440285888,0.24202808964946598
1_S11E06_249_u,"(light knocking) Hi, guys. Wanted to check in and see how you two were doing. for the amount of Indian servant jokes he can tolerate, and, apparently, I filled it. We're okay. Yeah, hanging out in bed with my wife, thawing out some frozen peas in my pants-- living the dream. (Halley crying) Oh, I'll get her. I thought Raj was helping you out. No, he had to work. Plus, he has a quota",0.0003726310096681,0.0003040867741219,0.0110837984830141,0.0070065022446215,0.958327293395996,0.0007401498733088,0.0221654828637838,neutral,-0.0054941638954915,0.0195071683847344
1_S11E06_391_u,"Hey, how you doing? What are you doing here? Oh, I just came by, you know, to see if you need any help. Howard and Bernadette asked you to check up on me. That is not entirely true. So did Leonard and... everybody.",0.000195282511413,0.0001243436854565,0.0120035363361239,0.0489875897765159,0.9345120191574096,0.0033622127957642,0.0008150526555255,neutral,0.0333022144477581,0.0646729651052735
1_S11E06_410_u,Can you get us a little snack? You sure you don't want your spy to do it? What are you talking about? You really don't trust me? You had to have Amy stop by? We trust you. Yeah.,3.4067441447405145e-05,2.032072734436952e-05,0.0012021877337247,0.0013454565778374,0.9972600936889648,2.305001726199407e-05,0.0001148210358223,neutral,6.583065805898514e-05,0.0026250824976158686
1_S11E06_448_u,"Hello, Arthur. You-you know, we could... we could also meet in-in a deli. I'm sorry to say that I failed you. I tried to stop Wil Wheaton being Professor Proton, but I couldn't. See, now, that's-that's the kind of thing you could tell a fella over a... pastrami sandwich.",0.0004143690166529,2.942216451629065e-05,0.0007916595786809,0.0001534598268335,0.0255700908601284,0.9729323387145996,0.0001086726624635,sad,-0.9740143296476164,0.9743212493012832
1_S11E07_026_u,"Sheldon, I've got these four-billion-year-old meteorites. I thought maybe they'd show signs of neutrino interactions. I could really use someone like you to help me with the math. Oh, so they would act as natural dark matter detectors. That sounds interesting.",4.303384412196465e-05,3.754520366783254e-05,0.0004746950871776,0.5575376152992249,0.4403246343135834,0.0001337450230494,0.0014487312873825,happy,0.556848596141208,0.5582266344572416
1_S11E07_112_u,"So what do you think of our chances at the World Cup? Ah, World Cup. You know, it'll all depend if Kohli's batting in form. I know.",0.0005818089121021,7.498265040339902e-05,0.4599865972995758,0.087686076760292,0.4474970996379852,0.0016622646944597,0.002511169295758,fear,-0.374619576796249,0.549991730316833
1_S11E07_153_u,"Hello. Hey, buddy, what's up? Hey. Um, I need to talk to Penny alone. (laughs) What can I do for you?",5.935759327257984e-05,0.0002230730751762,0.0002435758069623,0.031398132443428,0.9555009007453918,0.0003642236406449,0.0122107248753309,neutral,0.0305079023273719,0.03228836255948398
1_S11E07_161_u,"I'm working with Bert, but I don't want anyone to find out. Well, you just told me, so strong start. Penny, this is serious. My reputation is on the line. What are people gonna think when they see us collaborating?",0.0006378938560374,6.937931175343692e-05,0.0031657305080443,0.0004937914200127,0.98455011844635,0.010913866572082,0.0001692295481916,neutral,-0.0142930788279045,0.015280661667929837
1_S11E07_220_u,"She just wants to keep things casual. Oh, great, that's how you're gonna screw it up. Hey, I can be casual. Mm-hmm.",0.0002238646993646,2.669667082955129e-05,8.586850526626222e-06,0.0024500277359038,0.9971343278884888,0.0001041399227688,5.232415787759237e-05,neutral,0.0020867395924142,0.0028133158793933774
1_S11E07_265_u,"Are you embarrassed of me? Oh, no, no, no, not you. No, just the work that you've devoted your entire life to. If you're ashamed to be working with me, then I don't want to work with you.",0.0018746512942016,3.574613219825551e-05,0.0004011909186374,8.783049270277843e-05,0.0019601520616561,0.9952671527862548,0.0003732815384864,sad,-0.9974909106385894,0.9976665716239949
1_S11E07_271_u,"This place seems nice. Uh, but not too nice. Yelp called it ""good for groups."" Would you care to buy the lady a...?",1.2601267371792346e-05,4.5517950638895854e-05,1.4868184734950772e-05,0.0214028283953666,0.978476345539093,2.3470374799217097e-05,2.434862835798413e-05,neutral,0.0213063706178218,0.021499286172911455
1_S11E07_381_u,"What do you want, Sheldon? I would like us to work together again. I promise to keep my geology comments to myself, because while some of them are funny, all of them are mean. Well, this is awkward. Leonard, what are you doing here?",0.0017384565435349,0.0003203103260602,0.0004180414252914,0.1638934016227722,0.1184142976999282,0.7151126861572266,0.0001028486221912,sad,-0.5536960928293411,0.8814828960748853
1_S11E07_405_u,"I mean, Ruchi's nice. We're just so different. I know. Sometimes when you're dating, you meet weird people. I once met a girl who didn't like juggling.",0.0040017263963818,7.86672972026281e-05,0.000529229757376,0.9858813285827636,0.0091346399858593,0.0001903332013171,0.0001841975754359,happy,0.981081371930486,0.9906812852350412
1_S11E07_415_u,"So you're not gonna see her again? What's the point? We're never gonna be in a real relationship. Right, so you'll only be in a physical one? Exactly. Why would I want to spend time with someone like that? Someone who is just interested in sex? Yeah. Raj, do you real... Whoa, hold on.",0.0001046795150614,2.2550768335349854e-05,3.174931407556869e-05,0.0002034184581134,0.9994955062866212,0.000106866871647,3.518450103001669e-05,neutral,-6.242801100597717e-05,0.0004692649272327185
1_S11E08_005_u,"Can we start the movie? Before Sheldon gets here? Last time we did that, he didn't talk to us for a month. So do it! Hold on. Where is he?",7.00113523635082e-05,1.2685139154200442e-05,0.0003391894570086,0.0003348158788867,0.9987766146659852,0.0003340625262353,0.0001326189521932,neutral,-0.0004211325958749,0.0010907643536483087
1_S11E08_113_u,"Hey. Hi. Hey, what are you two doing here? Don't worry about work. You take all the time you need. RUCHI: We won't stay long. I just wanted to drop something off from me and the girls at work. None of the girls at work like me enough to get me a gift. Okay, so you'll know why everyone at the office has the same handwriting. I really appreciate the thought, but it's not necessary. I'll be back soon.",0.0002858622465282,0.0007679851260036,0.0086898924782872,0.2880336344242096,0.6904540657997131,0.0009120553731918,0.0108564887195825,neutral,0.2773778392001986,0.29868942964822043
1_S11E08_137_u,Why would the military want Sheldon?,2.0910880266455933e-05,2.294900878041517e-05,3.989771721535362e-05,0.0052560176700353,0.9946356415748596,5.47988383914344e-06,1.912933839776088e-05,neutral,0.0051667801799339,0.005345255160136668
1_S11E08_142_u,"Well, he better not be working on our guidance system. That was my idea. Why don't we call Colonel Williams and find out what's going on.",0.0015244793612509,4.6153094444889575e-05,7.240551349241287e-05,0.0470531992614269,0.9512181282043456,2.0004731595690828e-06,8.356782927876338e-05,neutral,0.045408160819079,0.04869823770377467
1_S11E08_195_u,"What do you want to watch? Oh, why don't you pick. Okay, how about comedy? Eh, I already laughed today.",1.9205346688977443e-05,1.9725808670045808e-05,2.105120984197129e-05,0.6995768547058105,0.3003003001213074,1.926487129821908e-05,4.3648829887388274e-05,happy,0.6994976074693113,0.6996561019423098
1_S11E08_217_u,"Sheldon went to the Air Force behind our backs. I did nothing of the sort. I had an idea for a neutrino-based communication system, I presented it to them, and they were interested. But y-your communication system was based on our guidance system. And sonar is based on bats. You don't see them hanging upside down in a patent attorney's office.",0.0192238930612802,2.8193826437927783e-05,7.412762352032587e-05,0.0002616299316287,0.9802294969558716,1.3239117834018543e-05,0.0001694734673947,neutral,-0.0190778236974438,0.01960108356070117
1_S11E08_283_u,"So it turns out Ruchi is totally trying to take over Bernadette's projects. Wow, she just told you that out of the blue? Yeah, yeah, we had just made love. It was so beautiful. Our caramel-colored bodies were entwined like erotic taffy...",0.0141168050467967,0.0002021723194047,0.0206361860036849,0.1911220401525497,0.7524071335792542,0.0037522336933761,0.0177634228020906,neutral,0.1524146430892869,0.2298294372158121
1_S11E08_305_u,"You know, that guidance system was my idea. You figured out how to make it work. We didn't even need Sheldon. Let's not forget your idea was based on my theory. Hey, we're bagging on Sheldon here! Focus! I guess it was pretty smart using our quantum technology as the basis for a communication system.",0.0030885776504874,2.8900778488605283e-05,8.930049807531759e-05,0.9128639698028564,0.0837253108620643,6.772231427021325e-05,0.0001362155744573,happy,0.9095894685615348,0.916138471044178
1_S11E08_351_u,"So what do you think? Can you make it work? Uh, I just need to use the cross section to calculate the probability of the interaction. Can we help?",1.471763061999809e-05,3.303637640783563e-05,0.0007295677205547,0.0007706708856858,0.998271942138672,8.876511128619313e-05,9.12567411432974e-05,neutral,-9.54159531829646e-05,0.0016367577245545268
1_S11E08_428_u,"Why did you tell Barry Kripke your idea? This is all your fault. No, it's your fault. If you would've come to us in the beginning, none of this would've happened. Well, if it helps, you all behaved terribly and you deserve what you got.",0.6163414716720581,4.747941420646384e-05,0.0041173174977302,0.0001012321517919,0.0013737138360738,0.3779117166996002,0.0001070956423063,angry,-0.9983167531318032,0.998519217435387
1_S11E10_009_u,"This was a good idea. It's been a long time since we've had girls' night. Yeah, it's so nice to have a relaxing evening at home doing nothing. Yeah, really breaks up the other 30 days I've spent on bed rest doing nothing. Well, tonight we're gonna make you forget all that. You're gonna make me forget I've been stuck in bed while a baby uses my bladder as a kickball?",0.0001049722341122,7.09562809788622e-05,0.000272768724244,0.9895899891853333,0.0021755422931164,0.0065804040059447,0.0012053160462528,happy,0.9825608879400534,0.996619090430613
1_S11E10_062_u,"You and Amy having fun planning your wedding? We're employing a mathematical approach called decision theory, so, heck, yeah. Heck, yeah? Looks like someone need to put a dollar in the almost-swear jar. We've assigned all wedding decisions randomly, and each of us makes half of them. You know, from venue to officiant to numbering system for the tables: Roman or Dewey Decimal.",0.0001243980514118,9.668378334026784e-05,0.0008884464041329,0.1493452191352844,0.8484861850738525,6.762894918210804e-05,0.0009913783287629,neutral,0.1481680619472172,0.15052237632335147
1_S11E10_143_u,"I'm so sorry the interview didn't go well. Yeah, you would've been perfect for it. Oh, I just get so nervous, and then I start apologizing for being nervous, and... You guys don't want to hear about this. I'm sorry.",0.0002333175943931,3.909434599336237e-05,0.7687001824378967,0.0010179048404097,0.0001693952799541,0.2292130142450332,0.0006270633311942,fear,-0.9971677037829068,0.999203513463726
1_S11E10_228_u,"Why not? 15 years of constant ridicule. I-I think our relationship has become toxic. Uh, what are you saying? I think you and I need to spend some time away from each other. Look, I... I can see you're upset, but... I'm gonna need some ground rules. I mean,",0.0005349417915567,0.0001363013143418,0.0011604287428781,0.0001035053355735,0.1349727660417556,0.8624688982963562,0.0006231068400666,sad,-0.8641970648095594,0.8644040754807063
1_S11E10_240_u,Neither of them will be the actual cake. I'm just using it as a bargaining chip to get Amy to agree to the whole wedding party getting rings from wheelchairs to robots.,0.000251756660873,1.1948954124818556e-05,4.09912463510409e-05,0.0001954044710146,0.9994687438011168,2.6376435926067643e-05,4.860652097704588e-06,neutral,-0.0001356688262603,0.0005264777682895271
1_S11E10_249_u,"Really? You're not gonna sit here? I'll sit there as soon as you leave. You're still on this? I said sorry. Well, ""sorry"" doesn't make up for years of emotional abuse.",6.589239637833089e-05,6.740805110894144e-05,0.0009208055562339,0.0002729591506067,0.0043218885548412,0.9940902590751648,0.0002606910420581,sad,-0.9948714059282792,0.9954173242294927
1_S11E10_297_u,"Hey. You look good today. What happened? What's wrong? Just tell me. I can take it. Nothing. I felt bad about being mean to you, so I'm being nice.",2.045212750090286e-05,6.579588080057874e-05,8.133894152706489e-05,0.9891179203987122,0.0007855849689804,0.0096882078796625,0.0002407889114692,happy,0.9792621255692212,0.9989737152282032
1_S11E10_309_u,"Hello, friends!. Hey, what's going on with your hair? Uh, nothing. I just decided to stop straightening it. Wait, so you were making your hair look like that on purpose? When I first moved to America, I wanted to fit in. And Howard's hair was straight, and he was the coolest person I knew.",6.474151450674981e-05,0.0009840980637818,0.0007437648018822,0.0482841841876506,0.909810185432434,0.002785536693409,0.0373275205492973,neutral,0.0437060431140707,0.05286232526123035
1_S11E10_337_u,"Hey, Howard. Hey. Where is everybody? I could ask you the same question.",0.0004433533467818,0.0001216575838043,0.0035090602468699,0.001816269592382,0.9816119074821472,0.0005195016856305,0.0119782658293843,neutral,-0.0027773032707045,0.0064098424554684995
1_S11E10_432_u,"Wow. I never knew science could be so interesting. Hey, I talk to you about science all the time. Oh, you sure do, sweetie. Should we go congratulate him? I'll do better than that-- I'll give him constructive criticism. Here's some constructive criticism: don't.",0.0001131504395743,0.0003834128729067,0.0006319842068478,0.2263216376304626,0.0224350858479738,0.0002818395441863,0.7498328685760498,surprise,0.2249112505669472,0.22773202469397769
1_S11E10_461_u,"If there is life beneath the surface of these planets, how would we even detect it? Uh, that's a complicated question. Let me start with a simpler one. Can I buy you a coffee? A-Also a complicated question. (chuckles nervously) Because I want to say yes, but if I drink coffee this late, then I'll be up all night.",0.0004078000492881,0.0001038041518768,0.0691283270716667,0.3744699656963348,0.5544813871383667,0.0004787706711795,0.0009299556259065,neutral,0.3043512637523236,0.4445886676403459
1_S11E11_024_u,"Oh, Stuart, two questions: Do you have the new Aquaman, and do you mind if I use your back room to smoke some meat? Well, since it's you asking, I'm gonna guess that's not a euphemism.",0.0001740309235174,0.0001782038307283,0.0275895558297634,0.0398226156830787,0.9308066368103028,0.0005600704462267,0.0008688971283845,neutral,0.0113207546528428,0.0683244767133145
1_S11E11_055_u,"You're a grown man; act like it. Big talk coming from a guy holding an Archie comic book. Hey, werewolf Jughead is not your dad's Jughead. Come on, you guys have been friends forever. Quit fighting.",0.6528661847114563,3.503587140585296e-05,9.913258691085504e-05,0.0008007547585293,0.3444181084632873,0.0017332315910607,4.7580757382093e-05,angry,-0.6539328300023044,0.6555343395193629
1_S11E11_077_u,"Mm, I'm in. (gasps) Me, too. It'll be nice to see the parts I missed while I was blinking. Hey, guys, there's a change of plans. We are having a party for Halley's birthday after all. Turns out Bernadette and ""anyone who's not a heartless monster"" thinks that's the right thing to do. I don't like kids, but I do like birthday cake. Oh, wait, will there be sugary icing flowers on it?",0.0002469960018061,0.0001050231076078,1.998524021473713e-05,0.4033185839653015,0.5956854820251465,3.2982410630211234e-05,0.0005909931496717,neutral,0.4029135972050426,0.40372357072556037
1_S11E11_098_u,"Hey. Hey. What you reading? Oh, it's your brother's Christmas letter. Ugh. If there's a picture of his wife and his kids and his dogs and his horses all in matching pajamas, I beg you to burn it.",0.9753360748291016,0.0001165449939435,0.0003723980626091,0.0017303163185715,0.0096742752939462,0.0124949431046843,0.0002754982560873,angry,-0.986589644671767,0.99005027730891
1_S11E11_127_u,"Hey, Stuart, you're coming to Halley's party, right? You bet. Plus, I live there and I was invited, so it's already better than my tenth birthday party.",4.875003651250154e-05,5.491457341122441e-05,3.99451055272948e-05,0.6262614727020264,0.3734280467033386,5.583816528087482e-05,0.0001109804434236,happy,0.6260620248212945,0.6264609205827583
1_S11E11_182_u,"Hey. What are you doing? Oh, I've decided to write my own Christmas letter. So I'm gonna make a list of all the cool things we did this year.",0.0001791061804397,0.0003991346457041,0.0016092030564323,0.2299152612686157,0.6873726844787598,0.0010877702152356,0.0794367939233779,neutral,0.2266400471708038,0.2331904753664274
1_S11E11_217_u,"Look, I'm sorry about not inviting you to Halley's birthday. That wasn't cool. And of course we would love to have you. Here. Thank you. I'd really like to be there.",0.1003777235746383,7.479893247364089e-05,0.0002322174841538,0.060540072619915,0.0007989121950231,0.8378434777259827,0.0001327221107203,sad,-0.8779881450973335,0.9990682903371634
1_S11E11_301_u,"Morning. Morning. ""Kept Fern alive""? Who's Fern?",7.908490260888357e-06,4.435463051777333e-05,8.531602361472324e-05,0.0264612101018428,0.9720715284347534,0.0002036567020695,0.0011261217296123,neutral,0.0261199742553799,0.026802445948305685
1_S11E11_343_u,BERNADETTE: How's the party coming? Good! Great! Our friends should be here any second! Those are the only other people you invited? What about the kids from the Daddy and Me class?,0.0002191628882428,3.680921145132743e-05,0.0023863394744694,0.0014332593418657,0.9955060482025146,0.0001708325871732,0.0002474377397447,neutral,-0.001379884819471,0.004246403503202427
1_S11E11_403_u,"Hello. Hi. You made it. How you two feeling? Oh, a little better. Those books should have been called Little Outhouse on the Prairie. BERNADETTE: Halley's awake and ready for her party! Be right up!",5.342641816241667e-05,2.7993612093268894e-05,0.0002629301452543,0.0292817149311304,0.9702354073524476,4.245472882757895e-05,9.5978808531072e-05,neutral,0.0288949100267927,0.029668519835467963
1_S11E12_038_u,"Hey, just-just hold the gate still while I screw it in. You know, I don't know how I feel about all this baby-proofing. If Halley can't teach herself to walk down the stairs, then maybe that's nature's way of saying the Wolowitz line ends here.",5.911447806283832e-05,5.324962330632843e-06,2.869164563890081e-05,0.0014204939361661,0.9983454942703248,1.52280090333079e-05,0.0001256279792869,neutral,0.0013121348411004,0.00152885303123178
1_S11E12_237_u,"Leonard, quick. I need you to get me to Arcadia within the hour. The train store's having a sale.",0.0036133998073637,0.0001712572266114,0.0109964050352573,0.0284759365022182,0.951562523841858,0.0002420791279291,0.0049383738078176,neutral,0.0134527953050564,0.04349907769937969
1_S11E12_279_u,"Hey, what you doing? Oh. Sheldon gave me a brain teaser. It's kind of fun. It's about a group of people at dinner, and you have to figure out where they can sit without fighting. Oh, yeah, is this the one where Mr. Green can't sit next to anyone eating meat, and Uncle Light Blue won't sit next to any of the darker colors?",7.726203330093995e-05,0.0001222301361849,0.0004259498673491,0.3377246260643005,0.6558238863945007,0.0001091768208425,0.0057168952189385,neutral,0.336990007206623,0.33845924492197793
1_S11E12_290_u,"Did Sheldon and Amy give you guys that puzzle, too? Yeah. Is it just me or have they been acting strange?",0.0001682147558312,0.0002031169278779,0.0252311453223228,0.000413114845287,0.9634314179420472,0.0004701223224401,0.0100828660652041,neutral,-0.0256594844831852,0.026485714173759
1_S11E13_001_u,Hey! Look what I got everybody.,9.336452785646544e-05,0.0004888970870524,0.0040385937318205,0.1667045652866363,0.744205117225647,0.0008598641725257,0.0836095884442329,neutral,0.1612238457673811,0.17218528480589138
1_S11E13_211_u,"Oh, hey, in seventh grade, I built a cobra wave. You want to do that? Oh, we can come up with a wave speed formula, and see how accurately we can predict the amplitude.",1.4365143215400169e-05,1.3255237718112768e-05,0.0001466509856982,0.002085484098643,0.9975173473358154,4.502409865381196e-05,0.0001779255544533,neutral,0.0018661886333575,0.002304779563928525
1_S11E13_362_u,What is happening? I was trying not to wake you.,2.209588092227932e-05,4.902956789010205e-05,0.0003537281882017,0.0002921303967013,0.9984563589096068,0.0006317931693047,0.00019488959515,neutral,-0.0007645164096174,0.0013487772030200814
1_S11E16_170_u,"Ah, come on! Welcome to the next five to eight weeks of your life. Sheldon, I said I didn't want to play your game. Well, then don't think of it as a game. Think of it as a source of information about one of the lesser known campaigns of World War II.",0.0199034456163644,5.781771324109286e-05,4.681059726863168e-05,0.3092997968196869,0.6704747080802917,6.338368257274851e-05,0.0001540221273899,neutral,0.2892283392102399,0.3293712544291338
1_S11E18_206_u,"What would you do if you had a billion dollars? Same as Bill Gates, try to make the world a better place, but I'd do it in a working Iron Man suit.",8.492291090078652e-05,4.465713573154062e-05,0.0063328021205961,0.0033366305287927,0.9894919395446776,6.127206142991781e-05,0.0006477739661931,neutral,-0.0031870236998656,0.009860284757451045
1_S11E19_030_u,"(stammers) What is happening? Everybody's supposed to be eating Chinese food. Well, actually, I believe the Chinese may have invented the sandwich. Their dish ""rou jia mo"" literally means ""meat between bread."" So, it looks like all of us, including Penny, are eating Chinese food.",0.0002940304693765,7.514846947742626e-05,0.0010712440125644,0.0015704567776992,0.9947602152824402,0.0002017308579524,0.002027228474617,neutral,-7.169703167164698e-05,0.003212610587069926
1_S11E19_143_u,"Okay, that ought to do it. I've replaced the propeller and reattached the gimbal controller unit. Dude, you're like Grey's Anatomy for robots. Also, why isn't that a show? I just need to see if I can re-sync the controls to this old remote. We should name it.",4.869127587880939e-05,0.0001130017844843,0.0023320028558373,0.618043065071106,0.3766067624092102,0.0001513211464043,0.0027051228098571,happy,0.6153980480085011,0.6206880821337106
1_S11E20_143_u,"Okay, now, I promised Sheldon things weren't gonna get too crazy tonight. Should I be worried?",0.000235064420849,2.494507498340681e-05,0.9934857487678528,0.0009580106707289,0.0029131600167602,0.0022904255893081,9.271102317143232e-05,fear,-0.9950781731822644,0.9969941945237223
1_S11E20_332_u,"Oh, uh, Sheldon's getting married in a month. Oh! Congratulations. Yeah, I'm a married man myself. Oh, really? Is she here?",3.568103420548141e-05,0.0001557904179207,0.0002782147494144,0.9699427485466005,0.0013976147165521,0.0010692640207707,0.0271206982433795,happy,0.9684037983242888,0.9714816987689117
1_S11E21_080_u,"Penny, do you want to check this out? Yeah, sure. All right, just, uh, look through here, and if you want to take a picture, just push that button. Okay. Oh, what is that? (gasps) Is it Mercury? I'm really jonesing for Mercury. I think it's a little early for Mercury to be visible yet. Playing hard to get. I like that in a planet. No, there's something fuzzy.",0.0004942730301991,0.0001912817970151,0.0053636222146451,0.0946400538086891,0.8754162788391113,0.0001436059537809,0.0237508323043584,neutral,0.0884472708130488,0.1008328368043293
1_S11E21_201_u,We can have date night another night. But you got all dressed up. We were supposed to have dinner and romance. We'll just have to divide and conquer.,0.0175663325935602,6.616737209697021e-06,6.295771163422614e-05,0.0011394745670258,0.981149196624756,5.077024979982525e-05,2.4660053895786405e-05,neutral,-0.016547202725178,0.01882615185922975
1_S11E22_069_u,"But while we're on the subject of fashion, I'm asking the university for some funding tomorrow. What should I wear?",0.0002652434050105,0.0001434065197827,0.9650483131408693,0.0006286905845627,0.0269467178732156,0.0013735544634982,0.0055941194295883,fear,-0.966201826944598,0.9674592081137233
1_S11E22_149_u,"Yeah, you-you just have to be patient. But what if while I'm being patient, someone more relentless than me badgers their university into giving them money?",0.0001281923468923,2.262800262542441e-05,3.537545126164332e-05,0.0671082809567451,0.9326264262199402,1.9852525383612374e-06,7.717128028161824e-05,neutral,0.0669200999034274,0.06729646201006284
1_S11E22_205_u,"Hello, Leonard. Hi. Are you doing anything?",2.514643529138993e-05,0.0002743905351962,0.0005302123608998,0.0004405641229823,0.9979318380355836,0.0001842587371356,0.0006135810981504,neutral,-0.0005734439455409,0.00145457219150529
1_S11E22_260_u,"Hey, Stuart, I'd like to sell some comic books. Oh. Well, I know all about that.",0.0001765290071489,2.436050090182107e-05,0.0001508674467913,0.0049493061378598,0.9937620759010316,0.0008164183236658,0.0001203372012241,neutral,0.0037811308593518,0.006117481416367621
1_S11E23_048_u,How many out-of-town guests are there gonna be? I'm actually not sure. Turns out Sheldon didn't invite his brother. Mm. Now it's starting to sound like a wedding. And his mom said she won't come if his brother's not there.,0.0009426973992958,1.9091085050604303e-05,0.0001357190922135,3.4126071113860235e-05,0.998415470123291,0.0002490962506271,0.0002037340163951,neutral,-0.0013124777560733,0.0013807298983008645
1_S11E24_338_u,"What are you lunatics doing?! Sheldon had a breakthrough. Actually, Amy and I had a breakthrough.",0.0651111379265785,7.606577128171921e-05,0.0002017885708482,0.008194669149816,0.9253244996070862,0.0003500163147691,0.0007417746237479,neutral,-0.0575443394336616,0.0739336777332935
1_S12E01_111_u,"Uh, hurry. Raj is on next. All right. I can't believe they canceled Vampire Diaries but they'll show this.",0.047006007283926,0.0016702812863513,0.3894290626049042,0.0004521250957623,0.1383228600025177,0.1560591608285904,0.2670604884624481,fear,-0.5937123869080096,0.5946166370995342
1_S12E01_139_u,"There. See? Oh, he's in here. I can smell his Axe body spray. He wears Axe body spray.",0.0001804835337679,0.0001788511726772,4.6649616706417874e-05,0.1780843585729599,0.8208842277526855,0.0001122013491112,0.0005131241050548,neutral,0.1775661729006969,0.17860254424522262
1_S12E01_150_u,"Man, that is one hot weather girl. How come if I say that I get in trouble?",0.0001143556146416,2.196718742197845e-05,2.2767837435822003e-05,0.0018759291851893,0.9979451298713684,3.085129037572188e-06,1.678090848145075e-05,neutral,0.0017137534166522,0.0020381049537262727
1_S12E01_248_u,"Hey, check out what Neil deGrasse Tyson just tweeted. ""I've been informed that some random, attention-seeking nobody took a cheap shot at me on the local news."" That's me. Guys, he's talking about me!",0.5594598650932312,2.7172131012775932e-05,0.0008395133772864,0.0013797048013657,0.4184600710868835,0.0194386281073093,0.0003951697144657,angry,-0.5783854739074741,0.5811448835102054
1_S12E01_268_u,"(clears throat) ""Dear Dr. Tyson, ""much like epithelial tissue, it appears I've gotten under your skin."" iPhone drop, but I won't 'cause I don't have AppleCare. (phone chimes) What'd he say? ""Nice try, genius. The skin is epithelial tissue."" Oh, it's on. He's Katy, I'm T-Swift. (clears throat)",0.0046879281289875,0.0001853715657489,0.0711402967572212,0.1633128523826599,0.7561522722244263,0.0040629645809531,0.0004582458350341,neutral,0.083236291349749,0.2433894134155706
1_S12E01_274_u,"TOUR GUIDE: And here we have the former hotel where Tesla perfected the three-phase alternating current motor. That's wrong. I'm gonna say something. Don't. Well, then how will everyone know I'm the smartest boy here?",0.0072692241519689,4.105445623281412e-05,0.0008167620981112,0.0041240816935896,0.987682044506073,3.762018968700431e-05,2.9100696337991397e-05,neutral,-0.0040405792024102,0.012288742589589518
1_S12E01_297_u,"Morning, sunshine. So I see you're making espresso. Yup. Just need that extra jolt",1.587768565514125e-05,2.4483257220708765e-05,3.458436913206242e-05,0.9974706172943116,0.0010174402268603,0.0013850836548954,5.198377402848564e-05,happy,0.9960105883274082,0.998930646261215
1_S12E01_325_u,"Your turn. Hang on, I'm checking to see if Neil replied to my latest smackdown. Really? Don't you think this Twitter feud is a little silly? Absolutely not. It's-it's two respected scientists debating opposing views in a public forum.",0.0645323693752288,1.4232349712983703e-05,0.0002039159589912,0.0050592068582773,0.93003112077713,6.722460966557264e-05,9.20542370295152e-05,neutral,-0.0597585354353213,0.06987694915187585
1_S12E01_332_u,"He said he needs a break, and I'm too much for him. Oh. I'm sure he didn't mean that. He said I'm overbearing!",0.0001573766057845,3.626464604167268e-05,6.415003736037761e-05,0.1538854539394378,0.8400498628616333,0.0056244768202304,0.0001824267528718,neutral,0.1480031858300208,0.15976772204885475
1_S12E01_339_u,"You really think so? Yeah, I do. You're a good person, Penny. I hope we get to spend lots of time together.",5.8738696679938585e-05,3.486899731797166e-05,2.6492956749279983e-05,0.633702278137207,0.3659938871860504,2.3795742890797555e-05,0.0001599139795871,happy,0.633558381743569,0.633846174530845
1_S12E02_006_u,"But I think, by the end of the honeymoon, we really started to feel like a married couple. But the good kind, like on TV, not like my parents. - Yeah. You're not a real married couple until you can pee with the door open and she's okay with it.",0.0013118850765749,0.0002262776251882,0.0043406784534454,0.9616588950157166,0.0052452287636697,0.023300802335143,0.0039164177142083,happy,0.9324792515253648,0.9908385385060681
1_S12E02_105_u,"What is wrong with Stuart's face? I think he's smiling. Oh, my God, are they flirting? Oh, they're way past flirting. I caught them making out at Sheldon's wedding.",0.0001141990651376,4.624565917765722e-05,4.140005330555141e-05,0.5453817844390869,0.4541538059711456,3.023247882083524e-05,0.0002323934459127,happy,0.5451497071826452,0.5456138616955286
1_S12E02_118_u,"See ya, guys. - Bye. - Bye. So, what's her deal?",6.932875839993358e-05,3.441829176153988e-05,8.521014387952164e-05,0.0001187752204714,0.9992485642433168,0.0003352118365,0.0001085716066882,neutral,-0.0004053938100696,0.000642944251012395
1_S12E02_204_u,"Oh, do tell. Now, paint a picture for me, like where you were when you found it and what you thought we'd enjoy doing with it. Do you not know what it is?",4.902002274320694e-06,1.550839988340158e-05,1.9438244635239244e-05,0.0134222554042935,0.9864808320999146,9.530460374662653e-06,4.746738341054879e-05,neutral,0.0133728762971259,0.013471634511461125
1_S12E02_228_u,"Howard, I don't often say this, but, good, you're here. Now, do you know what Leonard and Penny got us for our wedding gift? - Well... - (stammers) Don't answer. I don't want to know. I just want to know if you know. - I do know. . - Okay, great I believe that Amy and I have figured it out. Is it a clue to a scavenger hunt that will lead us to the actual present?",0.0086959255859255,0.0003167534305248,0.0219997260719537,0.2648569643497467,0.6743282675743103,0.0090524777770042,0.0207499004900455,neutral,0.2247920814843382,0.3049218472151549
1_S12E02_262_u,Wow. A scavenger hunt. That's exciting. I had a bit of a scavenger hunt myself last night. I was trying to find the remote. I looked under one of the cushions. Wasn't there. Then I lifted the cushion a little higher. Bingo.,3.326727164676413e-05,9.92095228866674e-05,0.0005612931563518,0.9839177131652832,0.0023223457392305,0.0001334185217274,0.0129327252507209,happy,0.9830905246926704,0.9847449016378959
1_S12E02_274_u,"Okay, so it's quartz. That's got to mean something. What do we know about quartz? I'll Google it.",1.3480823326972312e-05,3.250857480452396e-05,0.0001527723943581,0.1125296279788017,0.8866191506385803,1.854541733337101e-05,0.0006339306128211,neutral,0.1123123207689786,0.11274693518862466
1_S12E02_358_u,"Oh. Look what Halley drew. Yeah, she made it at daycare. It's pretty good, huh? Is it?",2.8845181077485904e-05,0.0002514512161724,0.000778283458203,0.8397923111915588,0.1296943873167038,0.0014067842857912,0.0280479826033115,happy,0.8373269470503146,0.8422576753328029
1_S12E02_385_u,"Look, it's only a spray tan. It'll fade in a couple days. Why don't you cancel the date and reschedule? Oh, but I was really looking forward to tonight. You know what? Then go. Tell her what happened. - Maybe she'll be flattered.",0.0001537496282253,2.0931845938321203e-05,2.4282498998218216e-05,0.17512047290802,0.8243788480758667,0.0001502033410361,0.0001515725307399,neutral,0.174771305593822,0.17546964022221795
1_S12E02_433_u,"So we put a little picture of me and a little picture of Sheldon in it. as long as we work together. In-in the locket? Yes. That was in a lost and found box? Exactly. Where we hid it? So really, you gave us three amazing gifts. You gave the locket, the adventure and the realization that Amy and I can do anything",7.932230801088735e-05,3.228787682019174e-05,0.0012921773595735,0.0239487905055284,0.9732769727706908,0.0001176324803964,0.0012527670478448,neutral,0.0224273704807274,0.02547021053032938
1_S12E02_443_u,"Are those words? No. It's a secret code that you two get to figure out together. Hint: it's based on Sanskrit, but not the Sanskrit you're thinking of. (laughs) And best of all, you can't use the Internet to cheat. Because we locked you out of your Wi-Fi, and the answer to this is your new password.",0.0002886073780246,4.005466325907037e-05,3.193021984770894e-05,0.9599804878234864,0.0393488369882106,6.237573688849807e-05,0.0002477682137396,happy,0.9595575198254664,0.9604034558215063
1_S12E02_466_u,"Oh. Oh, my God. Yeah. I wanted to look my best for our date, and I made a series of bad decisions... ...one of which is hidden by my pants. Wow. (laughs) Do you still want to go out with me? Absolutely. Hey, maybe we can go find Nemo together. That's a good one.",0.0010017204331234,0.0012612679274752,0.0018010685453191,0.6258541345596313,0.0078150676563382,0.051669355481863,0.3105973601341247,happy,0.5701207221718505,0.6815875469474121
1_S12E02_471_u,"That's a good one. Do your 63 other crayon friends know you're out? Are you just gonna make fun of me all night? - Probably. - Great. So what are we thinking, Chinese?",0.0001109916192945,0.000163950069691,0.0018376130610704,0.8508815169334412,0.1455311179161071,0.0004323803877923,0.0010424740612506,happy,0.8483365817955928,0.8534264520712894
1_S12E03_061_u,"Enjoying your book? So much. Why do you keep poking at it? Fine, I'’m shopping on my phone.",0.0004255993990227,6.249552097870037e-05,0.0001051823055604,0.930608868598938,0.0683321952819824,0.0002667900989763,0.000198770649149,happy,0.9297488012743996,0.9314689359234761
1_S12E03_095_u,"Wow, you really are good at this. Well, I'’ve spent a lot of time painting D&Dminiatures. I know that makes you want to rip my shirt off, but wait until your nails are dry. [PHONE CHIMES] Oh, it'’s Raj.",0.000303133710986,0.0003127350355498,0.0005958907422609,0.9229182600975036,0.0045292265713214,0.0013233178760856,0.07001743465662,happy,0.9203831827326212,0.9254533374623859
1_S12E03_101_u,"He sent us that Indian marriage questionnaire. Ooh, read one.Okay. ""How religious are you?"" That'’s easy, both of us: not at all. No, I wouldn'’t say not at all. I mean, I am pretty spiritual. I do go to yoga, so...",0.0329870693385601,0.0001730967924231,0.0125487614423036,0.0563732758164405,0.8867180347442627,0.0020922753028571,0.0091074323281645,neutral,0.0085720729402964,0.10417447869258441
1_S12E03_118_u,"Sure, uh, next question. ""How are you with pets?""",3.851475048577413e-05,4.770727900904603e-05,2.444294841552619e-05,0.7107232213020325,0.2891042828559875,1.1007134162355214e-05,5.086842065793462e-05,happy,0.7106015491899598,0.7108448934141052
1_S12E03_174_u,"Hey, want to get lunch? I can'’t. Halley and Michael were up all night, and I'’m way behind here. Oh, no, are they sick?No. They were just laughing and playing like a couple of jerks. Boy, they'’re cute, but they ruin everything.",0.0017964317230507,0.000976106559392,0.0284807421267032,0.8489770293235779,0.004321408458054,0.0173794254660606,0.0980688408017158,happy,0.8003443234483711,0.8976097351987843
1_S12E03_195_u,"Look, I know it'’s scary, but you'’re gonna be a great mom. I know I'’d be great, but the point is I don'’t want to be one. Maybe you wouldn'’t be great. You kind of got a temper. You know, not everyone needs to have kids to be fulfilled.",0.3716941177845001,0.0008418377838097,0.5698830485343933,0.0091700926423072,0.0467776991426944,0.001225858926773,0.0004074205062352,fear,-0.934474770387169,0.9528149556717833
1_S12E03_239_u,"Hey, honey, how was your day? [GROANS] What'’s wrong? Raj is talking about marrying this woman he just met.",3.657680281321518e-05,3.7402154703158885e-05,0.0002490659535396,0.0002910193870775,0.9990435242652892,0.0002015046047745,0.000140896445373,neutral,-0.000233530128753,0.0008155689029079741
1_S12E03_263_u,"Hey, Leonard, remember yesterday when we were talking about having kids someday? Yeah? Well, what if it wasn'’t someday. Oh, my God. Oh, my God, are you pregnant?",0.0021823085844516,0.0025781476870179,0.190284788608551,0.0052285967394709,0.5713765025138855,0.0216369591653347,0.2067126780748367,neutral,-0.2114536073058843,0.2219108007848261
1_S12E03_286_u,"You'’re awfully quiet. Sorry.No, I like it. Got a lot on my mind. Would you like to talk about it? Not really.",0.0014512401539832,0.0006954933633096,0.1014808192849159,0.0014379546046257,0.0857269912958145,0.8079094886779785,0.0012980874162167,sad,-0.9100990868755616,0.9129749960848129
1_S12E03_310_u,"Hey. Mind if I sit? Did you just come here to tell me I'’m making a gigantic mistake by having this blueberry muffin and I should'’ve got a cinnamon roll like you did? No. Good, '’cause I'm happy with my choice.",0.0046334252692759,0.0002264145732624,0.004803511314094,0.9126732349395752,0.0716197416186332,0.0037617676425725,0.0022819084115326,happy,0.8992481161403703,0.92609835373878
1_S12E03_337_u,"What the hell, Penny?! I'’m gonna need more than that. You'’re not having kids? How could you do this to me? How is it any of your business? Because your kids were supposed to be friends with my kids. Who'’s gonna be friends with them now?",0.9955486059188844,0.0001040013885358,0.0001415710139553,8.417815843131393e-05,0.0036105688195675,0.0003495213750284,0.0001615928485989,angry,-0.9960595215379726,0.9962278778548352
1_S12E03_338_u,"What the hell, Penny?! I'’m gonna need more than that. You'’re not having kids? How could you do this to me? How is it any of your business? Because your kids were supposed to be friends with my kids. Who'’s gonna be friends with them now? They will find other friends.",0.9971849322319032,0.0001303423923673,0.0001425442897016,0.000141749085742,0.0018241422949358,0.0004494301683735,0.0001269983767997,angry,-0.9977654999966036,0.9980489981680877
1_S12E03_380_u,"Hey. Hey.I-I made you dinner. Your favorite: In-N-Out Burger out of the wrapper on a plate. Thank you, but you don'’t have to do this. I'’m fine. I-I know it'’s not a baby, but it does leak when you pick it up.",0.0004932127194479,0.0002037777303485,0.0018116185674443,0.99307382106781,0.0033978507854044,0.0005767953698523,0.0004428632964845,happy,0.9899884166807168,0.996159225454903
1_S12E03_410_u,"Cheers. [CLEARS THROAT] Okay. I guess if we'’re going forward with this wedding, we should talk about the next steps. Oh, like themes and flowers? Actually, finances and taxes.",1.3130979823472444e-05,2.7184838472749107e-05,6.656396726612002e-05,0.1913526356220245,0.8081717491149902,9.670334111433476e-05,0.0002719758485909,neutral,0.1911490524953478,0.19155621874870118
1_S12E03_449_u,"Are you gonna tell me where we'’re going? Because if it has the words ""farmers"" or ""market"" in it, I don'’t want to go. You were talking about all the things you thought you would never have, so I thought I would get you one.",0.0452633202075958,0.0001277023402508,0.0013325137551873,0.0002853205660358,0.952554166316986,0.0003817035176325,5.540123675018549e-05,neutral,-0.0468199192546308,0.0473905603867022
1_S12E04_003_u,"Hey, whatcha doing? Improving our wedding photos. Oh, that's nice.",1.1777044164773542e-05,0.0005142064183019,0.0001408786483807,0.6786431074142456,0.3125882744789123,0.0001510463480371,0.0079506570473313,happy,0.677825198955361,0.6794610158731301
1_S12E04_027_u,"Who's Tam? He was my best friend in the whole world growing up. Really? Why have I never heard you mention him before? Oh, of course I have. I'm sure I've mentioned him, like, five times this week. I don't think you have. Tam! Tam! Tam! Tam! Tam! There, it's only Thursday.",3.761862899409607e-05,7.571191235911101e-05,6.71633897582069e-05,0.2681626081466675,0.7274370193481445,0.0005082982243038,0.003711586119607,neutral,0.2674738159912522,0.2688514003020827
1_S12E04_040_u,"So, are you actually engaged to this woman you just met? Yeah.",6.219596252776682e-05,7.172901405283483e-06,1.6387319192290306e-05,0.0008018202497623,0.9990612864494324,9.296492862631569e-06,4.176448055659421e-05,neutral,0.0007067675737744,0.0008968729257502722
1_S12E04_046_u,"Guys, I need your help, okay? I'm trying to buy her engagement ring. What do you think of this? Do you think she'll like this one?",0.0010874841827899,8.951890049502254e-05,0.8141405582427979,0.038576491177082,0.1422900706529617,0.0025330043863505,0.001282968907617,fear,-0.7792740745353512,0.8564270568895153
1_S12E04_055_u,"Hey, did you guys know that Sheldon had a best friend growing up named Tam? Was that the imaginary talking koala? No. He's a real person who apparently betrayed him.",4.469962004804984e-05,1.3124906217854004e-05,0.0003488930524326,0.0004042848595418,0.9988413453102112,0.0001664955343585,0.0001812079135561,neutral,-0.0001689282535153,0.000977497972598804
1_S12E04_070_u,(video game sound effects) (knocking) I'm pumping! It's Penny. Oh. Come in. I thought you were pumping. I thought you were my boss.,1.126117967942264e-05,0.0002443592529743,0.0001636462693568,0.0010534487664699,0.991983950138092,0.0001394970167893,0.0064038285054266,neutral,0.0004946850476699,0.0016122124852697224
1_S12E04_076_u,"Okay, listen, I'm really worried about this whole Raj thing. I know, he's so desperate to get married, which is weird, because I can't imagine we make it look that great. I know, right? You know, if this woman's gonna be around, I think we should check her out a little.",0.0340545959770679,0.0003540985053405,0.8560633063316345,0.0008473042398691,0.0044500650838017,0.1009862124919891,0.0032444286625832,fear,-0.990610909066163,0.9923055175459011
1_S12E04_102_u,"I still can't believe Sheldon had a best friend we've never heard about. Ooh, somebody's jealous. - I'm not jealous. - Leonard,",0.0007181882974691,0.000400100601837,0.0008016998181119,0.0026282125618308,0.1075250729918479,0.0020718076266348,0.8858548402786255,surprise,-0.0013635837822221,0.006620008905883601
1_S12E04_195_u,"We just want to see if we could take you to dinner and get to know you a bit. That sounds nice. How about tonight after work? Bye. Maybe we can go to Bavel. Oh, I wish. That place is impossible to get into. Oh, please. Getting into impossible places is my superpower.  Me, too. I can fit my whole body in our dryer. All set. 8:30. Wow. Okay, well, we'll see you tonight. - See you then. - Okay.",0.0001341619645245,5.824671461596154e-05,0.0050444640219211,0.9633182287216188,0.028450658544898,0.0003035949775949,0.0026906537823379,happy,0.957777761042962,0.9688586964002752
1_S12E04_204_u,- Tam Nguyen? - Yeah. Yes. Is my son done with his tour? No idea. We're actually friends of Sheldon Cooper.,6.646594556514174e-05,0.0001020366471493,0.0010063301306217,0.2588655650615692,0.7355581521987915,0.0012612520949915,0.0031401817686855,neutral,0.2564294802432414,0.26130164987989685
1_S12E04_233_u,"- Oh, hey, Sheldon. - We just met... - Sheldon! So good to see you! Tam. It's been a long time. Mm, not long enough to erase the sting of betrayal.",0.975531816482544,7.016955350991338e-05,8.746836829232052e-05,0.0003318407107144,0.0159260686486959,0.0078103966079652,0.0002421959361527,angry,-0.983168010301597,0.9838316917230258
1_S12E04_242_u,"So, he was your best friend growing up? Yes.",1.2775156392308418e-05,3.999990440206602e-05,1.3430809303827118e-05,0.2292764484882354,0.7705538272857666,3.171219213982113e-05,7.187105074990541e-05,neutral,0.2291785304259974,0.2293743665504734
1_S12E04_249_u,"Hey. What is going on with you? I don't want to talk about it. Well, I'm sure you have a perfectly stupid reason. I don't do anything for a stupid reason. Except, perhaps, Talk Like a Pirate Day, and I'd argue that's more whimsical than stupid.",0.0408155284821987,3.013680179719813e-05,0.0003201446088496,0.0054227728396654,0.9529898166656494,0.0003764060384128,4.52498861704953e-05,neutral,-0.0361194430915929,0.0469649887709237
1_S12E04_276_u,"This place is amazing. I can't believe you got us in here. Well, it's kind of my job. Usually I get tipped for it, but I'll leave that up to you. (giggles) Look, I think that's LeBron over there. James? No, LeBron Kershenbaum.",4.764499681186862e-05,8.908890595193952e-05,0.0001146729337051,0.9912188649177552,0.0054548499174416,0.000113020374556,0.002961830003187,happy,0.99085443770673,0.9915832921287802
1_S12E04_456_u,Check it out-- LeBron James posted a picture of me and him on Instagram. I don't see you. Look right behind him. No. Okay. You see that table just past his left shoulder? Now go back two more tables and over to the right.,0.0227893311530351,6.447103805840015e-05,0.787438154220581,0.0026211577933281,0.0715523138642311,0.1148953214287757,0.0006393282092176,fear,-0.9225661200471222,0.9278084356337784
1_S12E05_030_u,"Oh, Howard, uh, this is Andrea. She's the director of the planetarium. Hi. Nice to meet you. I'm Howard Wolowitz. Engineer, husband, father... (CHUCKLES) ...astronaut. Really? You're an astronaut? Well, I don't like to brag.",0.0002169509971281,0.0003163713263347,0.0001957359054358,0.4913705289363861,0.5028583407402039,0.0003832677612081,0.0046588312834501,neutral,0.4902582029462792,0.49248285492649285
1_S12E05_054_u,So I'm gonna place the sensory isolation helmet on you for about five minutes. All you need to do is sit still and relax. What do I do if I start to get claustrophobic?,0.0020773082505911,0.000206622731639,0.7288720011711121,0.0002283286885358,0.2666909396648407,0.0017517631640657,0.0001729794166749,fear,-0.7326793666288722,0.7331360240059436
1_S12E05_083_u,"You okay? You seem distracted. I'm-I'm just thinking about Raj. I'm thinking about Chris Hemsworth. Let's go. He sort of hurt my feelings. (QUIETLY): Biceps, hammer, abs. Still in it. Why wouldn't he want me to be in his planetarium show?",2.686659718165174e-05,5.816953853354789e-05,0.0002460763207636,0.0038689011707901,0.9746621251106262,0.0209005754441022,0.000237271626247,neutral,-0.0173627867297909,0.0251005890713711
1_S12E05_110_u,"Oh, Sheldon. Didn't see you there. What's up? Well, uh, he was excited to talk science with Amy, but she was working late, so he decided to come over and share it with me. With me, Leonard. With me. Sheldon, we've talked about this. You can't go around boring other people's wives.",0.0002148721541743,6.801122071919963e-05,9.335174399893732e-05,0.0892542898654937,0.9021570682525636,0.0044531910680234,0.003759111277759,neutral,0.0844248636785778,0.09408371605240955
1_S12E05_134_u,"Hey. Got a sec? Sure. What's up? I just want to let you know I get why you don't want me to be a part of the planetarium show. Oh, great. Thanks for stopping by. You don't want to talk about the stars next to an actual astronaut. That would be like doing karaoke with a rock star.",0.000922443694435,2.330153074581176e-05,0.0011888490989804,0.966076910495758,0.0314525105059146,0.0001561008539283,0.0001799832825781,happy,0.9637862153176684,0.9683676056738474
1_S12E06_010_u,"Hey, did you guys know this year's the 40th anniversary of Halloween? - Oh, nonsense. Halloween traditions of date back to the Celtic festival of Samhain. Although our current Halloween customs come from the evening before All Hallows' Day-- All Hallows' Eve-- thus, Halloween. I meant the movie Halloween. Oh. Well, that's not interesting at all.",0.000147762344568,2.5628341973060745e-05,0.0001394269493175,0.0003067043144255,0.9988742470741272,0.0001095908810384,0.0003966109070461,neutral,-0.0001157042024715,0.0007291128313224607
1_S12E06_016_u,"Are you guys all dressing up for work? Of course. I mean, how often do you get to wear costumes to work?",0.0001297307608183,1.3556817975768354e-05,2.42561218328774e-05,0.0081926602870225,0.9914036393165588,4.006922154076165e-06,0.0002320661296835,neutral,0.0080211096642415,0.008364210909803523
1_S12E06_027_u,"Oh, that would be fun. You know, I used to throw Halloween parties all the time when I moved into the building.",2.234024395875167e-05,3.854739406961016e-05,1.956736741703935e-05,0.9850550889968872,0.0147723751142621,2.095609670504928e-05,7.120945520000532e-05,happy,0.9849536778947368,0.9851565000990377
1_S12E06_088_u,You're sitting in my spot. You don't have a spot. - What is wrong with you today?,0.9416679739952089,0.000177427456947,0.0020164125598967,1.0447897693666164e-05,0.0332354344427585,0.0219713021069765,0.0009209768031723,angry,-0.9658226682213352,0.9658435640167228
1_S12E06_111_u,"Ready to go? Hey, why aren't you in your costume? I just didn't feel like it.",9.883118036668748e-05,2.484202013874892e-05,4.9921069148695096e-05,0.0008442039252258,0.9988810420036316,6.343063432723284e-05,3.780456609092653e-05,neutral,0.0006071790212445,0.0010812288292071644
1_S12E06_171_u,"So, did you see Howard's costume? See it? I made it. It was hilarious. Well, Sheldon didn't think so, and neither did I.",1.5806721421540715e-05,1.9389661247259937e-05,7.10618041921407e-05,0.9983166456222534,0.0013829672243446,0.0001000434276647,9.407616744283588e-05,happy,0.9981103440077276,0.998522947236779
1_S12E06_229_u,"So, here we are. On Halloween. On this couch. Does it ring any bells?",0.0232011284679174,5.575223622145131e-05,0.002728485269472,3.91126231988892e-05,0.9691997766494752,0.0045577548444271,0.0002180582814617,neutral,-0.0305040081948391,0.03058223344123684
1_S12E06_248_u,What do you think you're doing? I thought it was clear. I'm being unnecessarily hurtful but with a sweet voice.,0.8350582122802734,9.951584797818214e-05,0.0002475814544595,0.0004761355812661,0.1618225574493408,0.0022390417288988,5.7036344514926895e-05,angry,-0.837168215730344,0.838120486892876
1_S12E06_287_u,"Well, people came, they ate, they vowed to never speak to each other again. I think it was a successful party.",0.0002035322540905,4.771404564962722e-05,3.397601176402532e-05,0.9986544847488404,0.0004602181143127,0.0005011529428884,9.878436685539782e-05,happy,0.9978681094944476,0.9994408600032331
1_S12E06_316_u,I think Howard hurting my feelings has in some ways made me a better person.,0.0002151677326764,8.346941467607394e-05,0.0002237256121588,0.002259180182591,0.0019601841922849,0.9950181245803832,0.000240034671151,sad,-0.9932813071573036,0.9977996675224855
1_S12E06_367_u,"Hello, Bernadette. Wait, did you just walk into my house? No, Howard let me in. Where is he? Oh, he got in his car and drove away. Oh. Is that watermelon for anybody? - It's for Halley. - Is she gonna eat all of it? God, no wonder she looks like Churchill.",0.0006523238262161,0.0018645919626578,0.1988871544599533,0.0060175298713147,0.3193499147891998,0.0058573987334966,0.4673710167407989,surprise,-0.2012439391110092,0.21327899885363852
1_S12E06_412_u,"Sheldon, you sure you're ready for this? - This movie's pretty scary. - . Please I'm an adult. I think I can handle it.",0.0007046060636639,5.237329241936095e-05,0.9961327314376832,0.0010202683042734,0.0012015114771202,0.0003766694862861,0.0005117862601764,fear,-0.9962461119757792,0.998286648584326
1_S12E07_005_u,"Oh, this is amazing. I wish I had a playhouse like this when I was a kid. Really? You never had a playhouse? No. I mean, my dad did buy the house next door for us to play in.",5.756002428825013e-05,3.864283280563541e-05,4.104236359125935e-05,0.991117775440216,0.0071266693994402,0.0004531891900114,0.0011650172527879,happy,0.9905273410295194,0.9917082098509125
1_S12E07_060_u,"(knocks) President Siebert, you wanted to see me? Hey. There's my guy!",5.107917240820825e-05,9.198956831824034e-06,1.5715415429440327e-05,0.0041540269739925,0.9956642985343932,1.902085932670161e-05,8.665341738378629e-05,neutral,0.0040590125699964,0.0042490413779886745
1_S12E07_092_u,"for helping out yesterday. - No problem. - That was really fun. - It was fun. But I am sore. You didn't lift a finger. No, but I narrated the entire event, and I am paying for it today. - Gentlemen. - Hey. - Hi. Leonard, do I detect",0.0004804640775546,0.0006176480674184,0.0014450169401243,0.975059688091278,0.0105003779754042,0.0094545138999819,0.0024422528222203,happy,0.9630620451061986,0.9870573310763572
1_S12E07_105_u,"- What's going on? - Well, Siebert put me in charge of handing out the last bit of the administrative funds, and I have sole discretion. Ooh! Looks like Christmas came early. First thing on my list is a golden umbrella, cause Leonard's gonna make it rain! Uh, hold on, I'm not just gonna hand out money. There's a procedure you need to follow. I believe he's referring to the traditional ""kissing of the buttocks.""",0.0003861868171952,4.23573401349131e-05,0.0009801333071663,0.0167272482067346,0.9787631630897522,0.0015847482718527,0.0015162581112235,neutral,0.0137338224703853,0.019720673943083713
1_S12E07_147_u,"No, I'm not going to reconsider. Your request was denied. I don't care if it helps you think; you don't need a koi pond in your office. Well, you should have thought about that before you bought the koi! Wow. That was a little rough. Well, I have to be. Everyone assumes I'm just gonna give them whatever they want.",0.9971291422843932,7.43142663850449e-05,0.0003080111637245,0.0002773953019641,0.0008957500685937,0.0012242366792634,9.11837414605543e-05,angry,-0.9984583090918022,0.9990130996957303
1_S12E07_169_u,"- Hello. - Hey. - Hey. Leonard, I just wanted to congratulate you on how well you are managing this grant money. - What do you want? Nothing. I just came by to pay you a compliment. Nice try. The answer's no. To what? I'm not asking you for anything. All I need for my job is right here. Hmm? This is my office. Which makes for a great commute. Home, work, home. I'm still working-- I'm just working from home.",0.0008435986819677,8.872579201124609e-05,0.0006437077536247,0.8947952389717102,0.1018780693411827,0.0004525317053776,0.0012981960317119,happy,0.8927666750387289,0.8968238029046914
1_S12E07_179_u,"Oh, you should have seen him-- denying things left and right. It was so sexy. Course, I made a request he did not deny. Uh-huh. Are you listening to me?",0.0001916701876325,4.3046507926192135e-05,9.550626600685064e-06,0.9125279188156128,0.0871363282203674,3.802846185863018e-05,5.348959894035943e-05,happy,0.9122456230315948,0.9128102145996309
1_S12E07_264_u,"Ooh. Someone's making decisions. I'm reviewing these proposals. Yeah. 'Cause you're the boss man, telling people what's what. I like it.",0.0006244427640922,0.0001608596357982,7.87000244599767e-05,0.988538384437561,0.0011548456968739,0.0001929349091369,0.0092498259618878,happy,0.9874814471040736,0.9895953217710483
1_S12E07_424_u,"Seriously, Leonard, you didn't pick my project? I'm sorry, Raj. and they made a very compelling case. - Did you go with Crow Lady? - No. You gave the money to Kripke? I did not. Wait, I'm confused. I thought there were only three projects in contention. There were. But, at the last minute, someone submitted an application for a pretty cool europium-doped laser,",0.0462661385536193,1.7023934560711496e-05,0.000128124243929,0.0002855981583707,0.0011364372912794,0.9520569443702698,0.0001097703861887,sad,-0.9981826329440082,0.9987538292607495
1_S12E07_443_u,"The europium laser is so cool. It has a four-level f-f transition which provides for high power output, and its quantum efficiency is off the charts. What are you going to use it for?",3.440168802626431e-05,1.3769293218501844e-05,1.8568798623164184e-05,0.0861779600381851,0.913697361946106,1.3426514669845346e-05,4.459336923900992e-05,neutral,0.0860977937436473,0.08625812633272288
1_S12E08_006_u,"Hey, you guys have any plans for Valentine's Day? Three months from now? No. - What? No? - I mean, secret romantic plans that would be ruined if I told you. Oh. What's going on, Raj?",0.0001215045340359,8.833978790789843e-05,0.0016243999125435,0.0004272568621672,0.9807724952697754,0.0040281959809362,0.0129377674311399,neutral,-0.0054351833532564,0.006289697077590699
1_S12E08_023_u,"Are you really gonna plan a wedding in three months? Yeah, well, her family's doing most of the work. They're amazing. We talk all the time. Why? Because we're about to get married and they're gonna be my family. Amy and I are married, and I never talk to her family. Really? My parents love Leonard.",0.0008076633093878,0.0005427509313449,0.00967997033149,0.6643236875534058,0.2306603193283081,0.0005831161979585,0.0934024825692176,happy,0.6527101867832243,0.675937188323587
1_S12E08_071_u,"I think we should have sex. (passing horn honks) (squeakily): Me, too. Yeah, it's just, we haven't done it yet, and I think it's important to make sure we're compatible before we get married. I totally agree. Oh, just one question. While we're doing it, can I leave my shirt on? You know, the dumplings, pretty salty.",0.0001276309485547,3.836161704384722e-05,0.0002162112505175,0.1121849417686462,0.8869163990020752,0.0003202767402399,0.0001960804947884,neutral,0.1114824612122902,0.11288742232500215
1_S12E08_098_u,"You're up early. Huh? Yes. I wanted to get a jump on planning a day of fun for you. Oh, that's sweet. What are we doing? Oh, no. Just you. I have other plans. Now, would you prefer to see The Grinch in 2-D or 3-D? I don't want to see it at all. Well, let's go 2-D. No sense in spending extra money. What are you gonna be doing? Being a great husband.",8.433187758782879e-05,5.2201448852429166e-05,5.461209366330877e-05,0.2051827758550644,0.7942702770233154,4.333149263402447e-05,0.000312417250825,neutral,0.2049482989423268,0.20541725276780198
1_S12E08_103_u,"After last night, I got to thinking that I should have a better relationship with your family. I think the one you have with them is perfect. I hardly have one at all.",0.000120820623124,9.643984230933712e-05,9.2163092631381e-05,0.6175459027290344,0.3791956901550293,0.0021448833867907,0.0008040134562179,happy,0.6150915957841789,0.6200002096738899
1_S12E08_135_u,"Hey, Leonard, can you pause the game for a second? - Uh, hang on. - I'm about to beat Howard. What? Hey! What?",0.0006094800774008,0.000437535403762,0.2109912186861038,0.0030335141345858,0.7348316311836243,0.0015556867001578,0.0485408902168273,neutral,-0.2105604067328386,0.21662743500201018
1_S12E08_258_u,"Voilà. Darn it. It's okay. Here, let me show you again. It's like you're actually magic.",0.0001870643027359,0.0001411389384884,2.067110108328052e-05,0.9959301352500916,0.0020526654552668,0.0003849669010378,0.0012832310749217,happy,0.995196294006746,0.996663976493437
1_S12E08_445_u,"Thank you, Amy. It's so nice of you to have us over for dinner.",3.1736562959849834e-05,3.19083956128452e-05,3.025088335562032e-05,0.9991369843482972,0.0006007824558764,0.0001094579856726,5.899282405152917e-05,happy,0.9989336305206962,0.9993403381758982
1_S12E09_005_u,"Sheldon, do you want to put the tables after each section or in an appendix at the end? You know what? We wrote this paper together. I think we should decide together that they go in an appendix at the end.",0.0003238439676351,3.650247435871279e-06,9.331011824542657e-05,0.0001238011755049,0.9994032382965088,2.650529677339364e-05,2.5690547772683203e-05,neutral,-0.0003235084545849,0.0005711108055946915
1_S12E09_081_u,"Congratulations, Leonard, you passed my secret loyalty test. The truth is, I was never having an affair with the cafeteria lady. There's only one woman who gets to touch my no-no parts, and she's right here. - Sheldon. - No, no.",0.0288732107728719,0.0002830127777997,0.003916033077985,0.7623655200004578,0.1961379647254943,0.0069112395867705,0.0015130507526919,happy,0.7223820237850305,0.802349016215885
1_S12E09_090_u,Why not? You don't think other women find him attractive? (laughing): No. I suppose you're wondering why I put you through all this.,0.0001442731299903,7.121043017832562e-05,0.0001388017117278,0.0007258850964717,0.995825171470642,0.0004268542979843,0.0026678470894694,neutral,-5.52544734091498e-05,0.0015070246663524255
1_S12E09_103_u,"You know we're almost finished with our paper; we just need help tracking down the citations. That's busywork. Can't you just get a grad student to do it? No, this paper is incredibly important to us, and we need someone we can trust. Please, it would mean a lot. Y-You know what? Sure. The three of us in the library looking up old papers-- that actually could be kind of fun. Oh, no, we won't be there.",0.1609976440668106,0.0001477629994042,0.0090452739968895,0.1229423955082893,0.6643187403678894,0.0411879047751426,0.0013602080289274,neutral,-0.0884361903299577,0.3343209813465362
1_S12E09_175_u,"(gunfire sound effects) Hey, ready for lunch? Hang on. Really, video games? Is this some sort of Freaky Friday thing where you're actually Howard? Please, if I were Howard, I'd be doing this. You know what? He's not wrong.",2.6469739168533124e-05,0.0002341353829251,9.485499322181568e-05,0.0220400691032409,0.9732517600059508,7.597212243126705e-05,0.0042766449041664,neutral,0.0216086368654941,0.022471501340987618
1_S12E09_207_u,"Oh, gosh, my Russian's a little rusty. If it helps, this word may be ""moose.""",0.0002479436225257,0.0001211753915413,0.0069654858671128,0.0518490113317966,0.0036581768654286,0.935039520263672,0.0021187788806855,sad,-0.8905251138130552,0.9942231364766484
1_S12E09_307_u,"Okay, so walk up to that chest and push X. X. Push X. Which one's X? The one with the X on it. Take it easy, I'm new at this.",0.000218550194404,4.272885780665092e-05,0.0091259777545928,0.0351940840482711,0.9546350240707396,0.0007452451391145,3.831863432424143e-05,neutral,0.0250615821023529,0.04532658599418905
1_S12E09_369_u,"So neither of them showed up for work today? No, I tried calling and no one picked up. Look, I'm sure they're fine. They were probably up all night coming up with a new theory. I-I also texted to see if he wanted to go to the new Fantastic Beasts movie and he didn't respond.",7.51058105379343e-05,8.196076123567764e-06,7.128753350116313e-05,0.018789853900671,0.9807984232902528,0.0001976281346287,5.947078170720488e-05,neutral,0.0184376363458795,0.019142071455462362
1_S12E09_413_u,"I see you. I see you... and boom. (explosion sound effect) Gotcha! How's it feel, Penny?",0.0413586422801017,4.376432116259821e-05,8.076542872004211e-05,0.0001833176647778,0.9582154154777528,5.294407674227841e-05,6.520578608615324e-05,neutral,-0.0413527984419488,0.041719433771504416
1_S12E10_076_u,"- What you eating? - Chicken fried steak. What? You can't have chicken fried steak first thing in the morning. - Hey, you knew I was a bad boy when you married me. Come on, you want a piece of this?",0.0003801612765528,3.291341272415593e-05,0.0006383460131473,0.0012143329950049,0.99725741147995,6.237998604774475e-05,0.0004144382837694,neutral,0.0001005323065328,0.0023281336834769005
1_S12E10_195_u,"What's all this? Your magic tricks from the garage. Your wands, your top hat with the stuffed mouse inside. I never had a stuffed mouse. Okay, do not wear this hat.",0.0270660910755395,4.8615078412694857e-05,0.0008328144322149,0.0001389571698382,0.9715505242347716,0.0002914494543801,7.156647188821808e-05,neutral,-0.0281000128707091,0.028377927210385394
1_S12E10_245_u,"You can grieve over any emotional loss. The more you care about something, the greater the trauma of losing it. Oh, boy. He cared about this a lot. Yeah. What can we do to help him? Well, grieving is a process. Every culture has its own rituals and traditions to facilitate mourning. The ancient Egyptians had their mummification, the Tibetans had their sky funerals...",2.3923452317831103e-05,7.080643263179809e-05,0.0001488745911046,0.8410831093788147,0.1477928608655929,0.0098346443846821,0.0010456821182742,happy,0.8310048605180782,0.851161358239551
1_S12E11_002_u,"Champagne, a champagne, a champagne with a packet of Splenda in it. - You know what I call this drink?",0.0002754388551693,4.640969564206898e-05,0.000373264454538,0.0004785548662766,0.9984700083732604,1.1641104720183648e-05,0.0003446221235208,neutral,-0.0002281992437929,0.0011853089763461527
1_S12E11_072_u,"Dr. Cooper. Ah, President Siebert. What are you doing in the regular cafeteria? You're a superstar.",0.0001472165458835,0.0003690150624606,0.0052959406748414,0.0810198560357093,0.6958416104316711,0.0072663975879549,0.2100598961114883,neutral,0.0679412861645687,0.0940984259068497
1_S12E11_190_u,"Sheldon, I'm nervous, and I wish you were coming with me. If it helps, I wrote up some possible questions and answers for you. ""Whom do you love more, ""Sheldon the scientist or Sheldon the man? ""Answer: Sheldon the scientist, but by such a slim margin that it's statistically insignificant.""",0.0004561072273645,0.0001276699476875,0.974269449710846,0.0042251497507095,0.020041910931468,0.0005653707194142,0.0003144506190437,fear,-0.9711934478546028,0.9796437473560217
1_S12E11_199_u,"Really? She asked you to move in with her? Yeah, she was hinting around about it, but I think I handled it pretty well.",1.240450183104258e-05,0.000143968660268,0.0001647477620281,0.9267823100090028,0.0592538230121135,0.0001108400902012,0.0135318096727132,happy,0.9263503489946744,0.9272142710233312
1_S12E11_216_u,"Everything okay? Yeah, it's just Anu's doorbell camera. I helped her install it. You can't look at it. That's spying. Who the hell is this guy? Ooh, let me see. He's got... bags. He's probably just delivering food. Why is she hugging him?",0.778883695602417,9.582954226061702e-05,0.0052799577824771,0.0002065193693852,0.2151495218276977,0.000189451558981,0.0001950972073245,angry,-0.7842424151167506,0.7846554538555209
1_S12E12_030_u,"Why don't we do it more often? Because you have two kids, I have Sheldon, and Penny's apparently in the gym all the time, cause damn, look at her!",4.079813152202405e-05,1.795413118088618e-05,8.976568642538041e-05,0.0158173739910125,0.9831548929214478,0.0003875132824759,0.0004917328478768,neutral,0.0152813427594082,0.01635340522261669
1_S12E12_043_u,"You've come to a giant metal door. I check the door for traps. There are no traps. I use my wizard eye to see what's on the other side of the door. Hey, that's sort of like how you used a doorbell camera to spy on your fiancée. No, it's nothing like that. Your wizard eye reveals a monster. Oh. Is it alone and unloved?I guess.",0.0006632999284192,0.0001156265570898,0.0010505873942747,0.0002130016655428,0.9941972494125366,0.0036138594150543,0.0001463270455133,neutral,-0.0052303716292954,0.0056563749603808
1_S12E12_086_u,"Well, congratulations. Hey, you and Leonard should come over and have dinner with us on our boat. Yeah, that would be so nice.",2.549435885157436e-05,4.297135819797404e-05,5.80384221393615e-05,0.9991045594215392,0.0002231016842415,0.0003356450761202,0.0002102690923493,happy,0.99864241020623,0.9995667086368483
1_S12E12_266_u,"So listen, I got to be honest. We sort of have another reason for asking you here. We want to have a baby, but we can't do it on our own. It could be because of the game me and my frat brothers used to play where we kicked each other in the balls over and over. But the doc says there's no telling. We just don't know. Huh.",0.0011327627580612,8.130829519359395e-05,0.006275413557887,0.0024685366079211,0.1677975058555603,0.8217312097549438,0.0005132319056428,sad,-0.8267521577581647,0.8316892309740067
1_S12E12_281_u,"Wow, this is really flattering. And also really weird, right?  Oh, just to be clear, you don't get to... you know. No, I...I got it .Just because I slept with your wife doesn't mean you get to sleep with mine. We... we get it,",0.0010867232922464,0.0005019402015022,0.0027160884346812,0.8193879127502441,0.0045500667765736,0.0008567637414671,0.1709005534648895,happy,0.8142263970803469,0.824549428420141
1_S12E12_371_u,"Really? Zack wanted you to donate your genetic material for his baby? Yeah. So I'd be helping out a couple who really want a baby, and they were gonna pay us, and Penny freaked out about it. That doesn't make any sense. I know.",0.0010941950604319,0.0001500326761743,0.0006373296491801,0.0001629120524739,0.9953430891036988,0.0005537176621146,0.0020587651524692,neutral,-0.0022723629954271,0.0025981871003748
1_S12E13_088_u,I am so proud of you.,0.000482503324747,0.0001735053374432,0.0001713789679342,0.986687958240509,0.0001377348671667,0.0117615489289164,0.0005854449118487,happy,0.974099021681468,0.9992768947995498
1_S12E13_224_u,"Uh, can you believe this? Doctors Pemberton and Campbell have been doing a press tour trying to take credit for super-asymmetry. They didn't even know what they were finding. So what? I mean, no one's gonna give them credit for accidentally discovering something.",0.0018295646877959,3.40029873768799e-05,4.3801162973977625e-05,7.269116031238809e-05,0.9968068599700928,0.0003799525438807,0.0008331782300956,neutral,-0.0022146302217151,0.002360012542339845
1_S12E14_125_u,"- You okay? - Yeah. Great, 'cause you just bought that whole row of Batmans. Sorry, I... (sneezes) And now you bought Aquaman. Good choice. If you want cold medicine, Stuart has the entire run of DayQuils,",0.0001519842626294,0.0002787726989481,0.0010151471942663,0.2933868765830993,0.0100566362962126,0.6942392587661743,0.0008713674615137,sad,-0.4022982863389188,0.9890720395051175
1_S12E14_152_u," Whoa, whoa. You're not gonna cut open a meteor, are you? Have you not learned anything from comic books? Space viruses? Pod people? I sell nothing but warnings. C-Calm down, Stuart. You're being a little crazy. Oh, is he? Is he being crazy? Or is he the only one around here who's making any sense?",0.0011013804469257,0.000360736856237,0.0538776330649852,0.0268378835171461,0.7951231598854065,0.0021384574938565,0.1205607205629348,neutral,-0.0306403243448585,0.0843160913791505
1_S12E15_013_u,"Thank you, guys, again for agreeing to do this. Yeah, it means so much to us. Ah, we're happy we can help.",4.080586222698912e-05,3.0358198273461312e-05,1.9811999663943425e-05,0.996678113937378,0.0031528030522167,3.39763610099908e-05,4.403002458275296e-05,happy,0.9965531615162035,0.9968030663585524
1_S12E15_064_u,"(sighs) So, this week would have been my wedding if Anu and I hadn't decided to slow things down.",0.0001672649523243,3.2304833439411595e-05,0.0001984652335522,0.0003181802167091,0.9681376814842224,0.0305115599185228,0.0006345617584884,neutral,-0.0305914147211296,0.03122777515454781
1_S12E15_154_u,"Hey, would you mind if Raj and I went away this weekend?",2.609074545034673e-05,3.5489840229274705e-05,0.000312638876494,0.0095367943868041,0.9886630177497864,0.0013889581896364,3.703478796523996e-05,neutral,0.0077736167349939,0.01129997203861412
1_S12E15_273_u,"Amy? There's something out here. Just trap it under a cup, and I'll be there in a minute. I'll try, but it's Leonard. What? Well, what is he doing here?",0.0007802746840752,0.0019746073521673,0.5014099478721619,0.0032262932509183,0.3631917834281921,0.0160184875130653,0.1133985817432403,fear,-0.5169570241705514,0.523409610672388
1_S12E15_351_u,"Hey. That was a long run. Yeah. Well, I was in the zone. You know, and then in a diner and then in a massage chair at the mall where I fell asleep. Are you avoiding me?",0.0002561014553066,2.387393033131957e-05,0.0021951240487396,0.0108718927949666,0.9809656143188475,0.0054910820908844,0.0001963845134014,neutral,0.0029057112697046,0.01883807432022852
1_S12E15_420_u,"All right, everyone's suited up. Let's head out to the tarmac! Actually, one second. Howie, I don't think I should do this.",0.0149521557614207,9.688699356047437e-05,0.0271728094667196,0.0034854847472161,0.8611082434654236,0.0908134505152702,0.0023709805682301,neutral,-0.1295498179897549,0.13652078748418708
1_S12E16_140_u,"I'm almost positive I heard William Shatner. I wonder who else is playing. I-I bet we can use graph theory to determine who Wil knows and who is likely to play D&D. Yes. Okay, obviously he's connected to the whole Next Gen cast... So this is the rest of our night, huh?",7.08133666194044e-05,0.0002181492600357,0.0037729821633547,0.0269231460988521,0.7957754731178284,0.0009730642777867,0.1722664535045623,neutral,0.0218881370310555,0.0319581551666486
1_S12E17_085_u,"Wow. That's a lot of luggage for a weekend. (groans) I know. I didn't know what to wear, so I brought a few options.",0.0002400234661763,0.0002664510684553,0.0074619525112211,0.0274279545992612,0.0624205358326435,0.0019739340059459,0.9002091288566589,surprise,0.0174855935474624,0.037370315651059804
1_S12E17_124_u,"So, Leonard, what are you gonna do while Penny's away? I don't know. Maybe watch a movie with subtitles. If you're looking for something outside the norm, I have invented a new chess variant where the bishops can also move like knights.",0.0001704981114016,1.791067552403547e-05,0.0002071587805403,0.013381733559072,0.9860892295837402,2.308242255821824e-05,0.0001103578906622,neutral,0.0129630835690477,0.013800383549096153
1_S12E17_195_u,"They're still asleep. Apparently, when I put someone down for a nap, they sleep hard. That's a weird brag, Howard. (doorbell rings) I'll get it. Bernadette thinks I have poor parenting skills. (chuckles)",3.71390997315757e-05,0.000256904575508,0.0060230707749724,0.944348692893982,0.046361319720745,0.0020885844714939,0.0008841136004775,happy,0.935942993972276,0.9527543918156879
1_S12E17_336_u,I think these guys need to get some food. By pushing a lever at the end of an obstacle course that we design?,2.270349614263978e-05,7.105039912858047e-06,2.5136949261650443e-05,0.0068782730959355,0.993043065071106,1.0925070455414245e-05,1.2801493539882358e-05,neutral,0.006812402540163,0.006944143651708062
1_S12E18_030_u,"All my friends hanging out, watching Ellen. It's like, what am I gonna do with my other two wishes? It's not nice. She's having on the scientists who are trying to steal our Nobel Prize. Although I will enjoy watching her expose Pemberton and Campbell for the coattail-riding frauds that they are. That is Ellen's brand, gotcha journalism.",0.0005113056395202,8.256926957983524e-05,0.0002153002569684,0.7719311118125916,0.2266847342252731,3.323626515339129e-05,0.0005417553475126,happy,0.7710887003813696,0.7727735232438133
1_S12E18_159_u,"Hey. Kids asleep? Nope. I've been trying to get them down for hours. Apparently, Halley's afraid of the dark now and I can't turn on the night-light cause it makes Michael cry. Why doesn't he like the night-light? Jot that down, we can ask him as soon as he learns to speak. We can also find out what's so damn funny about birds. I'll go talk to her. I don't know why she's suddenly so afraid of everything.",0.0005328541737981,2.0822448277613148e-05,0.994114339351654,0.0002295123849762,0.0033236979506909,0.0015245104441419,0.0002543617156334,fear,-0.9959630140328954,0.9964220388028479
1_S12E18_198_u,"- Hey. - Hey. Oh, that's cute. Did Halley draw that at preschool? I drew it. Well, good night. It's supposed to be an astronaut.",0.0002185270423069,0.0004267057229299,0.0042054057121276,0.8678069114685059,0.1258834451436996,0.0005100870039314,0.0009489427902735,happy,0.8624461859872099,0.8731676369498016
1_S12E18_225_u,"Do you have any cookie dough? Uh, I think so. Let me see. Yeah, we've got, uh, chocolate chip and oatmeal raisin. Oatmeal raisin? I know at least two things wrong with that cookie. It's for the Nobel Laureates. We need them on our side, but unfortunately, Sheldon...",2.281313027197029e-05,2.0446557755349204e-05,0.0001140825334005,0.0046708891168236,0.99494606256485,2.9184177037677728e-05,0.0001964984840014,neutral,0.0044843627183581,0.004857415515289097
1_S12E18_290_u,"See, sometimes I wish I could invent a time machine, so I could go back and prevent myself from acting so rashly. Or moving forward, you could think before you speak. I suppose so.",0.0023260819725692,4.456750957615441e-06,0.0001522585807833,0.0010436936281621,0.9958867430686952,0.0005652034305967,2.1518544599530287e-05,neutral,-0.0020043071067448,0.004091694363068915
1_S12E18_303_u,"- Hey, got a minute?  Sure. What's up? Uh, Bernadette said you weren't crazy about the book.",0.0006613912410102,6.3072751800064e-05,0.0023472148459404,0.0019192227628082,0.9676955342292786,0.0271634869277477,0.0001500695216236,neutral,-0.0283159430036903,0.03215438852930656
1_S12E19_143_u,"This is so frustrating. I can't believe the university expects us to just sit back and do nothing. Sweetie, you just need to relax. You know what I like to do?",0.9375528693199158,6.908249633852392e-05,0.0576675757765769,0.0006926988717168,0.0015201737405732,0.000343475054251,0.0021540047600865,angry,-0.9949403037753656,0.996325701518799
1_S12E19_354_u,"I tried to console her, but nothing seemed to work. Okay, when you say you consoled her, what exactly does that mean? (sighs) I took a walk, I came back, she was still upset, so I came here.",0.0001058469933923,0.0001004471050691,0.0022222409024834,0.001275444868952,0.0227781403809785,0.973251223564148,0.000266663293587,sad,-0.9744043136961408,0.9769552034340447
1_S12E20_378_u,"Okay, I know this seems scary, but I put together a strong proposal. It's good for me, it's good for the university. They're gonna give it to me. No. I'm sorry, President Siebert, but I'm not taking no for an answer.",0.0002999687858391,2.1690928406314924e-05,0.98985755443573,0.0003007255727425,0.0001114429469453,0.0092519950121641,0.0001566017017466,fear,-0.999130483589397,0.999731934734882
1_S12E21_167_u,"Ugh, why is this decision so hard? Maybe because you want to win, but deep down you know it's not the honorable way to do it. Otherwise, you would've done it already. That's really wise.",0.0002716148737818,2.205941200372763e-05,9.171942110697271e-06,0.9981934428215028,0.0013848427915945,9.80800177785568e-05,2.076822420349345e-05,happy,0.997792516575828,0.9985943690671776
1_S12E21_261_u,So guess what. There was a waitress at The Cheesecake Factory back in the day who kind of had a thing for me.,0.0003516023280099,2.4643044525873847e-05,0.0001222708233399,0.0371128395199775,0.9605791568756104,0.0014400182990357,0.000369513843907,neutral,0.0351743050250661,0.039051374014888875
1_S12E21_285_u,Your husband was acting kind of weird today.,0.0037026510108262,0.1045776754617691,0.1317732334136963,0.0031057961750775,0.3759251534938812,0.0009155290899798,0.3799999356269836,surprise,-0.2378632928011939,0.2440748851513489
1_S12E22_004_u,"Leonard, when are you leaving to pick your mother up from the airport? Uh, well, let's see, her plane gets in at 3:00, figure half hour to get her luggage, so... never.",0.0030843366403132,2.4223585569416173e-05,0.0004828007076866,0.000108278443804,0.9956489205360411,0.0004266127070877,0.0002249355165986,neutral,-0.0039096951968531,0.004126252084460916
1_S12E22_066_u,"How come we never eat in the dining room? Oh, that's for company. What am I?",0.0001755658740876,2.097695687552914e-05,2.193047293985728e-05,6.682191451545805e-05,0.9995567202568054,9.467006020713598e-05,6.322072295006365e-05,neutral,-0.0002463214495946,0.0003799652786255804
1_S12E22_188_u,So she's staying in London? What does that mean for your relationship? It's great.,1.9866072761942632e-05,2.8077198294340636e-05,1.862450699263718e-05,0.6279091835021973,0.3717601895332336,0.000176190995262,8.788231934886426e-05,happy,0.6276664247288863,0.6281519422755082
1_S12E22_211_u,"Yeah, I know. I'm flying out tomorrow. I'm gonna surprise her with a ring. You already have a ring? Well, it's the same one as before. I thought you gave it to her the first time you got engaged? I did, but I took it back.",4.785884084412828e-05,1.9897275706171055e-05,0.0005619702278636,0.0036953967064619,0.9946590065956116,6.84918268234469e-05,0.000947285327129,neutral,0.0029971785352245,0.004393614877699246
1_S12E23_209_u," Hey, fellas. Can you do me a favor? Do we have a choice? Ha-ha! No. Sheldon and Amy are now officially superstars, and the press will be reaching out to their family and friends for comment. So that we're all on the same page, the word we're gonna use to describe them is ""quirky."" And not quirky. More like quirky.",4.0284405258717015e-05,4.356073259259574e-05,7.17515213182196e-05,0.1611597687005996,0.8383870124816895,3.554150680429302e-05,0.000262034300249,neutral,0.1609686305346258,0.1613509068665734
1_S12E23_350_u,"I should've seen this coming. Oh, stop. You're allowed to get a haircut. I know. But I should've done it gradually. You know, like...",0.0001918567140819,0.0002747777325566,0.0001718251151032,0.1180443093180656,0.7641685009002686,0.1130078732967376,0.0041408906690776,neutral,0.004397976459586,0.2316906421765449
1_S12E23_389_u,"but you've changed a lot since I met you. Oh, you are a mean drunk. I'm serious. You have a ton of friends, you got married, moved into a new apartment, you wore a baseball hat that one time.",0.0217389892786741,0.0024976080749183,0.0020915102213621,0.0138226319104433,0.88382887840271,0.0599246248602867,0.0160958860069513,neutral,-0.072430100524798,0.10007536434568451
1_S12E23_470_u,"Hydrogen. Carbon. Carbon. And last but not least, carbon.",2.686164589249529e-05,0.0001506350090494,0.00019451296248,0.0009284903644584,0.9985369443893432,3.647273115348071e-05,0.000126220009406,neutral,0.0005200080158829,0.001336972713033776
1_S12E23_488_u,- You pick up your dresses? AMY: Yep. The tailor had to take mine in and let Penny's out. Best day of my life. What about the day you met me?,0.0001208874455187,1.2777985830325632e-05,0.0001155659920186,0.0742804035544395,0.9250298142433168,0.0001533284375909,0.0002872482873499,neutral,0.0738778436934808,0.07468296341539804
1_S12E23_539_u,"Somebody just peed in the big girl potty.  Oh, I'm so proud!",0.0015265574911609,0.0001556282513774,0.0001152057157014,0.9837083220481871,0.0002060194528894,0.0134888645261526,0.0007993534090928,happy,0.9684220660637948,0.9989945780325795
1_S12E23_576_u,"""Your majesties, members of the Nobel Academy-- ""when I was a young boy growing up in East Texas ""I always knew I'd wind up on this stage, ""and everybody who said I wouldn't looks ""pretty darn foolish right now. I'm talking about you, high school science teacher Mr. Hubert Givens..."" Sheldon, Sheldon. Why are you talking so fast? I'm trying to get my speech down to 90 minutes. Nobody's gonna be able to understand a word you're saying.",0.1246474385261535,0.0002547171898186,0.0369350761175155,0.0051755695603787,0.4128278493881225,0.4180318713188171,0.0021275000181049,sad,-0.5746935335919261,0.5850446727126833
1_S12E23_600_u,"All right, bagels down. Before we head to the airport, I'd like to go over a few things. (others groaning) From the moment we step off the plane, each and every one of you is an ambassador for Amy and myself.",0.0085538085550069,2.2611002350458875e-05,0.0033218297176063,0.0028060125187039,0.9841848611831664,0.0010544703109189,5.646557838190347e-05,neutral,-0.0101467070671787,0.01575873210458646
2_1_u,"You know what I knew something like this is gonna happen What are you doing? Chandler, you can't just go back a phase",0.2004875540733337,0.0005237044533714,0.032502643764019,0.009210942313075,0.4086231887340545,0.0070414124056696,0.3416105806827545,neutral,-0.2313443723833188,0.24976625700946872
2_102_u,Honey you alright? I'll be fine Is this about Arnie?,4.690553032560274e-05,2.241386209789198e-05,0.0001630816695978,0.2773160636425018,0.7223619222640991,2.727502942434512e-05,6.223758828127757e-05,neutral,0.2770563875510561,0.2775757397339474
2_103_u,Someone in there?,0.0001713758974801,8.224415796576068e-05,0.0002002720138989,0.000121574725199,0.9986855387687684,0.0003195531317032,0.0004194405919406,neutral,-0.0006518704758491,0.0008950199262469607
2_104_u,"Hold on, there is something different. I went to their tanning place your wife suggested.",4.498437556321733e-05,0.0236459728330373,0.0004285844042897,0.0001447527320124,0.0242337435483932,0.0004603954439517,0.951041579246521,surprise,-0.0244351843248296,0.02472468978885432
2_105_u,This is so exciting! I haven't seen my monkey in almost a year,0.0001023255899781,3.962101618526504e-05,3.184977322234772e-05,0.9988719820976256,0.0007635370711795,0.0001040367569657,8.662001346237957e-05,happy,0.9985941489612742,0.9991498152339771
2_107_u,About what? He's planning your birthday party. Oh my God! I love him!,0.0007563096587546,6.819480040576309e-05,6.331377517199144e-05,0.99801766872406,0.0002250858960906,0.0003941815521102,0.0004753317916765,happy,0.9967356689376174,0.9992996685105026
2_109_u,"Chandler, what are you doing? There is a trash can right there!",0.0010755092371255,0.000386645522667,0.0002997424162458,0.0002039192186202,0.9813018441200256,0.0018703393870964,0.0148619785904884,neutral,-0.0034283173445146,0.0038361557817549
2_11_u,The only thing we have in common is under the sheets Whats under the sheets?,6.243949610507116e-05,2.8149750505690463e-05,0.0004446777747943,6.737528747180477e-05,0.9990467429161072,0.0003094478452112,4.122663449379616e-05,neutral,-0.0007773395791446,0.0009120901540880664
2_111_u,"Rachel is one of my closest friends. Although, being the only one who knows anything about this does makes me feel special. Okay! Okay, stop-stop! Phoebe?! Hey Rach!",1.578422416059766e-05,5.096949826111086e-05,8.368104317924008e-06,0.9973492622375488,0.002222467213869,8.972046634880826e-05,0.0002632978139445,happy,0.9971844199444604,0.9975141045306373
2_112_u,"I just want to go back to my cell, cause in my cell I can smoke. Smoke away!",6.29429123364389e-05,6.883536116220057e-06,3.64509760402143e-05,0.0014776655007153,0.9983317255973816,7.571186142740771e-05,8.70199528435478e-06,neutral,0.001295676214795,0.0016596547866355809
2_113_u,The most unbelievable thing has happened. Underdog has gotten away. The baloon.,2.829784352798015e-05,0.0004379740857984,0.0008501433185301,0.0024812885094434,0.0051167602650821,0.0003087530494667,0.990776777267456,surprise,0.00085612021212,0.00410645680676658
2_114_u,"Man, I sure miss Julie",0.0001073729436029,6.11524228588678e-05,0.0004887749673798,0.000492348044645,0.0013573043979704,0.9972018003463744,0.0002912223571911,sad,-0.9973667526355712,0.9983514487248609
2_115_u,Hey,2.643937295943033e-05,4.548390643321909e-05,0.0002783130912575,0.0108352648094296,0.9887285232543944,4.317300772527233e-05,4.29472274845466e-05,neutral,0.0104418554310541,0.011228674187805023
2_118_u,"Hey you guys I'm gonna go out and take a walk. Phoebe, why is your bag moving? Oh, it's not!",0.0003223931416869,0.000464149430627,0.3326621055603027,0.0074310102500021,0.2259802967309951,0.0050568971782922,0.4280831217765808,surprise,-0.3310745350609068,0.3459365555609109
2_119_u,"I mean technically it's-it's not against the rules or anything, but it is frowned upon. Especially by that professor we ran into last night, Judgey von Holierthanthou. Well Ross, you be careful now. You don't want to get a reputation as y'know Professor McNailshisstudents.",0.0001608261372894,2.280249282193836e-05,9.82275523710996e-05,0.9980438947677612,0.0011251629330217,0.0001667503383941,0.000382327940315,happy,0.9975952882468846,0.9984925012886378
2_12_u,"It's from France .. In Europe .. Western Europe. Y'know umm, a few years ago I actually was backpacking across Western Europe. Really? Uh-hmm,Wait! It gets better. Um, yeah I was in Barcelona.",0.0001437887840438,0.0001200614569825,0.000213302380871,0.8977895379066467,0.0889678224921226,0.0006242934032343,0.0121412426233291,happy,0.896688091881515,0.8988909839317784
2_120_u,What an interesting approach to guitar instruction.,5.7737699535209686e-05,4.954389078193344e-05,7.920902135083452e-06,0.9939515590667723,0.0058180363848805,5.160477303434163e-05,6.358353130053729e-05,happy,0.993784751801286,0.9941183663322589
2_121_u,Probably just misses her mother. It needs to hear a feminine voice.,4.848550452152267e-05,0.0003520610625855,0.0088621396571397,0.0376336276531219,0.6592991352081299,0.2893170118331909,0.0044875224120914,neutral,-0.2609460704043158,0.33621332571055956
2_123_u,It was quite hard .. Was just being sarcastic!,0.0317460596561431,0.033884298056364,0.013339732773602,0.0831608101725578,0.7993016242980957,0.0160044580698013,0.022563012316823,neutral,-0.0118137383833527,0.17813535872846822
2_124_u,"Thirty seconds all the questions we can answer You guys are dead, I am so good in lightning rounds. I majored in lightning rounds, alright! We are gonna destroy you! Wanna bet?",0.0750023424625396,3.403998925932683e-05,0.0018243992235511,0.858669102191925,0.0640010759234428,0.0001907873229356,0.0002782148658297,happy,0.7816175331936392,0.9357206711902107
2_125_u,"Yeah. Listen about that, the whole uh, who came on to who thing really doesn't matter. I mean, I think it would've happened either way.",0.5799521803855896,8.265499491244555e-05,0.0010924915550276,0.2951696217060089,0.1231861785054206,0.0002011635224334,0.0003156783932354,angry,-0.2861588687519543,0.8764981121639719
2_126_u,No rose. Are you upset because Blanche is going to sell the house and we can't live together.,0.0002624390472192,3.894474866683595e-05,0.0004724758910015,0.0002983621670864,0.0128806941211223,0.9859182834625244,0.0001287760969717,sad,-0.9863937809823256,0.9869905053164983
2_127_u,"Joe? Yeah! Uh, you've had a lot of sex right?",4.179182360530831e-05,0.0003116963780485,0.0001464909582864,0.0064470837824046,0.9730226397514344,0.0002552446094341,0.0197750516235828,neutral,0.0056918600130302,0.007202307551778908
2_128_u,"Hey, we know how we always say we need a place for the mail? Well I started building one, but then, I decided to take it to the next step.",0.0002489537582732,4.108946086489596e-05,0.0003248189168516,0.0001359658781439,0.9991517066955566,4.792893741978333e-05,4.958154386258684e-05,neutral,-0.0005268251952657,0.0007987569515533792
2_129_u,Oh Dorothy would please open this jar of nuts for me? You couldn't get it open? Oh I didn't try. I don't wanna risk cracking a nail.,0.0004376201832201,0.0001636654051253,0.3068976700305938,0.0004704094608314,0.0146149871870875,0.6759948134422302,0.001420856337063,sad,-0.9830233596003382,0.9839641785220008
2_13_u,"Rachel, I have not missed one question the whole game. I own this game! Look at my hand. Why? Do you have the answers written on there? No! Steady as a rock! Now, are you with me.",0.0019192431354895,0.0002499386318959,0.0473411716520786,0.0043555852025747,0.9059717655181884,0.0318811498582363,0.0082811014726758,neutral,-0.0770359180751256,0.085747088480275
2_131_u,Wish I could switch with someone.,4.777541107614525e-05,1.0480574019311462e-05,3.730211028596386e-05,0.0001867636456154,0.9996806383132936,2.514681546017528e-05,1.1958762115682475e-05,neutral,6.605873477383284e-05,0.00030746855645699586
2_134_u,"I can't figure this out! It's so hard! Should I get her a  Tiffany cut or a Princess cut or a,ah-ah!",0.0058592981658875,8.077170787146315e-05,0.015955876559019,0.0004080550570506,0.8503965735435486,0.1258589178323745,0.0014405810507014,neutral,-0.147346809208102,0.14816291932220305
2_135_u,But I am still upset. Are you upset because you don't know what to do about Al?,5.9369675000198185e-05,5.606926788459532e-05,0.0061956937424838,0.000211702325032,0.0102334190160036,0.9829696416854858,0.0002740744675975,sad,-0.9890690720458224,0.9894924766958865
2_137_u,"But if you do, make sure it seems like you're there to see him, okay? And you're not, like, doing it as a favor to me.",0.0002559823915362,2.6171128411078826e-05,1.531515044916887e-05,0.5870965123176575,0.4124271273612976,9.173068247037008e-05,8.712710405234247e-05,happy,0.5867073129647906,0.5874857116705243
2_140_u,No seriouslty.,0.3545143902301788,0.000294176308671,0.0006846722098998,0.000606328016147,0.6359959840774536,0.0078217377886176,8.27294061309658e-05,neutral,-0.3627086485212203,0.36392130455351424
2_141_u,He also found an M and an O.,3.3470798371126875e-05,7.86044547567144e-05,1.5131701729842462e-05,0.0017360068159177,0.998100221157074,4.348770744400099e-06,3.21825391438324e-05,neutral,0.0016044510903157,0.0018675625415197838
2_144_u,"Well ofcourse Blanche , they did it in that movie. What movie?",1.2655464161070997e-05,6.795960507588461e-05,0.0003657838969957,0.0479341819882392,0.9504979252815248,0.0001033998414641,0.001018033013679,neutral,0.0473843831805425,0.04848398079593595
2_146_u,"Oh, about five minutes. Right now they're interviewing his opponent. Apparently he trains by going to Iran and pulling the arms off thieves. Hot dog? Four, please. I'm really nervous. Thank you.",0.0006019680295139,0.0001855843293014,0.932708740234375,0.0491568446159362,0.0164075810462236,0.0003826784959528,0.000556556333322,fear,-0.884722126473207,0.9830358157050793
2_147_u,Well then we still have a problem. Yeah! With what?,0.0005325256497599,1.0078010745928624e-05,4.361003448138945e-05,0.0007036393508315,0.9985256791114808,3.258751894463785e-05,0.000151919433847,neutral,8.483813689963426e-05,0.001322440564763356
2_148_u,You know what I just realized? Joker is poker with a J. Coincidence?,9.017667252919637e-06,8.555148269806523e-06,1.9048609829042107e-05,0.0011846662964671,0.9987081289291382,2.5972776711569168e-05,4.4704574975185096e-05,neutral,0.0011220720944038,0.0012472604985304375
2_149_u,"Yeah??? Oh... Okay, yes, we'll be right, we'll be right down.",0.0001187884554383,0.0002920625556726,0.0002561546862125,0.9749621152877808,0.0086359549313783,8.606643677921966e-05,0.0156488455832004,happy,0.974209043153678,0.9757151874218835
2_15_u,"When I had insurance I could get hit by a bus or catch on fire, it wouldn't matter. Now I got to be careful?",0.0001134451958932,0.000133235589601,0.1749118715524673,0.6959272623062134,0.1147435531020164,0.0073399250395596,0.0068307784385979,happy,0.513428784928692,0.8784257396837345
2_150_u,Just your run-of-the-mill third nipple. You can take it off. Just slice that baby right off!,0.0035033309832215,8.632171375211328e-05,8.371775766136125e-05,0.0001439360203221,0.996118664741516,1.2550593964988366e-05,5.136241452419199e-05,neutral,-0.0035419850282778,0.0038298570689220632
2_151_u,"Yeah, I know, it's my birthday. We all should be here. So, let's go. Well maybe, you know, maybe we should stay for one song.",0.0003617922484409,4.8315901949536055e-05,0.001195513177663,0.9149391651153564,0.0756867229938507,0.0053538950160145,0.0024145939387381,happy,0.9079796487712885,0.9218986814594243
2_152_u,"Are you referring to my man's bag? At first it I thought it just look good. But its practical too, check it out! Its got compartments for all your stuff. Your wallet, your key, your addressbook.",3.732951154233888e-05,2.983070044138003e-05,6.187742110341787e-05,0.3129848539829254,0.6855735182762146,0.0001025201272568,0.0012100340100005,neutral,0.3127532962225814,0.31321641174326936
2_154_u,Nobody respects the bucket! You wouldn't believe what people put in here! Look!,0.808088481426239,5.718810643884353e-05,0.000770068145357,0.0004792312975041,0.1858887374401092,0.0040901284664869,0.0006260197842493,angry,-0.8125266348470177,0.8134850974420258
2_155_u,"Actually, I was gonna do some laundry. Chandler, do you wanna do it with me? Sure I will do it with you You don't mind do you, that would really help me a lot Thanks. I don't think I have enough quarters I have quarters!",5.554073868552223e-05,2.8887483495054767e-05,0.0031314734369516,0.956732988357544,0.0396964959800243,0.0002330373681616,0.000121599267004,happy,0.95328404933025,0.9601819273848378
2_158_u,We brought dinner. What you get?,3.757970262086019e-05,8.562396033084951e-06,1.4664109585282858e-05,0.0003473391698207,0.9995521903038024,3.429210482863709e-05,5.309869720804272e-06,neutral,0.0002522408567529,0.0004424374828885651
2_160_u,"I am sorry, why did Phoebe and Mike breakup?",4.550336961983703e-05,0.0001087530181393,0.0013204416027292,0.0009057580609805,0.0112425489351153,0.9853336811065674,0.0010432550916448,sad,-0.9859026210360752,0.9877141371580362
2_161_u,Can you give me a closer look so that I can see the price?,2.757046058832202e-05,4.19665448134765e-05,0.0001517529890406,0.0002785418182611,0.9994015693664552,2.76146693067858e-05,7.105197437340394e-05,neutral,2.963715451187454e-05,0.0005274464820102843
2_162_u,"No-no-no. I don't have a son named Jordie. We all agreed, my son's name is Jamie. Well, Jamie was the name of Susan's first girlfriend, so we went back to Jordie. What? Whoa, whoa whoa whoa, what do you mean,",0.9562678337097168,6.763541750842705e-05,0.0002451563486829,0.0001909889833768,0.0422657765448093,0.0008317001047544,0.0001309936924371,angry,-0.9572213365972856,0.9576033145640394
2_163_u,"Oh umm, my big scene is coming up. Big scene coming up. If you said, ""Big lima bean, bubbling up."" Would she understand the difference? Rach? What are you doing?",0.0008563246228732,7.852060662116855e-05,0.0009587116073817,0.0001576138165546,0.9946706891059875,0.0009469987708143,0.0023310892283916,neutral,-0.0026829417911358,0.0029981694242449688
2_166_u,"This will be your phone. That's great. But uh, I'm not really expecting a lot of calls. No you answer it and take pledges.",0.0001228218752657,6.202422082424164e-05,4.5606611820403486e-05,0.9863720536231996,0.0133224949240684,1.7240528904949315e-05,5.775385216111317e-05,happy,0.986124360386384,0.9866197468600149
2_168_u,Are you kidding me? Joey Joey Joey Joey!,4.264908056939021e-05,0.0002820332010742,0.0002939880941994,0.0966244861483573,0.8463159799575806,0.00046110744006,0.0559798255562782,neutral,0.0955447083324543,0.09770426396426028
2_169_u,What am I gonna do now? Just pass the tape along.,1.2744649211526848e-05,9.48517699725926e-05,5.9560239606071264e-05,0.0005865102284587,0.9990791082382202,4.003115100204013e-05,0.0001271882792934,neutral,0.0003793224186665,0.0007936980382509309
2_170_u,"Hey you guys, guess what?",9.347488958155736e-05,0.0001392693520756,0.0002152886154362,0.0011071022599935,0.9920089244842528,0.0001213928626384,0.0063144587911665,neutral,0.0005376765402616,0.0016765279797252574
2_171_u,"Let's try a look .. of far off .. wonderment. Okay, we'll-we'll gaze into our future and we'll think about our marriage and the days to come. Chandler!",0.0001399908796884,0.001562841120176,0.0486807078123092,0.0772454887628555,0.0031323409639298,0.0017429417930543,0.8674957156181335,surprise,0.0251190071576274,0.1293719703680834
2_172_u,"You liked it? You really liked it? Oh-ho-ho, yeah! Which part exactly?",2.876118014683016e-05,0.0001007514219963,3.8964379200479016e-05,0.5048553943634033,0.493860512971878,0.0001347458746749,0.0009808577597141,happy,0.5045521715073846,0.5051586172194218
2_173_u,Do you always have to bring him here? I didn't wanna leave him alone. Alright?,5.746991519117728e-05,4.195176370558329e-05,0.0003888748178724,6.959638994885609e-05,0.9989961981773376,0.000403886573622,4.198698297841474e-05,neutral,-0.0008225866804423,0.0009617794603400166
2_174_u,And there's five hundred extra dollars in my account.,0.0027661414351314,8.297007298097014e-05,3.057414141949266e-05,0.161697968840599,0.8329402804374695,0.0005420274683274,0.0019400460878387,neutral,0.1582762557227397,0.16511968195845828
2_176_u,"Yeah, come on, eat, whatever you want. Dr. Roger got beeped again. Yeah I know, guess who beeped him? What?!",1.2714792319457048e-05,0.0001007512037176,0.0001944246614584,0.1144215688109397,0.8811064958572388,5.1312210416654125e-05,0.0041126529686152,neutral,0.1140623659430275,0.11478077167885181
2_177_u,Um-hmm. Oh wait! This is Bonnie. Hi! This is Bonnie?  This is Bonnie?  You're Bonnie?,3.28233654727228e-05,0.0001644645089982,9.994692663894966e-05,0.0023547110613435,0.98662006855011,0.0002830037847161,0.0104449680075049,neutral,0.0017744724755175,0.002934949647169472
2_178_u,Mmm Mmm,0.0002037572849076,0.0135329039767384,0.002445853780955,0.2188137918710708,0.7341541051864624,0.00448644394055,0.0263631269335746,neutral,0.1981448328879196,0.2394827508542218
2_180_u,"Where's Chandler? Oh, he needed some time to grieve. I'm free! I'm free!",9.666352707426996e-05,0.0001230117777595,0.0008540850831195,0.0038143652491271,0.5892772078514099,0.4051501452922821,0.0006845059688203,neutral,-0.4024095404311083,0.41003827092936246
2_181_u,Oh but look! That's gonna leave a stain! Rach! Hey! It's fine! You're at Joey's! Really?,0.0007968753343448,0.0007454930455423,0.0003578957403078,0.2088203281164169,0.6917723417282104,0.0228558629751205,0.0746511816978454,neutral,0.1840642010211013,0.23357645521173231
2_182_u,"Whop, it is really coming down. Whats coming down?",1.8778982848743908e-05,0.0001132971374318,0.0002476726367603,0.0019804157782346,0.987245798110962,7.86941745900549e-05,0.0103153605014085,neutral,0.0015219728466036,0.0024388587098654988
2_183_u,"What what? Hey, shaving?",1.267353491130052e-05,0.0001453006261726,0.0001023184886435,0.001908088568598,0.9916433691978456,0.0001007865721476,0.0060873418115079,neutral,0.0015470093467229,0.0022691677904730003
2_186_u,"Enhh I've got canned goods. Hey, you guys! Take a look at this!  Check this baby out, dug me a hole!",0.0004976825439371,1.4723102140123956e-05,8.250154496636242e-05,0.0006294900667853,0.997420072555542,0.0013383745681494,1.7152895452454686e-05,neutral,-0.0013037916924076,0.002562771825978286
2_187_u,"And this from cry for help department, are you wearing makeup? Yes I am, as of today, I am official Joey Tribbiani actor slash model.",0.0001611709449207,0.0002483053540345,0.7387717366218567,0.0057424176484346,0.1042999625205993,0.1495592594146728,0.0012171488488093,fear,-0.8829980546870502,0.8944828899839192
2_188_u,"I just saw Danny getting on the subway with a girl and he had his arm around her. Oh, honey, I'm sorry. Well, you should be, this is all your fault! You meddled in our relationship!!",0.0021725008264184,1.5618326870026067e-05,9.233625314664096e-05,0.000680690689478,0.0034953015856444,0.9934495091438292,9.400104318046942e-05,sad,-0.9950492738607865,0.9964106552397423
2_189_u,Ahh! Aren't you dressed yet? Am I naked again?! We're supposed to meet my parents in 15 minutes.,0.0204565729945898,0.0003673612081911,0.6590398550033569,0.0014802234945818,0.2579533159732818,0.0579156279563903,0.0027870291378349,fear,-0.7362991936679464,0.7392596406571099
2_190_u,I finally got to admit it to myself. I have got a sarcasm problem.,0.0051914490759372,0.0001168081580544,0.000194136009668,0.551846981048584,0.4401293694972992,0.000932787253987,0.001588519080542,happy,0.5454118005509372,0.5582821615462306
2_191_u,"No, no, you're right, it is a ridiculous name! It's not that bad. Yes it is! From now on, I have no first name.",0.043501827865839,0.0007162095280364,0.0028382975142449,0.951802134513855,0.0003445316688157,0.000545478076674,0.0002515693486202,happy,0.9042003215290606,0.9994039474986494
2_193_u,"You gotta help me out here, you gotta set me up, you gotta get me back in the game. Well, that shouldn't be a problem. I mean I work in fashion and all I meet are eligible straight men. Pete, can I get you something else?",0.0017759818583726,1.8164731955039315e-05,0.0001157171063823,0.4036405682563782,0.5935664772987366,0.0008453598129563,3.772829950321466e-05,neutral,0.4008853447467118,0.4063957917660444
2_194_u,"Hey, I wasn't the only one who looked like an idiot. All right? Remember when Ross tried to say, ""Butternut squash?""",0.8012018203735352,0.0001210008049383,0.0014117487007752,0.0894112959504127,0.0050126402638852,0.1026695892214775,0.0001718564890325,angry,-0.8159928631503135,0.9948154550511389
2_196_u,"Oh, I mean she's gonna be at the wedding waiting for him and people will be whispering, ""Oh that poor girl."" Then she'll have to come back here and live all alone. Oh my God!",0.0048424075357615,0.0001606137229828,0.0035173404030501,0.0134140970185399,0.0123670594766736,0.951939821243286,0.0137586323544383,sad,-0.9470460858865408,0.9738742799236203
2_197_u,"Did you call the cops? No, we took her to lunch",0.000123260077089,5.601763405138627e-06,1.268122923647752e-05,0.0005141010042279,0.9992917776107788,6.98260646458948e-06,4.544737021205947e-05,neutral,0.0003655753280327,0.0006626266804231056
2_198_u,"Was it my work? Were they mad? Was it Jack? Did he yell?! J-j-just relax, nobody yelled. Jack just was calling to make sure that you were feeling better. Thank God.",0.0032058802898973,3.3949276257772e-05,0.0002451881882734,0.9520021677017212,0.0441320575773716,0.0001514560717623,0.0002292596036568,happy,0.9483656938755304,0.9556386415279119
2_2_u,That's a good one. Mine is to pilot a commercial jet.,2.259564280393533e-05,3.598947296268307e-05,0.0002369933499721,0.997215747833252,0.0023959761019796,6.46590196993202e-05,2.804900577757508e-05,happy,0.9968555103478138,0.99757598531869
2_20_u,You must've had your hands full That I did. That I did. So let's talk a little bit about your duties.,1.902333133330103e-05,6.073139502404956e-06,3.2886804547160864e-05,0.0064644729718565,0.9933295249938964,4.799489033757709e-05,0.0001000740230665,neutral,0.0063584948061361,0.006570451137576944
2_202_u,"Uh, okay, Pheebs? Yeah? Umm, y'know how the other day you were talking about how you didn't get to go to London and how you were kinda feeling left out?",0.0028600476216524,7.953130989335477e-05,0.0010270437924191,0.0013971230946481,0.3910724818706512,0.6022095680236816,0.0013542537344619,sad,-0.6047790676529985,0.6075733138422946
2_203_u,"That only is not funny, it's physically impossible! Okay? Depending    on the species I'd have to have a six foot long...",0.3555946946144104,0.0029422235675156,0.0018806118750944,0.4562082290649414,0.1827471703290939,9.32656621444039e-05,0.000533856335096,happy,0.0956974333457765,0.8167190247841062
2_204_u,"What if you could keep the apartment and get the tickets. Done Let me finish, talking about a bet, winner takes all We could end up with nothing. Or you could end up with everything I like that! So what do you say? No Just do it!",6.406466127373278e-05,1.0305204341420904e-05,3.97588883060962e-05,0.0886048451066017,0.9112183451652528,8.020377208595164e-06,5.463997513288632e-05,neutral,0.0884826959754718,0.08872699423773155
2_205_u,"Okay, well then how about a handshake? Oh God I'm sorry! Oh God, I'm sorry!",0.0001161866239272,4.117757271160372e-05,0.0005275818984955,0.0014865930425003,0.0010881313355639,0.9965264201164246,0.0002139262214768,sad,-0.9957247731690586,0.9986979592540591
2_206_u,"Hey guys, what should I wear to a Nick's game?",6.056830534362234e-05,5.328295628714841e-06,9.099735325435176e-05,0.0003646851691883,0.9993876218795776,8.110222552204505e-05,9.601409146853255e-06,neutral,0.0001266889894395,0.000602681348937034
2_208_u,"It's gonna be worth it. It's a known fact that women love babies, all right? Women love guys who love babies.",0.0001658047258388,3.3900847483891994e-05,1.0100562576553784e-05,0.9770574569702148,0.0226423665881156,3.4070842957589775e-05,5.625872290693224e-05,happy,0.976813579991358,0.9773013339490717
2_209_u,"He doesn't need to be sarcastic. I mean, that was sarcasm wasn't it?",0.0095340386033058,1.523333503428148e-05,1.2891834558104163e-05,0.000753944099415,0.9896479249000548,6.120400939835236e-06,2.9866212571505457e-05,neutral,-0.0088143400744229,0.01032222827325302
2_210_u,"Well, the biggest news is still you dumping Barry at the altar! Alright. Let's talk reality for a second. Okay.",0.5443998575210571,2.8910208129673265e-05,0.0014909188030287,0.0018037175759673,0.4410777688026428,0.0109921749681234,0.0002067548339255,angry,-0.5551081439243717,0.5587155790763062
2_213_u,"You owe me 20 bucks. Thank you. Thank you so much! Chandler, here you go, got your traditional Thanksgiving feast, you got your tomato soup, your grilled cheese fixin's, and your family size bag of Funyuns.",0.000145019890624,1.913991582114249e-05,1.863540819613263e-05,0.9939383268356324,0.0058317715302109,2.3542628696304743e-05,2.345909888390452e-05,happy,0.9937319889922946,0.99414466467897
2_217_u,"OK, I have a question. Well, actually, it's not so much a question as.. more of a general wondering... ment. OK. OK. Here goes. For a while now, I've been wanting to, um....",0.0011367625556886,0.0009022020967677,0.0118523398414254,0.2133493423461914,0.2911612689495086,0.0037919916212558,0.4778061807155609,surprise,0.1956660462310537,0.23103263846132888
2_218_u,"Have you seen Joey? What's the matter? Oh, just this!  Y'know what it's my fault really, because the couch is usually where we keep the varnish",0.0002547753683757,0.000475299952086,0.0080966483801603,0.0003318887902423,0.9654785990715028,0.0235308390110731,0.0018319194205105,neutral,-0.0320256739214528,0.0326894515019374
2_221_u,Whoa!,2.2683965653413907e-05,0.0011973251821473,0.0010802927426993,0.0424788817763328,0.0630858987569809,0.0007726234034635,0.8913623094558716,surprise,0.0394059564823692,0.04555180707029632
2_222_u,How would I know if they fog up?,0.0001182426785817,2.306030182808172e-05,0.0001102219539461,6.962480256333947e-05,0.9995774626731871,8.552423241781071e-05,1.5845245798118412e-05,neutral,-0.0002674243642104,0.0004066739693370319
2_223_u,Hey who is this Casey? Oh some guy she met in the movies Oh really? What does he want with her?,1.9151104424963705e-05,3.565107545000501e-05,9.836230310611428e-05,0.0002424081176286,0.9976790547370912,0.0002717243332881,0.0016536039765924,neutral,-0.0001824806986405,0.0006672969338977831
2_225_u,"Really, I, no, I think girls night out is a great idea. Okay, okay, bye So what are they doing?",9.969076927518472e-06,1.4396368896996137e-05,1.956541382241994e-05,0.9983716607093812,0.0014681381871923,3.555809598765336e-05,8.067543967626989e-05,happy,0.9982921717537464,0.9984511496650158
2_226_u,Could guys please try to keep It down? We are trying to start a tournament.,0.0019068511901423,1.3312428563949652e-05,7.127699063858017e-05,0.0032766663935035,0.9945559501647948,0.0001678569969953,8.118554433167446e-06,neutral,0.0011173687871632,0.005435963999843629
2_227_u,"Well, despite the yummy bagels and palpable tension, I have got pants that need to be altered.",0.0167947169393301,0.0002396197378402,0.0213517844676971,0.4613248407840729,0.4794786274433136,0.0182202160358428,0.0025902288034558,neutral,0.4047185036033625,0.517931177964783
2_228_u,"Hi Tag! Hey, so did you have fun with uh, with Joey last night? Oh yeah! We went to the Knicks game. Ohh that's nice.",2.953896182589233e-05,5.508472168003209e-05,0.0001070222861017,0.9757099747657776,0.021326508373022,0.0001610199251445,0.0026109348982572,happy,0.9753573088710256,0.9760626406605297
2_230_u,"Okay, Mr. Heckles, we'll try to keep it down. Thank you. I'm going to rejoin my dinner party. All right, bye-bye.",6.105768989073113e-05,2.8623384423553944e-05,6.834069063188508e-05,0.9990830421447754,0.0006381657440215,6.377809040714055e-05,5.69836629438214e-05,happy,0.998861242289422,0.9993048420001287
2_231_u,"Aren't you with that girl over there? Well, yeah, kinda. Um, but that's okay, see we have an understanding, um, see we each have this list of five famous people, so I'm allowed to sleep with you.",0.0001050720456987,7.441756315529346e-05,0.000365147658158,0.0073620146140456,0.9910486936569214,9.320468961959703e-05,0.0009514080011285,neutral,0.0067241726574138,0.007999856570677191
2_232_u,"Oh, I'll go out and get you some. Really?! Nope! Because I'm not your boyfriend. Hey Pheebs, how did it go?",0.0100016985088586,4.801716931979172e-05,6.206586840562522e-05,0.0305105838924646,0.9587571024894714,0.0002564403985161,0.000364045612514,neutral,0.0201423619473644,0.040878805837564716
2_234_u,"So, um, will you bring the truck? I'll even let you ring the bell. Oh, my god.",0.0002867654839064,0.0004436213057488,0.0002377719647483,0.2148573100566864,0.6684554815292358,0.0013020196929574,0.114417091012001,neutral,0.2125871316093253,0.2171274885040473
2_235_u,Helo! Anybody in there order a celebrity? What was that? Oh he is just a crazy guy who roams the halls here. He is great with kids though! Is he alright out there by himself?,0.0001699172571534,4.6176035539247096e-05,0.0007369186496362,0.0187723338603973,0.9792897701263428,0.0005349381826817,0.0004498932394199,neutral,0.0172843837353866,0.020260283985407846
2_236_u,"You can't go away this weekend, its Emma's birthday, we are having a party. Well can't you just have the party when we get back? No, it won't be her real birthday.",0.6817613840103149,4.2469324398553e-05,0.0005985369789414,6.16659308434464e-05,0.3154152631759643,0.0020207511261105,9.990429680328816e-05,angry,-0.684361475508922,0.6844848073706089
2_24_u,"Dee, the sarcastic sister from What's Happening!! Guys, guess what guess what guess what.",0.0161533709615468,4.6016535634407774e-05,0.0002239235764136,0.0001411148259649,0.9833943843841552,2.0290759493946094e-05,2.089474583044648e-05,neutral,-0.016302487007124,0.01658471665905365
2_240_u,"Oh, unbelievable! We had the best time! Yay!! Oh so, you're not, you're not mad at us anymore? No!",0.0003113785060122,0.0001129463635152,0.0002314204757567,0.9817931056022644,0.0007058948976919,0.0008472972549498,0.0159980803728103,happy,0.9802900630020304,0.9832961482024983
2_241_u,"Damn, tail pipe's not hot enough to light this. Relax ok? I can get this open, anybody got a coat hangar?",0.0100356386974453,3.717420622706413e-05,0.0001364892232231,0.4836004078388214,0.5060067176818848,0.0001741131563903,9.442919690627605e-06,neutral,0.4732169925555354,0.4939838231221072
2_242_u,"Okay? Hi Emma, it's the year 2020.",2.41425459535094e-05,0.0005045566358603,0.000230482648476,0.1966204643249511,0.8022879958152771,9.578322351444513e-05,0.0002366119733778,neutral,0.1957654992711468,0.19747542937875534
2_243_u,"Hey, it's me. I know you can't stand to be in the same room as me, so I just thought I'd try and apologize over the phone. Hello.",0.0003846815961878,0.0001352658000541,0.0007628861931152,0.1501020342111587,0.1189979016780853,0.7295458316802979,7.149500015657395e-05,sad,-0.5807266310584964,0.8809306994808137
2_245_u,"Ooh, nice. So ah, there was this thing I wanted to talk to you about. Oh, right! I completely forgot about that.",5.852723552379757e-05,3.7242389225866646e-05,5.8460569562157616e-05,0.9886239767074584,0.0105959884822368,0.0001727917406242,0.0004529812431428,happy,0.9882969547725224,0.9889509986423944
2_246_u,"Oh no no, that's the beauty of it, it goes with everything. You put this on, you are good to go! Hell I have never been good to go, so, what the hell why not try some jewellery huh? Oh man! You are so wearing that bracelet! I so am You have any idea what this will do to your sex life?",7.831746188458055e-05,2.3089478418114595e-05,2.6411495127831582e-05,0.8413191437721252,0.1583137810230255,3.3529890060890466e-05,0.0002057550300378,happy,0.8411577954466338,0.8414804920976167
2_247_u,"We're not gonna do that. Well, if you like you can feel Rachel's and then feel mine to compare. Am I interrupting?",0.0415479131042957,2.13931234611664e-05,0.0001794012496247,0.000117896386655,0.9580897092819214,1.745513145579025e-05,2.629229311423842e-05,neutral,-0.0416482662221824,0.04188405899549236
2_248_u,"Umm, listen there's something I think you should know. Oh, is this about you-you dating the nurse? Yeah, Joey already told me, and I am so-so fine.",0.0008695587166585,0.0001065323740476,0.0005329761770553,0.8987196683883667,0.0985051169991493,0.0004970706067979,0.0007690008496865,happy,0.8967135305138072,0.900725806262926
2_250_u,"David who? David the scientist guy, David that I was in love with, David who went to Russia and broke my heart David! Oh my God!",0.0172700192779302,3.5834938898915425e-05,0.0057141599245369,0.0008887982694432,0.0701560229063034,0.905205011367798,0.000730235944502,sad,-0.9273362272397208,0.9291138237786072
2_251_u,"Oh you've got to be kidding me. What? As a wedding gift to you, the hotel would like to give you the honeymoon suite.",5.055827568867244e-05,0.00016209288151,0.0001809332607081,0.5136499404907227,0.4788259863853454,4.264150993549265e-05,0.0070878379046916,happy,0.5132137145628803,0.514086166418565
2_253_u,"Oh. Thank you. Ohhh, thank you very much. Oh, thank you for coming.  Uh, just a second! No-no, let me in!",7.209851173684001e-05,3.893498069373891e-05,1.7496080545242876e-05,0.98849618434906,0.011242845095694,4.0410948713542894e-05,9.205364040099084e-05,happy,0.9883272438273708,0.9886651248707493
2_254_u,"Yeah. I go see my doctor tomorrow, I'll ask her about this. Maybe she can give me a pill or something.",0.0001369500096188,1.919522765092552e-05,0.0018915564287453,0.0006917395512573,0.9970027804374696,5.973062798148021e-05,0.0001980382075998,neutral,-0.0014156927427393,0.002799171845253806
2_255_u,What kind of a movie is this Dorothy?,0.0001090976729756,0.0003024315228685,0.0021277905907481,8.429804438492283e-05,0.9962336421012878,0.0006536696455441,0.0004890321288257,neutral,-0.0031086913877516,0.0032772874765212225
2_257_u,"Okay, let me just get a cup of coffee. Oh Rachel, I know the best coffee house and it's sooo close. Closer than here?",1.3913419934397098e-05,2.9590248232125305e-05,0.0001175663055619,0.905887484550476,0.093224249780178,7.329232175834477e-05,0.0006537315784953,happy,0.9056531222549892,0.9061218468459628
2_258_u,"Hey So how was Joan? Broke up with her Why Don't tell me, because of the big nostril thing?",0.0009388792095705,0.0002351308066863,0.0042541986331343,0.0005997482221573,0.9844682812690736,0.0080468468368053,0.0014568843180313,neutral,-0.0128753072640392,0.0140748037083537
2_259_u,"Your mom called me. So is this her? No, this is a loaner. I'm sorry you had to do this by yourself.",5.557640179176815e-05,0.0002091868082061,0.0039311447180807,0.0020633812528103,0.0830656960606575,0.910107970237732,0.0005670855171047,sad,-0.9122404969130002,0.916367259418621
2_260_u,Chandler. I sensed it was you. What?! Unagi. I'm always aware.,0.0004424568323884,0.000747469777707,0.0017889892915263,0.0004122070968151,0.7468760013580322,0.0017285638023167,0.2480041980743408,neutral,-0.0042952726071234,0.0051196868007535
2_261_u,"I'll tell you what. When we're 40, if neither one of us are married, what do you say you and I get together and have one? Why won't I be married when I'm 40?",1.7889533410198055e-05,2.563317320891656e-05,0.0006661957595497,0.0095200156792998,0.9895310401916504,0.0001543771504657,8.485647413181141e-05,neutral,0.0086559200626652,0.010384111295934315
2_263_u,"You guys make a Yeah, we look great together. we really do Okay.",2.8434462365112267e-05,0.0001211007838719,0.0002230264799436,0.9976568222045898,0.0002741313364822,0.0001945408439496,0.0015019037527963,happy,0.9970897196344596,0.9982239247747202
2_264_u,"Listen, I'm sorry about that whole thing with Roger. It really wasn't right, and I, and I want to make it up to you, so umm, I brought you something that I think you'll really enjoy. Now, this is just a loan.",0.0001511929440312,0.0002258898457512,0.0013094489695504,0.5010294914245605,0.0022077276371419,0.4936250448226928,0.0014511676272377,happy,0.0057179148425348,0.9963410680065863
2_267_u,"Look honey, Mark is in fashion okay, I like having a friend that I can share this stuff with. You guys would never want to go to a lecture with me. Pa-haa!! I would love to go with you.",3.2160380214918405e-05,3.981227564509027e-05,9.789102477952838e-06,0.9878445267677308,0.0117695480585098,5.586332190432586e-05,0.0002484004362486,happy,0.9877069016874884,0.9879821518479731
2_268_u,It was summer. And it was hot. Rachel was there.,7.504000677727163e-05,0.0052860840223729,0.0004244183946866,0.1285077035427093,0.7776042222976685,0.0017924817511811,0.0863100886344909,neutral,0.1209296793676912,0.13608572771772717
2_27_u,"Yeah, Ross is great. He's uh, he's in a whole other place. No, he's gone.",2.339584170840681e-05,3.4038221201626584e-05,1.7379996279487386e-05,0.9981574416160583,0.0015843083383515,7.999259833013639e-05,0.000103442427644,happy,0.9980026349585388,0.998312248273578
2_270_u,Where'd you get fruit at four in the morning? Went down to the docks. Bet ya didn't know you could get it wholesale. I didn't know there were docks.,1.834329123084899e-05,3.340837429277599e-05,0.000325009052176,0.0022685416042804,0.994608759880066,9.11502938834019e-05,0.0026547445449978,neutral,0.0018006305926974,0.0027364526158634266
2_271_u,"Sorry, was that sarcasm?",0.0005172334495,0.000103784375824,0.0001740227307891,0.016856163740158,0.1079548522830009,0.8742923736572266,0.0001015351372188,sad,-0.8582312504731817,0.8919435779534977
2_272_u,Come on!,0.0015224938979372,0.9656480550765992,0.0025351808872073,0.0003932260733563,0.0079920124262571,0.004077716730535,0.0178312603384256,disgust,-0.9733902205189224,0.974176672665635
2_278_u,"I know, it was amazing! I mean, we totally nailed it, it was beautiful. Thank you, listen, thanks a lot Tribbiani, . Oh my God, look at the time, I gotta catch the bus to the ball. Oh well, okay, good luck.",0.0002705290389712,4.839676694246009e-05,0.0006208247505128,0.9972111582756042,0.0001432239223504,0.0001364036143058,0.0015695433830842,happy,0.9961350041048718,0.9982873124463365
2_279_u,"How was your date with Ginger. Great. It was great. She is , uh, she is great, great looking, great personality, she is greatness",0.0001081042501027,1.867803257482592e-05,0.000131030625198,0.9988288283348083,0.0006294702761806,0.0001998376828851,8.410788723267615e-05,happy,0.9983711777440476,0.999286478925569
2_28_u,"I mean, I couldn't not know, I mean, if, if the doctor knows, and Carol knows, and Susan knows.... And Monica knows… Wha, heh, how could you know, I don't even know!",0.0283581316471099,0.0002651166578289,0.0025656942743808,0.0006967037334106,0.912807822227478,0.0067015406675636,0.048604991286993,neutral,-0.0371937795134726,0.0385871869802938
2_280_u,"How old is that sock!. If I had a sock on my hand for thirty years, it would be talking too. Okay, I think its time to change somebody's nicotine patch.",0.0008349483832716,0.0007150429300963,0.0015035105170682,0.0053643099963665,0.7795905470848083,0.0018455572426319,0.2101460248231887,neutral,0.0004652509232982,0.0102633690694345
2_281_u,"Supposed to study for my French final with a fourteen year old in the house, its hard enough with an eighty year old. Are you referring to me?",0.5018606781959534,6.26354303676635e-05,0.0119048580527305,0.0001091102749342,0.3865932822227478,0.0993495061993599,0.0001199441976496,angry,-0.6130685676034773,0.6132867881533456
2_282_u,"Wow! This is so amazing. I uh, I really thought I'd have to talk you into this more.",0.0002316953468834,0.0002494491054676,0.0002924499276559,0.9839327335357666,0.0003894019464496,0.001880146912299,0.0130242239683866,happy,0.9812789922434604,0.9865864748280725
2_283_u,Could you want her more? Who?,0.000204632335226,4.45649930043146e-05,0.0001216611926793,4.694022936746478e-05,0.9994578957557678,1.7124752048403025e-05,0.0001070703365257,neutral,-0.0003410430435906,0.0004349235023254824
2_284_u,"I do! Want a hint? huh? ""I do""  ""I do"". Ok, I'm sensing that this is some kind of word play, because you are pink with barely controlled glee. David is going to propose to Phoebe.",1.2328408047324046e-05,2.0936577129759822e-05,2.3380353013635613e-05,0.9804999828338624,0.0191871523857116,2.2784079192206264e-05,0.0002332686999579,happy,0.9804205534164794,0.9805794122512453
2_286_u,"And sometimes I may be away longer, like this. But I'll still always come back, like this.",3.8836562453070655e-05,9.061461241799408e-06,8.928415809350554e-06,0.0133316610008478,0.9863633513450624,0.0002298785111634,1.838134448917117e-05,neutral,0.0130449560501801,0.013618365951515422
2_287_u,Oh wait stop! Stop! Stop!,0.0001749834773363,0.0063218651339411,0.0020305514335632,0.0001767877984093,0.0646927878260612,0.0016009609680622,0.925002098083496,surprise,-0.0099515732144936,0.0103051488113121
2_288_u,"Whoa ostralopificus isn't supposed to be in that display. No, no, Homohabilus was erect, Ostralopificus was never fully erect.",0.0018540080636739,0.0017541529377922,0.0019192872568964,0.000369071989553,0.7798663973808289,0.0288868024945259,0.1853502541780471,neutral,-0.0340451787633355,0.0347833227424414
2_289_u,Do you know what just happened? Yeah. We-we had sex and then we fell asleep. No. We were in the middle of sex .. and,0.000770668615587,6.496421701740474e-05,0.0036539095453917,0.0001791486574802,0.9891407489776612,0.0051336353644728,0.0010568203870207,neutral,-0.0094440290849888,0.009802326399949105
2_29_u,"Oh, that's Ross's. Oh...  Oh my God. He remembered. Remembered what?",0.0001817687734728,0.00026449849247,0.0003277696669101,0.0036013687495142,0.7060821056365967,0.0021465166937559,0.2873959541320801,neutral,0.0006808151229051,0.006521922376123
2_291_u,"I need to talk to you, it's pretty urgent. It's about Monica and Chandler. Oh my God! Of course, of course.",0.0007353895925916,0.0008395762415602,0.157665342092514,0.4943969547748565,0.0622136630117893,0.0031091577839106,0.2810399234294891,happy,0.3320474890642799,0.656746420485433
2_292_u,"Its Miami in June, only cats are wearing fur! You going out?",7.617917162860976e-06,2.8488037060014904e-05,5.624940604320727e-05,0.0007620545220561,0.998793363571167,0.0002560221764724,9.616721217753366e-05,neutral,0.0004136769853175,0.001110432058794583
2_293_u,"No, no! Give it to me! You can't have it. Give it to me!",0.8056627511978149,0.0011748191900551,0.0049417628906667,0.000734791974537,0.1783406287431717,0.0003820732817985,0.0087632024660706,angry,-0.8114266145857982,0.8128961985348723
2_294_u,How do I look?,8.517106834915467e-06,1.5469933714484796e-05,7.447581447195262e-05,0.0019190741004422,0.99788635969162,7.841175101930276e-05,1.7704800484352745e-05,neutral,0.0017421994944015,0.0020959487064828555
2_295_u,"Yeah, I talked to you on the phone, I'm the lady that got stuck with the racecar bed. Look, it's like I told you, there's nothing I can do. You signed for it, Monica Velula Geller. All right, Jester man, look we wanna see the king.",0.0017461361130699,2.8395383196766488e-05,0.0009772756602615,0.0001749741495586,0.9930832386016846,0.0039713005535304,1.8608228856464848e-05,neutral,-0.0065481335604999,0.006898081859617166
2_297_u,"You and I were, uh doing it on this table You okay there? I can't belive you two had sex in her dream.",3.552046837285161e-05,8.197549323085696e-05,5.72004028072115e-05,0.0006676895427517,0.995900809764862,0.0005364479729905,0.0027201962657272,neutral,-4.345479464973323e-05,0.00137883388015312
2_299_u,"One ticket to Yemen? Oh no-no-no, no. No, no, no, I just, I just need a pretend ticket. I'm sorry sir, I don't understand.",0.0003672076563816,0.0002851856697816,0.0059672226198017,0.005433308891952,0.1597330272197723,0.8228557705879211,0.0053582503460347,sad,-0.8240420776419342,0.834908695425838
2_3_u,"Do you guys have any exta ribbon? Oh yeah sure, what do you need? We got lace, satin, sateen, rafia, gingam , felt.",6.93688853061758e-05,1.5028522284410428e-05,0.0006335426005534,0.0331578627228736,0.966081440448761,2.3091790353646505e-05,1.953035825863481e-05,neutral,0.0324168309243759,0.03389889452137123
2_30_u,Yeah. He could row like a viking. Hi.,0.0001172736519947,3.568835381884128e-05,6.701627171423752e-06,0.996086359024048,0.003692268859595,2.861482062144205e-05,3.2961470424197614e-05,happy,0.9958980805704414,0.9962746374776543
2_300_u,"There is nothing wrong with Jake! Okay? He is all man! I'm thinking even more than you. Oh yeah, he looked like a real lumberjack in those pink lacys. I'm just saying that only a man completely secure with his masculinity could walk around in women's underwear!",0.0001672099606366,1.6684540241840295e-05,1.6356076230295002e-05,0.9967371821403505,0.0029888756107538,3.473234028206207e-05,3.894499604939483e-05,happy,0.9965021992229596,0.9969721650577412
2_301_u,"Hey! Hey! What are you guys doing up? Oh, we wanted to finish the crossword before we went to bed.",0.000625055108685,0.0007015998126007,0.0047959685325622,0.134732186794281,0.6999054551124573,0.0009406160097569,0.1582990884780883,neutral,0.127668947330676,0.1417954262578858
2_302_u,"Pheebs, that's great! Oh, yay! But y'know umm, Rachel doesn't rhyme with draddle.",1.8001617718255147e-05,0.0001027948019327,7.862639176892117e-05,0.9990522265434264,0.0002754798624664,5.961585702607408e-05,0.0004133047186769,happy,0.9987931878749804,0.9993112652118723
2_303_u,"Hey Chandler!, come on in we are knitting pot holders.",2.1977910364512358e-05,0.0001480132195865,0.0015217318432405,0.2163618505001068,0.7811071276664734,9.99697222141549e-05,0.0007393719279207,neutral,0.214570157804701,0.21815354319551247
2_305_u,"Okay, I can do this. I can tell her how I feel. Just uh, just stand up straight.",3.4370747016509995e-05,3.0551294912584126e-05,0.00011765005911,0.7767086625099182,0.2228034138679504,4.005526352557354e-05,0.0002652424445841,happy,0.7764860351453535,0.7769312898744829
2_306_u,Sarcasmholic yourself?,2.61739369307179e-05,4.433354843058624e-05,2.2147873096400872e-05,0.0015734286280348,0.99813973903656,1.4513770111079792e-05,0.0001796925498638,neutral,0.0014662594994661,0.0016805977566035847
2_31_u,"You know what else I'm not gonna miss? ""I'm Monica. I wash the toilet 17 times a day.",0.0005988407647237,0.1027012467384338,0.0118591235950589,0.0010761744342744,0.0413835681974887,0.0045794635079801,0.8378015756607056,surprise,-0.1186625001719221,0.12081484904047089
2_310_u,"Hey, I need you to set me up for a joke. Later when Monica is around I need you to ask me about firetrucks I don't know Chandler, I am not so good with remembering lines.",0.138438418507576,2.01362472580513e-05,0.0339099466800689,0.0047200438566505,0.8209515810012817,0.001909903017804,4.990903471480124e-05,neutral,-0.1695583605960564,0.17899844830935743
2_312_u,Alright! Definitely!,1.143985991802765e-05,5.395874177338556e-05,2.7311678422847763e-05,0.9721517562866212,0.0276535507291555,3.4364991734037176e-05,6.754066271241754e-05,happy,0.9720246810147728,0.9722788315584695
2_313_u,"Yeah, but Jason's really sensitive. Well sensitive is important, pick him. Yeah.",9.297307769884355e-06,3.6021021514898166e-05,3.780172482947819e-05,0.366639494895935,0.6331287026405334,2.0511635739239864e-05,0.0001281714357901,neutral,0.3665358632060815,0.3667431265857885
2_314_u,"Uh, belt's to tight, gotta change the belt. Did I turn the fish? No, cause I made lasagne.",0.00616773404181,0.0001277126866625,0.0086220419034361,0.0002120494609698,0.9775595664978028,0.0020023540128022,0.0053084450773894,neutral,-0.0167077931837411,0.0171318921056806
2_315_u,"So. I just thought the two of us should hang out for a bit. I mean, you know, we've never really talked.",0.0003233945171814,7.493512384826317e-06,0.0001135692509706,0.0015800427645444,0.9962692260742188,0.0016206793952733,8.567647455492988e-05,neutral,-0.0004850939112657,0.0036451794403545264
2_316_u,"Hi. Well, look, I was just gonna leave a message, isn't tonight your, your big anniversary dinner? Yeah. Well, umm..... Rach, are you okay?",8.409248403040692e-05,2.366415355936624e-05,0.000175014763954,0.0283780321478843,0.9702368974685668,0.0008367047994397,0.0002656151482369,neutral,0.0272585559469007,0.02949750834886777
2_317_u,"It has umm, three beautiful bedrooms and ah, no baths. But y'know, the ocean is right there. Knock, knock, knock.",7.803280823281966e-06,2.133118141500745e-05,0.0002580402651801,0.9906606078147888,0.0089146913960576,8.214140689233318e-05,5.529158079298213e-05,happy,0.990291291680478,0.9910299239490995
2_318_u,Did that! Grasp one of the linen strips by its  'easy grab tab' and pull it off in one quick pain free motion. Okay.  Ow!!!!! Ow-oh-oh!,0.0005939258262515,8.267264638561755e-05,0.0011817100457847,0.0725814029574394,0.9126816987991332,0.0125778652727603,0.0003007006307598,neutral,0.0581452291662571,0.08701757674862151
2_319_u,"Okay, I can't imagine, I can't imagine my life without you. Without, without these arms, and your face, and this heart. Your good heart Rach, and, and....",0.0001155551290139,2.0692541511380117e-05,0.0001839734904933,0.987840473651886,0.001608952996321,0.0096471048891544,0.0005832342430949,happy,0.9778731476017128,0.9978077997020589
2_322_u,And! And! Ah!,3.606104291975498e-05,0.0004548079450614,6.423807644750923e-05,0.0089656393975019,0.9823249578475952,0.000150069623487,0.0080041969195008,neutral,0.0082604627095861,0.009670816085417566
2_323_u,Hey!,1.4174346688378137e-05,0.0006681531085632,0.0006200462230481,0.0035513851325958,0.9909157156944276,0.0001975923223653,0.0040328465402126,neutral,0.0020514191319307,0.005051351133260778
2_326_u,"Ahh! It wasn't on your list, but hopefully you'll think it's really fun. A scooter!",1.6505675375810824e-05,3.948208541260101e-05,2.8682357879006304e-05,0.9990888833999634,0.0005542759317904,0.0001651379279792,0.0001069190911948,happy,0.9988390753533168,0.99933869144661
2_33_u,"Ohh! It's so nice to meet you.  Hello. Hello. Well, Joshua, that 500 was for groceries. What?",3.4868055081460625e-05,0.0001994462800212,0.0001013677101582,0.9406748414039612,0.0495029278099536,5.255142241367139e-05,0.0094339782372117,happy,0.9402866079362866,0.9410630748716358
2_334_u,"Yes. Yes, there is, they play on Sundays and Monday nights. Oh shoot! I work Monday nights. Umm, this stuffing is amazing. Do you think we should bring them some?",1.396943480358459e-05,1.4308337995316832e-05,4.290800643502735e-05,0.94674813747406,0.0530237220227718,3.004553946084343e-05,0.0001268329942831,happy,0.9466469061553652,0.9468493687927547
2_337_u,"How many times have I told you guys, you never waych cooking channel Hi Chandler. Hey!",0.0277340803295373,4.968895154888742e-05,0.002351737814024,0.0006380555569194,0.9634872078895568,0.0048041972331702,0.0009350650361739,neutral,-0.0343016487713612,0.03557775988519979
2_338_u,"Scott scott come back. You have to realize that we are a bunch of people with severe problems. We have been trying to help ourselves, just like you have been trying to help yourself. That's why we need to help each other. I mean, you seem like a decent guy.",0.0001289821666432,0.0007144096307456,0.0003223178209736,0.954596996307373,0.0404491610825061,0.001216341741383,0.0025717192329466,happy,0.9522149449476274,0.9569790476671185
2_339_u,"I have a question. Umm, I used your pen to draw on my friend's face. A beard and a moustache.",0.0007948152488097,2.215058157162275e-05,0.0015164186479523,0.0001994889607885,0.9973939657211304,3.029997242265381e-05,4.282947702449746e-05,neutral,-0.0021641954899678,0.0025631734115447767
2_34_u,Hey You son of a bitch!,0.3786998093128204,0.5800352096557617,0.0243847984820604,0.003791992785409,0.0016491042915731,0.0034533566795289,0.0079857250675559,disgust,-0.9827811813447624,0.9903651669155804
2_340_u,"It's the big night! We wanted to wish you good luck! Yeah, yeah you have the ring? Yeah, right here in my pocket. Pheebs?",2.956273783638608e-05,1.7997521354118362e-05,0.0003643334202934,0.0877256393432617,0.9112151265144348,4.691150024882518e-05,0.0006004557362757,neutral,0.0872668341635289,0.08818444452299444
2_341_u,"I remember when we first got engaged. Oh, I don't think I ever heard that story.",0.0001280145370401,0.000331737101078,0.0019680433906614,0.0085204290226101,0.412024587392807,0.0066818008199334,0.570345401763916,surprise,-0.0005891668261028,0.017630024871323
2_342_u,"Was there ever any doubt? Momentarily. This is strictly off the record, but Dirk's nearly five years younger that I.",3.886172999045812e-05,1.935715226863977e-05,0.0001045656536007,0.0003308445739094,0.9993544220924376,6.505490455310792e-05,8.679319580551237e-05,neutral,0.0001030051334964,0.0005586840143223058
2_343_u,"Whoa Let me start by uh, by introducing myself, I am Professor Geller.",0.0089242458343505,0.0006371146300807,0.2811194956302643,0.060159083455801,0.6194825768470764,0.0007420179899781,0.0289354231208562,neutral,-0.2312637906288728,0.35158195754047455
2_344_u,So you have replaced me. With what?,0.0001570772874401,2.581113403721247e-05,0.0001179809478344,9.007217886392028e-05,0.9993929862976074,0.000116801878903,9.934631816577166e-05,neutral,-0.0003275990693509,0.0005077434270786328
2_345_u,"It isnt working We have to unscrew the chain Hurry, I can't feel my ears Can you ever feel your ears? Interesting",0.0025400395970791,7.391830877168104e-05,0.1322431713342666,0.0006937998114153,0.8610337376594543,0.0027229720726609,0.0006923737819306,neutral,-0.136886301501363,0.13827390112419358
2_347_u,"Oh! Right. Umm, maybe that's because I didn't send him an invitation. Chandler! He's your father.  he should be at the wedding. I don't even know the man. Okay? We're not that close. I haven't seen him in years.",0.8150177001953125,5.007252548239194e-05,0.0001784910127753,0.0012980353785678,0.0015800109831616,0.1816100180149078,0.0002657244040165,angry,-0.9955582463699102,0.9981543171270458
2_35_u,"I am not divorced yet. Chandler, you know you just invited me over here for pasta and all of a sudden you are talking about moving in together. I wasn't even that hungry. Its getting really late and I should just umm.",0.1475886404514312,2.6233359676552936e-05,0.0007649228209629,0.0005314052104949,0.8505723476409912,0.000287589879008,0.0002289534313604,neutral,-0.1481359813005838,0.14919879172157358
2_350_u,"They are ain't here yet No, but they should be any minute You seem a little nervous. Oh you're sure I am Are you nervous cause you haven't met Michael's fiancee?",0.0008681605104357,0.0001286281913053,0.6347925662994385,0.0338717401027679,0.3284883797168731,0.0002861082612071,0.0015644007362425,fear,-0.6022037231596187,0.6699472033651545
2_351_u,Now PERSON is depressed Rose. Do you think she is depressed about Rebecca,0.0001034660890582,0.000208725570701,0.0022152098827064,0.0006949846865609,0.1552041321992874,0.840594470500946,0.0009789869654923,sad,-0.8424268873568508,0.8438168567299725
2_352_u,"What are you seeing? Nightmare on Elm Street 4 Do you have to see 1, 2 and 3 to appreciate it?",3.445399852353148e-05,4.1011389839695767e-05,0.0007327225757762,0.000140221833135,0.9986428618431092,0.000359396712156,4.923305459669791e-05,neutral,-0.0010273628431605,0.0013078065094304274
2_353_u,"Oh Monica, listen, I ah, I saw down at the hardware store, they got those designer tiles on sale. If you ever want to redo the bathroom floor. Why, what's wrong with my bathroom floor?",7.867930253269151e-05,1.841341145336628e-05,0.0003747602750081,0.0091180829331278,0.9900364875793456,0.0002136574621545,0.0001599123497726,neutral,0.0084325724819791,0.009803593384276457
2_356_u,"I mean, your Dad tells me that you get a couple of days off school, and you, you ah, don't have to sell those cookies anymore. Well, I kinda wanted to sell the cookies. The girl who sells the most wins a trip to Spacecamp, and gets to sit in a Wow, you ah, you really like all this space stuff, huh?",0.0001270428620046,0.0001846151426434,0.0002229956444352,0.0609958879649639,0.8887411952018738,0.000652648799587,0.0490755923092365,neutral,0.0598085855162935,0.062183190413634105
2_357_u,"Yes. Great, let's begin.  How's the pressure? Nice! Wow Phoebe you are good!",0.0001773810363374,8.100621198536828e-05,0.0431578531861305,0.9533483982086182,0.0012469696812331,0.0002883803099393,0.0017000725492835,happy,0.9096437774642254,0.9970530189530107
2_358_u,"No you do,y'know what, you're not gonna suck me into this. Oh sure I am, because you always have to be right.",0.7513930797576904,4.712251393357292e-05,0.0003173701115883,0.0229979269206523,0.2249962240457534,7.897424802649766e-05,0.0001693065860308,angry,-0.7288386197105865,0.7748344735518911
2_359_u,Hey Hey,7.061697397148237e-05,0.000197662244318,0.0002168159844586,0.039961788803339,0.9589741230010986,0.0001969382283277,0.0003820203419309,neutral,0.039279755372263,0.040643822234414775
2_36_u,"Okay, well Ross, what is this really about? Look, this is my home and I want to be able to come and go whenever I want! Okay, I will find someplace else to do the rest of my appointments. I just don't know what the big deal is!",0.0617412216961383,8.681825420353562e-05,0.0003802270221058,0.2514236271381378,0.6851913928985596,0.0007161952671594,0.0004605492576956,neutral,0.1884991648985305,0.3143480893777448
2_361_u,"Well we have a new member of Sarcasmoholics Anonymous this week Perhaps you would like to introduce yourself? Hi everybody, my name is Scott and I am a sarcasmholic.",6.21851286268793e-05,1.658398650761228e-05,0.0001404506183462,0.0111849242821335,0.9884622693061828,1.167198752227705e-05,0.0001217917088069,neutral,0.0109540325611305,0.011415816003136467
2_365_u,"And you can see me! Same as yesterday, same as the day before. Is he doing his shark attack bit yet?",1.2519527444965206e-05,1.2435612916306129e-05,3.005272810696624e-05,0.0003097255248576,0.9995751976966858,1.689882446953561e-05,4.318571154726669e-05,neutral,0.0002378188319198,0.0003816322177953732
2_367_u,"It's just y'know, been a couple of hours, and she hasn't called. Not that I even care, y'know. Phoebe why don't you just call her? You obviously want to. You think you know me so well.",0.0478352792561054,6.136084994068369e-05,0.0051780729554593,0.0005392080056481,0.9190805554389954,0.0266199503093957,0.0006855388055555,neutral,-0.0791554553652531,0.08023387137654919
2_369_u,"Get up What? You're in my seat How is it your seat? Cause I was sitting there But then you left But its not like I went to Spain, I went to the bathroom , you knew I was coming back. Whats the big deal? The big deal is that I was sitting there last, so.. that's my seat Actually, the last place you were sitting was in there You guys, you know what? it doesn't matter. Because you both have to go get dressed before the big vein in my head pops!",0.9556949734687804,3.048257713089697e-05,0.0011903898557648,4.8738154873717576e-05,0.0422106496989727,0.0005996951367706,0.0002248681121272,angry,-0.9574668028835732,0.9575642791933204
2_370_u,"My family's been going to him forever. He did my first suit when I was 15. No wait 16. Excuse me, 15 ...  Alright when was 1990?",1.7828657291829586e-05,4.870551947533386e-06,2.947788561868947e-05,0.0173075627535581,0.9826038479804992,1.534837247163523e-05,2.1098481738590635e-05,neutral,0.0172400372862284,0.017375088220887788
2_371_u,"Hi umm, listen come here, come in. I'm so-so sorry about yesterday.",0.0003406808828003,2.007984039664734e-05,0.00047324449406,0.0044355802237987,0.0094727333635091,0.9852146506309508,4.3090200051665306e-05,sad,-0.9816130756244092,0.9904842360720064
2_372_u,Boy do I feel bad very bad. Chandler what are you doing? Chandler?,0.0002285068621858,0.0001963606482604,0.000215760373976,0.000384723622119,0.0043063443154096,0.992529571056366,0.0021387718152254,sad,-0.9927854753186692,0.9935549225629071
2_373_u,Where the hell have you been?,0.826470673084259,0.0004975365009158,0.0002151640219381,0.0001989110896829,0.1716860830783844,0.0003998220781795,0.0005318361800163,angry,-0.8273842845956096,0.8277821067749753
2_374_u,Will you get me a white zinfandel and glass of red for Janice.,4.758136492455378e-05,2.4179798856494017e-05,5.006893843528815e-05,0.004528806079179,0.9950630068778992,0.0002395538176642,4.691226422437467e-05,neutral,0.0041674221592984,0.004890189999059536
2_375_u,"Hey, you haven't been practising the routine have you? No!",0.2945123314857483,0.0001692307268967,0.0002704776416067,0.0018331705359742,0.6996137499809265,0.0006539286114275,0.0029471428133547,neutral,-0.2937727979297051,0.29743913900165336
2_376_u,Hey Chandler? Monica just broke my sea-shell lamp.,0.0026524092536419,5.286313898977824e-05,0.025873502716422,0.0008659989689476,0.9682251811027528,0.0022530290298163,7.702170114498585e-05,neutral,-0.0299658051699225,0.03169780310781758
2_377_u,"Oh Mommy, Oh Daddy, I am a big ol Baddy. I guess he must have gotten the part in the play.",4.891578646493144e-05,0.0004056791076436,0.0007683163275942,0.1127195805311203,0.7627263069152832,0.0010362085886299,0.1222950741648674,neutral,0.1104604607207875,0.11497870034145294
2_378_u,"Morning everybody, Rose honey I hope you don't mind, I borrowed your golf club, I have a date to play this morning. With a man?",0.0001834768190747,0.0001218380930367,0.0251580420881509,0.910736083984375,0.0500186532735824,0.0007218844257295,0.0130599569529294,happy,0.884550842558383,0.9369213254103668
2_38_u,"And now you want that money back. Exactly. Chandler, what kind of an idiot do you take me for?",0.1123137921094894,0.0003016813425347,0.0003779210965149,0.0001253075461136,0.8837618231773376,0.0018790452741086,0.0012403939617797,neutral,-0.1147471322765341,0.1149977473687612
2_380_u,"The stripper stole the ring! The stripper stole the ring! Chandler get up get up, the stripper stole the ring.",8.339626947417855e-05,3.822480357484892e-05,0.0014939876273274,0.0019587848801165,0.9951022863388062,0.000113564710773,0.0012097106082364,neutral,0.000229611468967,0.0036879582912659275
2_381_u,[nodding] - Was that sarcasm?,1.3974008652439808e-05,3.347711026435718e-05,1.704111673461739e-05,0.0071260817348957,0.9926475286483764,7.382541662082076e-05,8.798461203696206e-05,neutral,0.0069877640826234,0.007264399387167935
2_385_u,"May I see your boarding pass? Oh, no, no, I don't have one. I just need to talk to my friend. Oh, oooh. I'm sorry. You are not allowed on the jetway unless you have a boarding pass.",0.0010314390528947,8.698564488440752e-05,0.0395393334329128,0.0006232534069567,0.1015761718153953,0.8557388186454773,0.0014039803063496,sad,-0.8957733233692124,0.8970198301831259
2_387_u,"Oh, uh, listen, about tonight... No, no, no, don't you dare bail on me. The only reason she's goin' out with me is because I said I could bring a friend for her friend.",0.0360115505754947,2.1234192900010385e-05,0.0001008422186714,0.0008462403784506,0.9628151655197144,0.0001391589321428,6.585092341993004e-05,neutral,-0.0354265455407585,0.03711902629765951
2_388_u,"Hey Pheebs! Ohh! You made up! Yeah, I couldn't be mad at him for too long.",0.0013577837962657,3.511762770358473e-05,2.468464481353294e-05,0.2243229448795318,0.7720948457717896,0.0015649374108761,0.0005996138788759,neutral,0.2213404213998728,0.22730546835919072
2_389_u,Okay done Whats pleh? ThatÕs Help spelled backwards so that helicopters can read it from the air.,0.0002542698930483,8.794705536274705e-06,0.0001075745240086,0.0209577567875385,0.9786491990089417,1.6878999304026365e-05,5.445581791718723e-06,neutral,0.0205702386656412,0.0213452749094357
2_39_u,"But that reminds me, sign this. What is it? Its nothing, just that you can't sue the city incase you scrap your knee or your know get your head blown off.",7.486078538931906e-05,3.5363766528462293e-06,8.564285963075235e-05,0.0002846052811946,0.9995036125183104,2.4307120838784613e-05,2.3429047359968536e-05,neutral,9.625813868296972e-05,0.00047295242370630226
2_390_u,Are you depressed about Glen?,3.196043326170184e-05,0.000169999373611,0.0023237843997776,0.0034694026689976,0.0133387995883822,0.9801200032234192,0.0005459399544633,sad,-0.979176344761072,0.9861151500990671
2_392_u,Because I met somebody who would be perfect for you.,6.426348409149796e-05,2.794271495076828e-05,3.824678060482256e-05,0.7686743140220642,0.2311140447854995,4.285024988348596e-05,3.8326772482832894e-05,happy,0.7685010107925336,0.7688476172515948
2_393_u,"I can't take it anymore. So you win, okay? Here!",0.0001978207874344,4.823894050787203e-05,2.356571894779336e-05,0.91556978225708,0.0840032994747161,1.9777859051828276e-05,0.0001374763232888,happy,0.915280378951138,0.9158591855630218
2_397_u,"All right! Ross, do you think it's easy for me to see you with somebody else? Y'know, hey! You're the one who ended it, remember? Yeah, because I was mad at you, not because I stop loving you.",0.2075008302927017,0.0008861010428518,0.0074698012322187,0.0052829757332801,0.6199427843093872,0.1518526524305343,0.0070648798719048,neutral,-0.3624264092650264,0.3729923607315866
2_398_u,"ma I think you should sit down Dorothy, should I get Sophia a glass of water?",0.0010965594556182,0.0036123800091445,0.0906274169683456,0.4221193790435791,0.3289221525192261,0.0567535683512687,0.0968685373663902,happy,0.2700294542592019,0.5742093038279561
2_400_u,"I know, it is isn't it? No, I mean it, this feels really good. Is it a hundred percent cotton? Yeah! And I got it on sale, too.",1.6729771232348867e-05,6.625820242334157e-05,3.950489917770028e-05,0.9563555717468262,0.0401496402919292,6.172498979140073e-05,0.0033106473274528,happy,0.9561713538842014,0.956539789609451
2_405_u,"Okay, that-that's all for today. Oh, uh does anyone know where the Freeman building is? Yeah, it's the new building on Avenue A.",3.4844200854422525e-05,5.159145439392887e-05,0.0007432773709297,0.1168412044644355,0.8807949423789978,0.0005049190949648,0.0010292115621268,neutral,0.1155065723432926,0.11817583658557836
2_406_u,"Hi. Look um, about what happened earlier... No, hey, well, I-I completely understand. You were, you were stressed. I was gonna give you a chance to apologise to me.",0.0256303958594799,4.812336919712834e-05,0.0006174950976856,0.5783501863479614,0.0075975148938596,0.3874773979187011,0.0002788978454191,happy,0.1645767741028976,0.9921235985930252
2_407_u,"Well, Joshua's coming in tomorrow and since I don't have the guts to ask him out, I'm going to sell him a coat and put this note in the pocket. Oh yeah? Joshua, give me a call sometime, guys like you never go out of style.",0.0007706314208917,2.8780426873709075e-05,0.0009628508123569,0.0031439089216291,0.9558345079421996,0.0392458699643611,1.3428993042907678e-05,neutral,-0.0378642237028543,0.04415204154611251
2_408_u,"Saucy. I'll be back in two minutes. You are going to leave me like this Knowing you are here, waiting for me, it is kind of exciting isn't it?",7.195623038569465e-05,7.223950524348766e-05,9.757473890203984e-05,0.421318918466568,0.5781052112579346,0.0001480052014812,0.0001860679913079,neutral,0.4209291427905555,0.42170869414258044
2_409_u,"Hi, excuse me, is Rachel Green here? I'm supposed to meet her for lunch. Oh she doesn't come here anymore. You can find her up on 10th. Okay great.",0.0001552888716105,1.0981326340697706e-05,0.0003158167237415,0.0020322299096733,0.9972991347312928,0.0001742129097692,1.2354670616332442e-05,neutral,0.0013759300782112,0.0026885297411351977
2_410_u,"That's funny. Who are they? The blond woman is my ex-wife, and the woman touching her is her... close, personal friend. You mean they're lovers.",3.8710695662302896e-05,7.136307976907119e-05,1.4652774552814662e-05,0.9503601789474488,0.0493937097489833,9.637632319936527e-05,2.492682688171044e-05,happy,0.9501390760742652,0.9505812818206324
2_413_u,"Oh, that's uh, that's pretty nice but I'm gonna go with the one I picked first. Oh my God Chandler, the one you picked is gone. It's over! What?",0.0003631231666076,0.0118981963023543,0.0046574370935559,0.5938631296157837,0.0009991304250434,0.0018171383999288,0.3864018619060516,happy,0.5751272346533369,0.6125990245782303
2_415_u,"Can I help you? Uh-oh. Uh, y'know what, we're having second thoughts about our copying needs. And we'll need a little more time to think about it.",1.1891484064108226e-05,4.674603769672103e-05,0.0001816413423512,0.0188789293169975,0.9797826409339904,0.0004120002267882,0.000686181592755,neutral,0.0182266502260972,0.019531208407897727
2_416_u,Ok it was just me and her at the back of the train and I sat at the door so she had to pass by me if she like to switch cars. She was totally at my mercy.,0.5029169917106628,0.0001160995234386,0.0047742626629769,0.0025113434530794,0.4773783683776855,0.01216921210289,0.0001337389985565,angry,-0.517465222546889,0.5224879094530477
2_419_u,"Look, Pheebs, I just, I wanna apologize for, for saying that your method was stupid and-and maybe ask you to be my teacher again. And-and I promise, I won't touch a guitar until you say I'm ready. You really think I'm ready?",0.0015010678907856,8.413665455009323e-06,0.000247103133006,0.0007118107751011,0.0044115269556641,0.993085503578186,3.452103919698857e-05,sad,-0.9941302774923316,0.9955538990425338
2_42_u,"Dr. Farber, we've got a bit of an emergency here...Jason Costalano is choking on his retainer. Oh God... I'll be right there, Bernice.",0.0340403318405151,0.0001650163758313,0.8890785574913025,0.0083436090499162,0.0674929991364479,0.0004264471936039,0.0004530714068096,fear,-0.9153667438513368,0.932053961951169
2_420_u,"Okay you are right, I am in love with Joey's girlfriend. What? How is that possible? You barely know her. I don't know. I can't . I just, I can't get her out of my head you know. I am a very bad person. I am a horrible person.",0.0003467954520601,6.757919618394226e-05,0.0011745436349883,0.9949265718460084,0.0009390063933096,0.0011170369107276,0.0014284544158726,happy,0.9922206166520482,0.9976325270399683
2_421_u,"Thank you, but it would take me forever to pay  you that money back and I don't want that hanging on my head. Besides, soon as my insurance kicks in I' ll all the free operations I want. T'll probably start with that laser eye surgery.",5.820799560751766e-05,2.785386459436268e-05,5.63759240321815e-05,0.9987170696258544,0.00095483683981,0.0001179333048639,6.775945803383365e-05,happy,0.9984566985367564,0.9989774407149523
2_422_u,"We've got uh, scarves, tulip post cards... Check this out? Huh?  Yeah. That's the stuff. What do you think? Well, I don't have to buy that, ""I'm with stupid"" T-shirt anymore.",1.3117441994836554e-05,6.168308755150065e-05,6.673528696410358e-05,0.3472922146320343,0.6515406370162964,2.8006541469949298e-05,0.0009975188877433,neutral,0.3471226722740539,0.3474617569900147
2_423_u,"Richard! Actually, I'm not here to complement the chef. Ohh ..  Oh, that's okay I hate when people come back to complement the chef.",0.955900251865387,0.0004995558992959,0.0173183642327785,0.0188932586461305,0.000506680982653,0.0014587390469387,0.0054232235997915,angry,-0.9562836523982696,0.9940701696905305
2_425_u,"We couldn't keep our eyes off each other all night and then every once and a while y'know, he'd kinda lean over and stroke my hair and touch my neck. Okay, stop it Phoebe, you're getting me all tingly. All I could think of was y'know, ""Is he gonna kiss me? Is he gonna kiss me?""",0.0268177445977926,0.0002133962552761,0.1258947551250457,0.7779874801635742,0.0513541288673877,0.010513512417674,0.007219057995826,happy,0.6145480717677856,0.9414268885593625
2_426_u,HEY!! Do you Oh come on! Morning's here!  Morning's here! The morning is here! Sunshine is here! I,9.67399828368798e-05,0.0003138772444799,0.0004333224787842,0.885809600353241,0.1029194891452789,0.0001147164657595,0.0103122908622026,happy,0.8848509441813803,0.8867682565251015
2_427_u,Oh! Oh God Now you know how you really feel about it.,0.0077272201888263,0.0030334729235619,0.0009575936710461,0.0449525862932205,0.2871888875961303,0.2085217237472534,0.4476185142993927,surprise,-0.1752874242374673,0.26519259682390817
2_428_u,"According to Chandler, what phenomenon scares the bejesus out of him? Michael flatly lord of the dance That is correct! The Irish gig guy?",0.000250605167821,6.862391455797479e-05,0.9855286478996276,0.0011898700613528,0.0112861096858978,0.0010976062621921,0.0005784889217466,fear,-0.985755613182846,0.9881353533055515
2_429_u,"Ha-ha, it's not my baby, ha-ha-ha! Very good,  so good.",0.0031818689312785,0.0003008930652868,0.0001245715102413,0.995404839515686,0.0001723543391562,0.0005787489353679,0.000236891923123,happy,0.9912187570735114,0.9995909219578605
2_43_u,"Well, you're amazing. Oh no-no-no. This is ammazing A TV as if it appears from nowhere! That's the dream! Man, how did you afford this stuff?",0.0001130684249801,0.0001069146237568,0.000118375319289,0.9955794215202332,0.0004064918321091,0.0004464601224754,0.0032292783726006,happy,0.9947946030297316,0.9963642400107344
2_430_u,Listen it's kind of an emergency,0.3895639777183532,0.0002227984077762,0.3408076465129852,0.0120675414800643,0.2494507879018783,0.0075888955034315,0.0002983160957228,angry,-0.726115776662482,0.7502508596226104
2_431_u,"But I can see through your sheet. Yeah, yeah, that's her. But y'know what? Doesn't matter,",0.863593578338623,7.4013601988554e-05,0.0001674507657298,0.0003246634732931,0.1336373835802078,0.0020868135616183,0.0001160067913588,angry,-0.8655971927946666,0.8662465197412528
2_433_u,Well cathy's last boyfriend was Joey. And you're afraid you wont be able to fill his shoes,0.0005668165395036,6.74057737342082e-05,0.9704711437225342,0.0003193896845914,0.0189936812967062,0.0095199728384613,6.14925884292461e-05,fear,-0.980305949189642,0.9809447285588246
2_434_u,You guys can pee standing up.,0.0012214282760396,2.099813355016522e-05,9.306782885687426e-06,0.0031047218944877,0.995631456375122,3.085641310462961e-06,9.052742825588211e-06,neutral,0.0018499030607017,0.004359540728273615
2_435_u,"It's Jake. Joey. Hey Jake, do you like the Knicks? Yeah, big fan.",2.323916123714298e-05,0.0001182962951133,0.0014271979453042,0.0036525065079331,0.99423485994339,0.0003023652243427,0.0002415862545603,neutral,0.0017814078819355,0.005523605133930442
2_437_u,"Oh, y'know the same thing happened to me one time. When did that happen to you?! Don't you remember when we were jogging in the park and we saw that really pretty bird and wanted to take a picture,I didn't have my camera!",0.0102612320333719,0.0001683236623648,0.0074662342667579,0.0041015720926225,0.7413842678070068,0.1626745015382766,0.0739438235759735,neutral,-0.1764687194081489,0.1846718635933937
2_438_u,"Chandler, I think I am sick",0.0001311046798946,0.0005860817618668,0.0986031219363212,0.0010279009584337,0.1351032108068466,0.761073112487793,0.0034755123779177,sad,-0.8593655199074419,0.8614213218243093
2_439_u,Y'know what I think it is? I think you've made such a nice home for her over the last nine months that she just doesn't want to leave. Oh. Look at you making up crap for me. Oh God!,0.0789359360933303,0.0001527898421045,0.0002244697971036,0.014412771910429,0.9003475308418274,0.0021344162523746,0.0037920486647635,neutral,-0.0670348400744842,0.09586038389534199
2_44_u,"Very life-like and funny. Okay. Oh no-no-no, I wasn't waving at you lady.",1.9549697753973305e-05,7.938585622468963e-05,1.6430702089564875e-05,0.9981701374053956,0.0013472636928781,0.0001003948709694,0.0002668206288944,happy,0.9979543762783578,0.9983858985324332
2_440_u,You are dead meat I didn't know it was a big secret.,0.0555282570421695,0.0001862439094111,0.0001304302713833,6.926862261025235e-05,0.94337397813797,0.0002228835364803,0.0004888221155852,neutral,-0.0559985461368341,0.05613708338205445
2_441_u,"Oh. Please, right now, no, every time I see him it's like  'Is it on the lose?'  'Is it watching me?' We can't tell him, you can't go up to a guy you barely know and talk about his.... stuff.",0.8936139345169067,0.0001286294718738,0.005425299052149,0.0001945715775946,0.0883860290050506,0.0102475862950086,0.002003964735195,angry,-0.9092208777583436,0.9096100209135326
2_442_u,"She is miserable. Just to keep me upto speed Dorothy, it is this negligent arson that prospect of spending the rest of her wiening years in jail thing right?",0.001543239573948,9.763224079506472e-05,0.0002879967505577,0.0002033482451224,0.9212183952331544,0.0764995589852333,0.0001498765486758,neutral,-0.0782250793054117,0.07863177579565647
2_443_u,"Why wouldn't I be married when I am forty? Oh no no no, I just meant hypothetically Ok , hypothetically, why won't I be married when I am forty? No No, what is it? Is there something fundamentally unmarriable about me?",0.0005884783458895,9.243537351721898e-05,0.0148017741739749,0.0006594662554562,0.902970552444458,0.07783904671669,0.0030481868889182,neutral,-0.0926622683546156,0.09398120086552782
2_444_u,"I would love to live with you Ross.. that's-that's great! Thank you! Well, I'm-I'm just glad I could, y'know, help you out.",6.498224684037268e-05,3.189924973412417e-05,5.615175177808851e-05,0.9987724423408508,0.0009774323552846,2.2047948732506484e-05,7.511133298976347e-05,happy,0.9985973611437656,0.9989475235379359
2_445_u,"Okay, here's what we're gonna do. Okay, I'm gonna break into this mini-van and put it in neutral. You guys push it forward so Ross can drive out of his spot.",0.0110082617029547,0.0004920943756587,0.1771012842655182,0.0760817751288414,0.7337315678596497,0.0003496646822895,0.0012353236088529,neutral,-0.1128695298975799,0.26503308015526245
2_446_u,Hi Joey. Hey! How you doin'? He has the most amazing Porsche under there!,2.331491486984305e-05,2.6240350052830763e-05,0.0006878379499539,0.9968168139457704,0.0005174183752387,0.0002950016059912,0.001633477048017,happy,0.9957844191249025,0.9978492087666381
2_447_u,Still upset because I saw her boobies. Well what? What were you doing seeing her boobies?,0.0049475561827421,8.515053923474625e-05,0.0001925794058479,7.398028537863865e-05,0.0202107522636652,0.9743446111679076,0.0001453673903597,sad,-0.979495917010354,0.9796438775811109
2_448_u,Yeah! You gotta tell a girl before you tape her. Such a rookie mistake. Y'know who has a great video camera? Greg and Jenny?,0.0011162376031279,2.1177516828174703e-05,0.0002014070778386,0.973148226737976,0.0236030090600252,0.001634691376239,0.0002751207503024,happy,0.9701747131639422,0.9761217403120095
2_449_u,"Oh Oh car car. Its Ross on one of his drives What is he doing here? He is saving your butt. Unless ofcourse I am stepping on some toes here, in which case I can just mosey on. I have plenty of people to help in the interstate.",0.000202602794161,0.0008300739573314,0.0002253976854262,0.0036477465182542,0.168017104268074,0.0018879220588132,0.8251891732215881,surprise,0.0005017500225221,0.0067937430139859995
2_45_u,Oh fine we will! Is that Paolo?,3.172801007167436e-05,4.21892837039195e-05,1.1467400327092037e-05,0.0524725578725338,0.9474122524261476,5.0341518544883e-06,2.474793109286111e-05,neutral,0.0523821390265766,0.05256297671849097
2_450_u,"Remember what happened the last time I did an interview for them? I said I write a lot of my own lines, then the writers got mad and made my character fall down the elevator shaft. So who knows what I might say this time.",0.0302083566784858,3.815150193986483e-05,0.0163813307881355,0.0018427259055897,0.9423112273216248,0.008774185553193,0.0004440361808519,neutral,-0.0535592986161646,0.057244750427343866
2_454_u,"It was dreadful. I felt terrible about how I acted when you said those wonderful things. No, no, that-that, that's all right. Umm, I'm just glad you called.",0.0002485494478605,0.0004990808665752,0.7748135328292847,0.0108453640714287,0.0002111221110681,0.2107863873243332,0.0025958991609513,fear,-0.9755021863966248,0.9971929145394822
2_456_u,"This would be the place where you explain the hat Oh, Okay. This is called the top hat? And why are you wearing this? Is it top hat? Oh , yeah. There's this play right. And I am up for the part of this real cool like suave, international guy. A real close horse. So I figured everyone in the audition is gonna be wearing this kind of, you now, ultra hip, high fashion stuff.",0.0004505842516664,0.0001154226847575,0.0033653518185019,0.0012169459369033,0.9880746006965636,0.000245627365075,0.0065315742976963,neutral,-0.0029600401830975,0.0053939320569041
2_457_u,I just don't wanna give them any more ammunition than they already have.,0.0039922418072819,5.715481165680103e-06,6.438875425374135e-05,0.003444860689342,0.9921671748161316,0.0002957857795991,2.9753573471680284e-05,neutral,-0.0009132711329584,0.007802992511642421
2_458_u,"Yeah! And also, a little like a French guy. I never noticed that before.",6.786754238419235e-05,0.0005549362977035,0.0003970102407038,0.2546048760414123,0.6198250651359558,0.0015252419980242,0.1230250522494316,neutral,0.2520598199625965,0.25714993212022796
2_461_u,[Laughs],7.174441998358816e-05,0.0001815084688132,3.530534013407305e-05,0.8787637948989868,0.1207340285181999,0.0001534439361421,6.017577106831595e-05,happy,0.8783217927339138,0.8792057970640598
2_462_u,Oh I am so nervous. Have you ever given an eulogy? You mean at a funeral?,0.0003513020055834,4.075386459589936e-05,0.9770715832710266,0.0009174278820864,0.0183385945856571,0.0029830883722752,0.0002972300280816,fear,-0.9795292996313948,0.9813641553955675
2_463_u,"You know? Forget it! No-no-no-no, no! Who, who were you talking about? No, I-I-I-I don't, I actually don't know",0.0133589748293161,0.0002474973152857,0.0002712976711336,0.0003446016053203,0.9817153215408324,0.0005302928038872,0.0035320420283824,neutral,-0.0140634610143024,0.0147526642249429
2_464_u,"Hey, you guys the water is great. You should really go in!",8.441501449851785e-06,1.807108856155537e-05,8.111878560157493e-05,0.9992122650146484,0.0004723184101749,0.0001371984108118,7.047553663142025e-05,happy,0.9989674352282236,0.9994570948010733
2_465_u,No more ice-skating And I am not gonna go Niagra falls in a barrel.,0.9101282358169556,0.0001608649326954,0.0009096104768104,0.0001140867534559,0.0885775610804557,1.9366918422747403e-05,9.018267883220688e-05,angry,-0.9111039913914284,0.91133216489834
2_467_u,Just because he's got a bigger boat he thinks he can take up the whole river. Get out of the way jackass! Who names their boat Coast Guard anyway?,0.9793932437896729,6.464244506787509e-05,0.0002402505051577,4.4496875489130616e-05,0.020148990675807,7.168126467149705e-05,3.670399382826872e-05,angry,-0.9797253211290808,0.9798143148800591
2_471_u,Hello everybody! How was your week?,1.8903889213106595e-05,0.0002255077270092,0.0026099286042153,0.0300042796880006,0.9572122693061828,0.000776459579356,0.0091526610776782,neutral,0.0263734798882069,0.033635079487794206
2_472_u,"I don't want to be single. I just, I just want to be married again.",0.0015869323397055,9.299345401814207e-05,0.0001648581674089,0.7588783502578735,0.1484419405460357,0.0905749127268791,0.0002599743311293,happy,0.6664586535698618,0.8512980469458852
2_473_u,"Okay, I can do that! Oh, by the way, I love my office I Why don't we do a trial run. Oh okay. Umm, all right.  Hi, this is Phoebe from Empire Office Supplies, can I speak to your supply manager please?",1.6672258425387554e-05,1.599958341103047e-05,0.0003875353431794,0.990334689617157,0.0090879155322909,4.0809482015902176e-05,0.0001163789638667,happy,0.9898736729501252,0.9907957062841887
2_474_u,No. How long have we been home? About a half an hour.,0.0002350402355659,7.893998372310307e-06,1.0284479685651604e-05,0.0002834266633726,0.9994298815727234,8.187123967218213e-06,2.5251089027733545e-05,neutral,2.202082578151021e-05,0.0005448325009636801
2_475_u,"Hey, Chan. Can you help me out here, I promise I'll pay you back.",1.8667540643946268e-05,5.968083496554755e-05,0.0055208834819495,0.0479839630424976,0.938736855983734,0.0075098988600075,0.0001700317370705,neutral,0.034874832324931,0.061093093760064096
2_477_u,"Did you have fun at the bachelor's party last night? Oh yeah, look what I got, she is fully dressed right. And then you click it and oh oh she naked.",0.0001315941481152,0.0002162877790397,0.0069006388075649,0.0709502398967742,0.9033602476119996,0.0034904365893453,0.0149505948647856,neutral,0.060211282572709,0.0816891972208393
2_478_u,"Hi. What's the matter with you? Mean guys at the coffee house took my hat You kidding It was ridiculous, these guys were bullies, actual bullies. We are grown ups, this kind of stuff isn't supposed to happen anymore.",0.0432494953274726,0.0012796709779649,0.9467733502388,0.0001092957900254,0.0023599744308739,0.0046280515380203,0.0016002036863937,fear,-0.9958212722922326,0.9960398638722832
2_479_u,Just keep thinking about Ma and whose mother she really is. You worried she might be Gina's?,0.0003702955727931,6.308223964879289e-05,0.0121097527444362,0.0001562437100801,0.9868481755256652,0.0003117154410574,0.0001407130330335,neutral,-0.0126986022878554,0.013011089708015592
2_48_u,"I didn't know he could get me fired! What am I going to do? Well y'know Joey, you're a pretty charming guy.",0.0005686418153345,1.4137235666566994e-05,0.0001539423246867,0.0192927774041891,0.9798412322998048,1.5296465790015645e-05,0.000113948888611,neutral,0.0185407595627111,0.02004479524566688
2_481_u,Okay. Let's use this brush. Okay. This stuff? Yeah.,3.305763311800547e-05,0.0005483730346895,0.0002710362314246,0.1200648844242096,0.8734514117240906,0.000465091143269,0.0051661222241818,neutral,0.1187473263817082,0.1213824424667107
2_482_u,"No you can't. You don't want to be guys, you'd be all hairy and wouldn't live as long.",0.9943242073059082,5.6926815886981785e-05,0.0002047805319307,6.219460919965059e-05,0.0052213729359209,0.0001052107181749,2.5229197490261868e-05,angry,-0.9946289307627012,0.9947533199811005
2_484_u,"Your tailor, is a very bad man. Frankie what are you talking about? Hey, whats going on? Joey' trailer took advantage of me No way, I have been going to the guy for twelve years Oh c'mon, he said he was gonna do my inseam, then he ran his hand, up my leg and then there was definite What? Cupping. That's how they do pants. First they go up they move it over, then they go up the other side and move it back, then they do the rear. What? Ross will you tell them? Isn't that how a tailor measures ?",0.695544958114624,0.0001852565910667,0.2646961510181427,0.0009278518846258,0.0351178161799907,0.0024564885534346,0.0010716278338804,angry,-0.9619550023926422,0.9638107061618939
2_485_u,"It was being sarcastic, alright I see I see I didn't realise the sarcasm was going to be so full on. I ll just stand back and start again Oh, we wouldn't bother.",0.0073306951671838,0.0001856807939475,0.0012664420064538,0.3157361149787903,0.6748929619789124,0.0004276080580893,0.0001604836725164,neutral,0.3065256889531156,0.3249465410044647
2_486_u,Oh my! They're male nurses. Not in my head.,0.0003366494784131,0.00104889459908,0.000398804055294,0.0008808936108835,0.0607322491705417,0.0054815192706882,0.931120991706848,surprise,-0.006384973792592,0.0081467610143588
2_487_u,"I can't take it any more! So you win, okay? Pheebs? Flying a jet? Better make it a spaceship so that you can get back to your home planet! And Ross, phone call for you today. Tom Jones, he wants his pants back!",0.0004238255496602,6.055171979824081e-05,0.0004954430041834,0.2969600856304168,0.7007061839103699,4.652047937270254e-05,0.0013073086738586,neutral,0.2959337448774022,0.29798642638343137
2_488_u,What? The ring is gone! Ugh.,0.0017255756538361,0.0284953229129314,0.001431398675777,0.0007351896492764,0.6271501183509827,0.0264750886708498,0.3139874041080475,neutral,-0.0573921962641179,0.0588625755626707
2_489_u,"Sorry I snapped at your Rose. It's just that I am upset, I am very upset. Is it because you threw Michael out?",0.0004251127829775,6.15042881690897e-05,0.0029510576277971,5.2432606025831774e-05,0.0009782798588275,0.9940211176872252,0.001510530593805,sad,-0.9974063597801432,0.9975112249921948
2_49_u,"When that guy was robbing us and I was locked in the entertainment unit for like six hours, do you know what I was doing there in all that time? I was thinking about how I let you down. Yeah. But if I had known what kind of friend you would turn out to be, I wouldn't have worried about it so much. See you around! Wait! Just wait one second. There has to be something that I can do, something. If we still had that entertainment unit, I would get in there for six hours and think about  how I let you down.",0.0009611785062588,0.0001462626969441,0.4634374380111694,0.0087063610553741,0.0316329561173915,0.4642033278942108,0.0309124309569597,sad,-0.9200418460532092,0.9374545681639572
2_490_u,"I know, I opened it up and it  and there it was just floathing in there, like this tiny little hitchhiker.",0.1011539548635482,0.1261839419603347,0.0042245807126164,0.0002927028108388,0.7137528657913208,0.0025386516936123,0.0518533587455749,neutral,-0.233808426419273,0.2343938320409504
2_491_u,The wheel or pick a Google card.,4.954391260980629e-05,2.0636201952584088e-05,3.471223317319527e-05,0.0001595703215571,0.9997166991233826,5.5629366215725895e-06,1.3284603483043613e-05,neutral,4.911503719995381e-05,0.00027002560591425824
2_492_u,You what the joke going around teacher's lounge was today Ma? Me I know this joke Everybody heard on the radio that some anonymous Ma was complaining that her dependent daughter Dorothy doesn't have a life of her own. What you think of the only grey head substitute teacher named Dorothy wasting her life away in Miami?,0.0005942984716966,0.0001478669291827,0.0067532886750996,0.0077539891935884,0.9764631986618042,0.0031718597747385,0.0051154717803001,neutral,-0.0029133246571291,0.018421303044305802
2_493_u,"So Ross, how was the date the other night?",1.338825222774176e-05,1.5377983800135553e-05,0.0001363585761282,0.0109186777845025,0.9886721968650818,2.769270031421911e-05,0.0002162735181627,neutral,0.0107258602720321,0.011111495296972796
2_494_u,"I know Richard's really nice and everything, it's just that we don't know him really well you know, plus he is old  ...  er than some people.",0.0020606580656021,0.0004810723185073,0.0006864445167593,0.1959902495145797,0.7877886891365051,0.0083791986107826,0.0046136518940329,neutral,0.1843828760029282,0.207597623026231
2_495_u,"No, yeah! The groom cannot see the bride! I'm not gonna marry Chandler! Not after this!",0.996442973613739,7.090137660270557e-05,0.0002383458486292,5.6805391068337485e-05,0.0028411136008799,0.0002717155439313,7.820528117008507e-05,angry,-0.996967130991834,0.9970807417739707
2_498_u,"Where's Monica? Over here Dad How to you zoom out? There she is Some girl ate Monica Shut up, the camera adds 10 pounds.",0.0836244747042656,0.0001394549035467,0.0030557555146515,0.0025461956392973,0.9049899578094482,0.0037814956158399,0.0018626170931383,neutral,-0.0880549850990064,0.093147376377601
2_499_u,"Oh, but he was my pig man...how did I not see this? Oh! I know! It's because... he's gorgeous, and he's charming, and when he looks at you... Ok, Ok, Pheebs...",0.0001357209839625,1.681635512795765e-05,2.0564351871144027e-05,0.9804213643074036,0.0191903505474329,9.29988018469885e-05,0.000122085577459,happy,0.980155263814595,0.9806874648002122
2_50_u,Okay thatÕs like the least fun game ever. Well I am really sick of your smoking. So I brought something that is going to help you quit.,0.0305927377194166,0.0001060524955391,0.0072176274843513,0.0560083240270614,0.0005078324466012,0.9054418206214904,0.0001256429386558,sad,-0.8873499142937362,0.9993665623478588
2_500_u,I want to show you something too. You know those big road signs that say Merge? So I was thinking that we could get one fo those signs and hang it over the bed. Because its you and I together - Merge!,0.0003645346441771,3.442418164922856e-05,0.0074121775105595,0.038416601717472,0.9526855945587158,0.0006380419363267,0.0004485886311158,neutral,0.0299674234447593,0.04686577999018453
2_502_u,Still worried about the money you owe the government?,0.0001875919406302,9.513906843494624e-05,0.9380165338516236,0.0012765553547069,0.0430841073393821,0.0165358539670705,0.0008042328408919,fear,-0.9535585634730523,0.9561116741824661
2_504_u,"So you like the drums! That's, that's great! Y'know, I was worried, that, you know, they would maybe an unbearable living situation.",0.0015033478848636,0.0003379253612365,0.0025630183517932,0.987329602241516,0.0001537079369882,0.0067244074307382,0.0013880368787795,happy,0.9762009032128844,0.9984583012701475
2_505_u,Your kidney? My kidney. Why would she need a kidney?,0.0001106160198105,4.469973282539286e-05,2.415068047412205e-05,0.0001025135570671,0.9996156692504884,1.743254870234523e-05,8.497100498061627e-05,neutral,-9.438542474526912e-05,0.00029941253887946014
2_506_u,"Oh, I must've said that after you left. Said what? Exactly. That you enjoyed the occasional drink .. ing binge.",2.834806582541205e-05,0.0001840927579905,0.0001170782124972,0.1019588708877563,0.8922722935676575,0.0011862487299367,0.0042531224898993,neutral,0.1004431031215062,0.10347463865400611
2_507_u,"Sophia was discharged, is she here?",1.613681706658099e-05,0.000342756131431,0.0006482483586296,0.0001113589969463,0.9979549646377563,0.0003081713512074,0.000618394522462,neutral,-0.0012039536613883,0.001426671655280881
2_508_u,"This one's from Joey, feels like a book, think itÕs a book. And itÕs a book! Oh its Dr. Suse. That book got me through some tough times There is a little child inside this man.",0.0002103892184095,7.851525151636451e-05,0.1242047920823097,0.8250346183776855,0.0351879969239234,0.0090305982157588,0.0062530790455639,happy,0.6915103236096911,0.95855891314568
2_509_u,Well the tough thing is she really wants to have sex with me.,0.0017853524768725,0.0001988631993299,0.0016699041007086,0.0065881521441042,0.978411078453064,0.0113269509747624,1.97075933101587e-05,neutral,-0.0083929186075693,0.021569222895777597
2_51_u,"That's the rule. What rule? There's no rule, if anything, you owe me a table! How'd you get to that?",0.00025153401657,3.4502794733271e-05,0.0001027248581522,0.0001611230691196,0.9990135431289672,2.1121270037838254e-05,0.0004155545611865,neutral,-0.0002487598703737,0.0005710060086129093
2_511_u,And the boots don't really go with it.,0.8369795083999634,9.280213998863474e-05,0.0004137731739319,2.157750350306742e-05,0.1604985743761062,0.0019203531555831,7.343031757045537e-05,angry,-0.8393848593659641,0.8394280143729701
2_512_u,"It is not a fly Rose Spanish fly is not a fly? No, it's a beetle. They call it a fly but its really a beetle? Yes How did they know its Spanish?",0.0015947764040902,5.815771146444604e-05,0.0070191249251365,0.0003058610018342,0.9907974004745485,5.52817655261606e-05,0.000169356848346,neutral,-0.0084214798043831,0.009033201808051507
2_514_u,"Okay, okay look, I know I'm being Mr. Inappropriate today, but it's just so tough, I mean see you walking around and I just wanna touch you and hold you, come on no one's around, just, just kiss me. All right that's, that's it!! Get off her! What is going on?",0.2515684962272644,0.0001959946966962,0.002922608051449,0.008060841821134,0.0999611318111419,0.6360164880752563,0.001274446840398,sad,-0.882642745229532,0.8987644288718
2_517_u,"Hi! Hey! Uh, Pheebs, about your mom...",0.0249411165714263,0.0001488879643147,0.0216188300400972,0.0219959150999784,0.9133440852165222,0.017733734101057,0.0002173981192754,neutral,-0.042446653576917,0.08643848377687359
2_518_u,"Okay, lets find these birds. Wait wait, you hear that? There are in the table? That can't be good We have to get them out of there how? Maybe we can lure them out, you know of any bird calls?",0.0002289496333105,1.7690666936687194e-05,0.0023393230512738,0.006619521882385,0.9897447228431702,0.0001536851923447,0.0008960936684161,neutral,0.0038798733385192,0.009359170426250688
2_521_u,I've had better. Okay! When?! All right! All right! It was the best nap ever!,0.0002260022156406,2.333169868506957e-05,2.24617870117072e-05,0.9605772495269777,0.0390239283442497,5.886568396817893e-05,6.808238686062396e-05,happy,0.960246588141672,0.9609079109122832
2_522_u,"Fire alarm? Oh! Hi, officer,fireman, can-can I help you? We found your fire alarm in the trash chute. That's not mine.",0.0002371922455495,0.0002685752115212,0.9475976228713988,0.0003690026060212,0.0451038070023059,0.0028926231898367,0.003531152382493,fear,-0.9506270109122852,0.9513650161243274
2_523_u,"Hi Ben, and uh .. I said ""a little bit"" Ross.",9.049157233675942e-05,1.6066607713582925e-05,0.0001127693612943,0.0027906040195375,0.9969170093536376,4.852749771089293e-05,2.4644756194902584e-05,neutral,0.0025227489804819,0.0030584590585930353
2_524_u,"Anyway, if you don't feel like being alone tonight, Joey and Chandler are coming over to help put together my new furniture.",3.062172982026823e-05,1.037031142914202e-05,9.408654295839368e-05,0.0009276794153265,0.9988180994987488,0.0001021887146634,1.6857689843163826e-05,neutral,0.0006904121164552,0.001164946714197704
2_525_u,"Y'know what, actually ..   Okay, okay, okay, what's so funny over here? I thought you didn't smoke. Oh, I thought you guys meant marijuana cigarettes, y'know?",0.0033249543048441,0.0019141508964821,0.001341373194009,0.3583544492721557,0.4114894270896911,0.0049472814425826,0.2186283618211746,neutral,0.3468266894342378,0.3698822091100735
2_526_u,"Really?! Well, it's just like everyone else's apartment. It's got rooms, walls, and ceilings. Well, I just wanted to see where you lived. Now, give me the tour. Oh my God! Oh my God!",0.0001134593330789,0.0010429854737594,0.0020875860936939,0.0301595609635114,0.5537947416305542,0.0004967666463926,0.4123048484325409,neutral,0.0264187634165864,0.033900358510436206
2_527_u,My name's Scott and I am a sarcasmholic. Nooo.,0.6900482773780823,0.0002360055805183,0.0002281209744978,0.0600486770272254,0.2493133544921875,7.198312232503667e-05,5.35106664756313e-05,angry,-0.6305357100281981,0.7506330640826487
2_53_u,"Oh good, you're here. Yeah, and I was worried that it was going to be uncomfortable. I know Mona, just hear me out. First of all, I'm so sorry about my father yelling at you, but I heard you totally held your own.",0.0045378203503787,0.0001393645361531,0.1408999264240265,0.380347728729248,0.0006979779573157,0.471411794424057,0.0019654720090329,sad,-0.2366411770053673,0.9973366344638632
2_530_u,I've been talking to you for five minutes now about killing myself and no one's even looked up from their desk. Hang-hang on. Hey everybody!,0.0887111723423004,0.0001450089621357,0.0221806317567825,0.0001286719052586,0.8705182671546936,0.0174702815711498,0.0008459173259325,neutral,-0.1283784227271098,0.128635766537627
2_531_u,"Yeah, I mean I was up sick all night. Yeah me too, all night. Really?! How come we didn't cross paths?",2.794334795908071e-05,4.9268950533587486e-05,0.0003632621956057,0.0175061076879501,0.9753904938697816,0.0026494192425161,0.0040134624578058,neutral,0.0144162139513355,0.02059600142456457
2_532_u,"Rach rach, we gotta settle Settle what?",0.017839403823018,3.5489676520228386e-05,0.0046426942571997,0.0014036286156624,0.8704012036323547,0.1054494231939315,0.0002282096538692,neutral,-0.1265633823350072,0.12937063956633182
2_534_u,"When did I say you were boring?! Oh my God, I remember now! We were playing chess! Phoebe! You and I have never played chess",0.0171857494860887,3.032093991350848e-05,0.0003257564385421,7.629775063833222e-05,0.9683160185813904,0.0134805887937545,0.0005852722097188,neutral,-0.0309461179076606,0.03109871340893714
2_535_u,"spring vacation. spring vacation. Oh good. Look, I ..   Look, I'm having a great time with you and I just don't want us to move to fast or put to much pressure on us.",0.0003658246132545,4.231437196722254e-05,0.0006644875975325,0.9950695037841796,0.000632876297459,0.0018013163935393,0.0014237631112337,happy,0.992195560807886,0.9979434467604731
2_536_u,"I mean, you two are-are my… I mean, I'm lucky to have just one good Thanks man. I gotta go check something over here.",3.40274054906331e-05,3.621400901465677e-05,3.3647949749138206e-05,0.998315453529358,0.0010169044835492,0.000173470863956,0.0003902426396962,happy,0.9980380933011476,0.9985928137575685
2_537_u,"Our eyes are closed and we're about to cross the street. Very good. Okayyyyy, open up!",0.0002204293996328,3.948419544030912e-05,0.0030033465009182,0.9828624129295348,0.0137084182351827,0.0001497521734563,1.6015739674912766e-05,happy,0.9794494006600872,0.9862754251989824
2_54_u,"Yes! And he said really mean things that were only partly true. I'm gonna go down there and teach that guy a lesson. Joey, please don't do that. I think it's best that we just forget about it.",0.98384028673172,0.0001411785342497,0.0013219832908362,0.0062216175720095,0.0035277369897812,0.0049268542788922,2.029583447438199e-05,angry,-0.9840086852636888,0.9964519204077075
2_540_u,"I don't know. But hey, I know we can decide. Okay, I'm gonna ask you questions and you answer real quick.",9.95420487015508e-05,3.1377516279462725e-05,0.0003151858400087,0.0017434165347367,0.9973543882369996,8.131086360663176e-06,0.0004479787603486,neutral,0.0012891800433862,0.002197653026087077
2_541_u,Go over to her. She's not with anyone.,9.884463906928431e-06,9.189001502818428e-06,1.068882738763932e-05,0.0091468207538127,0.9908037185668944,7.84153144195443e-06,1.1917915799131151e-05,neutral,0.0091092169295734,0.00918442457805204
2_542_u,"Well, I'm just,if the paste matches the pants, you can make yourself a pair of paste pants and she won't know the difference! Joey, do you have a minute? Dude, what am I gonna",1.3021102859056556e-05,1.0470925190020353e-05,7.378076406894252e-05,0.0056540574878454,0.9940149188041688,2.1817577362526208e-05,0.0002120059216395,neutral,0.0055349671183648,0.005773147857325946
2_546_u,"Hey Hey, where's the birthday girl? Oh she is still napping.",3.981138797826134e-05,0.0002201843017246,0.0006709211156703,0.0268241818994283,0.9426156282424928,0.0192804243415594,0.0103487530723214,neutral,0.0066128407524956,0.04703552304636086
2_547_u,"Well, what did you have? It doesn't matter because nothing beats a three and a six. That my friend is D-Cup.",0.001135436235927,5.4384395298257004e-06,9.93965113593731e-06,0.0003619894850999,0.9984509944915771,1.5483958122786134e-05,2.0766552552231587e-05,neutral,-0.0008043087996156,0.0015282877698154492
2_548_u,"All right, I'm outta here! I'm kidding! I'm kidding! So were done then!",9.269559086533263e-05,2.305209272890352e-05,5.478546518133953e-05,0.9948344230651855,0.0046189213171601,0.0002871872857213,8.881539542926475e-05,happy,0.9943767026306888,0.9952921434996824
2_549_u,Honey the Miami vice sound track?,5.2721901738550514e-05,0.0001396686711814,0.0003279203083366,0.0009321249672211,0.9982195496559144,0.000136816088343,0.0001911349099827,neutral,0.0002749979976215,0.0015892519368206504
2_55_u,"I'm really glad Monica asked us out. I'd love to ask you in, but uh, my sister's visiting and I think she's asleep on the couch. You're sister? You're sister's asleep on the couch? Ohhh! I saw with her on the subway, and now she is asleep on the couch",5.829987640026957e-05,8.336685277754441e-05,0.0003394560480955,0.3788780868053436,0.6118358373641968,0.0017691934481263,0.0070357755757868,neutral,0.3766277705799439,0.3811284030307432
2_550_u,"I will have one. Okay, I'm not gonna have one. No, no, it's just my tooth.",0.0001104395487345,0.0019526972901076,0.0024992912076413,0.004886332899332,0.9833626747131348,0.0024157946463674,0.004772684071213,neutral,-0.0020918897935189,0.011864555592182798
2_552_u,I don't like sitting up here! I'm just gonna over No Rachel! They got here first! Why is Ross doing that?,0.9880366325378418,0.0004775279667228,0.0007577063515782,3.495883720461279e-05,0.0093031376600265,0.0003803065919782,0.0010097780032083,angry,-0.9896172146109166,0.9896871322853257
2_553_u,"Well Joey, we're all .. we're all very proud of you. Yes, I believe we can expect a call from the President any moment now. Is there anything we can do for you?",8.113656804198399e-05,2.8718333851429637e-05,0.0163079164922237,0.9797418117523192,0.0022093902807682,0.0010909626726061,0.0005400970694608,happy,0.962233077685596,0.9972505458190425
2_555_u,No! You let go! How come it's always us left in the field holding the ball? I don't know. I guess the other people just don't care enough.,0.1531284004449844,3.655636101029813e-05,0.0016936854226514,6.266614946071059e-05,0.8436635136604309,0.0010810029925778,0.000334161450155,neutral,-0.1558769790717633,0.1560023113706846
2_556_u,"When their pets pass on, they want them sort of laid out like they are sleeping. But, occassionally theres a person who wants them in a pose like chasing their tail or uh, jumping to catch a frizbee.",3.92346664739307e-05,2.693100213946309e-05,0.0001059530986822,0.0003329277678858,0.9984062314033508,0.001080485060811,8.335994607477915e-06,neutral,-0.0009196760602208,0.0015855315959923937
2_557_u,"Ross, can I talk to you for a minute? Yes, please!  So, what's going on? Uh, well... Joey and I broke up.",0.0022187661379575,4.706162872025743e-05,0.0021256860345602,0.0054278708994388,0.2735426723957062,0.716204047203064,0.0004339094448368,sad,-0.7151676901048631,0.7260234319037407
2_558_u,Oh wait! Stop! Stop! Stop! Oh I'm sorry! Do you need a break? My boots in tan! Hey! Can you get a little closer so I can see the price?,0.0001079151479643,0.0002939114056061,0.0019111551810055,0.0123979309573769,0.3962450921535492,0.5823396444320679,0.0067043374292552,sad,-0.5722546952092671,0.5970505571240207
2_559_u,"Well, you-you coulda just turned the cushion over. Yeah, I would've except I had a big spaghetti stain on the other side.",6.820201087975875e-05,3.004733116540592e-05,0.0001566758583066,0.0307211130857467,0.9561944603919984,0.0127747384831309,5.473103374242783e-05,neutral,0.0176914494022639,0.043750776769229366
2_56_u,"I knew it, wow!! Wait-wait-wait, wait! Puppies. Cute or ugly? Ohh, so cute.",1.4723911590408534e-05,0.0005364709650166,0.0002003987028729,0.0323227122426033,0.0025090698618441,7.188372546806931e-05,0.9643446803092957,surprise,0.0314992349376552,0.03314618954755128
2_560_u,"And she was like ""Oh, don't worry! I asked him. He's totally ok with seeing you!"".",0.000290523894364,4.174885179963894e-05,0.0001318498689215,0.9256119132041932,0.0735969468951225,5.50821096112486e-05,0.0002719408948905,happy,0.9250927084794968,0.9261311179288896
2_562_u,"Hey. What, what are you doing here? Well, I-I thought a lot about what you said, and um, I realilized duh, all right maybe I was a little judgmental. Yeah, oh, but oh...",0.00563759310171,0.0004569017910398,0.0008416695636697,0.0071339085698127,0.9480539560317992,0.006960476282984,0.0309155695140361,neutral,-0.0067627321695908,0.0210305493092162
2_564_u,"Yes. Yes, thanks for letting me use your phone... and for saving my life. Well, goodbye Chandler. I had a great blackout.  See ya. Hi, um, I'm account number 7143457.",0.0001873765140771,1.0776912859000731e-05,8.146156324073672e-05,0.9964712858200072,0.0030760371591895,0.0001434066216461,2.969277193187736e-05,happy,0.9960482642081844,0.9968943074318302
2_567_u,"So uh, does it do anything uh special?",5.470754695124924e-05,9.436912478122396e-06,2.9275330234668218e-05,0.0003743825072888,0.999474823474884,1.5832878489163704e-05,4.160922617302276e-05,neutral,0.0002651298391356,0.00048363517544200354
2_569_u,"Yeah! Now, why do you want to kill yourself? It's just that I uh, have been working for ten years now at this meaningless, dead-end job and nobody here even knows I exist!",0.0001754719996824,3.7964484363328665e-05,0.0008293368155136,0.0012166785309091,0.0281465463340282,0.9694525599479676,0.0001414853613823,sad,-0.969278654716618,0.971712011778436
2_570_u,Hey Ross I was wondering.,8.249006350524724e-05,0.0012383527355268,0.0092918677255511,0.0009882166050374,0.1705850213766098,0.0011260532774031,0.816688060760498,surprise,-0.0107505471969489,0.012726980407023648
2_572_u,"I know, they're gonna be sp happy together Ohh ..   I mean two best friends falling in love, how often does that happen? Not",0.0001965714764082,1.7995173038798384e-05,0.0002780829381663,0.997731387615204,0.0004332217795308,0.0004519596404861,0.0008908423478715,happy,0.9967867783871044,0.9986759968433033
2_573_u,"Look I drew a sketch of how we are gonna do it ok? Rach, that's you, that's the couch What's that? Oh, that's me. Wow! Certainly think a lot of yourself. No, that's my arm.",0.001159046893008,3.9105005271267146e-05,0.0021491702646017,0.9212497472763062,0.0724468529224395,0.0005160436267033,0.0024399748072028,happy,0.9173863814867218,0.9251131130658905
2_574_u,"Pickin up wedding dresses. Wapah. Whats wapah You now, whipped. Wapah That's not whipped, That's what I did, wapah.",0.0002442173135932,0.0004095182812307,0.0072415089234709,0.0001852645364124,0.919424057006836,0.0677681192755699,0.0047273058444261,neutral,-0.0754780992574524,0.0758486283302771
2_575_u,"Wow! This girl is good. Oh-ho yeah! A song with rhyming words. Oo, I never thought of that before. I like her.",0.0002070466143777,0.0002767507976386,0.0004609824391081,0.9894787669181824,0.0001029567356454,0.00058935029665,0.0088841142132878,happy,0.9879446367704076,0.9910128970659566
2_576_u,"Oh Monica, we are so sorry. For what? Well first, for forgetting to throw you a bridal shower.",0.0003400046261958,1.538067044748459e-05,0.0004126738349441,0.0003316632937639,0.0009221694781444,0.9978834986686708,9.458849672228098e-05,sad,-0.9983198945064942,0.998983221094022
2_577_u,It's one more thing in my life that's suddenly completely different. This is hard. Yeah I know.,0.0797846093773841,0.0005805394612252,0.0334164798259735,0.0215209182351827,0.3006347417831421,0.482257068157196,0.0818056017160415,sad,-0.5745177785865963,0.6175596150569616
2_579_u,"One, two, three, four! You know the song! Sing along! So?",3.5880897485185415e-05,3.18632555718068e-05,0.0003357686800882,0.0463173203170299,0.9530355930328368,6.212849984876812e-05,0.0001814718270907,neutral,0.0458516789840359,0.04678296165002386
2_58_u,"Welcome back! Hey!  Can we pick up where we left off? I don't know, I'm still pretty tired out from this afternoon.",9.084539669856896e-06,4.23429737566039e-05,0.0004640185798052,0.8905487656593323,0.1080469563603401,0.0003175265737809,0.0005713571445085,happy,0.8897157929923196,0.8913817383263448
2_581_u,"Quack quack, quack quack, quack quack.",0.002888337476179,0.0004203932767268,0.0035953824408352,0.000138126022648,0.9925797581672668,5.822539606015198e-05,0.0003198169870302,neutral,-0.0068242125671531,0.007100464612449152
2_583_u,Look out! You almost crushed my hat Sorry,0.0018860922427847,1.207275636261329e-05,0.0074954587034881,0.0023836267646402,0.0085310218855738,0.9796721339225768,1.959624387382064e-05,sad,-0.9866821308605722,0.9914493843898524
2_585_u,"So theoretically we could download our thoughts and our memories into this computer... ... and live forever as a machine! That's so Janine, you-you-you know what, do you know we're doing right now?",0.0001449970877729,5.6028595281532034e-05,0.0005970516358502,0.0113070989027619,0.9852738976478576,0.000113180874905,0.0025078016333281,neutral,0.0103958407089521,0.012218357096571531
2_586_u,"You know whats sadder than this? Bambi. I cried for three days with that movie. No wait two, cause on the thrid day my mother killed herself, so I was partly crying for that.",0.0005670817336067,1.2727868124784436e-05,0.0003217728517483,0.0001081503505702,0.0062810610979795,0.9926309585571288,7.823682972230017e-05,sad,-0.9934243906600386,0.9936406913611788
2_587_u,Have you found her?,1.0089675924973562e-05,7.117870700312778e-05,0.0001555347262183,0.0025342002045363,0.9970136880874634,0.000123787584016,9.152897837338968e-05,neutral,0.0021736095113737,0.0028947908976987013
2_588_u,"Well, why don't you tell me what you're supposed to be! Huh? Because I sure as hell can't figure it out!",0.30296790599823,6.566988304257393e-05,0.0001570455933688,0.0001017219838104,0.6946277618408203,0.0011698702583089,0.0009100715396925,neutral,-0.3042587697491399,0.3044622137167607
2_589_u,"I am sorry I think I can walk the rest of the way now just give me my boots. I don't have your boots Well I don't have them either, where are they?",0.0003019329742528,2.997243427671492e-05,0.0005470919422805,0.0192386396229267,0.006481425371021,0.9732728004455566,0.0001282621669815,sad,-0.95491315817344,0.9933904374192933
2_590_u,"Uhh, well I've got an audition down the street and I spilled sauce all over the front of my shirt.  You got an extra one? Yeah, sure. Umm .. here. Great.  You got anything that's not",0.0200105998665094,0.000178001486347,0.461480438709259,0.0522436574101448,0.2532967925071716,0.2123771607875824,0.0004133152251597,fear,-0.6418025434395531,0.7462898582598426
2_591_u,We thought you might like to join us for dinner? I get the feeling Dorothy that you might be a little mad at me. Why is that?,0.0038543173577636,8.059887477429584e-06,7.503780216211453e-05,0.0001112683967221,0.9958524703979492,7.966339762788266e-05,1.9276832972536795e-05,neutral,-0.0039058100483089,0.004128346841753127
2_594_u,No! He blew us off! What?! I know!,0.0365164056420326,8.251469989772886e-05,0.0004720363358501,4.376691867946647e-05,0.9562566876411438,0.0045528174377977,0.0020757443271577,neutral,-0.0415800071968988,0.0416675410342576
2_595_u,"So Rachel called, wants to see me. Going over in a minute. Wow, what do you think she wants? Well, maybe the crazy fog has lifted and she realizes that life without me a sucks. Its possible, you are very lovable.",0.0006760558462701,0.0002115470852004,0.0042732935398817,0.6884849071502686,0.2363148480653762,0.0637947916984558,0.0062445546500384,happy,0.6195292189804604,0.7574405953200766
2_596_u,I am having a bit of trouble telling when people are sarcastic.,0.0122274551540613,1.7386699255439453e-05,0.0017692595720291,7.809064845787361e-05,0.9839645624160768,0.0018886135658249,5.467392111313529e-05,neutral,-0.0158246243427129,0.015980805639628615
2_598_u,After the party I saw Rachel kissing that jerk from her office out on your balcony.,0.0196329057216644,0.0008290519472211,0.0011059113312512,0.0001425098162144,0.9779707789421082,0.0002008892333833,0.0001179519385914,neutral,-0.0216262484173057,0.021911268049734405
2_599_u,I am not talking to you I guess you are still upset with me about last night aren't you?,0.0002730792912188,4.215696026221849e-05,0.0001151019387179,0.0002993996604345,0.0130016775801777,0.986033856868744,0.0002347130066482,sad,-0.9861647953985084,0.9867635947193775
2_602_u,You wanna hear something that sucks. Do I ever. Chris says they're closing down the bar.,0.6318070888519287,8.889740274753422e-05,0.0012183033395558,0.000438556773588,0.3663033545017242,0.0001156339931185,2.8171316444058903e-05,angry,-0.6327913668137626,0.6336684803609385
2_604_u,"Hi Dorothy, cooking?",1.557470386615023e-05,2.8433885745471343e-05,0.0002132602385245,0.0417204797267913,0.9575009942054749,0.0004875243757851,3.3745698601705953e-05,neutral,0.04097568652287,0.04246527293071252
2_607_u,"Okay. Listen uh, could you put Kathy on, I wanna apologize. Oh yeah man.  Joey.",8.73896642588079e-05,9.459201100980864e-05,0.0003798177931457,0.0453192442655563,0.0468042641878128,0.9071295857429504,0.0001851529086707,sad,-0.8623721409458085,0.9530106294769211
2_608_u,"Did I go to this school? Hey, there's Missy Goldberg. You gotta remember her. Sure, nice. Dude. You're married to my sister.",1.3209395547164604e-05,8.073860954027623e-05,5.7649413065519184e-05,0.0284561477601528,0.9696648120880128,0.000167129386682,0.0015602512285113,neutral,0.0281374209553177,0.02877487456498776
2_609_u,"I know. I know. I panicked, I panicked. I didn't want him to start yelling at me like I was some '74 Latour. It's Lafite. The '74 Latour is actually drinking quite nicely. All right here he comes. I'm gonna do this, I'm gonna tell him, I'm gonna be strong.",0.0005497714155353,2.229377787443809e-05,0.9949257373809814,0.0003255733463447,0.0023781212512403,0.0012566278455778,0.0005419336957857,fear,-0.9964288570736244,0.9970800037663137
2_611_u,"Why?!! Uh well umm .. we're just not in that place, y'know? But we're very excited about this. Oh. Well then shut me up.",0.0020699568558484,6.147830572444946e-05,3.3039163099601865e-05,0.957027018070221,0.0396431311964988,0.0004309737705625,0.0007344000623561,happy,0.954431569974986,0.9596224661654559
2_612_u,Isn't she happy here? I think she will be happy with Gloria What about us? Whose gonna keep after us. Make us linguini and tell us story about Cicily.,6.059270890546031e-05,6.495929028460523e-06,6.800171104259789e-05,0.0004659588448703,0.9992965459823608,9.218970808433367e-05,1.0150431990041398e-05,neutral,0.0002386787878094,0.0006932389019311525
2_615_u,"Oh, uh, I... don't... care. Ok, now, remember, no trading. You get the pretty one, I get the mess.",0.6409844756126404,0.0001403123605996,0.0001788950903574,0.2875516414642334,0.0708322301506996,0.0002830694720614,2.9440700018312785e-05,angry,-0.3540351110714255,0.9291383939998922
2_617_u,"How do you feel? Well, let's just say that Krog will be fully equipped to destroy the universe again in twelve to fourteen hours. Okay, so I totally took care of the baby by my self",9.906139166560024e-05,9.816720557864755e-05,0.0018626714590936,0.0180602613836526,0.978882610797882,3.3252941648242995e-05,0.0009640189236961,neutral,0.0159671083856665,0.02015341438163869
2_622_u,"Maybe I should get another pair. Oh, you know they had some with uh, with  fringe all down the sides.",1.566030186950229e-05,8.111348142847419e-05,0.0002541085705161,0.0302456580102443,0.9653432369232178,0.0025618597865104,0.0014983216533437,neutral,0.0273329158699198,0.03315840015056878
2_623_u,Chandler? Hey! Ah! What do you think? I think I can see your scalp!,7.50127001083456e-05,0.0001313104585278,0.0003747317241504,0.0006979936733841,0.994620680809021,8.878895459929481e-05,0.004011474084109,neutral,2.814983599819243e-05,0.0013678375107699405
2_626_u,"All right, y'know what, we've been talking about London too much haven't we? I'm sorry. It's just 'cause I couldn't be there.",0.0001401096524205,2.849729753506836e-05,0.0003466744674369,0.0001621047849766,0.0032962951809167,0.9958969354629515,0.0001294079847866,sad,-0.9962501120953676,0.9965743216653207
2_627_u,"What? Y'know, so I don't read as many important books as you do, and I don't write trick poems that seem to be about one thing but are actually about something else. And y'know what, I get excited about stupid stuff, like when I my people magzie come on saturday",0.0231193695217371,0.0001977517968043,0.0003611413703765,0.9207108020782472,0.0317014008760452,0.0052423533052206,0.0186672117561101,happy,0.8917901860841084,0.9496314180723856
2_65_u,"Nothing, nothing. Aaaah, what's wrong, c'mon. It's, I mean, it's nothing, I'm fine.",0.0003803388099186,0.0003250301524531,0.0003170929558109,0.9906037449836732,0.0040180580690503,0.001112823956646,0.0032428381964564,happy,0.9884684591088444,0.9927390308585019
2_66_u,"What are you doing? Key is stuck in the lock. I could fix it hold on hold on, watch out watch out. It still doesn't work! I am not finished.",0.003129556775093,0.000106260049506,0.0037057872395962,0.0001494897005613,0.9884296655654908,0.0001888233528006,0.0042903595604002,neutral,-0.0069809377164347,0.0072799171175571
2_69_u,"You said, you wanna come in for some lemonade? So?! Whoa, ah!! We're you just gonna give me some lemonade? Yeah huh!!",3.662021481432021e-05,0.0006101739709265,0.000738376751542,0.0036404069978743,0.0246610697358846,0.0004287588817533,0.9698845148086548,surprise,0.0018264771788381,0.00545433681691042
2_7_u,You roll another hard eight and we get married here tonight. Are you serious?! Yes! I love you!,0.0002533085935283,2.7371208489057608e-05,3.2618048862786964e-05,0.9907398223876952,0.0082575501874089,0.0006192619912326,7.006074156379327e-05,happy,0.9898072625455824,0.991672382229808
2_71_u,"Oh so pretty, this must have cost him a fortune. Oh c'mon Ross, remember back in college when he fell in love with Carol and bought the ridiculosly expensive crustal duck? What did you just say? Crustal duck. No, no, no, the love part? Oh my god!",4.201767660561018e-05,9.704078547656536e-05,0.0003405747120268,0.988373339176178,0.0017846387345343,0.0004427708336152,0.008919607847929,happy,0.9874509351684536,0.9892957431839021
2_72_u,"No, come on don't start. Ouch! What? Stupid balls are in the way.",0.991838276386261,0.0010796628193929,0.0003031492815352,0.0029094514902681,0.0036319813225418,0.0001943868410307,4.321440064813942e-05,angry,-0.990506023837952,0.9963249268184878
2_73_u,"Okay, I am officially unpacked. Thanks for helping me man. Joey?",7.228930917335674e-05,3.1018269510241225e-05,7.813610136508942e-05,0.999334156513214,0.0002165838668588,0.0002443398989271,2.349828719161451e-05,happy,0.9989083729342384,0.9997599400921898
2_74_u,"Wait donÕt leave me, what will I do if they come back?",0.0001731118536554,0.0003068967489525,0.1711807698011398,0.0032658297568559,0.819135308265686,0.0050103594549,0.0009277836070396,neutral,-0.1734053081017919,0.1799369676155036
2_77_u,Uh-huh. That sounds great! Hey!,5.795025936095044e-05,0.0003616253379732,7.144187111407518e-05,0.9985272884368896,0.0005240525351837,9.224092354997993e-05,0.0003653585445135,happy,0.9979440300448914,0.9991105468288879
2_78_u,"Honey, you remember my boss Doug right? Yes, hi. Hi. So good news, the divorce is final. I signed the papers this A.M.",0.0004245262825861,3.239933721488342e-05,0.0001086375123122,0.9962553977966307,0.0024808808229863,0.0004980687517672,0.0002001176180783,happy,0.9951917659127504,0.997319029680511
2_79_u,"Oh, great. Although I did sit down where there wasn't a chair. By the way, Ross dropped by a box of your stuff. Oh, well, I guess I had that one coming.",8.344052912434563e-05,0.0001753261167323,8.537634130334482e-05,0.995392084121704,0.0003846514446195,0.0034832067321985,0.0003958801098633,happy,0.9915647344023456,0.9992194338410625
2_8_u,"I'm doing research for a book, and I was wondering what someone might do if they left a baby on a city bus. Hi, here's the deal. We lost a carseat on a bus today.",0.0099776964634656,0.0001960597437573,0.5304714441299438,0.0002905015426222,0.4398187696933746,0.0144397960975766,0.0048056622035801,fear,-0.5547944948921213,0.5553754979773655
2_84_u,"Two week straight and she hasn't smoked since. So how did you guys meet? Oh I was in Mrs. Knight's oh I mean Alice, I was in her Home ED class. And he was my best student. Yes she was my best teacher.",2.149697502318304e-05,7.50161416362971e-05,7.815739809302613e-05,0.8330499529838562,0.1660352200269699,0.0001278635609196,0.0006122560007497,happy,0.832747418908184,0.8333524870595284
2_86_u,"See, if I am not buried with that ring then my spirit is going to wander the nether world for all eternity Okay, that's enough honey! I don't know. Let me see the ring.",0.0030601623002439,9.820322156883776e-05,0.055501315742731,0.002990648150444,0.792359471321106,0.1456974297761917,0.0002927746973,neutral,-0.2013664628902916,0.20734775919117945
2_87_u,"Uhh, the ball thing. Yeah? Hey Ross, wouldn't it be great if we could go two straight hours without dropping it?!",0.000220596397412,1.0488264706509652e-05,0.0001635227963561,0.0118930898606777,0.9868956208229064,0.0006108655943535,0.000205922013265,neutral,0.0108876168078495,0.012898562913505811
2_88_u,"Hi! What are you doing here? Ah y'know, this building is on my paper route so I...",0.0001042180447257,2.935288102889899e-05,6.382488209055737e-05,0.0007970453589223,0.9986488223075868,0.0002419463853584,0.0001148806404671,neutral,0.0003577031657187,0.0012363875521258564
2_89_u,"We clinked at the glasses, Stan gave me a toy smile and I winked at him And then I gulped down the champaigne in one go And it didn't go sdown smoothly Later Stan told me that he put my engagement ring in the bottom of the glass It turned up three days later. Where did it turn up Dorothy?",0.0002136877446901,0.0001138703300966,0.0056456415913999,0.1215864494442939,0.8523404598236084,0.0146341724321246,0.0054657105356454,neutral,0.1009790773459826,0.14219382154260513
2_9_u,Shall I set this down someplace?,2.337424666620791e-05,3.4201359085273e-05,0.000142941775266,0.0002307789400219,0.999479353427887,7.278865814441815e-05,1.6590889572398737e-05,neutral,-4.252709913998842e-05,0.0005040849791837991
2_91_u,"Oh, certainly. That's a combination of Bernoulli's principle and Newton's third law of motion. See? Yeah, that's the same as ""it has something to do with wind"".",4.910118150291965e-05,6.313230551313609e-05,3.639257192844525e-05,0.4661106467247009,0.533571183681488,7.305941835511476e-06,0.0001622880809009,neutral,0.4659547147239209,0.46626657872548094
2_92_u,Anybody know a good tailor? You needs some clothes altered?,0.0003533391281962,2.8192354875500317e-05,0.0003274338378105,0.0004089842550456,0.998325526714325,0.000433107430581,0.0001233814109582,neutral,-0.0007330884964176,0.0015510570065088002
2_94_u,"I can't believe you'd rather go out with him than me. Would you excuse me, please? I'm trying to have a date here. Fine, just stop thinking about me.",0.9772958159446716,3.605794699979015e-05,0.0004188794700894,0.0001290223444811,0.0087597882375121,0.0130875557661056,0.0002728913968894,angry,-0.9907092867833852,0.9909673314723476
2_96_u,"Y'know, y'know I'm lookin' and I don't think anyone's home here. I say we just break the window, crawl through, and-and y'know explain later. Yeah? Really? No one's home?",0.0008254326530732,2.4419030523858964e-05,0.0009365704609081,0.0005174231482669,0.9951745867729188,0.0023784844670444,0.0001430943957529,neutral,-0.0036474834632826,0.004682329759816459
2_97_u,"Definitely! Yeah, I'm pretty confident about that. That's what makes it so easy for me to be 80% happy for Monica and Chandler!",3.198980266461149e-05,1.2052663805661725e-05,4.41324918938335e-05,0.9993388056755066,0.0003872898523695,9.459636203246192e-05,9.117036097450182e-05,happy,0.99915603435511,0.9995215769959032
3_S01E01_128_u,"Look at this place, it's a shithole. Uh-oh. Here's another one. Miss Palo Alto, 2K14. There she goes. Oh, God, the marketing team is having another bike meeting. Douchebags. Just another day inside the Gavin Belson cult compound.",0.823553740978241,0.0176623314619064,0.0974273607134819,0.0001012743887258,0.0050574289634823,0.0483919419348239,0.0078059360384941,angry,-0.9869341006997274,0.9871366494771789
3_S01E01_226_u,"Hey, wanna check out twig-boy's website? Yes, I do. You have to download your own media player?",6.762343218724709e-06,1.4119832485448567e-05,5.0786744395736605e-05,0.0029958153609186,0.9968724846839904,1.5187222743406892e-05,4.484932651394047e-05,neutral,0.0029089592180753,0.0030826715037619167
3_S01E01_255_u,"Hey, Gilfoyle, I thought you were a Satanist? I'm a LaVeyan Satanist with some theistic tendencies. Oh, some theistic tendencies. Well then, what's with the cross?",7.383565389318392e-05,1.067700668500038e-05,7.201920379884541e-05,0.0001002400458673,0.9996998310089112,2.0791752831428312e-05,2.261162808281369e-05,neutral,-7.708357134106336e-05,0.000277563663075758
3_S01E01_568_u,"I'd like for this company to just be different than Hooli and Goolybib and all the rest, you know? Yeah, agreed. Like, let's like not turn this into a corporate cult with bike meetings and voluntary retreats that are actually mandatory. And claiming to make the world a better place all the time. Let's, uh... Let's just think different. Uh, don't think different. That's Apple. Let's just... Let's just do it. - That's Nike, man. - I know that's Nike. - Yeah. - Uh... Fuck it. I don't know. Let's just make it... Let's make it happen.",0.0014802512014284,9.700297960080206e-05,0.001308289472945,0.993963897228241,0.000764942204114,0.0003082195471506,0.0020773219875991,happy,0.990770134027116,0.9971576604293657
3_S01E02_004_u,"Holy shit. What the fuck is that? Uh, that is Jared Dunn. He works for Gavin Belson.",0.9887868762016296,0.0011732233688235,0.0041238549165427,0.0001080296860891,0.0038723845500499,0.001184931024909,0.0007507443078793,angry,-0.9951608558258158,0.995376915197994
3_S01E02_324_u,"Wait, Richard's getting rid of Big Head? Why?",2.247226984763984e-05,1.2202077414258383e-05,4.110609006602317e-05,0.0002872470358852,0.9993951320648192,2.6311061446904205e-05,0.0002155441034119,neutral,0.0001851555371104,0.0003893385346600256
3_S01E02_461_u,"I'm awake! I'm awake. - What? - No, no, I wasn't.",0.0003328280290588,0.0019753328524529,0.003774769604206,0.0007868391112424,0.1699000298976898,0.0021791104227304,0.8210511207580566,surprise,-0.0074752017972059,0.009048880019690501
3_S01E03_021_u,"Why would he announce it so far ahead of the actual rollout? No one does that. He's got to be doing it just to fuck with us, right? I actually think we're okay. The player I gave them was from a retired repository that was audio only. Video compression is a completely different paradigm. What they have is like Pied Piper, but not as good. - People will see that. - Not if they get to market before us. Inferior products win out all the time.",0.0730946958065033,4.416279625729658e-05,0.0003588950203265,0.0176942646503448,0.9084323644638062,9.190091077471152e-05,0.000283704168396,neutral,-0.055895389883517,0.0912839191842066
3_S01E03_024_u,"Okay, well, actually this is a superior product, right here.",0.0001472398871555,0.0002727918035816,1.984605478355661e-05,0.9743366837501526,0.0251818373799324,2.416590359644033e-05,1.759425322234165e-05,happy,0.9738726401010354,0.9748007273992697
3_S01E03_056_u,"I thought we were gonna replace the name ""Pied Piper."" I thought it was a place holder.",6.616380414925516e-05,2.7432308343122717e-05,0.0007638832903467,0.0001505245891166,0.993115246295929,0.005738852545619,0.0001379306049784,neutral,-0.0064458073593414,0.006746856537574677
3_S01E03_122_u,"Oh, I see... Bertram Gilfoyle is the foreign national. Citizen of Canada. Okay, thank you. You're Canadian?",7.734780228929594e-05,3.796363671426661e-05,6.565461808349937e-05,0.9980725049972534,0.0016738232225179,4.48814025730826e-05,2.7832913474412635e-05,happy,0.9978466575375932,0.9982983524569136
3_S01E03_249_u,- Where's ERLICH? - He's outside with the intern. - What intern? - You got interns?,0.0002016130601987,3.416833351366222e-05,0.0012040315195918,7.930681749712676e-05,0.9976556301116944,0.0005727936513721,0.0002524679002817,neutral,-0.0019332997471792,0.0020919133821733892
3_S01E03_359_u,"What about, Dwarfism 2.0? Where's Dwarfism 1.0? Just in the world. Oh. That's prejudice. - That's hurtful. - I'm sorry. Small, come back now, you hear? Interesting.",0.0007296969415619,0.0001457998005207,6.968004890950397e-05,0.0105196833610534,0.9162197113037108,0.0718949362635612,0.0004204221186228,neutral,-0.0623204296935,0.0833597964156067
3_S01E03_517_u,"Hi. Who is this? You're not gonna believe this, but this is me. Time is a sphere and I've been reincarnated during the same time period in which I exist. Yes, but where did he come from? From the future, obviously. Also, from a parking lot at a gas station in Sonora.",1.2999550563108642e-05,4.073057061759755e-05,0.0001673974475124,0.0024604541249573,0.996679425239563,4.1390729165868834e-05,0.0005976483807899,neutral,0.0021979358270982,0.002722972422816275
3_S01E04_009_u,"Ron LaFlamme. Great to meet you. All right, homeboy. Pop a squat. Start autographing by the flags. Lot of paper to get through. So, what do you think? About? Jeannie. She's pretty hot, right?",0.0008809895371086,9.69587272265926e-05,0.0048313410952687,0.5875827074050903,0.4055299758911133,0.0005660178721882,0.0005119352135807,happy,0.5812074001732981,0.5939580146368825
3_S01E04_327_u,"Because Gavin believes in this Japanese form of management where not being assigned is the most shameful outcome. Yeah, it does feel uncomfortable. Give it a week or two, you'll get, like, numb to it. Well, why are you guys still coming in? Rest and vest. Oh... Because in order to fully vest your options, you've gotta wait until your contracts are up. - I get it. -",0.0003074551059398,0.0001752282551024,0.0250790920108556,0.0007618641830049,0.9552069306373596,0.0177356079220771,0.0007337705465033,neutral,-0.0425355191109702,0.0440592474769798
3_S01E04_342_u,"I owned 10% of Dinesh's app, 10% of Gilfoyle's app. Multiple potential streams of income. Not to mention that 100% of the team that you have, were all guys that I recruited for this house. - That must be worth something to me. - It is. 10% of Pied Piper!",0.0003765651490539,0.0001978495420189,0.0032845067325979,0.5631253123283386,0.4190129935741424,0.0010729245841503,0.0129298055544495,happy,0.5581934663205175,0.5680571583361597
3_S01E04_356_u,"It's right here. Goddammit. - I've seen the video. - It's the wrong album, just give me a sec... You know what? Fuck it! You offering me a position on this board and reneging it",0.9897691011428832,3.3220618206541985e-05,0.0001117179563152,5.082102143205702e-05,0.0029198313131928,0.0070270961150527,8.81757223396562e-05,angry,-0.9968903148110256,0.9969919568538896
3_S01E05_417_u,"Dude, relax, okay? We each ripped through a full module this morning. We're just taking a little break. DRM is now a thing of beauty. - Wait. You did DRM? - Yeah. I did DRM. Why did you do DRM? I said I would do DRM, you would do error handling.",5.555660391109996e-05,3.009745523741003e-05,4.644478758564219e-05,0.1361588835716247,0.8634212613105774,3.1691204640083015e-05,0.0002561012515798,neutral,0.1359950935202505,0.13632267362299894
3_S01E05_456_u,"So we're just going to work at a nice, leisurely pace, right? Sure. Wait, why are you typing faster? I'm not.",3.730543903657235e-05,5.605681872111745e-05,0.0002188415528507,0.0914588496088981,0.9068443775177002,0.0001234138762811,0.001261115190573,neutral,0.0910232319220085,0.09189446729578758
3_S01E05_520_u,Another one down. Did you really? You still working on that last one?,5.1916117627115455e-06,8.239259841502644e-06,6.845452298875898e-05,0.0018636789172887,0.9978261590003968,4.356340286904015e-05,0.0001847736130002,neutral,0.0017382301198267,0.0019891277147507133
3_S01E06_054_u,"Excuse me, Mr. Carver? Yeah, uh, people refer to me as The Carver, but no one actually calls me that. It's, uh, what people call a screen name. You know. I'm Kevin. Okay, Kevin, um, we're from Pied Piper, we spoke earlier. - Yeah, so you guys are fucked, huh? - No. No, we're not fucked.",0.127537801861763,0.0008758441545069,0.0397136211395263,0.0755037516355514,0.7430670261383057,0.0018369969911873,0.0114649999886751,neutral,-0.0944605125114321,0.24546801578253488
3_S01E06_266_u,"- ""From the despair..."" - I just figured it out. It all makes sense. Figured what out? Why Tara might be into you more than me.",0.0001573097688378,0.0001434328441973,0.4519967436790466,0.0021955710835754,0.0134750138968229,0.5315940976142883,0.0004378170706331,sad,-0.9816960128227948,0.9860871549899455
3_S01E08_422_u,"I'm sorry. I shouldn't have rewritten all this code. I mean, what we had before worked. I'm sorry, guys. Gavin won. We lost.",0.0211208965629339,1.4806777471676467e-05,0.0001886456593638,0.0002463955897837,0.0014433463802561,0.9769194722175598,6.655260222032666e-05,sad,-0.9979974256275456,0.9984902168071129
3_S02E01_050_u,"I love it. So what do you two do at Pied Piper? I'm the CTO.  Ha ha, he's joking. I'm the CTO. Fuck you, I'm joking. Okay, how could you be the Chief Technology Officer?",4.949915455654264e-05,2.9047152565908615e-05,1.959822839125991e-05,0.9689821004867554,0.0308104529976844,2.1943196770735085e-05,8.729079854674637e-05,happy,0.9688620127544708,0.9691021882190398
3_S02E01_096_u,"Dinesh: I can't believe how many gifts we're getting. Gilfoyle: Gifts I'm getting. That Oculus rig is addressed to the CTO. No, I'm the CTO. As your superior, I order you to give me that Oculus. You can't make me do stuff. You're not the boss of me. Actually, I am the boss of you. Okay.",0.0551166236400604,0.0007749284850433,0.0827241539955139,0.0036490724887698,0.7678710222244263,0.0007309408392757,0.0891332328319549,neutral,-0.1356975744711235,0.1429957194486631
3_S02E01_413_u,"Hey. Hey, what's up? If anyone finds out that I came back here, I will get fired, okay? Okay. Don't take this deal. What? You are worth half that at best.",0.0101854568347334,0.000168499929714,0.8061510324478149,0.0062967129051685,0.1514403820037841,0.0229826867580413,0.0027751852758228,fear,-0.8331909630651353,0.8457843888754721
3_S02E02_081_u,"Things are just really different at Raviga, and I had nothing to do with the decision. Guys, I'm so, so sorry. Wait, so the company that offered us the most until Richard talked them into offering us the least is now offering us nothing?",0.0015237709740176,2.596775630081538e-05,0.0003450894146226,9.552972915116698e-05,0.0067166974768042,0.991205871105194,8.706719381734729e-05,sad,-0.993005169520984,0.9931962289792862
3_S02E03_218_u,"Guys, if I list you as references, can I count on you to say nice things about me? Be honest.",0.0005507717723958,5.958287147223018e-06,5.221882383921184e-05,0.0002157257404178,0.999052345752716,0.0001194986180053,3.5873747492587427e-06,neutral,-0.0005127217609697,0.000944173241805335
3_S02E03_229_u,"Uh, all right. Just read it. $5 million? Yeah, yeah. You guys are not going back to Hooli, and neither am I. How the fuck did you get that? Russ Hanneman? Oh, Monica, I see you got my text.",0.9795263409614564,2.629333721415605e-05,0.0003746200236491,8.046812581596896e-05,0.0191253591328859,0.0007905834936536,7.637846283614635e-05,angry,-0.9806373696901574,0.9807983059417892
3_S02E03_244_u,"The guy is a joke. How does he even do that? He's a boorish, pompous, womanizing douchebag who got lucky, like, 20 years ago. and hasn't done anything since then.",0.0001222628925461,0.0002625964407343,1.9649098248919472e-05,0.5681948065757751,0.4312195479869842,5.5143056670203805e-05,0.0001259906421182,happy,0.5677351550875755,0.5686544580639747
3_S02E03_370_u,"We can only afford to hire three people for each of you. I'm sorry, but that's it. Okay, that's fine. It works for me. What? If you could do it with three people, why didn't you just say so?",0.0001510809815954,0.0001682969596004,0.0002333476295461,0.0011378179769963,0.0132739059627056,0.9844369888305664,0.0005985709722153,sad,-0.983851896424312,0.9861275323783046
3_S02E03_561_u,"I had to subtract the cost of the ad agency that nailed that slogan. The photo, legal, lay-out, plus the cost of the 15 billboards. Don't worry, I gave you guys a sweet deal on them. Gave us? Yeah. Hanneman Outdoor Media. I own the billboards. That's how I talked the ad agency into giving you guys that slogan for only 30 grand. Synergy, bitches. Know what that means?",0.0003753099008463,3.542621197993867e-05,0.0006964359199628,0.21492500603199,0.7821000218391418,0.0003213221789337,0.0015464925672858,neutral,0.2134965118202672,0.21635350024371272
3_S02E04_162_u,"Uh, Dinesh, Gilfoyle, this is someone you guys recommended I contact, Carla Walton? Yeah, we hung out with her a bunch at the last S.F. vid/tech meet-up. Her code is fucking great. She was head of engineering at Earcast? She was engineering at Earcast. She pulled that whole system on her own. You know what else excites me here? There's a distinct over-representation of men in this company. Look around. I think it would behoove us to prioritize hiring a woman.",0.0002030363102676,1.664777664700523e-05,0.0001152238182839,0.9964291453361512,0.0023626084439456,0.000568464922253,0.0003048866346944,happy,0.9955257725086994,0.9973325181636028
3_S02E04_395_u,"Okay, that was the third reference she's made to how much money she's making. Hmm. That's a $3500 bag. How do you know? You have the same one? No, I have the fucking Internet. You don't think she's making more money than us, do you?",0.0173531956970691,5.6126078561646864e-05,9.4944320153445e-05,0.0006786027806811,0.9784316420555116,0.0014723414788022,0.0019132120069116,neutral,-0.0182980047939054,0.019655210355267492
3_S02E05_179_u,"So Gavin Belson can just pick up the phone and make us radioactive to every single web-hosting service? It's how these guys operate. I mean, when Bill Gates got married on Lanai, he rented every helicopter on the Hawaiian islands so that paparazzi couldn't use them to fly over. Although in that case, it was a positive, because now you can imagine that wedding however you want. What? Dinesh: Jared? Our entire platform is web-based. We need servers for that. What the fuck are we going to do? I know what the fuck we're going to do. But you're not going to like it.",0.894808828830719,4.5127791963750497e-05,0.0093691255897283,0.0002851033350452,0.0937981829047203,0.0014540220145136,0.0002396638446953,angry,-0.9053920008918794,0.9059622075619698
3_S02E05_378_u,"I made my own computer when I was nine. From scratch or kit? It was from a kit, but I did my own mods. That's what I thought. I was nine.",1.274505029869033e-05,8.23520531412214e-06,2.3988784960238263e-05,0.0027685763780027,0.9971374273300172,1.8687740521272644e-05,3.044820005015936e-05,neutral,0.0027049195969084,0.0028322331590970233
3_S02E05_466_u,"Stop it, hey. Turn the music down. Turn it-- turn it off. We have neighbors. Are you kidding me? Look, Gilfoyle, you said that you would have all the servers up and running. And we're already a week behind. Don't you think you should be doing that instead of, you know, getting high on the job?",0.7416044473648071,0.0006527335499413,0.0025387164205312,0.0007663368596695,0.2484851330518722,0.0019765349570661,0.00397619465366,angry,-0.7460060954326764,0.7475387691520152
3_S02E07_256_u,"Even if we fired all of the engineers that we just hired... Looking good. Keep at it, Claude. Absolutely. Your jobs are not at risk.",0.000138789662742,1.0201371878792996e-05,7.801217725500464e-05,0.9986993074417114,0.0010163772385567,3.927782745449804e-05,1.7985683371080086e-05,happy,0.9984330264023812,0.9989655884810417
3_S02E10_133_u," Hey, Gilfoyle, we're up to 50,000 views. Whoa, it is, like, 500 degrees in here. Yeah. Anton is really starting to sweat. Yeah, I still can't believe you gave the servers a man's name.",0.0001507396809756,0.0002750061976257,0.0065115294419229,0.0366720296442508,0.003398218890652,0.000318678561598,0.9526737928390504,surprise,0.0294160757621284,0.043927983526373
3_S03E01_185_u,Did you tell Richard you were out? No. Did you?,0.0001055815519066,3.2062722311820835e-05,0.0001397512387484,6.567391392309219e-05,0.9990220069885254,0.0002353591844439,0.0003995131410192,neutral,-0.0004470807834877,0.0005784286113338131
3_S03E01_409_u,"Really? Why are you laughing? I'm sorry. Wow. Well, it's just that you really think that you're gonna be able to scale the platform without me? Goddamn it! - Yeah. - You don't think we can? Well, I know you can't.",0.0033680459018796,0.0012122351909056,0.0194856524467468,0.0242502931505441,0.0061644776724278,0.0721137449145317,0.8734055757522583,surprise,-0.0719293853035196,0.12042997160460779
3_S03E01_431_u,"- You wrote some of it. - You know what? We're gonna stay, and we're gonna build Pied Piper just to prove you wrong. Okay. Thank you for the solidarity by the way, and sticking with your friend. You know what, ERLICH? You can tell Barker to go fuck himself, so I can go to Flutterbeam and then watch these two assholes crash and burn trying to build out Pied Piper by themselves. This'll be great.",0.1130856424570083,9.1236419393681e-05,0.0003592058492358,0.8776766657829285,0.0083862179890275,0.0001858828036347,0.0002151022636098,happy,0.7639546982536558,0.991398633312201
3_S03E02_062_u,"So, why don't I show you guys your new home? Hopefully, it lives up to your standards.",1.05700592030189e-05,1.690807221166324e-05,4.054024975630455e-05,0.9782960414886476,0.0215529333800077,3.578882751753554e-05,4.7198471293086186e-05,happy,0.9781922342799588,0.9783998486973361
3_S03E02_111_u,"All right. Winner gets the big monitor. I understand how this works. Both: Ready? Rock, paper, scissors, shoot. Suck it. I should've known you'd throw rock. That's all you know in Pakistan. It's in your blood.",0.0014779719058424,7.890242704888806e-05,0.0052892477251589,0.1291683912277221,0.8635057806968689,0.0002729864499997,0.0002066702727461,neutral,0.1220492827196721,0.136287499735772
3_S03E03_012_u,Let me show you the next location in which we would install one of your boxes. Richard. What the fuck are we doing here? I don't like it any more than you do. I told Jack we'd come check this place out and then we'd have a discussion.,0.9860212206840516,4.502385127125308e-05,0.0003488161892164,2.338367630727589e-05,0.0133391348645091,0.0001916582696139,3.072530671488494e-05,angry,-0.986583335317846,0.9866301026704605
3_S03E03_111_u,More recruiter swag? You got an Oculus? - Yup. - That's a hoverboard? How many meetings are you taking? None. That's the irony.,1.5192337741609664e-05,1.0853663297893943e-05,4.8709734983276576e-05,0.0007017616881057,0.9988491535186768,2.5367222406202927e-05,0.000348968344042,neutral,0.0006016387296767,0.0008018846465346831
3_S03E03_126_u,"No. Whoa, whoa, hold on. You're wearing a gold chain? Oh, right. Yeah, I've had it for a while. Just kind of throw it on every now and then. None of that is true. - I definitely would've noticed. - Okay, listen. I've been working hard. I'm making money for the first time. I was like... buy myself something nice, you know?",0.0057013165205717,0.0005065713194198,0.0012842944124713,0.9461060762405396,0.0165720731019973,0.0035834561567753,0.0262460578233003,happy,0.9350304378313012,0.9571817146497776
3_S03E03_316_u,"She was supposed to talk Barker out of making the box. What the fuck happened? - Richard. - What? I was on the call, okay? She tried, he said no. - Well, then she should fire him. - She can't fire him. Why not? She fired me. Exactly. She can't fire him because she fired you. Firing a young CEO and installing a much more experienced one looks like leadership. Firing two CEOs in a month looks like chaos.",0.6601751446723938,7.758833817206323e-05,0.0011763276997953,3.773701610043645e-05,0.3371340036392212,0.0010135682532563,0.0003855774411931,angry,-0.6624048919475172,0.6624803659797178
3_S03E03_511_u,"Just be in. Uh, Dinesh? All right, fuck it, I'm in... but on one condition. I'm going to need everyone to solemnly swear, that they will no longer make fun of my gold chain. Not a word ever again. Well, guys, I think we can agree to that.",0.0071539087221026,4.182916018180549e-05,0.0003220370563212,0.9752061367034912,0.0169048476964235,0.0002698303433135,0.0001015346570056,happy,0.967418531421572,0.9829937419854103
3_S03E04_437_u,"Well, what you did took incredible guts. And the fact that it probably won't make any difference makes it all the more meaningful. Right, I saw this nature documentary where a bison fought a lion to protect the rest of the herd. And it was so moving. Um, it didn't work, the lion, uh, tore into the bison and then laid waste to the herd, but what courage.",0.0003386011521797,3.498634760035202e-05,0.0009232591255567,0.993587851524353,0.0012436672113835,0.003372237086296,0.0004993865732103,happy,0.98891876781272,0.9982569352359857
3_S04E01_575_u,"Gilfoyle, can I please be CEO of Pied Piper? Spoken like a true leader.",0.0003168225230183,8.809114660834894e-06,0.0001582108525326,0.0212656427174806,0.9782326221466064,1.13688874989748e-05,6.512130767077906e-06,neutral,0.0207704313397698,0.02176085409519131
3_S04E02_217_u,Do you think I have too much product in my hair?,0.000148620136315,2.5225494027836248e-05,0.000390711822547,0.0003222415107302,0.9990397095680236,5.669920574291609e-05,1.6847799997776747e-05,neutral,-0.0002990151479025,0.0009434981693629523
3_S04E02_326_u,"$21 billion? I mean, how is that even fucking possible?",0.3523593544960022,0.0061584375798702,0.0115615930408239,0.0001941383379744,0.1617044955492019,0.00470906868577,0.4633128941059112,surprise,-0.3745943154644919,0.37498259214044066
3_S04E04_363_u,Where'd you get those sunglasses? Did they come with the car?,8.004352821444627e-06,3.993746577179991e-05,6.786145240766928e-05,0.0014675997663289,0.9981525540351868,3.58381075784564e-05,0.0002281786437379,neutral,0.0013159583877495,0.0016192411449082703
3_S04E05_313_u,"I am so fucked. This girl is gonna kill me or get me killed. Do tell. So, she's super attractive, and she's super smart, and she's way into me,like way more than a normal person should be. And sex! There's so much sex! The problem is the part after.",0.9697520136833192,3.914652188541368e-05,0.0261429511010646,0.0002888594171963,0.0018965892959386,0.0017907507717609,8.967507892521098e-05,angry,-0.9974360026608338,0.9980137214952264
3_S04E05_320_u,"I am so fucked. This girl is gonna kill me or get me killed. Do tell. Not with her. She'll tell me how cute I am, and how into me she is, and how she hacked into Bowman Avenue dam. So, she's super attractive, and she's super smart, and she's way into me, like way more than a normal person should be. And sex! There's so much sex! The problem is the part after. When you have to apologize. No. When we do pillow talk. Oh. That's the best part. Everything before that is just foreplay.",0.9691659212112428,8.60521977301687e-05,0.0220899749547243,0.0037667714059352,0.0015768454177305,0.0030261287465691,0.0002882779517676,angry,-0.990601305704331,0.9981348485162015
3_S04E05_485_u,"Laurie? Look. I know you've been unhappy with me lately. Correct. Look. I'm asking you to trust me on something. Ed Chen has been making moves behind your back with the other partners to try and force you out of Raviga. You are referring to the baby shower ruse. You knew about that? Monica, this is my fourth child. I am no stranger to these types of machinations. However, I have countervailed it with my--",0.0008948967442847,3.5415225283941254e-05,0.0016688366886228,0.0002108731132466,0.0022571852896362,0.9947299957275392,0.0002027587179327,sad,-0.997118271272484,0.9975400174989772
3_S04E05_497_u,"Even though your disclosure just now had absolutely no actionable value, it did reveal tremendous loyalty, so... all is well now.",0.0002405176492175,2.9393013392109424e-05,3.782266503549181e-05,0.9965887069702148,0.0029988794121891,3.092288170591928e-05,7.375315180979669e-05,happy,0.9962500507608638,0.9969273631795659
3_S04E06_526_u,"Guys, this is madness. I have nothing to hide. I hear you, and yet... I'd like to look at my phone. Sure. Suit yourself. Swipe. Mm-hmm. Unlock. Mmm. You sure you don't care?",0.1086146235466003,2.11877759284107e-05,7.454236038029194e-05,0.0004894473822787,0.8905980587005615,0.0001478938647778,5.423057154985145e-05,neutral,-0.1083688001654081,0.1093476949299655
3_S04E07_292_u,(fridge chimes) Uh-oh! That yogurt is expired. See? This could've killed me.,0.0016182474792003,0.000386785948649,0.7143517136573792,0.0010272503132,0.2223269045352935,0.0590624511241912,0.0012266853591427,fear,-0.7743919478962198,0.7764464485226196
3_S04E10_120_u,"Gilfoyle, Anton is going to be fine, okay? Just spin him up. Please? All right, buddy. - (whirring) - Let's see what you're made of.",7.854345312807709e-05,8.90924347913824e-05,0.0001125109847635,0.124447077512741,0.873944878578186,6.572334677912295e-05,0.0012622015783563,neutral,0.124101207293279,0.12479294773220309
3_S05E01_120_u,"Richard: Okay, what about this guy, Chris Berger? He's a very skilled engineer. He was very funny when we met with him. I think he'd be great.",4.97447545058094e-05,3.2346015359507874e-05,0.0003856012190226,0.998581051826477,0.0006207006517797,6.036804916220717e-05,0.0002702282217796,happy,0.9980529917884268,0.9991091118645272
3_S05E02_072_u,"That's odd. You left before me. How was I able to park before you? I guess all 50 of the new employees decided to show up bright and early for the fucking all-hands meeting. I had to park on level five. Huh! So unlike you, the world understands  that I'm saving the planet and has rewarded me with...(clicks tongue) primo spot.",0.0180443674325943,5.901880285819061e-05,0.0002532333601266,0.0048506478779017,0.9748204946517944,0.0014225086197257,0.0005498034297488,neutral,-0.014928480337403,0.02462977609320649
3_S05E02_532_u,Are we bad people for leaving Richard there to work by himself? We've been coding for 48 hours straight. I could give a shit about deontological ethics. Yang.,0.138101115822792,7.404447387671098e-05,0.0026861007791012,3.752098200493492e-05,0.8559300899505615,0.0028366965707391,0.0003344241995364,neutral,-0.1436604366645042,0.14373547862851394
3_S05E03_098_u,"So kind of you to join us. You're welcome. Yeah! Uh, well, it's, uh, 2:00 PM. So, fourth day in a row you missed the stand-up meeting. Correct. Maybe you should hold it later. (chuckles) Okay, 'cause we literally moved it from 9:00 to 11:00 to accommodate you.",9.687527926871552e-05,2.065704029519111e-05,1.764135595294647e-05,0.9854303598403932,0.0140795791521668,0.0002195934648625,0.0001353058032691,happy,0.9850755927000135,0.9857851269807726
3_S05E05_119_u,"So, we're just giving a random company a bunch of free compute power on our network? I'm not worried about work. It's some company called Eklow, and apparently, they're a bigger deal than we are. As in Eklow Labs? The AI company? Yeah, I guess. And you said yes? I didn't really have a choice! Besides, I'm the only one who has the security privileges necessary to add or delete developers. Okay? So I'm the one that has to go over there and do all the work.",0.004823051393032,0.0002076549717457,0.2457565814256668,0.0039450153708457,0.7336066365242004,0.0020401361398398,0.0096209663897752,neutral,-0.2488824085594387,0.25677243930113
3_S05E06_207_u,"Danny over there is going to be reviewing your code, and keeping the results completely confidential. Jared...",1.2527390936156737e-05,3.4360014979029074e-05,0.0004732572124339,0.0463138818740844,0.9530432820320128,3.014039430127013e-05,9.25719505175948e-05,neutral,0.045763596861434,0.04686416688673476
3_S06E01_317_u,"So, how do we get rid of this fucker? Look, Richard, I don't like this any more than you do, but we can't get rid of Colin.",0.9955785870552064,8.334250742336735e-05,0.0012625624658539,0.0001510961010353,0.0005199043662287,0.0023013614118099,0.0001031427964335,angry,-0.9990747573392582,0.9993769495413288
3_S06E01_417_u," So, Dinesh thinks this is you? Correct. He's been messaging with it all day and he has no idea it's an AI. Well, we fooled a human. I guess we just passed the Turing test.",0.0006897349958308,2.084480729536153e-05,0.0002349945862079,0.5376369953155518,0.4608885049819946,0.0001339804584858,0.0003949043166358,happy,0.5365574404677318,0.5387165501633716
3_S06E01_460_u,"What the fuck is going on? Cause I just texted you, and you were-- Um, we've been texting back and forth all day. Was that not you? -And I was talking to it? Complicated question. Is your shadow you? -Was that a bot?. -Yes. So, I spent all day chatting with a bot? YES -You made an AI Gilfoyle? -Yes.",0.5869768857955933,5.46779265278019e-05,0.0012537274742498,0.0001612819032743,0.4103812873363495,0.0004552257305476,0.0007169329328462,angry,-0.5885792350236443,0.5889017988301927
3_S06E02_152_u,Richard's just tasked me with streamlining productivity and balancing headcount. Can you explain to me why you have no one working under you? It just seems odd considering that the agile board is showing that you have a massive backlog.,0.0052114818245172,2.5961602659663185e-05,0.034294493496418,0.0008111129282042,0.9559530019760132,0.0035609705373644,0.0001430656557204,neutral,-0.0422817945327551,0.04390402038916346
3_S06E02_171_u,"What ""guy"" exactly? The brooding, arrogant guy who refuses to take orders? Self-taught coder who looks down on anyone who's taken a class. You're probably an atheist or something more contrarian. You claim to be an anarcho-capitalist,but you work here and pay taxes. You've probably read half of Neal Stephenson's Cryptonomicon, and it's about 50/50 whether you own a snake. His girlfriend owns a snake.",5.2535127906594425e-05,1.423759022145532e-05,1.4594294043490663e-05,0.0002942155988421,0.9994586110115052,0.0001098273714887,5.5944845371413976e-05,neutral,0.0001030212151817,0.0004854099825023404
3_S06E02_398_u,"There's a reason Jared tried to ditch this guy. -We cannot take his money. -Why not? Did he tell you where he gets it from? How his grandfather was the chief of secret police under Pinochet? About how they ran their mines? They were basically slave traders. He can't really be all that bad. I mean, he really, really likes Pied Piper.",0.0070934765972197,1.2509610314737074e-05,0.0001369893434457,3.043889046239201e-05,0.9925884008407592,8.723038627067581e-05,5.101547867525369e-05,neutral,-0.0072997670467884,0.007360644827713206
3_S06E03_366_u,"You guys, there's really no other option. -Yes, there is. -What? No. Okay, if Hooli won't sell us Foxhole... -we could just buy Hooli. -(laughs) Right. Yeah.",0.0003857091360259,3.17137673846446e-05,0.0001105917908716,0.394769012928009,0.6040665507316589,0.0001158659506472,0.0005205313209444,neutral,0.3941251322830794,0.39541289357293835
3_S06E05_355_u,"-What? -Sorry. I just, um, I was quickly perusing your file-- That's not what peruse means. Peruse means to read thoroughly and carefully. Wow. That... that's... super helpful. Thank you for that tip. Um, anyway, yeah, I was just curious to know, like, what's it like growing up in Rhode Island?",0.0186453331261873,5.2909559599356726e-05,0.0004965316620655,0.953181803226471,0.0250245034694671,0.0015657258918508,0.0010331880766898,happy,0.9324213029867678,0.9739423034661739
3_S06E06_143_u,"Based on the amount of work left to do and the number of hours left before the festival, I decided to task Son of Anton to use machine learning to debug some of our code. What? Gilfoyle, are you fucking kidding me? You gave your AI permission to overwrite code in the internal file system? -Were you gonna tell me about this? -No.",0.7961017489433289,9.661572403274477e-05,0.0359022840857505,0.0003876008559018,0.1563880890607834,0.0079504139721393,0.0031732369679957,angry,-0.8396634618693497,0.8404386635811532
3_S06E07_272_u,"When Richard told me about the dots last night,initially, I dismissed it as the ranting of a self-sabotaging idiot. But a few hours later when I woke up in a stall in the second story men's bathroom, I realized something.",0.0744337737560272,0.000745887402445,0.0036285857204347,0.0001983718102565,0.7646530270576477,0.1525607705116272,0.0037796220276504,neutral,-0.2311706455802777,0.2315673892007906
