KEY,SCENE,CONTEXT,NUM_CONTEXT_UTTERANCES
1_10004_u,1_10004,"PERSON: Well, I'm sure that, uh, you... have a lot of questions. SHELDON: Who was he? PERSON: His name is Ron. I met him at my prayer group. SHELDON: How long have you been involved with him? PERSON: A few months.",5
1_10009_u,1_10009,"AMY: FYI, we plan on selling out the human race hard. PENNY: In 20 years, who knows what'll happen with any of us? PERSON: I think you and Leonard will be together. PENNY: You do? PERSON: Yeah. I think you're the best couple I know. PENNY: That's so sweet. AMY: What the hell?! Excuse me? PENNY: Ah-da-da-da-da!",8
1_1001_u,1_1001,"SHELDON: Or maybe she just doesn't want to talk. RAJ: Look, I found an iPod! HOWARD: It's smashed beyond repair. What are you gonna do with it?",3
1_1003_u,1_1003,"HOWARD: It's smashed beyond repair. What are you gonna do with it? RAJ: What else? Sell it on eBay as ""slightly used."" LEONARD: It was Penny's boyfriend's, they broke up. HOWARD: Apparently, he posted intimate details of their physical relationship on his blog which I cannot find anywhere. LEONARD: I'm gonna go back and try talking to her again.",5
1_10190_u,1_10190,"PENNY: it's important to the story that my boobs be the last things to turn ape. LEONARD: It's sweet that he thinks there's a story. PENNY: Oh, and there's not even a bathroom on set. I have to go to the gas station across the street. PENNY: I mean, I was dressed like half an ape and still not even close to the most disgusting person in there. SHELDON: Leonard, I could use your assistance. LEONARD: Sure. What's up?",6
1_10462_u,1_10462,"SHELDON: it's-it's what my grant was designated for, and that everybody has to do things they don't want to do. SHELDON: He then gave an example of something he had to do, even though he didn't want to, which was look at my stupid face. LEONARD: That's a rude thing to say. Out loud. SHELDON: It's an outrage. Honestly, I'm tempted to leave the university.",4
1_10495_u,1_10495,"SHELDON: Ugh! It's like walking into the Amazon. And not the good Amazon with one-day shipping. The awful one with birds and snakes. AMY: You hate the sound of all those keys on his key chain. SHELDON: Four keys! Who does he think he is, a warden? AMY: See? Maybe you'll love living alone. SHELDON: I don't know. Perhaps.",5
1_10496_u,1_10496,"SHELDON: And not the good Amazon with one-day shipping. The awful one with birds and snakes. AMY: You hate the sound of all those keys on his key chain. SHELDON: Four keys! Who does he think he is, a warden? AMY: See? Maybe you'll love living alone. SHELDON: I don't know. Perhaps. AMY: And if it turns out you don't... you and I could live together",6
1_105_u,1_105,"SHELDON: Great Caesar's ghost, look at this place. LEONARD: So Penny's a little messy. SHELDON: A little messy? SHELDON: The Mandelbrot set of complex numbers is a little messy. This is chaos. SHELDON: Excuse me. SHELDON: Explain to me an organizational system where a tray of flatware on a couch is valid.",6
1_10748_u,1_10748,"SHELDON: Howard and Bernadette, Raj and his girlfriend, Penny and Chardonnay, Penny and you. LEONARD: There isn't any ranking. LEONARD: And if there were, we wouldn't be at the bottom of it. PENNY: Yeah, and actually, I drink Sauvignon Blanc. LEONARD: That's the part you have a problem with? PENNY: Relax.",6
1_10797_u,1_10797,"BERNADETTE: to be a pharmaceutical sales rep. BERNADETTE: Maybe she can practice on you some time. PENNY: Oh, it would be great to practice on a real doctor. PERSON: Yeah. I'm sure that'd be fine. SHELDON: I have some odd freckles on my buttocks. SHELDON: Can I make an appointment for you to look at them? PERSON: Um... okay, I guess.",7
1_10810_u,1_10810,"SHELDON: For starters, they shed and bite. LEONARD: Hey, here's a thought. Why don't we put up the rest of the money that Stuart needs? RAJ: So, we'd be, like, owners of a comic book store? LEONARD: It's kind of a dream come true. HOWARD: That does sound fun. RAJ: Ooh, maybe we could come up with a business plan to compete with this place.",6
1_10829_u,1_10829,"RAJ: You would leave me out of the conversation with the next guy if you dump Leonard? PENNY: Why say it? Yes! RAJ: Well, I would never leave you off my list, and not just because, without you, we're playing fast and loose with the word list. PENNY: Well, good job. Now she hates me. RAJ: Great.",5
1_10849_u,1_10849,"HOWARD: he used to... take me to the comic book store. HOWARD: It was one of the few things we did together. BERNADETTE: Oh. Howie, I had no idea. HOWARD: Well, I don't... like to talk about it. BERNADETTE: Oh, baby. That story's made up, isn't it?",5
1_10853_u,1_10853,"PERSON: Uh, listen, Penny, before you start, I just want to apologize for being so rude the other day in my office. PENNY: No, no. No need to apologize. RAJ: Excuse me, can I say something? RAJ: I just love both you guys, and I want you to get along. RAJ: And when I say love"" I meant as a friend. And, uh, way too soon, right?",5
1_10857_u,1_10857,"PENNY: Okay, sit down. Listen, Emily, what happened between me and Raj was a long time ago. RAJ: It was, and I may have made it seem like a bigger deal than I should have. PENNY: Yeah, and Leonard and I are engaged now, and I'm just hoping we can put this whole thing behind us. PERSON: Mm. I'd like that, too. PERSON: Yeah, I thought I'd be okay with it, but then I saw how pretty you are. PENNY: Oh, that's so sweet. I mean, look at you-- you are gorgeous.",6
1_10859_u,1_10859,"RAJ: It's true-- you're both gorgeous. RAJ: Kind of says something about the man who could bed you both. RAJ: You get why I've been alone most of my adult life. PERSON: So, what brings you by? Well,",4
1_10890_u,1_10890,"LEONARD: Robot girlfriend. HOWARD: Mm, that was mine. LEONARD: Robot prostitute. HOWARD: Also mine. SHELDON: Wait. I'm confused. Why would you need both a robot girlfriend and a robot prostitute? HOWARD: There's just some things you don't do with your robot girlfriend.",6
1_10977_u,1_10977,"BERNADETTE: Like what? Your incomplete set of <i>Star Trek</i> collector plates? HOWARD: For your information, I just bought the last one I needed on eBay. BERNADETTE: Without asking me? HOWARD: There were only three minutes left in the auction and it was a mint condition Scotty from a smoke-free home. BERNADETTE: How much, Howie? HOWARD: Not a lot. BERNADETTE: How much?",7
1_11006_u,1_11006,"PENNY: Well, if I do well in sales, I could end up making a lot more money than you. LEONARD: Not a problem. I grew up with a mother who emasculated my father financially and in every other aspect of his life, so... LEONARD: ...really, it's what I think love looks like. BERNADETTE: I'll be right back. I'm gonna go check on him.",4
1_11021_u,1_11021,"BERNADETTE: So, what are you working on these days? AMY: I'm studying one-celled organisms to try and find the neurochemicals that lead to the feeling of shame. BERNADETTE: What would a one-celled organism have to be embarrassed about?",3
1_11042_u,1_11042,"AMY: but since you seem to be okay with the article being canceled, I have a little confession. I'm the reason it was pulled. BERNADETTE: What? How? AMY: I sent the editors of the magazine a pretty scathing e-mail. BERNADETTE: Amy, what did you say? AMY: I simply pointed out that they would never consider doing an article ranking male scientists on their sexuality, let alone showing them in various stages of undress.",5
1_11046_u,1_11046,"SHELDON: Red Zinger with one teaspoon of honey. PERSON: Thank you. Neat<i> Star Trek</i> mug. PERSON: I actually have one of the phasers from the original TV show. HOWARD: Oh, cool. How'd you get that? PERSON: Oh, easy, Gene Roddenberry needed a vasectomy. SHELDON: Wait a minute. You've snipped Gene Roddenberry's vas deferens? PERSON: Yes.",7
1_11051_u,1_11051,"PERSON: Ooh. He was so happy after he passed it, he gave me a Terminator. LEONARD: That is amazing. How long have you been collecting? PERSON: Ever since I was a kid, but, uh, I didn't really get serious until William Shatner's bladder infection. SHELDON: What'd you get? What'd you get?",4
1_11055_u,1_11055,"HOWARD: A gallant man would defend his fiance for being called a urethra. LEONARD: Can we please change the subject? RAJ: Well, that didn't go your way. PENNY: Dr. Lorvis, what are you doing here? PERSON: Uh, well, actually I came to see you. PENNY: Really? Why?",6
1_11098_u,1_11098,"PENNY: I don't suppose you also brought napkins, clean bowls, utensils and a roll of toilet paper. BERNADETTE: Right here. PENNY: You guys are the best. AMY: What's with the clothes? PENNY: Well, with all the new stuff I bought for work, I needed to make room in my closet. AMY: I meant why are they folded? But whatever. AMY: Ooh, what's this? PENNY: That, believe it or not, is my prom dress.",8
1_11120_u,1_11120,"PERSON1: There's nothing weird going on with me and your mother. PERSON2: Stewie, your bath is getting cold! PERSON1: I got to go, bye. SHELDON: Penny? Penny. Penny. Penny. Penny. PENNY: You knocked more than usual.",5
1_11177_u,1_11177,"LEONARD: Okay, why?",1
1_11201_u,1_11201,"AMY: It's nice they're getting exercise. SHELDON: Although now that I think about it, Leonard would never go swimming in public without his swim shirt. AMY: I'm sure he brought it. SHELDON: No, but last year, at Magic Mountain, he got such a bad sunburn, we had to cut him out of it.",4
1_11224_u,1_11224,"BERNADETTE: You heard what he said about his parents. It was the little things they kept bottled up. I don't want that to happen to us. HOWARD: How can I convince you it won't? BERNADETTE: Well, is there anything about me you're keeping inside? HOWARD: I'm not answering that. It's a trap. BERNADETTE: So there<i> are</i> things you don't like.",5
1_11232_u,1_11232,"HOWARD: And I love that you're strong and independent. BERNADETTE: And yet, I still love when you hold a door for me. HOWARD: I love that I'm kind of a slob around here, and... you're okay with that. BERNADETTE: Uh-huh.",4
1_11236_u,1_11236,"SHELDON: Wow. I don't know which hurts worse-- my nose or my heart. SHELDON: Well, I'm done speaking to you. AMY: Don't be like that. You two need to talk this out. PENNY: Yeah, 'cause you sound really funny. LEONARD: Sheldon, I'm sorry I didn't tell you about the surgery, but you were worried about nothing.",5
1_11242_u,1_11242,"SHELDON: I was not panicked, and I am not overly attached to Leonard. LEONARD: You were so worried that you smashed your face trying to check on me. You love me. SHELDON: Yeah. Tell me those aren't the words of a man with a spider eating its way through his brain. SHELDON: Amy, you're a neuroscientist. Crack his skull open, spray some Raid in there.",4
1_11243_u,1_11243,"SHELDON: Yeah. Tell me those aren't the words of a man with a spider eating its way through his brain. SHELDON: Amy, you're a neuroscientist. Crack his skull open, spray some Raid in there. BERNADETTE: I love that you take pride in your looks, even when I have to pee in the morning, and you're in there spending an hour on your hair.",3
1_11253_u,1_11253,"SHELDON: Who will stand between us and flag ignorance"""" AMY: I know I was thinking that. Is this a show on flags or mind reading? SHELDON: But the truth is I can no longer balance a full-time career, a popular Internet show, and a girlfriend. AMY: And he really does have one, you jerks on the comment board.",4
1_11257_u,1_11257,"RAJ: You know, I thought cleaning out a dead professor's office was gonna just be boring, but then I found his dentures and realized it's also gross.",1
1_11306_u,1_11306,"LEONARD: Well, that's it. LEONARD: That's the end of Roger Abbott. RAJ: And we still don't know who framed him. LEONARD: I still keep thinking about how an entire life can seemingly amount to nothing.",4
1_11322_u,1_11322,"PENNY: Hey, how are things going with your parents? RAJ: Not great. They hired divorce attorneys. SHELDON: You know, speaking of attorneys, if I ever needed a lawyer, I would not hire She-Hulk.",3
1_11378_u,1_11378,"LEONARD: Okay. On the count of three, I'll shoot the fire extinguisher and get him airborne. LEONARD: Howard, you wave the blanket and guide him towards the exit. LEONARD: Raj, you hold open the curtain so he can fly out.",3
1_11439_u,1_11439,"LEONARD: This isn't so bad. SHELDON: That's easy for you to say. Your chair's not facing the lingerie section. SHELDON: Boy, that's a lot of panties. AMY: You guys comfy? This might take a while. SHELDON: You know, I don't understand why women insist on making a big production out of buying clothes.",5
1_1144_u,1_1144,"HOWARD: Are you saying that you've been holding back? LEONARD: Of course. Out of respect. HOWARD: So, how do you explain the ten years before Penny? RAJ: Who were you respecting then? LEONARD: Well, I've dated plenty of women. LEONARD: There was Joyce Kim, Leslie Winkle",6
1_11485_u,1_11485,"SHELDON: See, I've got, uh, my tea is at the perfect sipping temperature. SHELDON: Uh, I have fleece-lined boxer shorts to keep my tushie toasty. SHELDON: And then, oh, last but not least, this inspirational cat poster, improved with the reassuring face of physics renegade Richard Feynman.",3
1_11526_u,1_11526,"AMY: If I were going to Hawaii, I'd spend all my time at the Keck Observatory. Did you know that the telescopes there have better resolution than the Hubble? PENNY: Really? Want to go to Hawaii? SHELDON: Ladies? Ladies... Ladies? PENNY: Come in. SHELDON: Ladies. PENNY: What's up?",6
1_11529_u,1_11529,"PENNY: What exactly do you think goes on here? SHELDON: Well... conversations that you wouldn't be comfortable having in front of the opposite sex. SHELDON: You know, who has the best cervix. SHELDON: Which sanitary napkin is all the rage right now. SHELDON: Men's buttocks, and how you want to pat and squeeze them. BERNADETTE: We were talking about Penny's job.",6
1_11609_u,1_11609,"LEONARD: Do you really want him to write back? SHELDON: Yeah, I do. No matter how he responds, I am going to destroy him with a picture of a bored cat saying, ""Oh, really?"" LEONARD: Me-wow.",3
1_11697_u,1_11697,"BERNADETTE: Can you please just let it go? SHELDON: Oh, I can help you with that. SHELDON: Imagine you're holding an ordinary pen. SHELDON: While your favorite pen is safe and secure in your pocket. HOWARD: Hold that thought. HOWARD: Hello? AMY: How can I make this up to you?",7
1_11699_u,1_11699,HOWARD: Hold that thought. HOWARD: Hello? AMY: How can I make this up to you? PENNY: The answer's in this puzzle box. Let's see if you can open it. BERNADETTE: You could have at least warned him about the furniture. RAJ: That's what I said when we moved it. BERNADETTE: You helped him?!,7
1_11723_u,1_11723,"AMY: Oh... then I choose a janitor. 'Cause I'm about to throw up. LEONARD: I'm in love. Let's do something else. RAJ: Ooh, uh, Emily gets off work soon. Why don't the four of us go out? AMY: Okay. Sounds good. LEONARD: Should we call Howard and Bernadette? RAJ: I don't know what time their plane gets in, but let me, let me shoot them a text. AMY: Did he say anything about the funeral?",7
1_11736_u,1_11736,"PERSON: Mr. and Mrs. Wolowitz? PERSON: As far as I can tell, your bag arrived in Los Angeles. BERNADETTE: So, where is it?",3
1_11773_u,1_11773,AMY: we decided that the time was right to take a step forward. LEONARD: Okay. SHELDON: Do you want to say it? AMY: Let's say it together. SHELDON: We're getting a turtle!,5
1_1180_u,1_1180,"PENNY: Yeah, sure. SHELDON: I don't like bear claws. PERSON: Hey, Penny. PERSON: Dumbass. SHELDON: Leslie Winkle. SHELDON: Of all the overrated physicists in all the labs in all the world, why does it have to be Leslie Winkle? PENNY: They have a lot in common. I mean, they're both scientists.",7
1_1185_u,1_1185,"LEONARD: I'm sorry about all of Sheldon's interruptions. He can be a bit of an eccentric. PERSON: If by ""eccentric"" you mean passive-aggressive East Texas blowhole, I agree.",2
1_11885_u,1_11885,"PERSON: Glad you guys could make it. LEONARD: Of course. PENNY: Wow, it looks really pretty in here.",3
1_11889_u,1_11889,"SHELDON: Hi. Hello. SHELDON: Oh, and a special hello to Leonard, who needs to be mentioned by name. LEONARD: Subtle. SHELDON: But you got it, right? HOWARD: Hey, guys. PENNY: Hey. Hi. Hello. HOWARD: I just want everyone to know, uh, tonight's not a sad occasion.",7
1_1189_u,1_1189,"PERSON1: That's enough. PERSON1: Call me. LEONARD: Right. PENNY: Okay, good night. PERSON2: What? PENNY: Had a great time. Ciao.",6
1_11901_u,1_11901,"SHELDON: I don't believe it matters what the topic is. SHELDON: What's crucial for a salon is that we conduct the discussion in an elevated and insightful way. It's all about the execution. LEONARD: Of course you'd focus on that rather than the inspiration. LEONARD: Uh, new salon topic. What's more important, an idea or its execution? BERNADETTE: Oh, that's fun.",5
1_11913_u,1_11913,PENNY: I don't think I've eaten that much in my entire life.,1
1_11924_u,1_11924,"BERNADETTE: So, I put stickers on everything we're gonna sell. We just need help taking it all out to the driveway. AMY: Can I be in charge of pricing? I've been going to garage sales my whole life. AMY: Can you believe I got these pantyhose for a nickel?",3
1_11928_u,1_11928,"HOWARD: All right, Amy's in charge of pricing and being 75. RAJ: Hey, Penny, can you give me a hand with this? PENNY: Sure. Aw, we had one of these growing up. I used to play all the time. RAJ: Oh, yeah? I love Ping-Pong. PENNY: Oh, I meant beer pong. AMY: I had a table, too, but I didn't have any friends, so all I did was serve. BERNADETTE: You know, you can leave one side up and play against it.",7
1_12002_u,1_12002,"SHELDON: It's not like I was invited to Richard Feynman's house and have anything better to do. AMY: Is this how the rest of the night's going to be? SHELDON: I don't know the future. SHELDON: Do you think there's a chance that an asteroid could hit the Earth, destroying Feynman's house and everyone in it? AMY: No, Sheldon.",5
1_12083_u,1_12083,BERNADETTE: What's going on in here? HOWARD: I am making molecular cocktails. This sphere is actually a cosmopolitan. BERNADETTE: How do you drink it?,3
1_12202_u,1_12202,"PENNY: Leonard, what time does your mom's plane get in? LEONARD: I don't know-- some time tomorrow morning. PENNY: Don't you want to know for sure?",3
1_12275_u,1_12275,"PERSON: I don't want to rush you, but I'm closing a little early tonight. RAJ: Ooh. Hot date?",2
1_12320_u,1_12320,"LEONARD: Okay. Well, then it's settled: small indoor church wedding, black-tie, no butterflies. PENNY: Sounds perfect. Great. SHELDON: You still didn't pick a date. PENNY: Stay out of it! Shut up!",4
1_12331_u,1_12331,"PERSON1: Stuart: It's just my dad, probably calling to wish me a happy birthday. I'll call him back. PERSON1: You were saying? PERSON2: Look, Raj, be honest with me. If you want to end things, just do it. Don't expect me to do it for you. RAJ: End things? I'm trying to tell you that I love you. HOWARD: Happy birthday to you.",5
1_1262_u,1_1262,"SHELDON: Leonard, this is Tom. LEONARD: Hi, Tom. Sheldon? LEONARD: Didn't I explain to you about your little mistake in the cafeteria?",3
1_1296_u,1_1296,"RAJ: They're going to digitally add a supernova. They say it's the perfect metaphor for my incandescent talent. SHELDON: Right, a ball of hot, flaming gas that collapses upon itself. RAJ: Excuse me. Oh, it's my assistant, Trevor. RAJ: Go for Koothrappali.",4
1_1466_u,1_1466,"PERSON: Excuse me, Dr. Cooper. I'm Kathy O'Brien. PERSON: I just finished reading your paper reconciling the black hole information paradox with your theory of string-network condensates, and it just took my breath away.",2
1_1470_u,1_1470,"PENNY: Hey, guys, I need to use your TV. SHELDON: What's wrong with your TV?",2
1_1478_u,1_1478,"LEONARD: Did I miss anything? Did they kick Giselle off? RAJ: Not yet, but her underwater photo shoot was an embarrassment.",2
1_1484_u,1_1484,SHELDON: Who touched my… HOWARD: Penny! Penny did it. SHELDON: Why would you do that? PENNY: I don't know. I was hungry? What's the big deal?,4
1_1549_u,1_1549,"SHELDON: Will you at least stipulate that Star Trek IV: The Voyage Home is inarguably the best? RAJ: I have three words for you: Wrath of Khan. HOWARD: Thank God, you're here. LEONARD: What's the emergency? HOWARD: I got the Mars Rover stuck in a ditch. SHELDON: Where?",6
1_1560_u,1_1560,"HOWARD: So my friend Leonard is gonna take you home. PERSON: Okay. Let's go, friend Leonard. HOWARD: I'll call ya. PERSON: So are you a scientist like Howard? LEONARD: No one's a scientist like Howard. HOWARD: My mother is so gonna love her.",6
1_162_u,1_162,"PERSON: On the other hand, no arousal. LEONARD: None? PERSON: None. LEONARD: Thank you for your time. PERSON: Thank you. LEONARD: None at all?",6
1_1627_u,1_1627,"PERSON: So, we're all standing around looking at the post-op X ray and there it is, clear as day, right in the guy's chest cavity...one of my earrings. LEONARD: Oh, my God, what did you do?",2
1_1638_u,1_1638,"LEONARD: What, Sheldon? What, Sheldon?! What, Sheldon?! SHELDON: Tell me what you see here.",2
1_1666_u,1_1666,"SHELDON: it will establish you as the ""alpha"" male. SHELDON: You see... when a female witnesses an exhibition of physical domination, she produces the hormone oxytocin. SHELDON: If the two of you then engage in intercourse, this will create the biochemical reaction in the brain which lay people naively interpret as ""falling in love."" LEONARD: Huh",4
1_1678_u,1_1678,LEONARD: Can you open this for me? RAJ: Can I see your stitches? LEONARD: Sure.,3
1_1722_u,1_1722,PERSON: What are you doing here? SHELDON: Hang on. 130 over 80. It's a little high. SHELDON: We can attribute that to the stress of sneaking past the security desk. PERSON: Where did you get the stethoscope and the blood pressure cuff?,4
1_1732_u,1_1732,PERSON: Oh no SHELDON: What?,2
1_175_u,1_175,"SHELDON: Oh, good Lord. LEONARD: God, that's a good song.",2
1_1772_u,1_1772,"HOWARD: There are always do-overs when my people play sports. SHELDON: Where were you that's more important than Wii bowling night? LEONARD: Actually... SHELDON: It's rhetorical. There is nothing more important than Wii bowling night. LEONARD: Come on, it's just a video game. And we suck at it. SHELDON: Nice motivational speech from the team captain. SHELDON: Where were you?",7
1_1798_u,1_1798,"HOWARD: You're kidding. You've got lotions and bath oils and soaps. That's the estrogen hat trick. SHELDON: What it is is a cacophonous assault of eucalyptus, bayberry, cinnamon and vanilla. SHELDON: It's as if my head were trapped in the pajamas of a sultan.",3
1_1803_u,1_1803,"PERSON: Leonard. Come, join us. LEONARD: Hey, Dave. And Penny, what a surprise. PENNY: Dave was just showing me around the university. This place is unbelievable! LEONARD: I know, I've been offering to show you around for a year and a half. You always said you had yoga. LEONARD: I never said that.",5
1_182_u,1_182,LEONARD: How do I look? SHELDON: Could you be more specific? LEONARD: Can you tell I'm perspiring a little?,3
1_1931_u,1_1931,LEONARD: Where are we going? SHELDON: You're driving me to the mall. SHELDON: I'm going to acquire a book that summarizes the current theories in the field of friend-making.,3
1_1973_u,1_1973,"SHELDON: Ask me why. LEONARD: Do I have to? SHELDON: Of course. That's how you move a conversation forward. LEONARD: Why? SHELDON: The learning opportunities would be abundant. SHELDON: Additionally, I like having my belly scratched.",6
1_1987_u,1_1987,"LEONARD: Hey. PENNY: Hey. LEONARD: A little mood lighting, huh?",3
1_2075_u,1_2075,"HOWARD: Say what? HOWARD: That's basically what I just said. LEONARD: You brought your husband to work. You know the rules. LEONARD: Mesa thinking yousa looking pretty sad now too, betcha, betcha. PERSON: Leonard, it's 1:00. Weren't you going to show me your laboratory at 1:00?",5
1_2119_u,1_2119,"HOWARD: but wait to be captured or killed. PERSON: That's the worst part, the waiting. HOWARD: All the while knowing that there's a paint pellet out there with your name on it. PERSON: The big wet ball of death.",4
1_213_u,1_213,"SHELDON: You know, I am not going to enjoy this party. LEONARD: I know, I'm familiar with you. SHELDON: The last department party, Professor Finkleday cornered me and talked about spelunking for 45 minutes. LEONARD: Yes, I was there. SHELDON: You know what's interesting about caves? LEONARD: What? SHELDON: Nothing. LEONARD: Then we'll avoid him, we'll meet the new department head, congratulate him, shake his hand and go.",8
1_2198_u,1_2198,"SHELDON: See, by attaching RFID tags to my clothing, it will enable my laptop to read and identify the items with this wand. SHELDON: I will then cross-reference them against destination, anticipated activity spectrum, weather conditions, duration of trip, et cetera. LEONARD: That does sound much simpler. LEONARD: How long is this going to take?",4
1_2216_u,1_2216,"HOWARD: Unlike you, I can actually talk to women when I'm sober. RAJ: You fail to take into account that even mute, I am foreign and exotic, while you, on the other hand, are frail and pasty. HOWARD: You know the old saying, ""Pasty and frail never fail.""",3
1_2354_u,1_2354,"SHELDON: They're here. LEONARD: Stay calm. We don't know anything about them yet. LEONARD: What are you doing? SHELDON: I'm checking for musical instruments. SHELDON: Does that sound like castanets to you? LEONARD: The box says ""kitchen.""",6
1_2361_u,1_2361,PERSON: Thanks so much for helping me.,1
1_2420_u,1_2420,"SHELDON: Or pick out his career for him without knowing his aptitude. Or pick out a new breakfast cereal without knowing his fiber requirements. SHELDON: Or his feelings about little marshmallows. PENNY: Spider-Man. Get him Spider-Man. SHELDON: Amazing Spider-Man, Ultimate Spider-Man, Spectacular Spider-Man, The Marvelous Adventures of Spider-Man, Spider-Man 2099? PENNY: Leonard",5
1_2423_u,1_2423,"PENNY: Everybody's staring at me. LEONARD: Don't worry, they're more scared of you than you are of them. PENNY: Unlikely. PENNY: Here, what about this one for my nephew? SHELDON: A superb choice. PENNY: Oh, great.",6
1_2464_u,1_2464,"PENNY: Come on. I think it's nice that Captain Sweatpants showed up to your art opening. PERSON: Yeah, it would have been nicer if he hadn't touched all the cheese. PENNY: You know, it's kind of early. Do you want to maybe come in for some coffee? PERSON: Gee, it's a little late for coffee, isn't it?",4
1_2575_u,1_2575,"HOWARD: This thing has to hold up against a hearty potato-based diet. LEONARD: I feel terrible HOWARD: Maybe if you were helping, you'd feel better about yourself. LEONARD: I deliberately tried to sabotage Stuart's date with Penny. RAJ: Of course you feel terrible. You completely screwed up your karma.",5
1_2580_u,1_2580,"RAJ: It's actually a very elegant system. You know, what goes around comes around. HOWARD: Speaking of what goes around comes around... RAJ: Okay, look. Instead of trying to reinforce this structure here, what if we just ran another line, bypass it entirely? SHELDON: It won't work. The diameter of the tubing is insufficient. RAJ: What if we reposition the collection tank? SHELDON: It won't work. No way to mount it.",6
1_2614_u,1_2614,"LEONARD: You went to President Seibert's house in the middle of the night? SHELDON: He didn't respond to my e-mail, his phone number is unlisted. Tell me what my other option was. LEONARD: You could have waited until morning. LEONARD: I know, look who I'm talking to. SHELDON: Do you remember the grant proposal I submitted to the National Science Foundation to detect slow-moving monopoles at the magnetic North Pole?",5
1_2616_u,1_2616,"SHELDON: Of course not. I'm a theoretical physicist. A career I chose in no small part because it's indoors, but if I'm able to detect slow-moving magnetic monopoles there, I will be the scientis to confirm string theory. SHELDON: People will write books about me. SHELDON: Third-graders will create macaroni-art dioramas depicting scenes from my life.",3
1_2664_u,1_2664,"LEONARD: I don't think I can go to the North Pole. SHELDON: I know you're concerned about disappointing me but I want you to take comfort from the knowledge that my expectations of you are very low. LEONARD: Yeah, that's very comforting. SHELDON: Comforting is a part of leadership. It's not a part I care for, but such is my burden.",4
1_2669_u,1_2669,"PENNY: What time is it? LEONARD: It's 7:00 a.m. I'm sorry it's early, but we're leaving soon, and I needed to talk to you.",2
1_276_u,1_276,"PERSON: He switched over to high-energy radiation research, had a little mishap, and now the other guys are uncomfortable sitting next to him. PERSON: You're in? LEONARD: Yeah, sure, why not? PERSON: Great, we rehearse on Tuesdays at your place. LEONARD: Why at my place? PERSON: Department of Energy said our regular space is kind of a hot zone. PERSON: Nice meeting you. PENNY: Yeah, you, too. Leonard, I didn't know you played the cello.",8
1_2778_u,1_2778,"HOWARD: Don't push me, Sheldon. I may be small, but I took kung fu when I was 13, and I remember a good deal of it. SHELDON: Oh, really? SHELDON: Well, I grew up with an older brother and a very contentious twin sister. SHELDON: And I believe I could easily best you in any physical confrontation-- be it noogies, swirlies or the classic ""Why are you hitting yourself?""",4
1_2792_u,1_2792,"SHELDON: like Mrs. Riley' s chicken. PENNY: What's Mrs. Riley's chicken? SHELDON: A chicken that was owned by Mrs. Riley. PENNY: Okay, forget the chicken. SHELDON: Well, I wish I could. PENNY: No, no. You may be right about me and Leonard. SHELDON: Of course I'm right What are the odds I'd be wrong twice in one week?",7
1_2797_u,1_2797,"SHELDON: It's oatmeal day. PENNY: Tell you what, next French toast day, I'll make you oatmeal. SHELDON: Dear Lord, are you still going to be here on French toast day? LEONARD: Morning. SHELDON: Look, Leonard, Penny made French toast. LEONARD: Sorry, I haven't given her your schedule yet.",6
1_2819_u,1_2819,"LEONARD: Howard, what did you do? HOWARD: They're called tattoo sleeves. Look. HOWARD: I got them online. Raj got a set, too. HOWARD: Fantastic, right? HOWARD: Put them on, have hot sex with some freaky girl with her business pierced, take them off, and I can still be buried in a Jewish cemetery.",5
1_2830_u,1_2830,"RAJ: I think we're fitting in quite nicely. HOWARD: It'd help if you weren't drinking light beer. RAJ: What's so gothic about vodka and cranberry juice? HOWARD: Hello? It looks like blood. HOWARD: Did you even read the ""Wiki how"" link I sent you on being Goth?",5
1_2837_u,1_2837,"PERSON: You'll never guess who they got to replace you at work. LEONARD: Okay, I know what you're doing. SHELDON: Really? LEONARD: Yes, you're using chocolates as positive reinforcement for what you consider correct behaviour. SHELDON: Very Good.",5
1_2842_u,1_2842,"PERSON: So, what do you guys do?",1
1_2853_u,1_2853,"PENNY: My God, she didn't! LEONARD: What could she possibly be talking about for so long?",2
1_3064_u,1_3064,LEONARD: When are you going to stop making Cylon toast?,1
1_3069_u,1_3069,"SHELDON: Am I correct in assuming that your attempt to be accepted by Penny's peers is based on your desire to ensure your continuing mating privileges with her? LEONARD: Well, I wouldn't put it exactly that way. SHELDON: How would you put it? LEONARD: Yeah, okay, like you said.",4
1_3125_u,1_3125,"LEONARD: Let me ask you something. LEONARD: Do you think it's okay for Penny to have an ex-boyfriend sleep on her couch? HOWARD: No, I mean, she's obviously way out of line. LEONARD: Thank you!",4
1_3177_u,1_3177,"RAJ: We did it. We have the west coast feed of hbo. HOWARD: Ooh,real sex. RAJ: Big deal. Every time I watch that show, it's old women putting condoms on cucumbers. LEONARD: All right,let's see what's on the east coast feed. RAJ: Dune.",5
1_3204_u,1_3204,"HOWARD: Anything? LEONARD: No. that was the last pudding cup. HOWARD: No! What about slim jims LEONARD: Thats what he used to eat his pudding, remember?",4
1_3256_u,1_3256,"HOWARD: So nice you could join me this evening. HOWARD: You're looking lovely as always. PERSON: Thanks, Howard. Always nice to be part of your masturbatory fantasies. HOWARD: Come on, Katee. Don't make it sound so cheap.",4
1_3259_u,1_3259,"HOWARD: Thank you. HOWARD: So, shall we get started? PERSON: Sure. But can I ask you a question first? HOWARD: Do you want to play Cylon and colonist? PERSON: I want to know why you're playing make-believe with me when you could be out with a real woman tonight. HOWARD: You mean, Bernadette?",6
1_3287_u,1_3287,"HOWARD: I told my girlfriend Bernadette she could join us for dinner. LEONARD: Sure. The more, the merrier. SHELDON: Wa- no, that's a false equivalency. More does not equal merry. SHELDON: If there were 2,000 people in this apartment right now, would we be celebrating? No, we'd be suffocating. LEONARD: Sheldon... SHELDON: Don't ""Sheldon"" me. We ordered for five people, not six. PENNY: Oh, come on, it's fine. We'll just put it all on the table, you know, family style.",7
1_3293_u,1_3293,"LEONARD: I am. Are you interested in physics? BERNADETTE: Oh, I find it fascinating. If I hadn't gone into microbiology, I probably would have gone into physics. Or ice dancing. LEONARD: Actually, my tests of the Aharonov-Bohm quantum interference effect have reached an interesting point. Right now, we're testing the phase shift due to an electric potential. BERNADETTE: That's amazing. SHELDON: Yes.",5
1_3333_u,1_3333,"SHELDON: That's why Leonard does it. PENNY: Okay, I just have one question. What exactly are sub-atomic particles? SHELDON: A good question. PENNY: Thank you. SHELDON: And to answer it, we first must ask ourselves: ""What is physics?"" Oh, balls. It's a warm summer evening in ancient Greece.",5
1_3348_u,1_3348,"BERNADETTE: Should I give him another chance? LEONARD: It's up to you. He didn't call your experiment stupid. BERNADETTE: Come here, tushy face. LEONARD: ""Tushy face. "" That is going on twitter right now.",4
1_3371_u,1_3371,"PERSON: Thank you for driving me back to my hotel. PENNY: Oh,it's not a problem.",2
1_340_u,1_340,"SHELDON: And I cannot believe people pay for horoscopes, but on a more serious note, it's 8:13 and we're still not playing Halo. LEONARD: Fine. We'll just play one-on-one until he gets back. SHELDON: One-on-one? We don't play one-on-one. SHELDON: We play teams, not one-on-one. SHELDON: One-on-one. LEONARD: The only way we can play teams at this point is if we cut Raj in half.",6
1_3419_u,1_3419,"BERNADETTE: So, what should we talk about? HOWARD: Well, we could always learn more about why people who believe in psychics are idiots. Leonard?",2
1_3476_u,1_3476,SHELDON: My new computer came with Windows 7. SHELDON: Windows 7 is much more user friendly than Windows Vista. SHELDON: I don't like that.,3
1_3545_u,1_3545,"HOWARD: There's a 39.95 lover's special at P.F. Chang's. HOWARD: Egg rolls, dumplings, bottomless wok, and you get your picture taken on the big marble horse out front. SHELDON: Given that Saint Valentine was a third century Roman priest who was stoned and beheaded, wouldn't a more appropriate celebration of the evening be taking one's steady gal to witness a brutal murder?",3
1_3573_u,1_3573,SHELDON: Hello. PENNY: Hello SHELDON: Alright dispense with the friendlt banter SHELDON: I believe you know why I'm here.,4
1_3599_u,1_3599,"RAJ: That's a great idea. I'm going to get him to sign a Batman as well. SHELDON: What is it about the word ""unique"" you don't understand? HOWARD: Damn, paper cut. Nothing worse than a paper cut. RAJ: Well, obviously you don't remember your circumcision. SHELDON: There's Neosporin and Band-Aids in my top desk drawer.",5
1_3649_u,1_3649,"PENNY: Hi. I'm Penny. This is my friend, Sheldon. SHELDON: We're not friends at the moment. Depends on how this goes. PENNY: Right, right. Anyway, Sheldon here is a huge fan of yours, and he was supposed to meet you the other day at the comic book store, but he kind of ended up in jail. PERSON: I see. And you thought you'd just come over to my house uninvited? SHELDON: You said we were invited.",5
1_3660_u,1_3660,"SHELDON: Leonard, what do the two of you talk about after the coitus? HOWARD: My guess is, ""Hey, four minutes! New record!"" HOWARD: That's why I'm the funny one. LEONARD: Anyway, we followed the guy to this garage sale, and they had the coolest stuff. HOWARD: They were closing up. We got this whole box for 60 bucks. LEONARD: We didn't even get to go through it all. There could be anything in here.",6
1_3707_u,1_3707,"LEONARD: Hey, Sheldon. I was up in the administration office, and I happened to overhear the name of the winner of this year's Chancellor's Award for Science. SHELDON: And you want to rub my nose in the fact that my contributions are being overlooked again? SHELDON: I am the William Shatner of theoretical physics. SHELDON: All right, I'll play. What self-important, preening fraud are they honoring this year?",4
1_3766_u,1_3766,"LEONARD: I honestly don't care. RAJ: Really? Because every time we've talked about unusual animal genitals, you've always had some pretty strong and controversial opinions. LEONARD: What do you want from me? I just don't give a rat's ass. HOWARD: Would that be a giant rat's ass? SHELDON: For the record, giant rats are possible.",5
1_3837_u,1_3837,"RAJ: Oh, there it is: now that you don't have a girlfriend, you want to hang out with me again. LEONARD: I never stopped hanging out with you. RAJ: Oh, please, we all know I'm the friend you call when you have no other options. If we were the Justice League, I'd be Aquaman. HOWARD: I wish you were Aquaman. Then I could send you to scoop my mom out of the old lady tank.",4
1_3840_u,1_3840,"SHELDON: Ah…I do so love beverages. SHELDON: Now I think I'll take my after-dinner walk. LEONARD: Since when do you take after-dinner walks? HOWARD: Yeah, since when do you take walks?",4
1_3842_u,1_3842,"RAJ: I've missed you. SHELDON: All right, say hello to your mother for me. HOWARD: Okay. SHELDON: What? HOWARD: You said you were going for a walk. SHELDON: I didn't say outside.",6
1_3911_u,1_3911,"LEONARD: And shake twice for Texas. LEONARD: Something his mother taught him. SHELDON: All right, Elizabeth, the bathroom is yours. The seat is down, and has been sanitized for your protection.",3
1_4031_u,1_4031,"HOWARD: Happy now? I'm moving the dirty sock. SHELDON: Thank you. Raj, keep an eye out for the other one. PENNY: Hey, guys, this is my friend Zack. PERSON: Hey. SHELDON: Hello. PERSON: Whoa! Is that the laser? It's bitchin'. SHELDON: Yes.",7
1_410_u,1_410,"LEONARD: Do you really need the Honorary Justice League of American membership card? SHELDON: It's been in every wallet I've owned since I was five. LEONARD: Why? SHELDON: It says, ""Keep this on your person at all times."" SHELDON: It's right here under Batman's signature. RAJ: and this is Leonard and Sheldon's apartment. HOWARD: Guess whose parents just got broadband.",7
1_4145_u,1_4145,SHELDON: And this is a schematic for a bird-trapping device that will ultimately backfire and cause me physical injury? SHELDON: What I'm doing here is trying to determine when I'm going to die.,2
1_427_u,1_427,"SHELDON: This is Dr. Sheldon Cooper. SHELDON: Yeah, I need to cancel my membership to the planetarium.",2
1_4281_u,1_4281,"LEONARD: You never told me what happened between you and Bernadette. HOWARD: I did a stupid thing. LEONARD: Yeah, I guessed that.",3
1_4286_u,1_4286,"SHELDON: and a super executive ant farm with glow-in-the-dark sand? HOWARD: - What if he buys his own desk? RAJ: Yeah, what if I buy my own desk? SHELDON: - That's ridiculous. RAJ: - Why? SHELDON: Because… RAJ: Yes? SHELDON: It's my office.",8
1_4290_u,1_4290,HOWARD: Would you have opened the door if you knew it was me? PENNY: Not since I found out the teddy bear you gave me had a webcam in it.,2
1_430_u,1_430,"SHELDON: but it was between you and the Museum of Natural History, and frankly, you don't have dinosaurs. SHELDON: I'll miss you, too. Bye-bye. SHELDON: Okay, I know you're texting about me and I'd really like you to stop. RAJ: Oh, dear, I am rightly and truly screwed. LEONARD: Hey, I thought you were finding new friends.",5
1_4352_u,1_4352,"LEONARD: Right. AMY: That's not true of all bars. Juice bars, for example. SHELDON: Oh! Good point, Amy. Yeah, building on your premise, Leonard could frequent sushi bars, salad bars, oyster bars, the Apple Genius Bar... What are you doing? LEONARD: Keep going. I'm listening. AMY: That was rude.",5
1_4477_u,1_4477,"PERSON: Yes. I'm Special Agent Page, FBI. SHELDON: You say you're Special Agent Page, FBI. PERSON: Here's my I.D. SHELDON: And here is my Justice League membership card. But that doesn't prove I know Batman.",4
1_4544_u,1_4544,"BERNADETTE: Besides, Penny and I are having a girls' night tonight. AMY: Girls' night? What does that entail? BERNADETTE: Oh, you know, girls get together, hang out, share girl talk. AMY: I'm a girl. BERNADETTE: Oh. Well, maybe you can join us. I'll ask Penny. AMY: No need. Penny and I are very close. LEONARD: You are?",7
1_4552_u,1_4552,"SHELDON: And here's where we are. The runts in a large litter. unlikely to ever reach the nourishing teats of Indiana Jones. LEONARD: So I guess it's a good thing we stopped for dinner. RAJ: You know, guys, when facing disappointment, Eat, Pray, Love teaches us HOWARD: Oh, shut up.",4
1_4576_u,1_4576,"AMY: ""And Absolon hath kist hir nether ye, ""and Nicholas is scalded in the towte. This tale is doon, and God save al the rowte."" PENNY: What the hell was that?",2
1_4603_u,1_4603,"SHELDON: to bring us all with you to the year 7010 where we are transported to work at the thinkatorium by telepathically controlled flying dolphins? LEONARD: No, Penny kissed me. LEONARD: Who would ever guessed that? LEONARD: What kind of kiss? LEONARD: A big kiss.",5
1_4639_u,1_4639,"PERSON: and pump it into his mom's Camry. PENNY: Yeah, that's great. It's a funny story. Moving on. PERSON: And Donnie was a rocket scientist compared to that boy who wanted to get beer pong into the olympics. PERSON: What was his name, sweetheart? PENNY: Curtis, and I'm pretty sure he was joking. PERSON: I don't know. That petition looked real to me. PENNY: Yeah, okay, I think this ends the ex-boyfriend portion of our evening.",7
1_467_u,1_467,"SHELDON: When I was a little boy and got sick, which was most of the time, my mother would read it to me. SHELDON: It's about an Indian princess who befriends a monkey who was mocked by all the other monkeys because he was different. SHELDON: For some reason, I related to it quite strongly. PENNY: I know the reason. LEONARD: We all know the reason. LEONARD: Sheldon, what are you getting at?",6
1_4743_u,1_4743,"PERSON: That's what I love about science-- there's no one right answer. LEONARD: So...you and Zack again, huh? PENNY: Yeah, yeah, me and Zack again. PERSON: Were we here earlier? PENNY: Okay, we should, we should go. PERSON: Ah, not yet. I want to talk science with the science dudes.",6
1_4760_u,1_4760,"PERSON: Wow, this place is awesome. PERSON: Where do they keep the Archies?",2
1_4789_u,1_4789,"RAJ: Stupid Aquaman. LEONARD: If it makes you feel any better, when I was dating Penny, she used to flip out on me all the time. PERSON: Whoa. You dated Penny? LEONARD: She didn't tell you? PERSON: She told me she dated a guy named Leonard. PERSON: Who would have thought it was you? LEONARD: Who else would it be?",7
1_4792_u,1_4792,"SHELDON: I may have failed. HOWARD: Okay, I guess we just go without a Wonder Woman. PERSON: I don't want to go without Penny. RAJ: Oh, great. No Superman, no Wonder Woman? All we've got is a skinny Flash, an Indian Aquaman, a nearsighted Green Lantern, and a teeny, tiny Dark Knight.",4
1_4850_u,1_4850,"HOWARD: Why not ""World's Greatest Engineer""? SHELDON: I'm sorry. I typed that into the label maker, but I just couldn't press enter. Now down to business. SHELDON: What would it take for you to abandon Leonard and join me in a rival company SHELDON: Unless, of course, the mugs are sufficient, in which case, welcome aboard. HOWARD: We're not quitting on Leonard.",5
1_4949_u,1_4949,"BERNADETTE: Who could get <i>all</i> the giant missiles she wants. AMY: Are we talking about women wanting penises? Because I'd like to weigh in. SHELDON: Dr. Koothrappali, would you care to join the conversation?",3
1_4967_u,1_4967,"BERNADETTE: Are you guys doing okay? HOWARD: Leonard and I are fine, but I think Raj needs to meet a girl really soon. BERNADETTE: Well, that shouldn't be too hard. He's such a cutie. RAJ: Thank you, but ""cute"" is for bunnies. I want to be something with sex appeal, like... like a labradoodle. HOWARD: Labradoodle?",5
1_4995_u,1_4995,"SHELDON: Why not? It seems like you're improvising your entire curriculum. PENNY: This is all about listening and responding. SHELDON: Gotcha. PENNY: I'm going to create a character and a situation, and you just jump in when you feel it. SHELDON: All right. PENNY: All right. SHELDON: Action. PENNY: Okay, it's not a movie. It's improv. So no one calls ""action.""",8
1_5058_u,1_5058,"LEONARD: Yes, I live with him. I don't... I-I really don't know why. LEONARD: Tonight? Sure, that'd be great. Okay, I'll see you then. Bye. LEONARD: She wants to have dinner and talk about my research.",3
1_506_u,1_506,HOWARD: I'm with you. I just have to make sure if I'm a synthetic human I'd still be Jewish. HOWARD: I promised my mother. RAJ: I suppose you could have your android penis circumcised. RAJ: But that's something your rabbi would have to discuss with the manufacturer.,4
1_507_u,1_507,"HOWARD: I promised my mother. RAJ: I suppose you could have your android penis circumcised. RAJ: But that's something your rabbi would have to discuss with the manufacturer. SHELDON: Not to mention you'd have to power down on saturdays. LEONARD: Sheldon, why is this letter in the trash?",5
1_5109_u,1_5109,"HOWARD: That's very nice of you, but I made other plans. SHELDON: Well, just keep in mind that should you ever need a slightly apathetic tertiary friend, I stand at the ready. PERSON: Hi, Howard. Hi, Sheldon. SHELDON: Hello. Hey. RAJ: Why are you holding hands? I forbid you to hold hands. PERSON: Rajesh, you know Leonard and I spent the night together.",6
1_5134_u,1_5134,"PERSON: Thank you, Leonard. That doesn't make it sound boring at all. AMY: So, how you holding up? PENNY: I'm fine. AMY: Oh, who are you kidding? She's breathtaking. PERSON: So, Penny, Leonard tells me you're an actress. That must be pretty exciting.",5
1_5156_u,1_5156,"SHELDON: The audible sigh is a show of exasperation, right? LEONARD: Right. SHELDON: Is it about me or the dead pixels? RAJ: Hey, you're just in time. We made Tex-Mex. LEONARD: Oh, sounds great. SHELDON: Oh, Indians making Tex-Mex. SHELDON: Might as well have had the Chinese pizza. PERSON: Hey, you.",8
1_5166_u,1_5166,"SHELDON: but the driver didn't look at all like the photograph on his license, so I leapt out and ran for it. AMY: Wise. PENNY: There you go. Just like recovering alcoholics drink in the Caribbean. AMY: Hi, bestie. PENNY: Oh. Hi, Amy. How you been? AMY: Fine. From this angle, I can see up your nose.",6
1_5169_u,1_5169,"AMY: Your flaring nostrils indicate otherwise. SHELDON: Cluck-cluck-cluck. AMY: Sheldon, look at me. I think it's time to face the fact that Leonard is the nucleus of your social group. Where he goes, the group goes. SHELDON: Leonard the nucleus? That makes no sense. SHELDON: I'm the whimsical elf that everyone looks to for a good time.",5
1_5211_u,1_5211,"BERNADETTE: Um, no. AMY: You should get one. BERNADETTE: What's that? AMY: It appears to be something preserved between two pieces of acrylic. PENNY: Oh, it's a snowflake from the North Pole. Leonard gave it to me last year. BERNADETTE: Oh, God, that is so romantic. PENNY: Yeah, it was. BERNADETTE: Leonard's really one of a kind.",8
1_5212_u,1_5212,"PERSON1: Baby, you're not that kind PERSON1: Don't go breaking my heart PERSON2: Anybody do ""Walking on Sunshine"" yet? SHELDON: No PERSON2: Dibs.",5
1_533_u,1_533,"LEONARD: Because it's not a costume, it's a flight suit. PENNY: Ok, alright, moving on. PENNY: Oh, wow. A paisley shirt. LEONARD: It goes with my corduroy suit. PENNY: If you mean it should end up in the same place, then I agree. PENNY: Is this your only tie?",6
1_536_u,1_536,PENNY: Hey Sheldon. SHELDON: Hello Penny. PENNY: Get anything good?,3
1_537_u,1_537,PENNY: Hey Sheldon. SHELDON: Hello Penny. PENNY: Get anything good? SHELDON: Just the latest copy of Applied Particle Physics quarterly.,4
1_5496_u,1_5496,"AMY: That bitch is crafty. BERNADETTE: You think? AMY: Of course. How does the cheetah attack a herd of wildebeests? By going after its weakest member. BERNADETTE: Well, what makes me the weakest member? AMY: Your trusting nature coupled with your teeny-tiny body. You wouldn't last a minute on the Serengeti.",5
1_5571_u,1_5571,"SHELDON: The backwash into this glass is every pathogen that calls your mouth home, sweet home. SHELDON: Not to mention the visitors who arrive on the dancing tongue of your subtropical girlfriend. RAJ: Hey! That's my sister and my country you're talking about. RAJ: Leonard may have defiled one, but I won't have you talking smack about the other. BERNADETTE: You guys ready to order?",5
1_5572_u,1_5572,"SHELDON: of your subtropical girlfriend. RAJ: Hey! That's my sister and my country you're talking about. RAJ: Leonard may have defiled one, but I won't have you talking smack about the other. BERNADETTE: You guys ready to order? SHELDON: Yes, I'd like a seven-day course of penicillin, some, uh, syrup of ipecac-- to induce vomiting-- and a mint. BERNADETTE: I don't understand.",6
1_5580_u,1_5580,"HOWARD: I was thinking of weaving it into her eulogy. PERSON: Howard, you've got to tell your mother. HOWARD: Hey, have you told your parents you're dating this short glass of skim milk here? PERSON: Uh... that's different. First of all, we're not engaged; and second, Indian parents are very protective of their children.",4
1_5581_u,1_5581,"HOWARD: Hey, have you told your parents you're dating this short glass of skim milk here? PERSON: Uh... that's different. First of all, we're not engaged; and second, Indian parents are very protective of their children. HOWARD: Right, right, whereas Jewish mothers take a casual, la-di-da approach to their sons.",3
1_5617_u,1_5617,"PENNY: Yeah, I'm saying, it'd be easier to lift a car. HOWARD: What can I tell you? After I found the courage to put her pants back on, I was unstoppable. LEONARD: So, how is she? HOWARD: They're running tests-- I don't know. HOWARD: It may have been a heart attack or heart-attack-like event. PENNY: What's the difference? SHELDON: A heart-attack-like event is an event that's like a heart attack.",7
1_5627_u,1_5627,"PENNY: You mean when he was little. PERSON: Not as little as you'd want him to be. PENNY: You know, this stuff is horrible. You want to see if we can find the cafeteria and get real coffee? Sure. PERSON: We're going to the cafeteria to get some coffee. You want anything? LEONARD: I'm fine. RAJ: That's nice that they're getting along.",6
1_5679_u,1_5679,AMY: the organism responsible for Michelob Lite. AMY: Is there something wrong with your neck? SHELDON: It's a little stiff. SHELDON: What a remarkably fragile structure to support such a valuable payload. SHELDON: Not unlike balancing a Faberge egg on a Pixie Stick. AMY: Have you considered massage?,6
1_5699_u,1_5699,"SHELDON: And a living will and durable power of attorney. RAJ: This says you can make ""end of life"" decisions for me. SHELDON: As your friend, let's hope it doesn't come to that. Please sign. RAJ: Did you sign this? LEONARD: There's a reciprocity clause. You get to pull the plug on him, too. RAJ: Well, that seems fair.",6
1_5751_u,1_5751,"BERNADETTE: What the hell is wrong with you?! RAJ: Well... You were always so nice to me, I thought maybe you liked me. BERNADETTE: I'm nice to everyone! RAJ: I'm sorry. BERNADETTE: Damn right, you're sorry! BERNADETTE: And you tell Howard there's never been anything between us! RAJ: I will. Hey, Bernadette? BERNADETTE: What?! RAJ: Do you think I have a shot with Penny?",9
1_5758_u,1_5758,"AMY: It's like a waterfall of liquid gold. AMY: My turn. PENNY: You know, I don't even know what the point of me staying in L.A. is. PENNY: I haven't gotten a single acting job since I moved out here. PENNY: The closest I came was last month, I got a callback for a hemorrhoid commercial.",5
1_5786_u,1_5786,"SHELDON: What are you doing? LEONARD: Oh, uh, Priya's calling in a few minutes on Skype, and we are gonna have a dinner date. SHELDON: It's 8:00 in the morning in Mumbai. How can she have dinner? LEONARD: Fine, whatever. Priya will be having breakfast.",4
1_5880_u,1_5880,"PENNY: Oh, sweetie, guests don't normally wear corsages to a wedding. That's more of a prom thing. AMY: I never went to my prom. My mom paid my cousin to take me, but he just used the money to buy drugs. PENNY: Put the corsage on her. LEONARD: Amy this is for you.",4
1_5919_u,1_5919,"RAJ: Your movies and your TV shows promised streets paved with beautiful blonde women with big bazongas. HOWARD: Eat another pie, you'll have your own bazongas. RAJ: That's cruel. RAJ: You know it goes straight to my hips. SHELDON: Gentlemen, please focus. SHELDON: You're facing a fire-breathing dragon. RAJ: I don't know if I want to play anymore.",7
1_5953_u,1_5953,"LEONARD: because you no longer wear underpants. SHELDON: The dice giveth and the dice taketh away. PENNY: Is Raj out with Emily again? LEONARD: Yeah, every night for the last month. PENNY: Wow, can't believe he has a girlfriend. SHELDON: Me neither.",6
1_5964_u,1_5964,"HOWARD: Wow. PENNY: You're engaged to my friend. HOWARD: Hey, Bernadette doesn't mind where I get my motor running, as long as I park in the right garage. PENNY: I can't believe you're engaged to my friend.",4
1_60_u,1_60,LEONARD: I never would have identified the fingerprints of string theory in the aftermath of the Big Bang. SHELDON: My apologies. What's your plan?,2
1_6020_u,1_6020,"AMY: What differences does it make if Leonard goes to Wil Wheaton's party? PENNY: Wil Wheaton is Sheldon's mortal enemy. AMY: Mortal enemy? AMY: Mm-hmm. Sheldon, I know you're a bit of a left-handed monkey wrench, but... you really have a mortal enemy? SHELDON: In fact, I have 61 of them. SHELDON: Would you like to see the list? PENNY: Oh, say no, say no, say no, say no.",7
1_6032_u,1_6032,"HOWARD: What choice did I have? She went behind my back and turned my own mother against me. RAJ: Wow. You're not only our first astronaut. You're also the first one of us to kick a girl out of bed. RAJ: You're like a rock star. HOWARD: Little bit. LEONARD: I hate to say it, but she did kind of betray you.",5
1_6039_u,1_6039,"BERNADETTE: He can't go to space. BERNADETTE: He's like a baby bird. BERNADETTE: Do you know he once got an asthma attack from reading an old library book? AMY: You're kidding. PENNY: No, I was there that day. PENNY: Sheldon threw his back out handing him that book.",6
1_6065_u,1_6065,"PERSON: All-you-can-eat Last Supper Buffet. And my personal favorite, Gunning with God. LEONARD: What's Gunning with God? I'm afraid to ask. PERSON: Oh, it is a hoot and a half. PERSON: You write your sins on a clay pigeon, they fire 'em up in the air, and you pulverize them with a 12-gauge shotgun full of our Lord's forgiveness.",4
1_6092_u,1_6092,"RAJ: Three, sadly, are dead. SHELDON: Mom, you remember Rajesh? SHELDON: Rajesh, my mother. Of course. RAJ: Mrs. Cooper. So nice to see you again. PERSON: Well, it's so nice to see you, too. PERSON: I thought it was our Indians that had the occasional alcohol problem.",6
1_6113_u,1_6113,"PENNY: Now I'm going out tonight. Would it be crazy to ask you to look at the outfit I'm going to wear? PERSON: Oh, not crazy at all. And don't beat yourself up. PERSON: When I was your age, you could have me for a car ride and a bottle of strawberry wine. SHELDON: That will not be in this week's e-mail blast.",4
1_6134_u,1_6134,SHELDON: That lecture was a waste of time. SHELDON: I made more accurate diagrams of the expansion of the early universe on the nursery wall with the contents of my diaper. AMY: Are you getting sick?,3
1_6165_u,1_6165,"SHELDON: Okay, all right. SHELDON: That one was clever. SHELDON: Skeleton with phosphorous on a zip line. SHELDON: Come on out, merry pranksters. SHELDON: Take a bow. RAJ: You should've seen your face.",6
1_6183_u,1_6183,"SHELDON: It is, isn't it? SHELDON: (gasps) Oh, bother. SHELDON: Isn't that just always the way? You go to staple something, and you're out of staples. SHELDON: Gosh, I wish I'd known that earlier today when I was at Staples.",4
1_6188_u,1_6188,"PENNY: Yeah, sure, come on in. LEONARD: Thanks. PENNY: Want some mac and cheese? LEONARD: No. Lactose. Gas. PENNY: Glass of wine? LEONARD: No. Sulfites. Migraines. PENNY: Okay, well, I'd offer you Halloween candy, but that's gone. PENNY: So, what's up? LEONARD: Okay, we used to go out, right?",9
1_6211_u,1_6211,"SHELDON: Oh, no! I can't! BERNADETTE: Hurry! We're running out of time! SHELDON: - Okay. BERNADETTE: Just do it! SHELDON: Oh, God! One... two... three! HOWARD: Trick or treat, bubbeleh. SHELDON: What? (laughing)",7
1_6221_u,1_6221,"PENNY: So, Bernadette, how goes the hunt for bridesmaid dresses?",1
1_6355_u,1_6355,"LEONARD: Okay. So... we went out, saw a movie, met some nice people,",1
1_6370_u,1_6370,"SHELDON: consider changing disciplines. Yeah, to the humanities-- perhaps history. SHELDON: One of the advantages of teaching history is that you don't have to create things. SHELDON: You know, you just have to remember stuff that happened and then parrot it back. SHELDON: You could have fun with that. LEONARD: Yeah, that's not it. LEONARD: Stuart's kind of interested in Amy.",6
1_6426_u,1_6426,"LEONARD: No, that was a different, different guy. SHELDON: Was he the one who used your head to open a nut? SHELDON: Oh, oh, oh. SHELDON: Was he the one who made you eat your arm hair? LEONARD: No, but, actually, that was this guy's sister. PENNY: All right, well, what do you think he wants? LEONARD: I don't know.",7
1_6427_u,1_6427,"SHELDON: Oh, oh, oh. SHELDON: Was he the one who made you eat your arm hair? LEONARD: No, but, actually, that was this guy's sister. PENNY: All right, well, what do you think he wants? LEONARD: I don't know. SHELDON: You know, the holidays are just around the corner. SHELDON: Maybe he wants to see if he can lodge the other testicle up there. LEONARD: I told you. That was a different guy.",8
1_6428_u,1_6428,LEONARD: It's 2:00 a.m. What are you doing up? SHELDON: Nobel Prize acceptance ceremony streaming live from Stockholm.,2
1_6472_u,1_6472,"SHELDON: Then take away his keys and make him wander the streets with the other drunks. LEONARD: You remember Sheldon and Raj and Howard. PERSON: Not really, no. PERSON: It's funny, huh, Leonard? PERSON: Back in school, I was the winner and you were the loser. And now we're reversed. PERSON: You're the winner.",6
1_6504_u,1_6504,"SHELDON: It's probably a euphemism for urination. PENNY: Sheldon, what is wrong with you? SHELDON: Not much. Although, I can be faulted for being overly fond of koala bears. SHELDON: I don't know what it is, when they smart munching on eucalyptus, I just melt inside. PENNY: Okay, Amy just told you some exciting news, and you acted like it was no big deal.",5
1_6534_u,1_6534,"SHELDON: I don't think there's anything in this jewelry store that Amy would appreciate more than the humidifier we were just looking at at Sears. PENNY: Oh, my God, now I know what I sound like to you when I say stupid stuff. SHELDON: Ooh, a pocket watch. PENNY: Okay, I don't think Amy wants a pocket watch.",4
1_6627_u,1_6627,"PENNY: That was a really nice dinner. PENNY: I'm glad you asked me out again. LEONARD: Me, too; I missed you. PENNY: You see me all the time. PENNY: You sure you just don't miss the sex?",5
1_6645_u,1_6645,"PERSON1: (chimes) Wisten to me. Not westauwant; westauwant. PERSON2: (chimes) I don't know what you mean by ""not westauwant; westauwant."" PERSON1: See? Total cwap. You suck, Siwi. RAJ: Hey, don't talk to her like that. She's a lady.",4
1_6648_u,1_6648,"PENNY: This is amazing. How did you even get this idea? LEONARD: I called your dad. I asked him what things you liked to do when you were a kid. LEONARD: This seemed easier than getting a cow out here so you could tip it. PENNY: Okay, you're kind of really great.",4
1_6683_u,1_6683,"RAJ: Buzz Lightyear is not real. HOWARD: No, that's not what I'm talking about. RAJ: Well, are you talking about when he thought he was real? HOWARD: No RAJ: Okay, um... how about ""Crash""? Howard ""Crash"" Wolowitz.",5
1_672_u,1_672,SHELDON: I want grilled cheese.,1
1_6766_u,1_6766,"SHELDON: And I'm super smart, so it's probably true. AMY: Hey, I've been training in the field of neurobiology for 12 years. AMY: You've been here for three hours, and you've spent one of them in the bathroom. SHELDON: I'm sorry! It takes me a while to get things going on an unfamiliar toilet. AMY: Sheldon, I've given you the simplest things to do, and you haven't done one of them right.",5
1_6769_u,1_6769,"SHELDON: All right. SHELDON: I'm no stranger to a little gray matter. SHELDON: Locus coeruleus. SHELDON: Locus coeruleus. AMY: You're getting warmer-- it is, indeed, in the brain.",5
1_6835_u,1_6835,"AMY: The painting is a constant reminder that of the three of us, she is the least cool. PENNY: Yeah, that's... that's what it is, so... AMY: You have such a good heart. PENNY: Yeah... I try. AMY: Come on. PENNY: Whoa, whoa, where are we going? AMY: We're going to go put this painting back up in your apartment. PENNY: Well, what about Bernadette?",8
1_6860_u,1_6860,"PENNY: You know, Sheldon, I used to cut my brother's hair. I could do it for you. SHELDON: Penny, I know you mean well, offering the skills of the hill folk, but, um, SHELDON: here in town, we don't churn our own butter, we don't make dresses out of gunny sacks, and, uh, we sure as shootin' don't get our hair cut by bottle-blonde... LEONARD: Sheldon, be nice.",4
1_70_u,1_70,"HOWARD: This is one of my favorite places to kick back after a quest. They have a great house ale. PENNY: Cool tiger. HOWARD: Yeah, I've had him since level ten. HOWARD: His name is Buttons. HOWARD: Anyway, if you had your own game character we could hang out, maybe go on a quest. PENNY: That sounds interesting. HOWARD: You'll think about it?",7
1_7047_u,1_7047,"SHELDON: Wrong. Leonard? LEONARD: Horse, but mostly just for the height. LEONARD: A little bit for the genital girth. SHELDON: Wrong, and let's keep it clean, shall we? HOWARD: Kangaroo, uh, I'd be Kanga-Jew. HOWARD: The first of my people to dunk a basketball.",6
1_7082_u,1_7082,"RAJ: This man became my whole world. PERSON: Yeah, nice speech, Francine. RAJ: I'm not done, but thank you. RAJ: I think back....",4
1_7089_u,1_7089,"HOWARD: after you had a snootful of this, laddie! BERNADETTE: Funny. BERNADETTE: You boys have a nice time? HOWARD: Yeah, it was great. HOWARD: Low-key, like I promised. No hanky-panky, no strippers. Just the guys telling jokes. BERNADETTE: That's nice. HOWARD: How about you? Did you have a fun night?",7
1_7186_u,1_7186,"HOWARD: and she makes me Froot Loops. PERSON1: Go with gay story, people are more accepting of that. PERSON2: Actually, Froot Loops just got married to a girl. PERSON1: Congratulations. HOWARD: Thanks, we decided to do it before the launch. PERSON1: You and Mrs. Loops have a big wedding?",6
1_7281_u,1_7281,"SHELDON: ""Release the Kraken."" That never gets old. SHELDON: ""Release the Kraken!"" Oh, chills. SHELDON: Besides, I'm having dinner with Amy. RAJ: Oh, okay. I'll just go home and be alone. RAJ: W-Which is cool. I eat alone, I sleep alone, I cry alone, so... Cool.",5
1_7341_u,1_7341,"HOWARD: You know, joking, kidding around, hurting feelings. SHELDON: Okay, my turn. Let me talk to him. LEONARD: Go ahead. SHELDON: 2311 North Los Robles Avenue, Pasadena, California to International Space Station. Can you read me? Over. HOWARD: (imitates walkie-talkie static) Yes, I read you, Sheldon. SHELDON: Copy that. Over. (imitates walkie-talkie static) LEONARD: What are you doing?",7
1_7357_u,1_7357,"SHELDON: My tongue won't go as far forward as it used to. LEONARD: Maybe your tongue is shrinking. SHELDON: Nope. SHELDON: Oh, you have no idea how annoying this is.",4
1_7395_u,1_7395,"AMY: You slept with him? PENNY: I didn't know what else to do. He had those big, sad eyes. BERNADETTE: Oh, sure, you had no choice. PENNY: He looked at me like this.",4
1_7400_u,1_7400,"SHELDON: There are some charts in the back where I kept track of shape, color and consistency. PENNY: Disgusting. LEONARD: No, what's disgusting is he's still keeping track. PENNY: Why do you need all this stuff...? LEONARD: No, no, no, no... Sorry! SHELDON: I am glad you asked. SHELDON: Yeah, are you familiar with the Higgs boson?",7
1_7402_u,1_7402,"SHELDON: the paper was rejected, but recently, he was proven right. SHELDON: And now he's on the fast track to win a Nobel prize. PENNY: Yeah, that's basically what I said. SHELDON: The point is Higgs is being celebrated for work he did 50 years ago, so that got me thinking, SHELDON: perhaps I've already hit upon the idea that will win me my Nobel prize.",5
1_7442_u,1_7442,"SHELDON: This will interest you. And, Penny, feel free to paint your nails. LEONARD: What do you got? SHELDON: I believe Alex may have unearthed the grade school science project that could be my ticket to the Nobel Prize. SHELDON: Behold. LEONARD: ""Magnets: What Do They Stick To?"" If the answer is ""metal,"" it's not exactly groundbreaking.",5
1_7443_u,1_7443,"SHELDON: in town were starting to say I was a witch. PERSON: Sheldon thinks the approach in this paper might change the way we calculate ferromagnetic hysteresis. PENNY: Oh, it's about time. I hated the old way. PENNY: Hi. I'm Penny. PERSON: Alex. Uh, do you work with Dr. Hofstadter? PENNY: In a way.",6
1_7445_u,1_7445,"PENNY: In a way. PENNY: We've kind of been involved in a five-year experiment. PERSON: Oh. Well, you're lucky. He seems very talented. And I'm sure a lot of people want to work with him. PENNY: Well, a lot of people can't. PENNY: Uh, hey. LEONARD: Where are we going?",6
1_7449_u,1_7449,"SHELDON: or Leonard's gym membership. RAJ: We're not kicking him out. Stuart and I have become good friends. SHELDON: Okay, one vote for, one vote against. Leonard, you're the tiebreaker. LEONARD: I don't have a problem with Stuart. Besides, he gives us a 20% discount at his comic book store. SHELDON: Well, I don't sell my friendship that cheaply. PERSON: I can go 30. SHELDON: Welcome aboard, old chum.",7
1_7487_u,1_7487,"RAJ: Oh, look at you. You, you look like you grew. HOWARD: Yeah. The lack of gravity did decompress my spine, so I'm like an inch and a half taller. HOWARD: I'm going to the DMV tomorrow to get my license changed before I shrink back. RAJ: Oh, uh, come in, come in. RAJ: Oh, I, uh, I didn't think I was going to get to see you until tomorrow.",5
1_7490_u,1_7490,"HOWARD: Yeah, well, Bernadette's a little under the weather and my mom's kind of under my dentist. RAJ: Wait, your, your mother is sleeping with your dentist? HOWARD: Former dentist. I need a new one now that I know where his hands have been. RAJ: So you're wandering all around by yourself? That's not the kind of hero's welcome an astronaut should come home to.",4
1_7494_u,1_7494,"HOWARD: Wow, so you guys are like buds now? RAJ: Oh, yeah, we hang out all the time. PERSON: Plus, he doesn't have a girlfriend, I don't have a girlfriend. RAJ: It's like we both had these holes in our lives, but now we fill each other's holes.",4
1_7504_u,1_7504,"HOWARD: Oh, hey, Stuart, I got you a little souvenir from my trip to space. PERSON: Well, Howard, that's very nice of you. LEONARD: Yeah, maybe. Open it first. HOWARD: It's my official NASA portrait.",4
1_7575_u,1_7575,"SHELDON: It was a compromise. I lost. RAJ: Can you believe Stuart's walking around taking credit for this party? HOWARD: Who cares? RAJ: What do you mean ""who cares""? Look at what I pulled off here. The deejay's on fire, there's a Tardis photo booth in the back room, and, oh, my God, the food! RAJ: Stuart wanted Kraft Draculoni and cheese.",5
1_7593_u,1_7593,"SHELDON: What do you think? AMY: Can I speak to you for a second? SHELDON: I'll be right back. SHELDON: Feel free to play with yourself. AMY: I don't care for your friend, he's being rude to me. AMY: You need to ask him to leave.",6
1_7641_u,1_7641,"HOWARD: You are now the only woman in my life who I'll see naked in the bathroom. BERNADETTE: I know this wasn't easy. You doing okay? HOWARD: Oh, I'm fine. It's just her I'm worried about. BERNADETTE: Aw, she'll be okay. She's a grown woman. HOWARD: I know. It's just ever since my dad left, I've felt responsible for her. BERNADETTE: That's a lot for a kid to deal with.",6
1_7661_u,1_7661,"SHELDON: There it is again. Do you kiss your mother with that mouth? SHELDON: Oh, well, I'm sorry for your loss. - Oh! - Good night, sir. SHELDON: Unbelievable. He says Wolowitz deserves my spot because he's a high-profile asset to the university. LEONARD: Well, he's not wrong. Howard did go to the International Space Station.",4
1_7675_u,1_7675,"PENNY: Damn. AMY: Well, at least when we do make love, Sheldon won't be thinking about his mother. AMY: And yes, that is a cleverly veiled reference to Howard's lifelong obsession to crawl back into her spacious womb.",3
1_7722_u,1_7722,SHELDON: (thermometer beeps) 102.2. (coughs),1
1_7894_u,1_7894,HOWARD: Do you really think you should be drinking right now? RAJ: How else am I supposed to talk to the Human Resources lady? HOWARD: I don't know. Seek professional help?,3
1_7938_u,1_7938,"SHELDON: What if we were to get in a car with a crazy person? LEONARD: Look at us, Sheldon. We're the crazy people. SHELDON: Well, perhaps we should hold up a sign that assures passing motorists of our mental competence. HOWARD: Good idea. Why don't you get started on that?",4
1_7953_u,1_7953,"SHELDON: Hello. SHELDON: Uh, four glasses of water, please. SHELDON: Anything for you guys? LEONARD: Can I use your phone? Our car got stolen.",4
1_80_u,1_80,"LEONARD: Here we go. Pad thai, no peanuts. HOWARD: But does it have peanut oil? LEONARD: I'm not sure. Everyone keep an eye on Howard in case he starts to swell up.",3
1_8042_u,1_8042,"RAJ: Here you go. HOWARD: Great. Come on in. RAJ: What, you don't say thank you? HOWARD: It's my suitcase. I lent it to you two years ago. RAJ: Well, then, I should tell you I broke the wheel and the handle. RAJ: So, is everyone from Bernadette's company going to Vegas?",6
1_8045_u,1_8045,"HOWARD: to rebrand the stuff as a cure for constipation. RAJ: Way to make lemonade. You know, from around the corner where fudge is made. HOWARD: Hey, I got a favor to ask. RAJ: Sure. HOWARD: My mom's been kind of an emotional wreck since that dentist she was dating dumped her.",5
1_8052_u,1_8052,"LEONARD: I swear, that man is the most egotistical, insufferable human being I have ever met. PENNY: Yeah, but you two make such a cute couple.",2
1_8078_u,1_8078,"PERSON: Rajesh! You up? You ready for breakfast? RAJ: Oh, boy. Breakfast. HOWARD: Okay, Raj, listen to me. You need to get out of there. RAJ: But I have a cream sherry hangover and I smell blintzes. HOWARD: If you don't leave now, she'll use food and guilt to keep you there for the rest of your life. RAJ: Oh, Howard, stop.",6
1_8136_u,1_8136,RAJ: It's nice that all the people who are lonely on Valentine's Day can come here tonight and be together.,1
1_8159_u,1_8159,"LEONARD: But if someday you decide you want to get married, you have to propose to me. PENNY: Really? LEONARD: Yes. It's all on you. LEONARD: But I got to tell you, when the time comes, I want the whole nine yards. LEONARD: I want you down on one knee, flowers. I want to be swept off my feet. PENNY: Yeah, you got it.",6
1_8185_u,1_8185,"LEONARD: The surf and turf sounds good. See if they corn on the cob. BERNADETTE: Guys! We're trying to get him out of here, not you in. RAJ: You're wasting your time. Just please, leave me alone. HOWARD: Now what? LEONARD: I don't know.",5
1_8217_u,1_8217,"RAJ: There are many things seriously wrong with me. RAJ: And not quirks, either. Like... diagnosable psychological problems. RAJ: Maybe brain damage. PERSON: Well, how do I know you're not just saying that?",4
1_8407_u,1_8407,"SHELDON: It ended on a cliffhanger. LEONARD: They did. PENNY: Uh, Sheldon, there are two dumplings left. Do you want them? SHELDON: Dumplings? Don't you understand what's going on here? PENNY: As a rule, no. SHELDON: That show ended with all the residents of New York either dead or unconscious. Now I'll never know what happened. PENNY: Well, why don't you make up your own ending?",7
1_8417_u,1_8417,"HOWARD: Roger is Raj. RAJ: I always thought, if I had a white name, it would be Gavin. HOWARD: Keep reading. What does it say? RAJ: No, no, I don't know if I should. If she wanted me to know about her blog, she would've told me. RAJ: It's almost like I'm reading her diary. HOWARD: That's exactly what it's like. Keep reading. RAJ: No, this is creepy.",7
1_8452_u,1_8452,"RAJ: Probably because I didn't read the instructions. No wrapper's going to tell me what to do. RAJ: Unless his name is Jay-Z. PERSON: Is something going on? RAJ: What do you mean? PERSON: Well, you're acting all weird. And I'm pretty weird, so I think I know what I'm talking about. RAJ: I don't know. Maybe it's all those steroids I've been taking.",6
1_8505_u,1_8505,"HOWARD: I just Googled ""foo-foo little dogs."" HOWARD: (Skype ringing) It's Raj. Stay quiet. HOWARD: (chuckles): Hey! Bad timing. Bernadette just took Cinnamon out for a walk. RAJ: Hmm. Interesting. Did they take a walk down Liars' Lane? HOWARD: What?",5
1_8717_u,1_8717,LEONARD: Do you think Penny's mad at me?,1
1_8746_u,1_8746,"SHELDON: So what'd you think? AMY: It was good. SHELDON: That's it? SHELDON: ""Good""?",4
1_8749_u,1_8749,"AMY: I enjoyed it. When you told me I was going to be ""losing my virginity,"" I didn't think you meant showing me Raiders of the Lost Ark for the first time. SHELDON: My apologies. I chose my words poorly. I should have said you were about to have your world rocked on my couch. SHELDON: Anyway, thank you for watching it. It's one of my all-time favorites.",3
1_8827_u,1_8827,"PENNY: Awkward silence. Sheldon on his phone. No touching. Somebody's having date night. AMY: It's actually steamier than it looks. Sheldon's looking up the phallic symbolism of root vegetables in Renaissance paintings. SHELDON: Oh, no, I got bored with that. I'm just browsing cuticle scissors on Amazon.",3
1_8837_u,1_8837,"SHELDON: Really? AMY: Yes. SHELDON: Huh. Yeah, I always took it literally. SHELDON: That's why I have never once moved my bowels in this or any restaurant. Hmm. AMY: I'm relieved that you don't have a problem with us working together.",5
1_90_u,1_90,"PENNY: A marathon? How many Superman movies are there? SHELDON: You're kidding, right? PENNY: I do like the one where Lois Lane falls from the helicopter and Superman swooshes down and catches her. Which one was that? SHELDON: One. SHELDON: You realize that scene was rife with scientific inaccuracy. PENNY: Yes, I know, men can't fly. SHELDON: Let's assume that they can.",7
1_9003_u,1_9003,"LEONARD: I guess they really do read their mail. SHELDON: Hey, isn't that Professor Proton? LEONARD: Oh, yeah. SHELDON: Look at him, just standing in line like he wasn't moderately famous 30 years ago. SHELDON: - Let's go say hello. LEONARD: - Oh, maybe we shouldn't bother him.",6
1_9009_u,1_9009,"LEONARD: Dr. Jeffries, hello again. Leonard Hofstadter. PERSON: Oh, oh, right, I remember your-your girlfriend. PERSON: Is-Is she... is she here? LEONARD: No, she's not. SHELDON: So, what prescription are you getting filled? LEONARD: - Sheldon. SHELDON: No. Wait, I want to guess. Don't tell me. PERSON: I wasn't going to tell you.",8
1_9087_u,1_9087,"LEONARD: Yup, oh... here you go. SHELDON: Oh, thank you. SHELDON: Here, get yourself an eraser for your troubles. LEONARD: Oh-ho. I forgot about this. My aunt made it for me when I started college. PENNY: Aw, did she hate you?",5
1_9245_u,1_9245,"SHELDON: Yes. PERSON: And some people in the science community are calling it ""The Wonder Blunder."" SHELDON: Who? Give me their names. I bet it's Wolowitz. PERSON: It's just such a fascinating story. Your calculations are way off, but they find the element anyway. PERSON: It's like misreading a treasure map and still finding the treasure.",5
1_9594_u,1_9594,"SHELDON: You know, there-there's always WonderCon in Anaheim, you know? SHELDON: That-That's just as good. SHELDON: Excuse me. PENNY: Oh, guys, this is really sad. PENNY: And in a different way than it was 20 minutes ago.",5
1_9668_u,1_9668,"AMY: We'll come back to that one. AMY: This brings us to the final item in our annual State of the Relationship Summit. Item 29: Valentine's Day. SHELDON: Ah, the worst for last. Hmm. SHELDON: Classic Flakey. AMY: Before you get upset, I believe I've come up with a way for us to celebrate the occasion that we both can enjoy.",5
1_971_u,1_971,"LEONARD: Take that! LEONARD: What's the matter? HOWARD: This granola bar has peanuts in it! LEONARD: Oh, my God. Why did you eat it? HOWARD: I don't know. It was just there! LEONARD: If I had a gun there, would you have shot yourself? HOWARD: Don't yell at me! I've got to go to the emergency room!",7
1_9963_u,1_9963,"RAJ: Koothrappali murder mystery dinner. AMY: I'm leaving. RAJ: You can't leave. You're a suspect in the mysterious murder of Stuart Bloom. BERNADETTE: (dramatic music plays) I didn't know his last name was Bloom. AMY: Yeah, it's Bloom. PENNY: Are you really gonna lie on the floor and pretend to be dead all night?",6
1_9971_u,1_9971,"HOWARD: We can't show up to your mom's empty-handed. We should bring something. SHELDON: I already am. I'm bringing the gift of knowledge. HOWARD: Oh, boy. SHELDON: Despite what her Bible says, recent archeological studies indicate that although camels are referenced in the Old Testament, they didn't exist in the Middle East until hundreds of years later.",4
1_9972_u,1_9972,"BERNADETTE: So, what happens next? RAJ: I can't tell you that. But perhaps the killer dropped a fun and imaginative clue somewhere in the apartment.",2
1_9993_u,1_9993,"RAJ: You're all inside it, and we hurtle through the very fabric of time. RAJ: (electronic sound effects playing) And welcome to 20 years in the future. RAJ: Hey, you guys just time-traveled. Stop looking so bored.",3
1_S09E01_027_u,1_S09E01_027,"PENNY: So, what package are you thinking? LEONARD: Mm, this one comes with music and flowers. LEONARD: Oh, they even stream the whole thing live on the Internet. PENNY: Why would we want that? LEONARD: Cause there's a lot of gorgeous blondes out there LEONARD: who don't believe they can land a short, nearsighted scientist. LEONARD: Let's give them hope.",7
1_S09E01_368_u,1_S09E01_368,"LEONARD: I asked you over and over if you were okay. LEONARD: Why would you go through with the wedding if you weren't? PENNY: I thought I was okay, but it turns out I'm not. LEONARD: Okay, listen, I may not have been entirely faithful, LEONARD: but you, you are not easy to lift!",5
1_S09E01_379_u,1_S09E01_379,SHELDON: so I took it upon myself to make you a hot beverage.,1
1_S09E01_403_u,1_S09E01_403,"SHELDON: You know, if I dated Mandy, SHELDON: that would teach both Leonard and Amy a lesson.",2
1_S09E01_439_u,1_S09E01_439,BERNADETTE: What happened? They just got married. HOWARD: (sighs) I don't know. HOWARD: It's a mess. They had a huge fight in Vegas. BERNADETTE: Think they'll break up?,4
1_S09E02_002_u,1_S09E02_002,SHELDON: Why are you up?,1
1_S09E02_064_u,1_S09E02_064,"AMY: Sheldon, I am not doing ""Fun With Flags"" with you. SHELDON: Why not?",2
1_S09E02_078_u,1_S09E02_078,"AMY: Sheldon, this has to stop. AMY: I know it's hard. AMY: It's hard for me, too. AMY: But I've seen and talked to you more AMY: in the two days we've been broken up AMY: than in the last two months that we were together.",6
1_S09E02_178_u,1_S09E02_178,LEONARD: can we have some privacy?,1
1_S09E02_215_u,1_S09E02_215,"LEONARD: Fine, you want to meet her? PENNY: No, I just want to know that when you're at work, PENNY: there's nothing going on. LEONARD: How many times do I have to tell you? LEONARD: I have no interest in this woman.",5
1_S09E02_271_u,1_S09E02_271,"LEONARD: You guys have any idea how much it costs LEONARD: to see a marriage counselor? HOWARD: $250 an hour. Why? RAJ: How do you know? HOWARD: Bernadette and I have occasionally gone to one to, HOWARD: you know, stay on top of things. RAJ: And I'm just hearing about this now?",7
1_S09E02_371_u,1_S09E02_371,"LEONARD: Penny, after all these years, LEONARD: I still feel like maybe I don't deserve you.",2
1_S09E02_386_u,1_S09E02_386,"LEONARD: (sighs) Well, how about we stop LEONARD: being so scared of losing each other LEONARD: and just be together?",3
1_S09E02_392_u,1_S09E02_392,"LEONARD: I've loved you since the moment we met, LEONARD: and I will keep loving you until the end of time.",2
1_S09E02_424_u,1_S09E02_424,"-: I don't know what you were thinking, -: but take the video down now!",2
1_S09E03_056_u,1_S09E03_056,"SHELDON: It's bad enough I'm being taken SHELDON: against my will. SHELDON: I don't see why it has to be in SHELDON: some hippie's mobile sex dungeon. HOWARD: Well, Sheldon, there's something about this van HOWARD: that you're going to find very interesting.",6
1_S09E03_072_u,1_S09E03_072,"LEONARD: So, are you gonna give us a clue where we're headed? RAJ: Uh, okay, let's see... RAJ: They've got spicy food RAJ: and there's a chance you'll get diarrhea.",4
1_S09E03_120_u,1_S09E03_120,"-: According to this Mexican Customs Web site, -: visitors may not bring more than five laser discs, -: 20 compact discs -: or 12 VHS tapes.",4
1_S09E03_125_u,1_S09E03_125,"SHELDON: According to this Mexican Customs Web site, SHELDON: visitors may not bring more than five laser discs,20 compact discs, or 12 VHS tapes. RAJ: We don't have any of those. SHELDON: How can you be sure? SHELDON: VHS was king when Feynman drove this van. SHELDON: For all we know, there are hidden compartments SHELDON: lousy with Jane Fonda workout videos.",7
1_S09E03_135_u,1_S09E03_135,-: I just wish Leonard would work up the courage -: to tell Sheldon he's moving in here.,2
1_S09E03_143_u,1_S09E03_143,"-: Speaking of Sheldon, -: how's single life treating you?",2
1_S09E03_170_u,1_S09E03_170,"-: Piercing my ears. -: Oh. Oh. -: All you need is a needle and an ice cube. -: You really never had that done? -: My mom said pierced ears were for whores, pirates and genies. -: Okay, well, you're a grown woman now. -: I know, but Sheldon had this clause in the Relationship Agreement forbidding cosmetic surgery unless it's to look like a Klingon. -: We'll take you to the mall to get it done. -: Why? I can do it right here. -: Really? -: You have a piercing gun? No.",11
1_S09E03_233_u,1_S09E03_233,"-: You know, if he finds out we eloped, -: it's gonna break his heart.",2
1_S09E03_241_u,1_S09E03_241,-: When did you learn how to change a tire?,1
1_S09E03_359_u,1_S09E03_359,"-: All we need is to find stuff -: to make a ""leever"" big enough to fix this. -: Exactly.",3
1_S09E03_476_u,1_S09E03_476,-: What... -: What are you doing back?,2
1_S09E04_015_u,1_S09E04_015,"-: Why are you taking your bins over there? -: That's just where I need them. -: You know, she doesn't have a lot of closet space. -: What's wrong with your closet? -: Uh... -: Well, honey, you know,",6
1_S09E04_053_u,1_S09E04_053,"-: Well, in addition to Amy leaving me, -: Leonard's moving in with Penny. -: It's difficult not to feel abandoned.",3
1_S09E04_074_u,1_S09E04_074,-: Have you seen this Archie comic? -: It's actually Archie versus Predator.,2
1_S09E04_088_u,1_S09E04_088,"-: Hey, we've always talked -: about playing together.",2
1_S09E04_106_u,1_S09E04_106,"-: Dude, if we do this, -: we're gonna need a cool band name. -: You know, I've actually (chuckles) -: had one I've been sitting on for years. -: Really? -: It was for this power trio -: I tried to put together in junior high, -: but I was short two friends. -: What is it?",9
1_S09E04_207_u,1_S09E04_207,"-: I'm not gonna be your roommate, Sheldon.",1
1_S09E04_230_u,1_S09E04_230,"-: So, what are you thinking for dinner?",1
1_S09E04_267_u,1_S09E04_267,-: What else can you do? Move back in with him?,1
1_S09E04_288_u,1_S09E04_288,"BERNADETTE: Hey, if you're open to living with someone great, BERNADETTE: I'll give you $1,000 to take Stuart.",2
1_S09E04_342_u,1_S09E04_342,"-: I'm telling you, dude, the song has no groove. -: You can't dance to it.",2
1_S09E04_351_u,1_S09E04_351,"-: Where's this coming from? -: A few hours ago, we both loved this song.",2
1_S09E04_382_u,1_S09E04_382,"-: LEONARD: Buddy, I know me -: moving in with Penny feels like a big change, -: but it's not.",3
1_S09E05_022_u,1_S09E05_022,"-: You know, I think it's great you guys want to get more exercise, -: but do you really think sports is the right choice for you?",2
1_S09E05_213_u,1_S09E05_213,"-: Sheldon, instead of focusing on Amy dating other guys, -: maybe you should start thinking about dating another girl. -: That's ridiculous.",3
1_S09E05_222_u,1_S09E05_222,"-: Maybe you should consider women -: who aren't in serious relationships with your closest friends. -: There's that prostate doctor, but I'm still mad at her. -: Oh, there's a woman. I'll make her my girlfriend.",4
1_S09E05_258_u,1_S09E05_258,"-: - Barry Kripke just asked me out. - (GASPS) -: Oh! Look at you, two guys in one day. -: I told you things would change if you plucked your eyebrows. -: What did he say? -: ""Hi, how are you? I was wondering if you'd like to get a drink after work sometime."" -: Well, what are you gonna do? -: I don't know. -: I guess I assumed that I would eventually date other people, -: but this is happening so fast.",9
1_S09E05_278_u,1_S09E05_278,-: How've you been?,1
1_S09E05_284_u,1_S09E05_284,-: I should let you know that he expressed interest in asking you out.,1
1_S09E05_291_u,1_S09E05_291,"-: I asked two women out today, and they both said no. -: I didn't know you were interested in dating.",2
1_S09E06_055_u,1_S09E06_055,RAJ: Why do you need Kripke? RAJ: Why don't you just go to Party City for helium? LEONARD: We'd have to go to every Party City in California.,3
1_S09E06_168_u,1_S09E06_168,"RAJ: What are you guys up to? BERNADETTE: We put Amy on a dating app, BERNADETTE: and we're seeing what's out there. RAJ: Oh, fun! Let me see. RAJ: Uh, no... RAJ: no, uh, definitely not. HOWARD: What was wrong with that guy?",7
1_S09E07_054_u,1_S09E07_054,"SHELDON: Hello, Amy. It's Sheldon. SHELDON: Yeah, I know that we're broken up but I'm leaving this message because SHELDON: I thought perhaps you'd like to watch me be interviewed SHELDON: for a documentary about Mr. Spock. SHELDON: Or as I like to call it, a Spockumentary. (LAUGHS) SHELDON: Yeah, I'm going to use that joke in the interview, SHELDON: so try to laugh like you're hearing it for the first time. SHELDON: You know, hysterically. SHELDON: And with a tinge of sadness that I'm no longer in your life. LEONARD: I'm the one who thought of Spockumentary.",10
1_S09E07_135_u,1_S09E07_135,"HOWARD: Look, I don't even think you can take this wall down 'cause it's load-bearing. RAJ: Well, it's easy to find out, just go into the crawlspace under the house and check.",2
1_S09E07_285_u,1_S09E07_285,"RAJ: so in a way, Howard's not only like your father RAJ: but he's also like the child that you're afraid to have. HOWARD: Why are you still here?",3
1_S09E08_255_u,1_S09E08_255,"OTHER: - What happened? - OMG. OTHER: - Aren't you Leonard Hofstadter? - Yeah? OTHER: I saw you speak at Stanford with Sheldon Cooper. OTHER: Amy, can you believe it? It's Dr. Leonard Hofstadter!",4
1_S09E10_065_u,1_S09E10_065,"PENNY: Yeah. So you have a song stuck in your head. PENNY: It happens to everybody. SHELDON: Well, I'm not everybody. I have an eidetic memory. SHELDON: I should be able to remember what song this is, SHELDON: but I can't. SHELDON: Something's wrong with me.",6
1_S09E10_208_u,1_S09E10_208,"PENNY: Oh, my God, he won't stop. LEONARD: How does he keep coming up with new ways to be annoying?",2
1_S09E11_045_u,1_S09E11_045,PENNY: You guys just got back together. PENNY: You might not want to ditch her on her birthday. LEONARD: I think Penny has a point. You can see it another day. SHELDON: But someone might spoil the movie. SHELDON: No one can spoil Amy's birthday for me. SHELDON: Surprise! She's even older. SHELDON: Who saw that coming?,7
1_S09E12_184_u,1_S09E12_184,"STUART: when you asked me to move in and help take care of your mom, STUART: I'd still be here two years later? BERNADETTE: - No one. - Nobody thought that. STUART: Well, that's it. BERNADETTE: I guess so. STUART: This is weird.",6
1_S09E12_369_u,1_S09E12_369,"PENNY: You know, if anything, he's turning me into his mother. PENNY: Before I did pharmaceutical sales, I was an actress. PENNY: You know, I was pretty good. PENNY: You know, girl-next-door type, but hot. PENNY: Doable. OTHER: Hmm. PENNY: And not only am I Leonard's mother, PENNY: but we have this man-child living with us named Sheldon. OTHER: Oh, Leonard talked a lot about him. OTHER: I wasn't sure if he was real.",10
1_S09E13_024_u,1_S09E13_024,"SHELDON: I am happy to report I'm feeling much better. LEONARD: Good for you. SHELDON: My fever is gone, my sinuses are pressure-free, SHELDON: and my mucus is as clear as a Yosemite waterfall.",4
1_S09E14_045_u,1_S09E14_045,SHELDON: That's not her. That's not her. SHELDON: That's not her. That's not her. SHELDON: That's not her. SHELDON: That's not her. That's not her. SHELDON: That's not her.,5
1_S09E14_455_u,1_S09E14_455,"SHELDON: I always looked up to you and Pop-Pop. SHELDON: I-I know what a challenging man he could be, SHELDON: but I saw you stand by him and-and make him SHELDON: into a better person. OTHER: I did. SHELDON: Yeah, well, that is exactly SHELDON: what I've been doing the last five years SHELDON: with this little work in progress.",8
1_S09E16_101_u,1_S09E16_101,"HOWARD: I'm, uh... (chuckles) HOWARD: uh, gonna be a father. LEONARD: That's so amazing. What? Congratulations. SHELDON: Oh, no. LEONARD: Why ""oh, no""? SHELDON: Because this changes everything. SHELDON: What about comic book night? SHELDON: Uh, what about playing games together? SHELDON: What about our trips to Disneyland? SHELDON: How can we do those things with a child around?",10
1_S09E16_189_u,1_S09E16_189,"AMY: Are you hungry? How about that sushi place you love? BERNADETTE: Doctor said I can't have sushi. PENNY: Okay, look, we don't have to go anywhere. PENNY: We can just, you know, stay here and hang out in the hot tub. BERNADETTE: Doctor said I can't go in the hot tub.",5
1_S09E18_033_u,1_S09E18_033,"HOWARD: Okay, I gotta ask-- HOWARD: why are you wearing a bow tie? SHELDON: I've never applied for a patent before. SHELDON: I wanted to make a good impression.",4
1_S09E18_147_u,1_S09E18_147,"LEONARD: Well, what if we go around the university LEONARD: and just get the patent ourselves? HOWARD: We can't. It says on their Web site, HOWARD: as long as we work there, they have HOWARD: a controlling ownership of anything we come up with.",5
1_S09E18_357_u,1_S09E18_357,"PENNY: Hangon, What if Sheldon had no choice PENNY: but to be respectful?",2
1_S09E19_044_u,1_S09E19_044,"PENNY: Hey, guys! Hey. Hey. LEONARD: What are you doing here? BERNADETTE: We heard there were some sexy scientists BERNADETTE: working hard all weekend. Yeah,",4
1_S09E20_029_u,1_S09E20_029,"LEONARD: Why are you pretending to be outdoors? LEONARD: You hate it. PENNY: Okay, if that's true, why aren't there more genius squirrels? SHELDON: Hmm? Oh. SHELDON: Amy showed me a compelling study SHELDON: That demonstrated the cognitive benefit Of spending time in the wilderness. LEONARD: Buddy, I am ready to drive you HOWARD: Into the wilderness any time you want and leave you there. SHELDON: Well, make your jokes, but some of the participants SHELDON: Who spent four days in the woods away from all technology SHELDON: Reported a 50% gain in reasoning skills upon their return.",11
1_S09E20_127_u,1_S09E20_127,"HOWARD: You feel like raj is getting a little carried away With all the baby stuff? BERNADETTE: I don't think so. BERNADETTE: Yeah. BERNADETTE: He just wants to be part of the experience. HOWARD: All right, if you say so. HOWARD: What's in the box? BERNADETTE: Oh, it's an ultrasonic microphone BERNADETTE: So we can hear the baby's heartbeat. HOWARD: Oh. That's cool. Can we try it? BERNADETTE: Actually, raj ordered it. He made me promise to wait till he was here. HOWARD: So he can be... Part of the experience?",11
1_S09E20_156_u,1_S09E20_156,"HOWARD: I'm gonna say something to him. BERNADETTE: Leave it alone. He means well. BERNADETTE: You saw him carrying that. HOWARD: So you don't think he needs to rein it in a little? BERNADETTE: No, not really. HOWARD: And you're not concerned HOWARD: He's acting like somehow this is his kid, too? BERNADETTE: He's just trying to be supportive. HOWARD: Just supportive. Not over-the-top in any way? BERNADETTE: No. RAJ: Koothrappali: Hello!",11
1_S09E20_179_u,1_S09E20_179,"AMY: Wow, it's really coming down. PENNY: This sucks. HOWARD: And there goes our hike. SHELDON: Oh, not our hike! SHELDON: Now we have SHELDON: To stay safe and warm. PENNY: You know, we could still go. PENNY: A little rain isn't gonna kill us. LEONARD: Have you been outside in the rain with sheldon?",9
1_S09E20_237_u,1_S09E20_237,"PENNY: Calm down. I'll go first. PENNY: All right, let's see. PENNY: Never have I ever...",3
1_S09E20_354_u,1_S09E20_354,"PENNY: Well, how much you got in there? LEONARD: $6,427.00 LEONARD: $47 once my nana's birthday check gets here. PENNY: My god, leonard, do you know PENNY: What I could do with that kind of money?",5
1_S09E21_024_u,1_S09E21_024,"RAJ: Oh, that's claire. Got to run. LEONARD: I thought you were back with emily. RAJ: Uh, actually I'm... Seeing both of them.",3
1_S09E21_255_u,1_S09E21_255,"HOWARD: So what the hell happened? LEONARD: Oh, I just ran out of patience with sheldon's nonsense. HOWARD: Tell me about it. I've had it with raj, too. AMY: You know, like women, men have a monthly hormone cycle. AMY: Dips in testosterone can cause irritability.",5
1_S09E21_401_u,1_S09E21_401,"RAJ: Hey, jon snow! RAJ: How come your horse has a basket on it? STUART: How come your head has your face on it? SHELDON: They don't wear bicycle helmets in game of thrones. SHELDON: You're thematically inaccurate, SHELDON: But I applaud your commitment to safety. STUART: Don't you guys have anything better to do?",7
1_S09E22_015_u,1_S09E22_015,"PENNY: All right, well, let me know if you guys want to go. RAJ: I would love to. RAJ: I do enjoy the complexity of an aged Pinot noir.",3
1_S09E22_075_u,1_S09E22_075,"RAJ: Hey, you think it'd be okay RAJ: if I brought Claire to the wine tasting? LEONARD: Sure. I'd like to meet her. Oh, that's great. LEONARD: I've been wanting her to meet you guys, too, LEONARD: so this seems like the perfect opportunity. SHELDON: Oh, but I won't be there.",6
1_S09E23_017_u,1_S09E23_017,"PENNY: that's a Venn Diagram, and I remember because",1
1_S09E23_102_u,1_S09E23_102,OTHER: I'm not surprised Leonard chose to avoid picking me up. OTHER: He's battled intimacy issues his whole life. OTHER: Does he have difficulty maintaining erections?,3
1_S09E23_270_u,1_S09E23_270,"HOWARD: You look like you come with a kickstand. RAJ: You can't make me feel bad. HOWARD: Hmm, maybe not. Leonard?",3
1_S09E23_420_u,1_S09E23_420,"PENNY: To be honest, I'm surprised you cared about the wedding at all. OTHER: I'm still human, Penny. OTHER: Not getting invited to my own son's wedding is difficult to ignore. AMY: I know how you feel. AMY: She didn't invite any of us. PENNY: It was spur of the moment! BERNADETTE: But we did get to see a live stream of it on the Internet. OTHER: I could've watched it on the Internet?",8
1_S09E24_014_u,1_S09E24_014,"LEONARD: How'd it go with my mother? PENNY: Uh, you know, it started a little rocky, PENNY: but I think we got to a good place. LEONARD: Wow. LEONARD: Well done. (chuckles) PENNY: Yeah, and when I dropped her off at the hotel, she even gave me a hug.",6
1_S09E24_152_u,1_S09E24_152,"OTHER: It was so nice of Leonard and Penny to invite me. AMY: Well, actually, I... It sure was. LEONARD: I've always had a special place in my heart for Leonard. LEONARD: Taking care of my baby all these years. SHELDON: Excuse me, I take care of him.",5
1_S10E01_075_u,1_S10E01_075,"PENNY: When Beverly gets here, do not bring up last night. PENNY: All right? As far as you're concerned, you didn't see anything. PENNY: I want you just to play dumb.",3
1_S10E01_197_u,1_S10E01_197,"LEONARD: Here you are, Mother. OTHER: Thank you. LEONARD: I'm glad you decided to stay. LEONARD: It's gonna be special for Penny and me to share this with you. OTHER: I can't wait for this day to be over.",5
1_S10E01_225_u,1_S10E01_225,"PENNY: All right, you guys, uh, get settled in, PENNY: then we'll go across the hall and say hi to everyone. OTHER: You know, It's hard to believe I've never met Leonard.",3
1_S10E01_381_u,1_S10E01_381,SHELDON: Why do people cry at weddings?,1
1_S10E01_474_u,1_S10E01_474,"OTHER: Your friends are just lovely. PENNY: Oh, thanks, Mom. OTHER: Although that Sheldon is a bit peculiar.",3
1_S10E02_101_u,1_S10E02_101,"HOWARD: You know, maybe before our meeting HOWARD: we should talk to a lawyer. LEONARD: That's not a bad idea. RAJ: Well, you must have someone in your family that's a lawyer.",4
1_S10E02_123_u,1_S10E02_123,"-: How did you think you were gonna hide your pregnancy? -: I had a plan-- I kept leaving Dove Bar wrappers around -: to explain any weight gain. -: Where did you get empty Dove Bar wrappers? -: From all the Dove Bars I ate! I'm pregnant! -: Try to keep up! -: I'm sorry. I-I have to go find out -: if my boss knows. Well, -: whatever happens, we're here for you. Thanks. -: You guys are the best. Yeah, drive safe. We love you. And give us a call...",10
1_S10E02_327_u,1_S10E02_327,"-: Hi. Hello. -: What are you doing? -: Oh, Leonard's mad at me, so I'm making him lemon bars. -: Does he even like lemon bars? -: Not really.",5
1_S10E02_372_u,1_S10E02_372,"-: So I guess I won't be seeing you guys for a while. -: Oh, looks like it. Wow. -: You're going off to work with the military, leaving me behind. -: Now I know how all those army wives feel.",4
1_S10E03_144_u,1_S10E03_144,"BERNADETTE: I don't even know where to begin. RAJ: Well, in The Sound of Music, Julie Andrews says, RAJ: ""Let's start at the very beginning. A very good place to start.""",3
1_S10E03_154_u,1_S10E03_154,"-: Oh, that's a nice one. -: Was it yours when you were little? -: My dad built it for me. -: Wow, it's so cute.",4
1_S10E03_177_u,1_S10E03_177,"-: Why is it taking him so long -: to get a drink out of a vending machine? -: Oh, it's complicated. -: He finds pushing that little door -: and reaching up into the machine uncomfortably intimate. -: (door opens)",6
1_S10E03_224_u,1_S10E03_224,"-: Maybe we should break for lunch. -: What time is it? -: (moans twice) -: According to the world's worst cuckoo clock, it's 2:00.",4
1_S10E03_260_u,1_S10E03_260,-: Sorry I flipped out on you. -: I think it's just hormones.,2
1_S10E03_282_u,1_S10E03_282,"-: I don't care what color the room is. -: Okay, well, I'm just trying to help you. -: Well, you're not, so just drop it! -: I'm clearly upset. Why aren't you following me?",4
1_S10E03_311_u,1_S10E03_311,"-: Uh, you're really going to have caffeine in front of me -: when I'm trying to get my life back on track? -: Uh, okay, let's pretend you do have a problem. -: I do. You don't. -: Yeah, but I do. No, you don't!",5
1_S10E04_007_u,1_S10E04_007,"AMY: There was water everywhere. AMY: It was such a mess. LEONARD: That stinks. How long are you out of the apartment? AMY: About five weeks. PENNY: Ugh! Did you lose anything valuable? AMY: Well, the pipe was over my closet, so all my clothes are gone.",6
1_S10E04_021_u,1_S10E04_021,"-: Well, if you need a place to crash, you can stay with us. -: Really? Of course. -: You can stay in Leonard's room, and we'll stay at my place. -: You're sure that's not an inconvenience? -: No, not at all.",5
1_S10E04_043_u,1_S10E04_043,"-: Cohabitation with my girlfriend? -: That's a great deal to process. Mm. -: It's only for five weeks. -: Yeah, and we'll be right across the hall. -: What do you think?",5
1_S10E04_057_u,1_S10E04_057,"-: Sheldon, I understand your apprehension, -: but let me appeal to the scientist in you. -: Given the five-week end date, -: isn't it the perfect opportunity to consider this an experiment -: and collect data on our compatibility?",5
1_S10E04_082_u,1_S10E04_082,"-: Interesting. -: If my official residence were across the hall, -: I wonder if I'd need to knock every time I came over here.",3
1_S10E04_105_u,1_S10E04_105,"-: I have to say, I am happy with your ob-gyn. -: Cool. 'Cause she says you're doing a great job as -: ""weird friend who doesn't have to be at every appointment.""",3
1_S10E04_158_u,1_S10E04_158,-: You've been roommates with Sheldon forever. -: Do you have any advice?,2
1_S10E04_177_u,1_S10E04_177,"-: you and I are gonna be sharing a bed. -: You know, this is uncharted territory for both of us. -: How are you feeling about that?",3
1_S10E04_194_u,1_S10E04_194,"-: Look, I know this experiment -: is a big step outside of your comfort zone. -: So why don't we take being physical off the table -: and maybe later on, -: once we're more settled in, we can revisit it. -: You're really okay with that?",6
1_S10E04_238_u,1_S10E04_238,"-: Which side of the bed would you prefer? -: Doesn't matter to me. Your choice. -: No, no, we're living together now-- everything's equal. -: You know? I know that I have a tendency to be controlling, -: so I would rather you choose.",5
1_S10E04_262_u,1_S10E04_262,"-: Now, this side offers me proximity to the bathroom, -: but I am closer to the window -: where perverts can watch me sleep. -: Okay.",4
1_S10E04_277_u,1_S10E04_277,"-: This is ridiculous. -: The doctor knows what the baby is, the ultrasound tech knows, -: Raj knows, -: his Grey's Anatomy online fan group probably knows. -: Is it weird we don't? -: I don't know. -: Maybe the surprise will make it more fun. -: Like magic tricks. -: Remember how disappointed you were -: when I explained the never-ending hanky?",10
1_S10E04_307_u,1_S10E04_307,"-: because I was wondering how you'd feel -: about separating the two of us with a pillow wall. -: Sheldon, I've made more than enough accommodations for you. -: We're both grown adults-- -: we've been far more intimate than this. -: If you don't want to snuggle, fine-- -: but we're not building a pillow wall.",7
1_S10E04_343_u,1_S10E04_343,"-: Screw it. I'm calling and finding out. -: Good. Call him. -: Wait, I'm not sure I want to know. -: But you just said you wanted to know.",4
1_S10E04_361_u,1_S10E04_361,"-: Okay, you're positive you want to know? -: Yes. Okay. Here we go. -: It's ringing. -: (ringtone playing) -: Hello?",5
1_S10E04_398_u,1_S10E04_398,"-: So, how is everyone? -: Miserable and exhausted. -: Really? I slept great.",3
1_S10E04_403_u,1_S10E04_403,"-: (sighs) Sheldon, maybe living together is a bad idea. -: Well... Yeah, but what kind of scientists would we be, -: drawing a conclusion after only 12 hours of data?",3
1_S10E05_079_u,1_S10E05_079,"-: When you live with someone, there's gonna be conflict. -: You just have to keep communicating. -: I'm open to that.",3
1_S10E05_110_u,1_S10E05_110,"-: Honey, how ya feeling? -: (Bernadette retching loudly) -: The book says at this stage of the pregnancy -: morning sickness should be going away. -: (retching) -: So that's good news, right?",6
1_S10E05_120_u,1_S10E05_120,-: But it's our last chance to take a vacation -: that's just the two of us.,2
1_S10E05_288_u,1_S10E05_288,"STUART: So you're back out on the dating scene now? RAJ: Yeah, yeah, a little. STUART: Oh, that must be fun. How's that going?",3
1_S10E05_319_u,1_S10E05_319,"-: Well, who you gonna hit on? -: The girl in front of us got strawberry. -: That's your favorite.",3
1_S10E06_003_u,1_S10E06_003,"-: Hey, have you ever heard of the Van Nuys Comic-Con? Yeah. -: It's a dinky little convention where they sell collectibles -: and get sad D-list celebrities to appear. Why?",3
1_S10E06_062_u,1_S10E06_062,-: That's a kick. -: That's an actual kick. -: (panting) -: What are you doing?,4
1_S10E06_091_u,1_S10E06_091,"-: What's all this? -: Oh, everything we need for your autograph session-- -: head shots, markers. Okay. -: Leonard, it's sweet you're excited about this, -: but it'll be a miracle if one person asks for my autograph.",5
1_S10E06_166_u,1_S10E06_166,-: Never been on this side of the table before. -: I feel powerful. -: Really?,3
1_S10E06_255_u,1_S10E06_255,"-: It's got a rearview camera, there's a DVD player-- -: oh, and check this out. -: It's like we're living in the future! -: Hey, show her the trunk! Show her the trunk!",4
1_S10E07_069_u,1_S10E07_069,"SHELDON: Thank you for your services, gentlemen. Now, I'm hoping to broaden our audience with your youthful rock and roll music.",1
1_S10E07_110_u,1_S10E07_110,"LEONARD: You're awful quiet, everything okay? SHELDON: I'm concerned about Amy. SHELDON: She's acting a bit odd lately.",3
1_S10E07_140_u,1_S10E07_140,"LEONARD: She's enjoying living with you LEONARD: and she didn't want it to end early. SHELDON: So, she's deceiving me SHELDON: in order to spend more time with me. LEONARD: Yes. Oh. SHELDON: Well, I feel both flattered and hurt. SHELDON: Like when people say I look like that skeleton SHELDON: from Nightmare Before Christmas.",8
1_S10E07_163_u,1_S10E07_163,"-: So, if I actually know something right now... -: and I do... -: ...you don't want me to tell you? -: Uh... -: Pfft, no.",5
1_S10E07_187_u,1_S10E07_187,"-: So, what's the deal with your apartment? -: Why's it taking so long? -: Um, it was a drywall problem. -: Oh, no, what happened? -: Well, the drywall got wet, and you do not want wet drywall -: because when drywall gets wet, it's really more... -: Wet wall? -: Or damp wall, just as bad. Mm.",8
1_S10E07_198_u,1_S10E07_198,"-: But is Sheldon really believing all this crap? -: Well, he started to question it, but then I fake sneezed on him -: and he ran to take a shower. -: Please don't say anything, I feel terrible about this.",4
1_S10E07_247_u,1_S10E07_247,"-: What is going on? -: Fine, I told Sheldon that -: her apartment's been finished, -: but then you just said it's not, -: so now I'm all confused. -: Penny was just covering for me. -: My place has been ready for two weeks. -: How could you lie to me?",8
1_S10E07_267_u,1_S10E07_267,-: Why did you tell Howard -: I was hiding Leonard's things? -: One sec. -: Why did you tell Leonard,4
1_S10E08_063_u,1_S10E08_063,"RAJ: I-I just found a wobble. OTHER: Oh, do I need a mop? RAJ: It's a gravitational wobble. RAJ: It could be a sign of an extrasolar planet RAJ: that may contain life and someday be named after me. OTHER: Oh... well, if it has life, OTHER: maybe it already has a name, huh? RAJ: Yeah, but it's probably difficult to pronounce. OTHER: What is your name? RAJ: Rajesh Ramayan Koothrappali.",10
1_S10E08_131_u,1_S10E08_131,"HOWARD: Huh, they screwed up and gave us steamed broccoli. RAJ: Oh, no, that's mine. LEONARD: Really?",3
1_S10E08_140_u,1_S10E08_140,"-: You're dating somebody, who is it? -: What? -: What are you talking about? -: You only watch what you eat when you're afraid -: you might have to take your shirt off.",5
1_S10E09_021_u,1_S10E09_021,"LEONARD: How much money did he win? RAJ: Over half a million dollars. HOWARD: Wow. And he doesn't have to use it HOWARD: for research, he can do whatever he wants with it.",4
1_S10E09_066_u,1_S10E09_066,AMY: Bert is studying the way microbes in rocks AMY: can survive in extreme environmental conditions. LEONARD: They say it could be a potential indicator LEONARD: of life on other planets.,4
1_S10E09_081_u,1_S10E09_081,-: (knocking) You busy? -: There's somebody out here who wants to meet you. -: Who is it?,3
1_S10E09_100_u,1_S10E09_100,-: It's always fun watching him read someone else's work. -: (scoffs) -: (moans),3
1_S10E09_169_u,1_S10E09_169,"-: You know, I do understand what you're feeling. -: My brother and sister's accomplishments -: have always been held over my head. -: How did you deal with it?",4
1_S10E09_186_u,1_S10E09_186,-: Do it. -: Visualize it as your anger -: a-and-and toss it out of your life. -: Perhaps I will. -: This rock -: encapsulates all my negative emotions. -: I will cast you far away. -: Feel free to take out a pigeon while you're at it.,8
1_S10E09_194_u,1_S10E09_194,-: What happened? -: I tried to let go of anger -: and threw a rock into my foot! -: Then he got more angry and kicked the rock,4
1_S10E09_258_u,1_S10E09_258,"SHELDON: Well, it's a new day. I have a new outlook. SHELDON: You know, I realized I don't need to worry SHELDON: about other people. SHELDON: I just need to think more about myself. LEONARD: Oh, how will we ever get used to the new you? RAJ: Well, I'm glad to see you moving forward. SHELDON: Bert did quality research. SHELDON: And he deserves whatever accolades he receives.",8
1_S10E09_324_u,1_S10E09_324,-: Howard's dopey haircut? -: I think he looks cute. -: And I think you're cute. -: I think you're both cute.,4
1_S10E10_009_u,1_S10E10_009,"AMY: If we're going to be staying in this apartment, would you be interested in doing a little redecorating? SHELDON: Oh, actually, I would. AMY: Great, what'd you have in mind? SHELDON: Let's take every single thing from the other apartment and put it in here. AMY: Well, how about we start a little smaller? AMY: Like moving the furniture around.",6
1_S10E10_090_u,1_S10E10_090,"-: can I live here? -: Stuart, we'd love to help you out, -: but this a bad time; we're about to have a baby. -: Or is that why this is a great time? -: Think about it-- when that baby comes, -: you're gonna need all the help you can get. -: Thank you, -: but I'm not really sure.",8
1_S10E10_158_u,1_S10E10_158,"-: Sheldon, you're-you're being a little selfish. -: Why don't you let Leonard keep a few things? -: It's not my fault I'm bad at sharing; -: I skipped kindergarten. -: You know what? -: There is one thing I would like. -: Yeah, take whatever you want.",7
1_S10E10_269_u,1_S10E10_269,"STUART: Hey, what's up? RAJ: I'm here to put the crib together. STUART: Ooh, sorry, I already did it. RAJ: Oh, I don't know if you realize this, but I bought that crib.",4
1_S10E10_376_u,1_S10E10_376,"-: I have to admit, -: leaving you to move in with Amy -: has been harder than I thought it would be.",3
1_S10E11_321_u,1_S10E11_321,"LEONARD: It's hard to believe Howard's having a kid. AMY: Penny, you're the one who introduced him to Bernie.",2
1_S10E12_115_u,1_S10E12_115,"SHELDON: What, so... You thought I was going to be alone SHELDON: for the rest of my life? OTHER: No! Just for the middle part.",3
1_S10E13_095_u,1_S10E13_095,"BERNADETTE: Things going well with you and Sheldon living together? SHELDON: Better than ever. SHELDON: He asks about my day, takes an interest in my life. SHELDON: He's like my boyfriend in college, except he's real, so people can see him.",4
1_S10E13_135_u,1_S10E13_135,"SHELDON: If you do that, I'll win in eight moves. SHELDON: I'll win in five moves. SHELDON: I'll win in one move.",3
1_S10E14_032_u,1_S10E14_032,"PENNY: Hey. Hey, boys. How's it going? SHELDON: Well, I thought we were having a nice conversation, SHELDON: but it turns out, i was being offensive.",3
1_S10E14_056_u,1_S10E14_056,"BERNADETTE: You know, I just read that a team at mit. BERNADETTE: Developed a device that helps people read human emotions.",2
1_S10E14_094_u,1_S10E14_094,"HOWARD: Sheldon, I just heard from the guys at mit HOWARD: about that emotion reader; They're sending a prototype HOWARD: for you to beta test. SHELDON: (Gasps) Wonderful. SHELDON: Although I'm not sure how I feel SHELDON: about being used as a Guinea pig.",6
1_S10E14_476_u,1_S10E14_476,"RAJ: You know, I just read a study that suggests new mothers are better at sensing emotions for up to two years. AMY: It's true. AMY: Pregnancy causes physiological changes in the brain that result in increased empathy.",3
1_S10E16_009_u,1_S10E16_009,"HOWARD: Go! (Inhales deeply) HOWARD: Come on, raj! LEONARD: Leonard: You can do this! SHELDON: There's no way. PENNY: What is happening? LEONARD: This is an euler's disk. LEONARD: It's a physics toy that demonstrates angular momentum, potential energy, and kinetic energy.",7
1_S10E17_032_u,1_S10E17_032,"PENNY: Well, he has a job. How bad can it be? SHELDON: Well, his rent and car lease are exceedingly high. SHELDON: You couple that with his penchant SHELDON: for dining out and shopping...",4
1_S10E17_096_u,1_S10E17_096,HOWARD: You actually think penny will have fun at comic-con?,1
1_S10E17_125_u,1_S10E17_125,"HOWARD: Yeah, you're a grown man who's highly educated.",1
1_S10E17_146_u,1_S10E17_146,"BERNADETTE: Okay. HOWARD: What you doing? Making lasagna. BERNADETTE: Oh, she's sexy, she can cook. BERNADETTE: I'm such a lucky guy. (Chuckles) HOWARD: You want something stupid, or you did something stupid? HOWARD: No. I just walked in here, saw how beautiful you are and had to tell you.",6
1_S10E17_287_u,1_S10E17_287,"RAJ: Stay, I'll get her. BERNADETTE: Appreciate it. That's fine. RAJ: She and I can cry together. BERNADETTE: He's such a sweetie. HOWARD: I know, I wish there was some way we could help him. BERNADETTE: If he could find a girl with a good job, all his problems would be over.",6
1_S10E18_164_u,1_S10E18_164,"HOWARD: Hey, look at that. HOWARD: You've got a Raj, we've got a Stuart.",2
1_S10E18_266_u,1_S10E18_266,"RAJ: Maybe moving in was a bad idea. RAJ: I haven't been here one day, I'm already causing problems. PENNY: You didn't do anything. It's Sheldon. LEONARD: ""You didn't do anything. It's Sheldon."" LEONARD: That'd make a nice needlepoint pillow. PENNY: So, relax. We're happy to have you. RAJ: Thank you, but how do I know you're not saying that just to be nice?",7
1_S10E18_323_u,1_S10E18_323,"RAJ: I'm sorry, guys. RAJ: Sheldon was upset, Leonard and Penny were fighting. RAJ: I just wanted to go someplace where I wasn't causing problems.",3
1_S10E18_391_u,1_S10E18_391,"RAJ: Well, no offense, but I didn't go to art school. RAJ: I have a PhD in astrophysics.",2
1_S10E18_423_u,1_S10E18_423,"LEONARD: You are not a burden, LEONARD: and we want you to come back and stay with us. RAJ: But I also upset Sheldon, and he's not gonna want to come over if I'm there.",3
1_S10E19_015_u,1_S10E19_015,RAJ: Would you mind taking cinnamon for a walk?,1
1_S10E19_252_u,1_S10E19_252,"BERNADETTE: Look, raj just gets along with women. LEONARD: I-i know, LEONARD: but he was my friend first. LEONARD: It's like she's stealing him LEONARD: and they're just having the best time LEONARD: doing all their dumb girly stuff together.",6
1_S10E21_151_u,1_S10E21_151,"RAJ: Can't believe Bert has a girlfriend and I don't. AMY: I thought you were taking a break from women AMY: to focus on your career. RAJ: Oh, grow up. LEONARD: Don't you have any friends he can date?",5
1_S10E21_200_u,1_S10E21_200,"RAJ: I haven't had much success meeting people online. OTHER: I didn't either, until i revamped my profile.",2
1_S10E23_165_u,1_S10E23_165,"PENNY: So, did you tell him about Princeton yet? AMY: No, I'm waiting till he's in a good mood.",2
1_S11E01_100_u,1_S11E01_100,"-: We're engaged. -: Oh, my God, that's amazing! -: Wait, uh, tell me everything. -: Well, Dr. Nowitzki was kissing me...",4
1_S11E01_222_u,1_S11E01_222,"-: Hey, Stuart. Oh, hey, Raj. -: What can I help you with? -: I need to buy an engagement gift.",3
1_S11E01_337_u,1_S11E01_337,"-: Ooh, you know what you could do? -: You could have a baby, too.",2
1_S11E01_400_u,1_S11E01_400,"PENNY: All right, so what are we celebrating? LEONARD: Well, you know, Bernadette and Howard are pregnant again, LEONARD: and Amy and Sheldon are getting married. LEONARD: I didn't want you to feel left out. PENNY: Ah. Left out?",5
1_S11E01_446_u,1_S11E01_446,"-: Hello. -: Hey. Hey. Amy, welcome back. -: Oh, l-let me see the ring. -: Ooh, nice.",4
1_S11E02_008_u,1_S11E02_008,"-: Uh, one dumpling left. Who wants it? -: Maybe you should offer it to the pregnant lady. -: And that would be... -: Me, Sheldon. -: I'm obviously pregnant. -: Well, you never said it to my face. -: And the last time I assumed a woman was pregnant, -: it did not go over well.",8
1_S11E02_030_u,1_S11E02_030,"LEONARD: I'm being interviewed on public radio this Friday. HOWARD: Oh, cool. How come? LEONARD: Uh, the university is trying to get more funding LEONARD: for the physics department, LEONARD: so they want me to go out and talk it up.",5
1_S11E02_049_u,1_S11E02_049,"-: Joining me today -: is my guest physicist, Dr. Leonard Hofstadter, -: to talk about -: all of the exciting research they're doing at Cal Tech.",4
1_S11E02_127_u,1_S11E02_127,"-: You ready for lunch? -: Oh, one second. -: Ooh, someone's got a lot of fancy new lab equipment. -: I know. The university has been throwing money at my study. -: With any luck, there'll be a brain disease -: with my name on it.",6
1_S11E02_205_u,1_S11E02_205,"-: Here, drink this. -: It might help. -: What if it doesn't?",3
1_S11E02_299_u,1_S11E02_299,"-: You know, you're a successful woman. -: You should be able to brag about your accomplishments -: once in a while. -: Well, so should you. -: I mean, the guys are never shy about bragging.",5
1_S11E03_006_u,1_S11E03_006,"-: Hmm, some news of our wedding, I have sent you all -: a ""save the date"" e-mail. -: Oh, exciting. You guys picked a date? -: Better. I picked 80 dates. -: And I need you -: to save them all until we narrow it down.",6
1_S11E03_067_u,1_S11E03_067,"-: Hey, just a reminder-- -: I'm going out for drinks after work. Oh. Great. -: Just a reminder-- you're pregnant. -: I'm not drinking, just taking a new coworker out. -: Oh. Just a reminder-- you're married. -: Female coworker. -: She's new in town, and I want to make her feel welcome. -: And let her know the office is full of liars -: before everyone tells her I'm mean. -: Is she single?",10
1_S11E03_169_u,1_S11E03_169,"-: Oh, you were born in Trivandrum. -: Have you ever been to the Kuthira Malika Palace? -: No, I haven't.",3
1_S11E03_220_u,1_S11E03_220,"-: What are you listening to? Nothing. -: Oh, come on, I want to hear. -: We don't need GPS. -: Let's just see where the road takes us. -: I see why you turned it off. -: That guy sounds like an idiot.",6
1_S11E03_250_u,1_S11E03_250,"-: This picture of Galactus eating a planet looks like -: my preggo wife destroying a coffee cake. -: (laughing): Oh, yeah, I see it. -: I'm just saying, you should bow out.",4
1_S11E03_321_u,1_S11E03_321,"-: Here you go. -: Thanks. (chuckles) -: It's too bad Stuart couldn't make it. He seemed fun. -: Oh, yeah, he is. I love him dearly, yeah. -: Not to say that I don't worry about him.",5
1_S11E03_365_u,1_S11E03_365,"-: Hello. -: Hey. -: So, um, I, uh... -: I got flip-flops. -: Good for you.",5
1_S11E04_005_u,1_S11E04_005,"-: It feels like it wasn't that long ago -: we were here doing this for Halley. -: Cause it wasn't. -: Which reminds me, before we leave, -: let's get you a vasectomy.",5
1_S11E04_016_u,1_S11E04_016,"-: So, you two ready to find out the sex of this baby? -: Yeah. Absolutely. -: Is Halley hoping -: for a little brother or a little sister? -: Well, she's nine months old, -: so unless it jingles or is in my bra, she doesn't care. -: And how about you two? -: You know, for the first one, we really wanted a girl, -: but this time around, we don't have a preference. -: Yeah. Boy, girl, as long as it's healthy.",10
1_S11E04_024_u,1_S11E04_024,"RAJ: Come on, you can't really be disappointed. HOWARD: Hey, I barely know how to be a man myself. HOWARD: Now I have to teach someone? SHELDON: As the saying goes, ""Those who can't do, teach."" AMY: Don't you want a little version of Howard?",5
1_S11E04_067_u,1_S11E04_067,"-: Hey, where are you going? -: Back to the dry cleaner. Look at this. -: They didn't get the stain out of my Starfleet uniform. -: Well, if you didn't make me wear the green body paint in bed, -: you wouldn't have to get it dry-cleaned so much.",5
1_S11E04_137_u,1_S11E04_137,"-: So, you don't want to hang out with Sheldon and Howard? -: No, they were bonding over their sad childhoods, -: and my stupid parents were always there for me. -: What's all this? I'm just boxing up all the clothes Halley's outgrown. -: Guess we won't need them anymore. -: Oh, well, slow down. -: I'm sure there's some you could reuse for a boy.",7
1_S11E04_162_u,1_S11E04_162,"-: Oh. I should've brought peanuts. -: You can't eat peanuts. You're allergic. -: If you die, who's going to drive me home? -: I'm not gonna eat them. -: It's a thing they do at JPL. -: When the Ranger mission finally had a successful launch, -: there were peanuts in the room. -: Ever since then, they have them at every launch. -: That sounds like a silly superstition.",9
1_S11E04_273_u,1_S11E04_273,"-: Reason number 13 to feel good: -: as a launch, it was bad, -: but as an explosion, it was glorious. -: Reason 14: -: you still have all your fingers, -: and boys prefer a dad with fingers.",6
1_S11E04_298_u,1_S11E04_298,"-: Oh, hey, hey, what do you think? -: Just because it's a boy, I don't think you need to -: put a picture of genitals on his shirt. -: But that's a baseball bat with two little baseballs. -: Okay, and now I see it. -: So, you know, I understand why -: Howard is nervous about having a son, -: but are you really upset about it?",8
1_S11E04_315_u,1_S11E04_315,"-: Hey. Hello. -: You got a sec? -: Sure. What's up? Penny's been talking to my mother -: like they're best friends, and it's kind of freaking me out.",4
1_S11E04_347_u,1_S11E04_347,"SHELDON: You know, studies have shown SHELDON: that people distracted by emotional issues are poor drivers.",2
1_S11E05_005_u,1_S11E05_005,"-: Thanks for letting me put Halley in your room. -: Yeah, no problem. -: Oh, and, Penny, she kinda threw up on your stuffed bear. -: Oh, that's okay. -: Hey. Tha-That's an Ewok and it's mine.",5
1_S11E05_060_u,1_S11E05_060,"-: Hey, what you reading? -: A parenting book. -: Oh, my God. Are-are we...?",3
1_S11E05_099_u,1_S11E05_099,AMY: So this is it? Yes. AMY: We are using it to map brain wave patterns AMY: and then converting them into electrical impulses AMY: that can be used to control anything from wheelchairs to robots.,4
1_S11E05_156_u,1_S11E05_156,"SHELDON: She's going to be home at ""eight-ish."" Like, when is that? SHELDON: 8:01? 8:02? SHELDON: And what kind of scientist uses ""-ish""? LEONARD: I'll give it a go.",4
1_S11E05_186_u,1_S11E05_186,"-: What did you do-- Are you a witch? -: No, I've been reading Bernadette's parenting book. -: It's like the answer key to the Sheldon test. -: That's amazing. I know. -: But, you know, it's only birth to five.",5
1_S11E05_193_u,1_S11E05_193,"RAJ: Hey, Bernadette. BERNADETTE: Oh, hey, Raj. BERNADETTE: Howard's not here. RAJ: Oh, I know, he's been in the lab every night this week with his work wife. BERNADETTE: That's weird,",5
1_S11E05_253_u,1_S11E05_253,"-: Ugh, Sheldon's texting me to drive him to Bernadette's. -: Well, what are you gonna say? -: Well, they did just introduce the middle finger emoji. -: If it's not for this, I don't know what it's for. -: No, no, no. He'll just think that means -: ""Be there in a minute."" -: Uh...",7
1_S11E05_306_u,1_S11E05_306,"-: Okay, I'm gonna extend the wait time and have it poll -: the A-to-D converter at the top of the loop -: instead of the bottom. -: Oh. That's impressive. -: You think that's impressive, take apart that brain model. -: (gasps) -: Oh my God-- three of clubs. -: That was my card! -: How did you...?",9
1_S11E05_343_u,1_S11E05_343,"-: Okay, I put new batteries in the smoke detectors. -: Did you do the laundry? -: I sure did. Ooh. -: He's gonna be steamed. -: Just like his dress shirts.",5
1_S11E05_370_u,1_S11E05_370,"-: She made me do all her chores, -: and it wasn't even her idea-- she stole it -: from Tom Sawyer. -: You know what? This is crazy. -: Howard and Amy are working together-- get over it.",5
1_S11E05_402_u,1_S11E05_402,"-: Hey, what are you working on?",1
1_S11E05_429_u,1_S11E05_429,"-: You know, once we get this operational, -: we could probably figure out how to make it wireless. -: That'd be amazing. -: (phone chimes) -: Oh, that's Sheldon. -: Oh, he's upset with Leonard and Penny. -: (phone whooshes) -: And Bernadette. -: (phone whooshes) -: And Mark Twain.",10
1_S11E05_448_u,1_S11E05_448,"-: This is great, the two of us hanging out. -: Why didn't we think of this earlier? -: Agreed. -: I don't need Amy to watch a movie. -: I can not hold your hand just as easily. -: (music begins playing over TV)",6
1_S11E06_003_u,1_S11E06_003,"-: Howie, slow down. -: I can't.",2
1_S11E06_019_u,1_S11E06_019,SHELDON: They're going to start making SHELDON: Professor Proton's science show again. BERNADETTE: I thought he passed away. HOWARD: He did.,4
1_S11E06_060_u,1_S11E06_060,"-: You doing okay? -: No, I'm very nervous. -: (man groaning) -: Where are you going?",4
1_S11E06_102_u,1_S11E06_102,"HOWARD: Ow. Ow. Ow. Ow. RAJ: Really hurts, huh?",2
1_S11E06_187_u,1_S11E06_187,"-: Where did you get a bell? -: App store. -: (bell ringing) -: Fun. Let me see. -: (chuckles) -: When you catch me, you can have it back.",6
1_S11E06_249_u,1_S11E06_249,"-: (light knocking) Hi, guys. -: Wanted to check in and see how you two were doing. -: for the amount of Indian servant jokes he can tolerate, and, apparently, I filled it. -: We're okay. -: Yeah, hanging out in bed with my wife, -: thawing out some frozen peas in my pants-- living the dream. -: (Halley crying) -: Oh, I'll get her. -: I thought Raj was helping you out. -: No, he had to work. -: Plus, he has a quota",11
1_S11E06_391_u,1_S11E06_391,"-: Hey, how you doing? -: What are you doing here? -: Oh, I just came by, you know, to see if you need any help. -: Howard and Bernadette asked you to check up on me. -: That is not entirely true. -: So did Leonard and... everybody.",6
1_S11E06_410_u,1_S11E06_410,BERNADETTE: Can you get us a little snack? PENNY: You sure you don't want your spy to do it? BERNADETTE: What are you talking about? PENNY: You really don't trust me? You had to have Amy stop by? BERNADETTE: We trust you. Yeah.,5
1_S11E06_448_u,1_S11E06_448,"-: Hello, Arthur. -: You-you know, -: we could... we could also meet in-in a deli. -: I'm sorry to say that I failed you. -: I tried to stop Wil Wheaton being Professor Proton, -: but I couldn't. -: See, now, that's-that's the kind of thing -: you could tell a fella over a... -: pastrami sandwich.",9
1_S11E07_026_u,1_S11E07_026,"-: Sheldon, I've got these -: four-billion-year-old meteorites. -: I thought maybe they'd show signs of neutrino interactions. -: I could really use someone like you to help me with the math. -: Oh, so they would act as natural dark matter detectors. -: That sounds interesting.",6
1_S11E07_112_u,1_S11E07_112,"-: So what do you think of -: our chances at the World Cup? -: Ah, World Cup. -: You know, it'll all depend -: if Kohli's batting in form. I know.",5
1_S11E07_153_u,1_S11E07_153,"-: Hello. -: Hey, buddy, what's up? Hey. -: Um, I need to talk to Penny alone. -: (laughs) -: What can I do for you?",5
1_S11E07_161_u,1_S11E07_161,"SHELDON: I'm working with Bert, but I don't want anyone to find out. PENNY: Well, you just told me, so strong start. SHELDON: Penny, this is serious. SHELDON: My reputation is on the line. SHELDON: What are people gonna think when they see us collaborating?",5
1_S11E07_220_u,1_S11E07_220,"-: She just wants to keep things casual. -: Oh, great, that's how you're gonna screw it up. -: Hey, I can be casual. -: Mm-hmm.",4
1_S11E07_265_u,1_S11E07_265,"-: Are you embarrassed of me? -: Oh, no, no, no, not you. -: No, just the work that you've devoted your entire life to. -: If you're ashamed to be working with me, -: then I don't want to work with you.",5
1_S11E07_271_u,1_S11E07_271,"-: This place seems nice. -: Uh, but not too nice. -: Yelp called it ""good for groups."" -: Would you care to buy the lady a...?",4
1_S11E07_381_u,1_S11E07_381,"-: What do you want, Sheldon? -: I would like us to work together again. -: I promise to keep my geology comments to myself, -: because while some of them are funny, all of them are mean. -: Well, this is awkward. -: Leonard, what are you doing here?",6
1_S11E07_405_u,1_S11E07_405,"-: I mean, Ruchi's nice. -: We're just so different. -: I know. Sometimes when you're dating, -: you meet weird people. -: I once met a girl who didn't like juggling.",5
1_S11E07_415_u,1_S11E07_415,"-: So you're not gonna see her again? -: What's the point? -: We're never gonna be in a real relationship. -: Right, so you'll only be in a physical one? -: Exactly. -: Why would I want to spend time with someone like that? -: Someone who is just interested in sex? -: Yeah. -: Raj, do you real... Whoa, hold on.",9
1_S11E08_005_u,1_S11E08_005,"-: Can we start the movie? -: Before Sheldon gets here? -: Last time we did that, he didn't talk to us for a month. -: So do it! -: Hold on. Where is he?",5
1_S11E08_113_u,1_S11E08_113,"-: Hey. Hi. -: Hey, what are you two doing here? -: Don't worry about work. You take all the time you need. -: RUCHI: We won't stay long. -: I just wanted to drop something off -: from me and the girls at work. -: None of the girls at work like me enough to get me a gift. -: Okay, so you'll know why everyone at the office -: has the same handwriting. -: I really appreciate the thought, -: but it's not necessary. I'll be back soon.",11
1_S11E08_137_u,1_S11E08_137,HOWARD: Why would the military want Sheldon?,1
1_S11E08_142_u,1_S11E08_142,"-: Well, he better not be working on our guidance system. -: That was my idea. -: Why don't we call Colonel Williams -: and find out what's going on.",4
1_S11E08_195_u,1_S11E08_195,"-: What do you want to watch? -: Oh, why don't you pick. -: Okay, how about comedy? -: Eh, I already laughed today.",4
1_S11E08_217_u,1_S11E08_217,"-: Sheldon went to the Air Force behind our backs. -: I did nothing of the sort. -: I had an idea -: for a neutrino-based communication system, -: I presented it to them, and they were interested. -: But y-your communication system -: was based on our guidance system. -: And sonar is based on bats. -: You don't see them hanging upside down -: in a patent attorney's office.",10
1_S11E08_283_u,1_S11E08_283,"-: So it turns out Ruchi is totally -: trying to take over Bernadette's projects. -: Wow, she just told you that out of the blue? -: Yeah, yeah, we had just made love. -: It was so beautiful. -: Our caramel-colored bodies -: were entwined like erotic taffy...",7
1_S11E08_305_u,1_S11E08_305,"-: You know, that guidance system was my idea. -: You figured out how to make it work. -: We didn't even need Sheldon. -: Let's not forget your idea was based on my theory. -: Hey, we're bagging on Sheldon here! Focus! -: I guess it was pretty smart using our quantum technology -: as the basis for a communication system.",7
1_S11E08_351_u,1_S11E08_351,"-: So what do you think? Can you make it work? -: Uh, I just need to use the cross section -: to calculate the probability of the interaction. -: Can we help?",4
1_S11E08_428_u,1_S11E08_428,"-: Why did you tell Barry Kripke your idea? -: This is all your fault. -: No, it's your fault. -: If you would've come to us in the beginning, -: none of this would've happened. -: Well, if it helps, you all behaved terribly -: and you deserve what you got.",7
1_S11E10_009_u,1_S11E10_009,"-: This was a good idea. -: It's been a long time since we've had girls' night. -: Yeah, it's so nice to have a relaxing evening -: at home doing nothing. -: Yeah, really breaks up the other 30 days -: I've spent on bed rest doing nothing. -: Well, tonight we're gonna make you forget all that. -: You're gonna make me forget I've been stuck in bed -: while a baby uses my bladder as a kickball?",9
1_S11E10_062_u,1_S11E10_062,"-: You and Amy having fun planning your wedding? -: We're employing a mathematical approach -: called decision theory, so, heck, yeah. -: Heck, yeah? -: Looks like someone need to put a dollar in the almost-swear jar. -: We've assigned all wedding decisions randomly, -: and each of us makes half of them. -: You know, from venue to officiant -: to numbering system for the tables: Roman or Dewey Decimal.",9
1_S11E10_143_u,1_S11E10_143,"-: I'm so sorry the interview didn't go well. -: Yeah, you would've been perfect for it. -: Oh, I just get so nervous, -: and then I start apologizing for being nervous, and... -: You guys don't want to hear about this. I'm sorry.",5
1_S11E10_228_u,1_S11E10_228,"RAJ: Why not? 15 years of constant ridicule. I-I think RAJ: our relationship has become toxic. HOWARD: Uh, what are you saying? RAJ: I think you and I need to spend some time away from each other. HOWARD: Look, I... I can see you're upset, but... HOWARD: I'm gonna need some ground rules. I mean,",6
1_S11E10_240_u,1_S11E10_240,SHELDON: Neither of them will be the actual cake. SHELDON: I'm just using it as a bargaining chip SHELDON: to get Amy to agree to the whole wedding party getting rings from wheelchairs to robots.,3
1_S11E10_249_u,1_S11E10_249,"-: Really? -: You're not gonna sit here? -: I'll sit there as soon as you leave. -: You're still on this? -: I said sorry. -: Well, ""sorry"" doesn't make up for years of emotional abuse.",6
1_S11E10_297_u,1_S11E10_297,"-: Hey. You look good today. -: What happened? What's wrong? -: Just tell me. I can take it. -: Nothing. I felt bad about being mean to you, -: so I'm being nice.",5
1_S11E10_309_u,1_S11E10_309,"RAJ: Hello, friends!. LEONARD: Hey, what's going on with your hair? RAJ: Uh, nothing. I just decided to stop straightening it. PENNY: Wait, so you were making your hair look like that on purpose? RAJ: When I first moved to America, I wanted to fit in. RAJ: And Howard's hair was straight, and he was the coolest person I knew.",6
1_S11E10_337_u,1_S11E10_337,"-: Hey, Howard. Hey. -: Where is everybody? -: I could ask you the same question.",3
1_S11E10_432_u,1_S11E10_432,"-: Wow. I never knew science could be so interesting. -: Hey, I talk to you about science all the time. -: Oh, you sure do, sweetie. -: Should we go congratulate him? -: I'll do better than that-- I'll give him constructive criticism. -: Here's some constructive criticism: don't.",6
1_S11E10_461_u,1_S11E10_461,"-: If there is life beneath the surface of these planets, -: how would we even detect it? -: Uh, that's a complicated question. -: Let me start with a simpler one. -: Can I buy you a coffee? -: A-Also a complicated question. (chuckles nervously) -: Because I want to say yes, but if I drink coffee this late, -: then I'll be up all night.",8
1_S11E11_024_u,1_S11E11_024,"-: Oh, Stuart, two questions: -: Do you have the new Aquaman, -: and do you mind if I use your back room to smoke some meat? -: Well, since it's you asking, -: I'm gonna guess that's not a euphemism.",5
1_S11E11_055_u,1_S11E11_055,"-: You're a grown man; act like it. -: Big talk coming from a guy holding an Archie comic book. -: Hey, werewolf Jughead is not your dad's Jughead. -: Come on, you guys have been friends forever. Quit fighting.",4
1_S11E11_077_u,1_S11E11_077,"-: Mm, I'm in. (gasps) Me, too. -: It'll be nice to see the parts I missed while I was blinking. -: Hey, guys, there's a change of plans. -: We are having a party for Halley's birthday after all. -: Turns out Bernadette and ""anyone who's not a heartless monster"" -: thinks that's the right thing to do. -: I don't like kids, but I do like birthday cake. -: Oh, wait, will there be sugary icing flowers on it?",8
1_S11E11_098_u,1_S11E11_098,"-: Hey. -: Hey. What you reading? -: Oh, it's your brother's Christmas letter. -: Ugh. -: If there's a picture of his wife and his kids -: and his dogs and his horses all in matching pajamas, -: I beg you to burn it.",7
1_S11E11_127_u,1_S11E11_127,"-: Hey, Stuart, you're coming to Halley's party, right? -: You bet. -: Plus, I live there and I was invited, -: so it's already better than my tenth birthday party.",4
1_S11E11_182_u,1_S11E11_182,"-: Hey. What are you doing? -: Oh, I've decided to write my own Christmas letter. -: So I'm gonna make a list -: of all the cool things we did this year.",4
1_S11E11_217_u,1_S11E11_217,"-: Look, I'm sorry about not inviting you -: to Halley's birthday. That wasn't cool. -: And of course we would love to have you. Here. -: Thank you. -: I'd really like to be there.",5
1_S11E11_301_u,1_S11E11_301,"-: Morning. -: Morning. -: ""Kept Fern alive""? Who's Fern?",3
1_S11E11_343_u,1_S11E11_343,-: BERNADETTE: How's the party coming? Good! -: Great! Our friends should be here any second! -: Those are the only other people you invited? -: What about the kids from the Daddy and Me class?,4
1_S11E11_403_u,1_S11E11_403,"-: Hello. -: Hi. You made it. -: How you two feeling? -: Oh, a little better. -: Those books should have been called -: Little Outhouse on the Prairie. -: BERNADETTE: Halley's awake and ready for her party! -: Be right up!",8
1_S11E12_038_u,1_S11E12_038,"RAJ: Hey, just-just hold the gate still while I screw it in. SHELDON: You know, I don't know how I feel SHELDON: about all this baby-proofing. SHELDON: If Halley can't teach herself to walk down the stairs, SHELDON: then maybe that's nature's way of saying the Wolowitz line ends here.",5
1_S11E12_237_u,1_S11E12_237,"-: Leonard, quick. I need you to get me -: to Arcadia within the hour. -: The train store's having a sale.",3
1_S11E12_279_u,1_S11E12_279,"-: Hey, what you doing? Oh. -: Sheldon gave me a brain teaser. It's kind of fun. -: It's about a group of people at dinner, -: and you have to figure out where they can sit without fighting. -: Oh, yeah, is this the one where Mr. Green -: can't sit next to anyone eating meat, -: and Uncle Light Blue -: won't sit next to any of the darker colors?",8
1_S11E12_290_u,1_S11E12_290,"LEONARD: Did Sheldon and Amy give you guys that puzzle, too? HOWARD: Yeah. Is it just me or have they been acting strange?",2
1_S11E13_001_u,1_S11E13_001,RAJ: Hey! Look what I got everybody.,1
1_S11E13_211_u,1_S11E13_211,"LEONARD: Oh, hey, in seventh grade, LEONARD: I built a cobra wave. You want to do that? AMY: Oh, we can come up with a wave speed formula, and see how accurately we can predict the amplitude.",3
1_S11E13_362_u,1_S11E13_362,BERNADETTE: What is happening? HOWARD: I was trying not to wake you.,2
1_S11E16_170_u,1_S11E16_170,"BERNADETTE: Ah, come on! SHELDON: Welcome to the next five to eight weeks of your life. BERNADETTE: Sheldon, I said I didn't want to play your game. SHELDON: Well, then don't think of it as a game. SHELDON: Think of it as a source of information about one of the lesser known campaigns of World War II.",5
1_S11E18_206_u,1_S11E18_206,"RAJ: What would you do if you had a billion dollars? HOWARD: Same as Bill Gates, HOWARD: try to make the world a better place, HOWARD: but I'd do it in a working Iron Man suit.",4
1_S11E19_030_u,1_S11E19_030,"SHELDON: (stammers) What is happening? SHELDON: Everybody's supposed to be eating Chinese food. AMY: Well, actually, I believe the Chinese AMY: may have invented the sandwich. AMY: Their dish ""rou jia mo"" literally means AMY: ""meat between bread."" AMY: So, it looks like all of us, including Penny, are eating Chinese food.",7
1_S11E19_143_u,1_S11E19_143,"HOWARD: Okay, that ought to do it. HOWARD: I've replaced the propeller HOWARD: and reattached the gimbal controller unit. RAJ: Dude, you're like Grey's Anatomy for robots. RAJ: Also, why isn't that a show? HOWARD: I just need to see if I can re-sync HOWARD: the controls to this old remote. RAJ: We should name it.",8
1_S11E20_143_u,1_S11E20_143,"AMY: Okay, now, I promised Sheldon AMY: things weren't gonna get too crazy tonight. AMY: Should I be worried?",3
1_S11E20_332_u,1_S11E20_332,"LEONARD: Oh, uh, Sheldon's getting married in a month. OTHER: Oh! OTHER: Congratulations. OTHER: Yeah, I'm a married man myself. LEONARD: Oh, really? Is she here?",5
1_S11E21_080_u,1_S11E21_080,"RAJ: Penny, do you want to check this out? Yeah, sure. RAJ: All right, just, uh, look through here, RAJ: and if you want to take a picture, just push that button. PENNY: Okay. PENNY: Oh, what is that? SHELDON: (gasps) Is it Mercury? I'm really jonesing for Mercury. AMY: I think it's a little early for Mercury to be visible yet. SHELDON: Playing hard to get. SHELDON: I like that in a planet. PENNY: No, there's something fuzzy.",10
1_S11E21_201_u,1_S11E21_201,BERNADETTE: We can have date night another night. HOWARD: But you got all dressed up. HOWARD: We were supposed to have dinner and romance. BERNADETTE: We'll just have to divide and conquer.,4
1_S11E22_069_u,1_S11E22_069,"SHELDON: But while we're on the subject of fashion, SHELDON: I'm asking the university for some funding tomorrow. SHELDON: What should I wear?",3
1_S11E22_149_u,1_S11E22_149,"LEONARD: Yeah, you-you just have to be patient. SHELDON: But what if while I'm being patient, someone more relentless than me badgers their university into giving them money?",2
1_S11E22_205_u,1_S11E22_205,"SHELDON: Hello, Leonard. Hi. SHELDON: Are you doing anything?",2
1_S11E22_260_u,1_S11E22_260,"SHELDON: Hey, Stuart, I'd like to sell some comic books. STUART: Oh. Well, I know all about that.",2
1_S11E23_048_u,1_S11E23_048,BERNADETTE: How many out-of-town guests are there gonna be? AMY: I'm actually not sure. AMY: Turns out Sheldon didn't invite his brother. PENNY: Mm. Now it's starting to sound like a wedding. AMY: And his mom said she won't come if his brother's not there.,5
1_S11E24_338_u,1_S11E24_338,"PENNY: What are you lunatics doing?! AMY: Sheldon had a breakthrough. SHELDON: Actually, Amy and I had a breakthrough.",3
1_S12E01_111_u,1_S12E01_111,"-: Uh, hurry. Raj is on next. -: All right. I can't believe they canceled Vampire Diaries -: but they'll show this.",3
1_S12E01_139_u,1_S12E01_139,"LEONARD: There. See? OTHER: Oh, he's in here. OTHER: I can smell his Axe body spray. LEONARD: He wears Axe body spray.",4
1_S12E01_150_u,1_S12E01_150,"-: Man, that is one hot weather girl. -: How come if I say that I get in trouble?",2
1_S12E01_248_u,1_S12E01_248,"RAJ: Hey, check out what Neil deGrasse Tyson just tweeted. RAJ: ""I've been informed that some random, RAJ: attention-seeking nobody RAJ: took a cheap shot at me on the local news."" RAJ: That's me. Guys, he's talking about me!",5
1_S12E01_268_u,1_S12E01_268,"RAJ: (clears throat) ""Dear Dr. Tyson, RAJ: ""much like epithelial tissue, RAJ: it appears I've gotten under your skin."" RAJ: iPhone drop, RAJ: but I won't 'cause I don't have AppleCare. BERNADETTE: (phone chimes) What'd he say? RAJ: ""Nice try, genius. The skin is epithelial tissue."" RAJ: Oh, it's on. RAJ: He's Katy, I'm T-Swift. (clears throat)",9
1_S12E01_274_u,1_S12E01_274,"-: TOUR GUIDE: And here we have the former hotel where Tesla -: perfected the three-phase alternating current motor. -: That's wrong. I'm gonna say something. -: Don't. -: Well, then how will everyone know I'm the smartest boy here?",5
1_S12E01_297_u,1_S12E01_297,"LEONARD: Morning, sunshine. LEONARD: So I see you're making espresso. PENNY: Yup. PENNY: Just need that extra jolt",4
1_S12E01_325_u,1_S12E01_325,"-: Your turn. -: Hang on, I'm checking to see if Neil replied -: to my latest smackdown. -: Really? Don't you think this Twitter feud is a little silly? -: Absolutely not. -: It's-it's two respected scientists -: debating opposing views in a public forum.",7
1_S12E01_332_u,1_S12E01_332,"OTHER: He said he needs a break, and I'm too much for him. PENNY: Oh. I'm sure he didn't mean that. OTHER: He said I'm overbearing!",3
1_S12E01_339_u,1_S12E01_339,"OTHER: You really think so? PENNY: Yeah, I do. OTHER: You're a good person, Penny. OTHER: I hope we get to spend lots of time together.",4
1_S12E02_006_u,1_S12E02_006,"-: But I think, by the end of the honeymoon, -: we really started to feel like a married couple. -: But the good kind, like on TV, -: not like my parents. - Yeah. -: You're not a real married couple until you can pee -: with the door open and she's okay with it.",6
1_S12E02_105_u,1_S12E02_105,"HOWARD: What is wrong with Stuart's face? RAJ: I think he's smiling. HOWARD: Oh, my God, are they flirting? RAJ: Oh, they're way past flirting. RAJ: I caught them making out at Sheldon's wedding.",5
1_S12E02_118_u,1_S12E02_118,"OTHER: See ya, guys. HOWARD: - Bye. - Bye. HOWARD: So, what's her deal?",3
1_S12E02_204_u,1_S12E02_204,"SHELDON: Oh, do tell. Now, paint a picture for me, SHELDON: like where you were when you found it SHELDON: and what you thought we'd enjoy doing with it. LEONARD: Do you not know what it is?",4
1_S12E02_228_u,1_S12E02_228,"SHELDON: Howard, I don't often say this, SHELDON: but, good, you're here. Now, SHELDON: do you know SHELDON: what Leonard and Penny got us for our wedding gift? HOWARD: - Well... - (stammers) SHELDON: Don't answer. I don't want to know. SHELDON: I just want to know if you know. HOWARD: - I do know. SHELDON: . - Okay, great I believe that Amy and I have figured it out. SHELDON: Is it a clue to a scavenger hunt that will lead us to the actual present?",10
1_S12E02_262_u,1_S12E02_262,OTHER: Wow. A scavenger hunt. OTHER: That's exciting. OTHER: I had a bit of a scavenger hunt myself last night. OTHER: I was trying to find the remote. OTHER: I looked under one of the cushions. OTHER: Wasn't there. OTHER: Then I lifted the cushion a little higher. OTHER: Bingo.,8
1_S12E02_274_u,1_S12E02_274,"AMY: Okay, so it's quartz. AMY: That's got to mean something. AMY: What do we know about quartz? SHELDON: I'll Google it.",4
1_S12E02_358_u,1_S12E02_358,"HOWARD: Oh. HOWARD: Look what Halley drew. BERNADETTE: Yeah, she made it at daycare. HOWARD: It's pretty good, huh? BERNADETTE: Is it?",5
1_S12E02_385_u,1_S12E02_385,"BERNADETTE: Look, it's only a spray tan. BERNADETTE: It'll fade in a couple days. BERNADETTE: Why don't you cancel the date and reschedule? STUART: Oh, but I was really looking forward to tonight. BERNADETTE: You know what? Then go. Tell her what happened. - Maybe she'll be flattered.",5
1_S12E02_433_u,1_S12E02_433,"-: So we put a little picture of me -: and a little picture of Sheldon in it. -: as long as we work together. -: In-in the locket? -: Yes. -: That was in a lost and found box? -: Exactly. -: Where we hid it? -: So really, you gave us three amazing gifts. -: You gave the locket, the adventure -: and the realization that Amy and I can do anything",11
1_S12E02_443_u,1_S12E02_443,"-: Are those words? -: No. -: It's a secret code that you two get to figure out together. -: Hint: it's based on Sanskrit, -: but not the Sanskrit you're thinking of. -: (laughs) -: And best of all, you can't use the Internet to cheat. -: Because we locked you out of your Wi-Fi, -: and the answer to this is your new password.",9
1_S12E02_466_u,1_S12E02_466,"OTHER: Oh. OTHER: Oh, my God. STUART: Yeah. STUART: I wanted to look my best for our date, STUART: and I made a series of bad decisions... STUART: ...one of which is hidden by my pants. OTHER: Wow. (laughs) STUART: Do you still want to go out with me? OTHER: Absolutely. Hey, maybe we can go find Nemo together. STUART: That's a good one.",10
1_S12E02_471_u,1_S12E02_471,"STUART: That's a good one. OTHER: Do your 63 other crayon friends know you're out? STUART: Are you just gonna make fun of me all night? OTHER: - Probably. - Great. STUART: So what are we thinking, Chinese?",5
1_S12E03_061_u,1_S12E03_061,"-: Enjoying your book? -: So much. -: Why do you keep poking at it? -: Fine, I'’m shopping on my phone.",4
1_S12E03_095_u,1_S12E03_095,"-: Wow, you really are good at this. -: Well, I'’ve spent a lot of time painting D&Dminiatures. -: I know that makes you want to rip my shirt off, -: but wait until your nails are dry. -: [PHONE CHIMES] -: Oh, it'’s Raj.",6
1_S12E03_101_u,1_S12E03_101,"LEONARD: He sent us that Indian marriage questionnaire. PENNY: Ooh, read one.Okay. LEONARD: ""How religious are you?"" LEONARD: That'’s easy, both of us: not at all. PENNY: No, I wouldn'’t say not at all. I mean, I am pretty spiritual. PENNY: I do go to yoga, so...",6
1_S12E03_118_u,1_S12E03_118,"LEONARD: Sure, uh, next question. PENNY: ""How are you with pets?""",2
1_S12E03_174_u,1_S12E03_174,"-: Hey, want to get lunch? -: I can'’t. -: Halley and Michael were up all night, and I'’m way behind here. -: Oh, no, are they sick?No. -: They were just laughing and playing like a couple of jerks. -: Boy, they'’re cute, but they ruin everything.",6
1_S12E03_195_u,1_S12E03_195,"BERNADETTE: Look, I know it'’s scary, but you'’re gonna be a great mom. PENNY: I know I'’d be great, but the point is I don'’t want to be one. BERNADETTE: Maybe you wouldn'’t be great. You kind of got a temper. PENNY: You know, not everyone needs to have kids to be fulfilled.",4
1_S12E03_239_u,1_S12E03_239,"-: Hey, honey, how was your day? -: [GROANS] -: What'’s wrong? -: Raj is talking about -: marrying this woman he just met.",5
1_S12E03_263_u,1_S12E03_263,"-: Hey, Leonard, remember yesterday -: when we were talking about having kids someday? Yeah? -: Well, what if it wasn'’t someday. -: Oh, my God. -: Oh, my God, are you pregnant?",5
1_S12E03_286_u,1_S12E03_286,"SHELDON: You'’re awfully quiet. LEONARD: Sorry.No, I like it. LEONARD: Got a lot on my mind. SHELDON: Would you like to talk about it? LEONARD: Not really.",5
1_S12E03_310_u,1_S12E03_310,"-: Hey. Mind if I sit? -: Did you just come here to tell me I'’m making a gigantic mistake -: by having this blueberry muffin -: and I should'’ve got a cinnamon roll like you did? -: No. -: Good, '’cause I'm happy with my choice.",6
1_S12E03_337_u,1_S12E03_337,"-: What the hell, Penny?! -: I'’m gonna need more than that. -: You'’re not having kids? -: How could you do this to me? -: How is it any of your business? -: Because your kids were supposed to be friends with my kids. -: Who'’s gonna be friends with them now?",7
1_S12E03_338_u,1_S12E03_338,"AMY: What the hell, Penny?! PENNY: I'’m gonna need more than that. AMY: You'’re not having kids? AMY: How could you do this to me? PENNY: How is it any of your business? AMY: Because your kids were supposed to be friends with my kids. AMY: Who'’s gonna be friends with them now? PENNY: They will find other friends.",8
1_S12E03_380_u,1_S12E03_380,"-: Hey. -: Hey.I-I made you dinner. -: Your favorite: In-N-Out Burger out of the wrapper on a plate. -: Thank you, but you don'’t have to do this. I'’m fine. -: I-I know it'’s not a baby, but it does leak when you pick it up.",5
1_S12E03_410_u,1_S12E03_410,"RAJ: Cheers. [CLEARS THROAT] OTHER: Okay. I guess if we'’re going forward with this wedding, OTHER: we should talk about the next steps. RAJ: Oh, like themes and flowers? OTHER: Actually, finances and taxes.",5
1_S12E03_449_u,1_S12E03_449,"-: Are you gonna tell me where we'’re going? -: Because if it has the words ""farmers"" or ""market"" in it, -: I don'’t want to go. -: You were talking about all the things -: you thought you would never have, -: so I thought I would get you one.",6
1_S12E04_003_u,1_S12E04_003,"AMY: Hey, whatcha doing? SHELDON: Improving our wedding photos. AMY: Oh, that's nice.",3
1_S12E04_027_u,1_S12E04_027,"AMY: Who's Tam? SHELDON: He was my best friend SHELDON: in the whole world growing up. AMY: Really? Why have I never heard you mention him before? SHELDON: Oh, of course I have. I'm sure I've mentioned him, SHELDON: like, five times this week. AMY: I don't think you have. SHELDON: Tam! Tam! Tam! Tam! Tam! There, it's only Thursday.",8
1_S12E04_040_u,1_S12E04_040,"BERNADETTE: So, are you actually engaged to this woman you just met? RAJ: Yeah.",2
1_S12E04_046_u,1_S12E04_046,"RAJ: Guys, I need your help, okay? I'm trying RAJ: to buy her engagement ring. RAJ: What do you think of this? RAJ: Do you think she'll like this one?",4
1_S12E04_055_u,1_S12E04_055,"-: Hey, did you guys know that Sheldon had -: a best friend growing up named Tam? -: Was that the imaginary talking koala? -: No. He's a real person who apparently betrayed him.",4
1_S12E04_070_u,1_S12E04_070,-: (video game sound effects) (knocking) -: I'm pumping! -: It's Penny. -: Oh. Come in. -: I thought you were pumping. -: I thought you were my boss.,6
1_S12E04_076_u,1_S12E04_076,"PENNY: Okay, listen, I'm really worried about this whole Raj thing. BERNADETTE: I know, he's so desperate to get married, which is weird, BERNADETTE: because I can't imagine we make it look that great. PENNY: I know, right? You know, PENNY: if this woman's gonna be around, I think we should check her out a little.",5
1_S12E04_102_u,1_S12E04_102,"-: I still can't believe Sheldon had a best friend -: we've never heard about. -: Ooh, somebody's jealous. -: - I'm not jealous. - Leonard,",4
1_S12E04_195_u,1_S12E04_195,"BERNADETTE: We just want to see if we could take you to dinner and get to know you a bit. OTHER: That sounds nice. How about tonight after work? OTHER: Bye. OTHER: Maybe we can go to Bavel. PENNY: Oh, I wish. That place is impossible to get into. OTHER: Oh, please. Getting into impossible places is my superpower. BERNADETTE: Me, too. BERNADETTE: I can fit my whole body in our dryer. OTHER: All set. 8:30. PENNY: Wow. Okay, well, we'll see you tonight. PENNY: - See you then. - Okay.",11
1_S12E04_204_u,1_S12E04_204,-: - Tam Nguyen? - Yeah. Yes. -: Is my son done with his tour? -: No idea. We're actually friends of Sheldon Cooper.,3
1_S12E04_233_u,1_S12E04_233,"-: - Oh, hey, Sheldon. -: - We just met... - Sheldon! So good to see you! -: Tam. -: It's been a long time. -: Mm, not long enough to erase the sting of betrayal.",5
1_S12E04_242_u,1_S12E04_242,"HOWARD: So, he was your best friend growing up? OTHER: Yes.",2
1_S12E04_249_u,1_S12E04_249,"-: Hey. What is going on with you? -: I don't want to talk about it. -: Well, I'm sure you have a perfectly stupid reason. -: I don't do anything for a stupid reason. -: Except, perhaps, Talk Like a Pirate Day, -: and I'd argue that's more whimsical than stupid.",6
1_S12E04_276_u,1_S12E04_276,"-: This place is amazing. -: I can't believe you got us in here. -: Well, it's kind of my job. -: Usually I get tipped for it, but I'll leave that up to you. -: (giggles) -: Look, I think that's LeBron over there. -: James? -: No, LeBron Kershenbaum.",8
1_S12E04_456_u,1_S12E04_456,-: Check it out-- LeBron James posted a picture -: of me and him on Instagram. -: I don't see you. -: Look right behind him. -: No. -: Okay. You see that table just past his left shoulder? -: Now go back two more tables and over to the right.,7
1_S12E05_030_u,1_S12E05_030,"RAJ: Oh, Howard, uh, this is Andrea. RAJ: She's the director of the planetarium. Hi. HOWARD: Nice to meet you. I'm Howard Wolowitz. HOWARD: Engineer, husband, father... HOWARD: (CHUCKLES) ...astronaut. OTHER: Really? You're an astronaut? HOWARD: Well, I don't like to brag.",7
1_S12E05_054_u,1_S12E05_054,-: So I'm gonna place the sensory isolation helmet on you -: for about five minutes. -: All you need to do -: is sit still and relax. -: What do I do if I start to get claustrophobic?,5
1_S12E05_083_u,1_S12E05_083,"-: You okay? You seem distracted. -: I'm-I'm just thinking about Raj. -: I'm thinking about Chris Hemsworth. Let's go. -: He sort of hurt my feelings. -: (QUIETLY): Biceps, hammer, abs. Still in it. -: Why wouldn't he want me to be in his planetarium show?",6
1_S12E05_110_u,1_S12E05_110,"LEONARD: Oh, Sheldon. LEONARD: Didn't see you there. What's up? PENNY: Well, uh, he was excited to talk science PENNY: with Amy, but she was working late, PENNY: so he decided to come over and share it with me. PENNY: With me, Leonard. PENNY: With me. LEONARD: Sheldon, we've talked about this. LEONARD: You can't go around boring other people's wives.",9
1_S12E05_134_u,1_S12E05_134,"-: Hey. Got a sec? -: Sure. What's up? -: I just want to let you know I get -: why you don't want me to be a part of the planetarium show. -: Oh, great. Thanks for stopping by. -: You don't want to talk about the stars -: next to an actual astronaut. -: That would be like doing karaoke with a rock star.",8
1_S12E06_010_u,1_S12E06_010,"-: Hey, did you guys know this year's the 40th anniversary -: of Halloween? - Oh, nonsense. -: Halloween traditions -: of date back to the Celtic festival of Samhain. -: Although our current Halloween customs -: come from the evening before All Hallows' Day-- -: All Hallows' Eve-- thus, Halloween. -: I meant the movie Halloween. -: Oh. -: Well, that's not interesting at all.",10
1_S12E06_016_u,1_S12E06_016,"AMY: Are you guys all dressing up for work? HOWARD: Of course. I mean, how often do you get to wear costumes to work?",2
1_S12E06_027_u,1_S12E06_027,"-: Oh, that would be fun. -: You know, I used to throw Halloween parties all the time -: when I moved into the building.",3
1_S12E06_088_u,1_S12E06_088,HOWARD: You're sitting in my spot. SHELDON: You don't have a spot. SHELDON: - What is wrong with you today?,3
1_S12E06_111_u,1_S12E06_111,"-: Ready to go? -: Hey, why aren't you in your costume? -: I just didn't feel like it.",3
1_S12E06_171_u,1_S12E06_171,"-: So, did you see Howard's costume? -: See it? I made it. It was hilarious. -: Well, Sheldon didn't think so, and neither did I.",3
1_S12E06_229_u,1_S12E06_229,"-: So, here we are. -: On Halloween. On this couch. -: Does it ring any bells?",3
1_S12E06_248_u,1_S12E06_248,BERNADETTE: What do you think you're doing? AMY: I thought it was clear. AMY: I'm being unnecessarily hurtful but with a sweet voice.,3
1_S12E06_287_u,1_S12E06_287,"-: Well, people came, they ate, they vowed -: to never speak to each other again. -: I think it was a successful party.",3
1_S12E06_316_u,1_S12E06_316,SHELDON: I think Howard hurting my feelings has in some ways made me a better person.,1
1_S12E06_367_u,1_S12E06_367,"-: Hello, Bernadette. -: Wait, did you just walk into my house? -: No, Howard let me in. -: Where is he? -: Oh, he got in his car and drove away. -: Oh. -: Is that watermelon for anybody? -: - It's for Halley. - Is she gonna eat all of it? -: God, no wonder she looks like Churchill.",9
1_S12E06_412_u,1_S12E06_412,"RAJ: Sheldon, you sure you're ready for this? RAJ: - This movie's pretty scary. - . SHELDON: Please I'm an adult. I think I can handle it.",3
1_S12E07_005_u,1_S12E07_005,"-: Oh, this is amazing. -: I wish I had a playhouse like this when I was a kid. -: Really? You never had a playhouse? -: No. I mean, my dad did buy the house next door -: for us to play in.",5
1_S12E07_060_u,1_S12E07_060,"LEONARD: (knocks) President Siebert, you wanted to see me? OTHER: Hey. There's my guy!",2
1_S12E07_092_u,1_S12E07_092,"-: for helping out yesterday. - No problem. -: - That was really fun. - It was fun. -: But I am sore. -: You didn't lift a finger. -: No, but I narrated the entire event, -: and I am paying for it today. -: - Gentlemen. - Hey. - Hi. -: Leonard, do I detect",8
1_S12E07_105_u,1_S12E07_105,"RAJ: - What's going on? - Well, LEONARD: Siebert put me in charge of handing out the last bit LEONARD: of the administrative funds, and I have sole discretion. RAJ: Ooh! Looks like Christmas came early. RAJ: First thing on my list is a golden umbrella, RAJ: cause Leonard's gonna make it rain! LEONARD: Uh, hold on, I'm not just gonna hand out money. LEONARD: There's a procedure you need to follow. SHELDON: I believe he's referring to the traditional ""kissing of the buttocks.""",9
1_S12E07_147_u,1_S12E07_147,"-: No, I'm not going to reconsider. -: Your request was denied. -: I don't care if it helps you think; -: you don't need a koi pond in your office. -: Well, you should have thought about that -: before you bought the koi! -: Wow. That was a little rough. -: Well, I have to be. -: Everyone assumes I'm just gonna give them whatever they want.",9
1_S12E07_169_u,1_S12E07_169,"-: - Hello. - Hey. - Hey. -: Leonard, I just wanted to congratulate you on how well -: you are managing this grant money. - What do you want? -: Nothing. I just came by to pay you a compliment. -: Nice try. The answer's no. -: To what? I'm not asking you for anything. -: All I need for my job is right here. Hmm? -: This is my office. Which makes for a great commute. -: Home, work, home. -: I'm still working-- I'm just working from home.",10
1_S12E07_179_u,1_S12E07_179,"-: Oh, you should have seen him-- denying things left and right. -: It was so sexy. -: Course, I made a request he did not deny. -: Uh-huh. -: Are you listening to me?",5
1_S12E07_264_u,1_S12E07_264,"-: Ooh. -: Someone's making decisions. -: I'm reviewing these proposals. -: Yeah. 'Cause you're the boss man, -: telling people what's what. -: I like it.",6
1_S12E07_424_u,1_S12E07_424,"-: Seriously, Leonard, you didn't pick my project? -: I'm sorry, Raj. -: and they made a very compelling case. -: - Did you go with Crow Lady? - No. -: You gave the money to Kripke? -: I did not. -: Wait, I'm confused. -: I thought there were only three projects in contention. -: There were. But, at the last minute, -: someone submitted an application -: for a pretty cool europium-doped laser,",11
1_S12E07_443_u,1_S12E07_443,"-: The europium laser is so cool. -: It has a four-level f-f transition -: which provides for high power output, -: and its quantum efficiency is off the charts. -: What are you going to use it for?",5
1_S12E08_006_u,1_S12E08_006,"-: Hey, you guys have any plans for Valentine's Day? -: Three months from now? No. -: - What? No? - I mean, -: secret romantic plans that would be ruined if I told you. -: Oh. -: What's going on, Raj?",6
1_S12E08_023_u,1_S12E08_023,"AMY: Are you really gonna plan a wedding in three months? RAJ: Yeah, well, her family's doing most of the work. RAJ: They're amazing. We talk all the time. SHELDON: Why? RAJ: Because we're about to get married RAJ: and they're gonna be my family. SHELDON: Amy and I are married, and I never talk to her family. PENNY: Really? My parents love Leonard.",8
1_S12E08_071_u,1_S12E08_071,"-: I think we should have sex. -: (passing horn honks) -: (squeakily): Me, too. -: Yeah, it's just, we haven't done it yet, -: and I think it's important -: to make sure we're compatible before we get married. -: I totally agree. -: Oh, just one question. -: While we're doing it, can I leave my shirt on? -: You know, the dumplings, pretty salty.",10
1_S12E08_098_u,1_S12E08_098,"AMY: You're up early. SHELDON: Huh? Yes. I wanted to get a jump SHELDON: on planning a day of fun for you. AMY: Oh, that's sweet. What are we doing? SHELDON: Oh, no. Just you. I have other plans. SHELDON: Now, would you prefer to see The Grinch in 2-D or 3-D? AMY: I don't want to see it at all. SHELDON: Well, let's go 2-D. No sense in spending extra money. AMY: What are you gonna be doing? SHELDON: Being a great husband.",10
1_S12E08_103_u,1_S12E08_103,"SHELDON: After last night, I got to thinking SHELDON: that I should have a better relationship with your family. AMY: I think the one you have with them is perfect. SHELDON: I hardly have one at all.",4
1_S12E08_135_u,1_S12E08_135,"-: Hey, Leonard, can you pause the game for a second? -: - Uh, hang on. - I'm about to beat Howard. -: What? Hey! -: What?",4
1_S12E08_258_u,1_S12E08_258,"OTHER: Voilà. OTHER: Darn it. HOWARD: It's okay. HOWARD: Here, let me show you again. OTHER: It's like you're actually magic.",5
1_S12E08_445_u,1_S12E08_445,"OTHER: Thank you, Amy. OTHER: It's so nice of you to have us over for dinner.",2
1_S12E09_005_u,1_S12E09_005,"AMY: Sheldon, do you want to put the tables after each section AMY: or in an appendix at the end? SHELDON: You know what? We wrote this paper together. SHELDON: I think we should decide together that they go in an appendix at the end.",4
1_S12E09_081_u,1_S12E09_081,"SHELDON: Congratulations, Leonard, you passed my secret loyalty test. SHELDON: The truth is, I was never having an affair SHELDON: with the cafeteria lady. SHELDON: There's only one woman who gets to touch my no-no parts, SHELDON: and she's right here. AMY: - Sheldon. - No, no.",6
1_S12E09_090_u,1_S12E09_090,AMY: Why not? You don't think other women find him attractive? LEONARD: (laughing): No. SHELDON: I suppose you're wondering why I put you through all this.,3
1_S12E09_103_u,1_S12E09_103,"SHELDON: You know we're almost finished with our paper; SHELDON: we just need help tracking down the citations. LEONARD: That's busywork. Can't you just get a grad student to do it? AMY: No, this paper is incredibly important to us, AMY: and we need someone we can trust. SHELDON: Please, it would mean a lot. LEONARD: Y-You know what? Sure. LEONARD: The three of us in the library looking up old papers-- LEONARD: that actually could be kind of fun. SHELDON: Oh, no, we won't be there.",10
1_S12E09_175_u,1_S12E09_175,"-: (gunfire sound effects) -: Hey, ready for lunch? -: Hang on. -: Really, video games? -: Is this some sort of Freaky Friday thing -: where you're actually Howard? -: Please, if I were Howard, I'd be doing this. -: You know what? He's not wrong.",8
1_S12E09_207_u,1_S12E09_207,"-: Oh, gosh, my Russian's a little rusty. -: If it helps, this word may be ""moose.""",2
1_S12E09_307_u,1_S12E09_307,"OTHER: Okay, so walk up to that chest and push X. OTHER: X. Push X. BERNADETTE: Which one's X? OTHER: The one with the X on it. BERNADETTE: Take it easy, I'm new at this.",5
1_S12E09_369_u,1_S12E09_369,"PENNY: So neither of them showed up for work today? LEONARD: No, I tried calling and no one picked up. PENNY: Look, I'm sure they're fine. PENNY: They were probably up all night coming up with a new theory. LEONARD: I-I also texted to see if he wanted to go to the new LEONARD: Fantastic Beasts movie and he didn't respond.",6
1_S12E09_413_u,1_S12E09_413,"-: I see you. I see you... -: and boom. (explosion sound effect) -: Gotcha! How's it feel, Penny?",3
1_S12E10_076_u,1_S12E10_076,"-: - What you eating? - Chicken fried steak. -: What? You can't have chicken fried steak -: first thing in the morning. - Hey, -: you knew I was a bad boy when you married me. -: Come on, you want a piece of this?",5
1_S12E10_195_u,1_S12E10_195,"-: What's all this? -: Your magic tricks from the garage. -: Your wands, your top hat with the stuffed mouse inside. -: I never had a stuffed mouse. -: Okay, do not wear this hat.",5
1_S12E10_245_u,1_S12E10_245,"OTHER: You can grieve over any emotional loss. OTHER: The more you care about something, OTHER: the greater the trauma of losing it. LEONARD: Oh, boy. He cared about this a lot. PENNY: Yeah. What can we do to help him? OTHER: Well, grieving is a process. OTHER: Every culture has its own rituals and traditions OTHER: to facilitate mourning. OTHER: The ancient Egyptians had their mummification, the Tibetans had their sky funerals...",9
1_S12E11_002_u,1_S12E11_002,"PENNY: Champagne, a champagne, PENNY: a champagne with a packet of Splenda in it. - SHELDON: You know what I call this drink?",3
1_S12E11_072_u,1_S12E11_072,"OTHER: Dr. Cooper. SHELDON: Ah, President Siebert. OTHER: What are you doing in the regular cafeteria? OTHER: You're a superstar.",4
1_S12E11_190_u,1_S12E11_190,"AMY: Sheldon, I'm nervous, AMY: and I wish you were coming with me. SHELDON: If it helps, I wrote up some possible questions SHELDON: and answers for you. AMY: ""Whom do you love more, AMY: ""Sheldon the scientist or Sheldon the man? AMY: ""Answer: Sheldon the scientist, but by such a slim margin that it's statistically insignificant.""",7
1_S12E11_199_u,1_S12E11_199,"BERNADETTE: Really? She asked you to move in with her? STUART: Yeah, she was hinting around about it, but I think I handled it pretty well.",2
1_S12E11_216_u,1_S12E11_216,"HOWARD: Everything okay? RAJ: Yeah, it's just Anu's doorbell camera. RAJ: I helped her install it. BERNADETTE: You can't look at it. That's spying. RAJ: Who the hell is this guy? BERNADETTE: Ooh, let me see. HOWARD: He's got... bags. HOWARD: He's probably just delivering food. RAJ: Why is she hugging him?",9
1_S12E12_030_u,1_S12E12_030,"BERNADETTE: Why don't we do it more often? AMY: Because you have two kids, AMY: I have Sheldon, AMY: and Penny's apparently in the gym all the time, cause damn, look at her!",4
1_S12E12_043_u,1_S12E12_043,"LEONARD: You've come to a giant metal door. SHELDON: I check the door for traps. LEONARD: There are no traps. HOWARD: I use my wizard eye HOWARD: to see what's on the other side of the door. SHELDON: Hey, that's sort of like how you used a doorbell camera SHELDON: to spy on your fiancée. RAJ: No, it's nothing like that. LEONARD: Your wizard eye reveals a monster. HOWARD: Oh. Is it alone and unloved?I guess.",10
1_S12E12_086_u,1_S12E12_086,"PENNY: Well, congratulations. OTHER: Hey, you and Leonard OTHER: should come over and have dinner with us on our boat. PENNY: Yeah, that would be so nice.",4
1_S12E12_266_u,1_S12E12_266,"OTHER: So listen, I got to be honest. OTHER: We sort of have another reason for asking you here. OTHER: We want to have a baby, OTHER: but we can't do it on our own. It could be OTHER: because of the game me and my frat brothers used to play OTHER: where we kicked each other in the balls over and over. OTHER: But the doc says there's no telling. OTHER: We just don't know. LEONARD: Huh.",9
1_S12E12_281_u,1_S12E12_281,"LEONARD: Wow, this is really flattering. PENNY: And also really weird, right? OTHER: Oh, just to be clear, OTHER: you don't get to... you know. LEONARD: No, I...I got it OTHER: .Just because I slept OTHER: with your wife doesn't mean you get to sleep with mine. PENNY: We... we get it,",8
1_S12E12_371_u,1_S12E12_371,"SHELDON: Really? Zack wanted you to donate SHELDON: your genetic material for his baby? LEONARD: Yeah. So I'd be helping out a couple who really want a baby, LEONARD: and they were gonna pay us, and Penny freaked out about it. SHELDON: That doesn't make any sense. I know.",5
1_S12E13_088_u,1_S12E13_088,LEONARD: I am so proud of you.,1
1_S12E13_224_u,1_S12E13_224,"SHELDON: Uh, can you believe this? SHELDON: Doctors Pemberton and Campbell have been doing a press tour SHELDON: trying to take credit for super-asymmetry. SHELDON: They didn't even know what they were finding. RAJ: So what? I mean, no one's gonna give them credit for accidentally discovering something.",5
1_S12E14_125_u,1_S12E14_125,"STUART: - You okay? - Yeah. STUART: Great, 'cause you just bought that whole row of Batmans. LEONARD: Sorry, I... LEONARD: (sneezes) STUART: And now you bought Aquaman. Good choice. OTHER: If you want cold medicine, OTHER: Stuart has the entire run of DayQuils,",7
1_S12E14_152_u,1_S12E14_152,"STUART: Whoa, whoa. STUART: You're not gonna cut open a meteor, are you? STUART: Have you not learned anything from comic books? STUART: Space viruses? Pod people? STUART: I sell nothing but warnings. RAJ: C-Calm down, Stuart. RAJ: You're being a little crazy. OTHER: Oh, is he? Is he being crazy? OTHER: Or is he the only one around here who's making any sense?",9
1_S12E15_013_u,1_S12E15_013,"OTHER: Thank you, guys, again for agreeing to do this. OTHER: Yeah, it means so much to us. LEONARD: Ah, we're happy we can help.",3
1_S12E15_064_u,1_S12E15_064,"RAJ: (sighs) So, this week would have been my wedding RAJ: if Anu and I hadn't decided to slow things down.",2
1_S12E15_154_u,1_S12E15_154,"HOWARD: Hey, would you mind if Raj and I went away this weekend?",1
1_S12E15_273_u,1_S12E15_273,"SHELDON: Amy? SHELDON: There's something out here. AMY: Just trap it under a cup, AMY: and I'll be there in a minute. SHELDON: I'll try, but it's Leonard. AMY: What? AMY: Well, what is he doing here?",7
1_S12E15_351_u,1_S12E15_351,"PENNY: Hey. OTHER: That was a long run. PENNY: Yeah. Well, I was in the zone. PENNY: You know, and then in a diner PENNY: and then in a massage chair at the mall where I fell asleep. OTHER: Are you avoiding me?",6
1_S12E15_420_u,1_S12E15_420,"OTHER: All right, everyone's suited up. OTHER: Let's head out to the tarmac! BERNADETTE: Actually, one second. BERNADETTE: Howie, I don't think I should do this.",4
1_S12E16_140_u,1_S12E16_140,"SHELDON: I'm almost positive I heard William Shatner. RAJ: I wonder who else is playing. LEONARD: I-I bet we can use graph theory to determine who Wil knows LEONARD: and who is likely to play D&D. Yes. LEONARD: Okay, obviously he's connected to the whole Next Gen cast... PENNY: So this is the rest of our night, huh?",6
1_S12E17_085_u,1_S12E17_085,"LEONARD: Wow. That's a lot of luggage for a weekend. PENNY: (groans) I know. PENNY: I didn't know what to wear, so I brought a few options.",3
1_S12E17_124_u,1_S12E17_124,"RAJ: So, Leonard, what are you gonna do while Penny's away? LEONARD: I don't know. LEONARD: Maybe watch a movie with subtitles. SHELDON: If you're looking for something outside the norm, SHELDON: I have invented a new chess variant where the bishops can also move like knights.",5
1_S12E17_195_u,1_S12E17_195,"HOWARD: They're still asleep. HOWARD: Apparently, when I put someone down for a nap, HOWARD: they sleep hard. RAJ: That's a weird brag, Howard. RAJ: (doorbell rings) RAJ: I'll get it. HOWARD: Bernadette thinks I have poor parenting skills. (chuckles)",7
1_S12E17_336_u,1_S12E17_336,HOWARD: I think these guys need to get some food. SHELDON: By pushing a lever at the end of an obstacle course that we design?,2
1_S12E18_030_u,1_S12E18_030,"RAJ: All my friends hanging out, watching Ellen. RAJ: It's like, what am I gonna do with my other two wishes? AMY: It's not nice. She's having on the scientists AMY: who are trying to steal our Nobel Prize. SHELDON: Although I will enjoy watching her expose SHELDON: Pemberton and Campbell SHELDON: for the coattail-riding frauds that they are. LEONARD: That is Ellen's brand, gotcha journalism.",8
1_S12E18_159_u,1_S12E18_159,"HOWARD: Hey. Kids asleep? BERNADETTE: Nope. I've been trying to get them down for hours. BERNADETTE: Apparently, Halley's afraid of the dark now and I can't turn on the night-light cause it makes Michael cry. HOWARD: Why doesn't he like the night-light? BERNADETTE: Jot that down, we can ask him as soon as he learns to speak. BERNADETTE: We can also find out what's so damn funny about birds. HOWARD: I'll go talk to her. BERNADETTE: I don't know why she's suddenly so afraid of everything.",8
1_S12E18_198_u,1_S12E18_198,"STUART: - Hey. - Hey. STUART: Oh, that's cute. STUART: Did Halley draw that at preschool? BERNADETTE: I drew it. STUART: Well, good night. BERNADETTE: It's supposed to be an astronaut.",6
1_S12E18_225_u,1_S12E18_225,"AMY: Do you have any cookie dough? PENNY: Uh, I think so. Let me see. PENNY: Yeah, we've got, uh, chocolate chip and oatmeal raisin. SHELDON: Oatmeal raisin? SHELDON: I know at least two things wrong with that cookie. AMY: It's for the Nobel Laureates. AMY: We need them on our side, but unfortunately, Sheldon...",7
1_S12E18_290_u,1_S12E18_290,"SHELDON: See, sometimes I wish I could invent a time machine, SHELDON: so I could go back and prevent myself SHELDON: from acting so rashly. LEONARD: Or moving forward, you could think before you speak. SHELDON: I suppose so.",5
1_S12E18_303_u,1_S12E18_303,"STUART: - Hey, got a minute? HOWARD: Sure. What's up? STUART: Uh, Bernadette said you weren't crazy about the book.",3
1_S12E19_143_u,1_S12E19_143,"SHELDON: This is so frustrating. SHELDON: I can't believe the university expects us SHELDON: to just sit back and do nothing. PENNY: Sweetie, you just need to relax. You know what I like to do?",4
1_S12E19_354_u,1_S12E19_354,"SHELDON: I tried to console her, but nothing seemed to work. LEONARD: Okay, when you say you consoled her, LEONARD: what exactly does that mean? SHELDON: (sighs) I took a walk, I came back, she was still upset, so I came here.",4
1_S12E20_378_u,1_S12E20_378,"LEONARD: Okay, I know this seems scary, LEONARD: but I put together a strong proposal. LEONARD: It's good for me, it's good for the university. LEONARD: They're gonna give it to me. OTHER: No. LEONARD: I'm sorry, President Siebert, but I'm not taking no for an answer.",6
1_S12E21_167_u,1_S12E21_167,"SHELDON: Ugh, why is this decision so hard? RAJ: Maybe because you want to win, RAJ: but deep down you know it's not the honorable way to do it. RAJ: Otherwise, you would've done it already. AMY: That's really wise.",5
1_S12E21_261_u,1_S12E21_261,HOWARD: So guess what. There was a waitress HOWARD: at The Cheesecake Factory back in the day who kind of had a thing for me.,2
1_S12E21_285_u,1_S12E21_285,AMY: Your husband was acting kind of weird today.,1
1_S12E22_004_u,1_S12E22_004,"SHELDON: Leonard, when are you leaving SHELDON: to pick your mother up from the airport? LEONARD: Uh, well, let's see, her plane gets in at 3:00, figure half hour to get her luggage, so... never.",3
1_S12E22_066_u,1_S12E22_066,"RAJ: How come we never eat in the dining room? BERNADETTE: Oh, that's for company. RAJ: What am I?",3
1_S12E22_188_u,1_S12E22_188,BERNADETTE: So she's staying in London? BERNADETTE: What does that mean for your relationship? RAJ: It's great.,3
1_S12E22_211_u,1_S12E22_211,"RAJ: Yeah, I know. I'm flying out tomorrow. RAJ: I'm gonna surprise her with a ring. BERNADETTE: You already have a ring? RAJ: Well, it's the same one as before. HOWARD: I thought you gave it to her the first time you got engaged? RAJ: I did, but I took it back.",6
1_S12E23_209_u,1_S12E23_209,"OTHER: Hey, fellas. OTHER: Can you do me a favor? RAJ: Do we have a choice? OTHER: Ha-ha! OTHER: No. OTHER: Sheldon and Amy are now officially superstars, and the press will be reaching out to their family and friends for comment. OTHER: So that we're all on the same page, the word we're gonna use to describe them is ""quirky."" OTHER: And not quirky. More like quirky.",8
1_S12E23_350_u,1_S12E23_350,"AMY: I should've seen this coming. RAJ: Oh, stop. You're allowed to get a haircut. AMY: I know. AMY: But I should've done it gradually. AMY: You know, like...",5
1_S12E23_389_u,1_S12E23_389,"PENNY: but you've changed a lot since I met you. SHELDON: Oh, you are a mean drunk. PENNY: I'm serious. PENNY: You have a ton of friends, SHELDON: you got married, moved into a new apartment, you wore a baseball hat that one time.",5
1_S12E23_470_u,1_S12E23_470,"SHELDON: Hydrogen. SHELDON: Carbon. SHELDON: Carbon. SHELDON: And last but not least, carbon.",4
1_S12E23_488_u,1_S12E23_488,LEONARD: - You pick up your dresses? AMY: Yep. AMY: The tailor had to take mine in and let Penny's out. AMY: Best day of my life. SHELDON: What about the day you met me?,4
1_S12E23_539_u,1_S12E23_539,"HOWARD: Somebody just peed HOWARD: in the big girl potty. BERNADETTE: Oh, I'm so proud!",3
1_S12E23_576_u,1_S12E23_576,"SHELDON: ""Your majesties, members of the Nobel Academy-- SHELDON: ""when I was a young boy growing up in East Texas SHELDON: ""I always knew I'd wind up on this stage, SHELDON: ""and everybody who said I wouldn't looks SHELDON: ""pretty darn foolish right now. I'm talking about you, SHELDON: high school science teacher Mr. Hubert Givens..."" AMY: Sheldon, Sheldon. Why are you talking so fast? SHELDON: I'm trying to get my speech down to 90 minutes. AMY: Nobody's gonna be able to understand a word you're saying.",9
1_S12E23_600_u,1_S12E23_600,"SHELDON: All right, bagels down. Before we head to the airport, SHELDON: I'd like to go over a few things. LEONARD: (others groaning) SHELDON: From the moment we step off the plane, SHELDON: each and every one of you is an ambassador for Amy and myself.",5
2_1_u,2_1,"CHANDLER: You know what I knew something like this is gonna happen MONICA: What are you doing? Chandler, you can't just go back a phase",2
2_102_u,2_102,DOROTHY: Honey you alright? ROSE: I'll be fine BLANCHE: Is this about Arnie?,3
2_103_u,2_103,PERSON: Someone in there?,1
2_104_u,2_104,"CHANDLER: Hold on, there is something different. ROSS: I went to their tanning place your wife suggested.",2
2_105_u,2_105,ROSS: This is so exciting! I haven't seen my monkey in almost a year,1
2_107_u,2_107,MONICA: About what? JOEY: He's planning your birthday party. MONICA: Oh my God! I love him!,3
2_109_u,2_109,"RACHEL: Chandler, what are you doing? There is a trash can right there!",1
2_11_u,2_11,DOROTHY: The only thing we have in common is under the sheets ROSE: Whats under the sheets?,2
2_111_u,2_111,"PHOEBE: Rachel is one of my closest friends. Although, being the only one who knows anything about this does makes me feel special. Okay! RACHEL: Okay, stop-stop! Phoebe?! PHOEBE: Hey Rach!",3
2_112_u,2_112,"JOEY: I just want to go back to my cell, cause in my cell I can smoke. CHANDLER: Smoke away!",2
2_113_u,2_113,CHANDLER: The most unbelievable thing has happened. Underdog has gotten away. ROSS: The baloon.,2
2_114_u,2_114,"ROSS: Man, I sure miss Julie",1
2_115_u,2_115,RACHEL: Hey,1
2_118_u,2_118,"PHOEBE: Hey you guys I'm gonna go out and take a walk. ROSS: Phoebe, why is your bag moving? PHOEBE: Oh, it's not!",3
2_119_u,2_119,"ROSS: I mean technically it's-it's not against the rules or anything, but it is frowned upon. Especially by that professor we ran into last night, Judgey von Holierthanthou. MONICA: Well Ross, you be careful now. You don't want to get a reputation as y'know Professor McNailshisstudents.",2
2_12_u,2_12,"ROSS: It's from France .. In Europe .. Western Europe. Y'know umm, a few years ago I actually was backpacking across Western Europe. PERSON: Really? ROSS: Uh-hmm,Wait! It gets better. Um, yeah I was in Barcelona.",3
2_120_u,2_120,CHANDLER: What an interesting approach to guitar instruction.,1
2_121_u,2_121,SOPHIA: Probably just misses her mother. SOPHIA: It needs to hear a feminine voice.,2
2_123_u,2_123,SCOTT: It was quite hard .. Was just being sarcastic!,1
2_124_u,2_124,"ROSS: Thirty seconds all the questions we can answer MONICA: You guys are dead, I am so good in lightning rounds. CHANDLER: I majored in lightning rounds, alright! We are gonna destroy you! MONICA: Wanna bet?",4
2_125_u,2_125,"ROSS: Yeah. Listen about that, the whole uh, who came on to who thing really doesn't matter. I mean, I think it would've happened either way.",1
2_126_u,2_126,DOROTHY: No rose. ROSE: Are you upset because Blanche is going to sell the house and we can't live together.,2
2_127_u,2_127,"CHANDLER: Joe? JOEY: Yeah! CHANDLER: Uh, you've had a lot of sex right?",3
2_128_u,2_128,"JOEY: Hey, we know how we always say we need a place for the mail? Well I started building one, but then, I decided to take it to the next step.",1
2_129_u,2_129,BLANCHE: Oh Dorothy would please open this jar of nuts for me? DOROTHY: You couldn't get it open? BLANCHE: Oh I didn't try. I don't wanna risk cracking a nail.,3
2_13_u,2_13,"MONICA: Rachel, I have not missed one question the whole game. I own this game! Look at my hand. RACHEL: Why? Do you have the answers written on there? MONICA: No! Steady as a rock! Now, are you with me.",3
2_131_u,2_131,CHANDLER: Wish I could switch with someone.,1
2_134_u,2_134,"CHANDLER: I can't figure this out! It's so hard! Should I get her a Tiffany cut or a Princess cut or a,ah-ah!",1
2_135_u,2_135,ROSE: But I am still upset. BLANCHE: Are you upset because you don't know what to do about Al?,2
2_137_u,2_137,"ROSS: But if you do, make sure it seems like you're there to see him, okay? And you're not, like, doing it as a favor to me.",1
2_140_u,2_140,SCOTT: No seriouslty.,1
2_141_u,2_141,ROSS: He also found an M and an O.,1
2_144_u,2_144,"DOROTHY: Well ofcourse Blanche , they did it in that movie. ROSE: What movie?",2
2_146_u,2_146,"MONICA: Oh, about five minutes. Right now they're interviewing his opponent. Apparently he trains by going to Iran and pulling the arms off thieves. ROSS: Hot dog? MONICA: Four, please. I'm really nervous. Thank you.",3
2_147_u,2_147,MONICA: Well then we still have a problem. CHANDLER: Yeah! PHOEBE: With what?,3
2_148_u,2_148,PHOEBE: You know what I just realized? Joker is poker with a J. Coincidence?,1
2_149_u,2_149,"MONICA: Yeah??? Oh... Okay, yes, we'll be right, we'll be right down.",1
2_15_u,2_15,"JOEY: When I had insurance I could get hit by a bus or catch on fire, it wouldn't matter. Now I got to be careful?",1
2_150_u,2_150,ROSS: Just your run-of-the-mill third nipple. You can take it off. Just slice that baby right off!,1
2_151_u,2_151,"ROSS: Yeah, I know, it's my birthday. We all should be here. CHANDLER: So, let's go. ROSS: Well maybe, you know, maybe we should stay for one song.",3
2_152_u,2_152,"JOEY: Are you referring to my man's bag? At first it I thought it just look good. But its practical too, check it out! Its got compartments for all your stuff. Your wallet, your key, your addressbook.",1
2_154_u,2_154,PHOEBE: Nobody respects the bucket! You wouldn't believe what people put in here! Look!,1
2_155_u,2_155,"MONICA: Actually, I was gonna do some laundry. Chandler, do you wanna do it with me? CHANDLER: Sure I will do it with you RACHEL: You don't mind do you, that would really help me a lot Thanks. MONICA: I don't think I have enough quarters PHOEBE: I have quarters!",5
2_158_u,2_158,ROSE: We brought dinner. SOPHIA: What you get?,2
2_160_u,2_160,"PERSON: I am sorry, why did Phoebe and Mike breakup?",1
2_161_u,2_161,MONICA: Can you give me a closer look so that I can see the price?,1
2_162_u,2_162,"ROSS: No-no-no. I don't have a son named Jordie. We all agreed, my son's name is Jamie. PERSON: Well, Jamie was the name of Susan's first girlfriend, so we went back to Jordie. ROSS: What? Whoa, whoa whoa whoa, what do you mean,",3
2_163_u,2_163,"JOEY: Oh umm, my big scene is coming up. Big scene coming up. CHANDLER: If you said, ""Big lima bean, bubbling up."" Would she understand the difference? MONICA: Rach? What are you doing?",3
2_166_u,2_166,"PERSON: This will be your phone. JOEY: That's great. But uh, I'm not really expecting a lot of calls. PERSON: No you answer it and take pledges.",3
2_168_u,2_168,CHANDLER: Are you kidding me? Joey Joey Joey Joey!,1
2_169_u,2_169,CHANDLER: What am I gonna do now? RACHEL: Just pass the tape along.,2
2_170_u,2_170,"PHOEBE: Hey you guys, guess what?",1
2_171_u,2_171,"MONICA: Let's try a look .. of far off .. wonderment. Okay, we'll-we'll gaze into our future and we'll think about our marriage and the days to come. Chandler!",1
2_172_u,2_172,"JOEY: You liked it? You really liked it? CHANDLER: Oh-ho-ho, yeah! JOEY: Which part exactly?",3
2_173_u,2_173,MONICA: Do you always have to bring him here? ROSS: I didn't wanna leave him alone. Alright?,2
2_174_u,2_174,PHOEBE: And there's five hundred extra dollars in my account.,1
2_176_u,2_176,"MONICA: Yeah, come on, eat, whatever you want. Dr. Roger got beeped again. CHANDLER: Yeah I know, guess who beeped him? MONICA: What?!",3
2_177_u,2_177,PHOEBE: Um-hmm. Oh wait! This is Bonnie. PERSON: Hi! RACHEL: This is Bonnie? This is Bonnie? You're Bonnie?,3
2_178_u,2_178,CHANDLER: Mmm ROSS: Mmm,2
2_180_u,2_180,"RACHEL: Where's Chandler? PHOEBE: Oh, he needed some time to grieve. CHANDLER: I'm free! I'm free!",3
2_181_u,2_181,RACHEL: Oh but look! That's gonna leave a stain! JOEY: Rach! Hey! It's fine! You're at Joey's! RACHEL: Really?,3
2_182_u,2_182,"DOROTHY: Whop, it is really coming down. ROSE: Whats coming down?",2
2_183_u,2_183,"CHANDLER: What what? JOEY: Hey, shaving?",2
2_186_u,2_186,"MONICA: Enhh CHANDLER: I've got canned goods. JOEY: Hey, you guys! Take a look at this! Check this baby out, dug me a hole!",3
2_187_u,2_187,"CHANDLER: And this from cry for help department, are you wearing makeup? JOEY: Yes I am, as of today, I am official Joey Tribbiani actor slash model.",2
2_188_u,2_188,"RACHEL: I just saw Danny getting on the subway with a girl and he had his arm around her. MONICA: Oh, honey, I'm sorry. RACHEL: Well, you should be, this is all your fault! You meddled in our relationship!!",3
2_189_u,2_189,MONICA: Ahh! Aren't you dressed yet? CHANDLER: Am I naked again?! MONICA: We're supposed to meet my parents in 15 minutes.,3
2_190_u,2_190,SCOTT: I finally got to admit it to myself. I have got a sarcasm problem.,1
2_191_u,2_191,"CHANDLER: No, no, you're right, it is a ridiculous name! JOEY: It's not that bad. CHANDLER: Yes it is! From now on, I have no first name.",3
2_193_u,2_193,"MONICA: You gotta help me out here, you gotta set me up, you gotta get me back in the game. RACHEL: Well, that shouldn't be a problem. I mean I work in fashion and all I meet are eligible straight men. MONICA: Pete, can I get you something else?",3
2_194_u,2_194,"JOEY: Hey, I wasn't the only one who looked like an idiot. All right? Remember when Ross tried to say, ""Butternut squash?""",1
2_196_u,2_196,"RACHEL: Oh, I mean she's gonna be at the wedding waiting for him and people will be whispering, ""Oh that poor girl."" Then she'll have to come back here and live all alone. PHOEBE: Oh my God!",2
2_197_u,2_197,"JOEY: Did you call the cops? RACHEL: No, we took her to lunch",2
2_198_u,2_198,"PHOEBE: Was it my work? Were they mad? Was it Jack? Did he yell?! ROSS: J-j-just relax, nobody yelled. Jack just was calling to make sure that you were feeling better. PHOEBE: Thank God.",3
2_2_u,2_2,PHOEBE: That's a good one. Mine is to pilot a commercial jet.,1
2_20_u,2_20,PERSON: You must've had your hands full CHANDLER: That I did. That I did. PERSON: So let's talk a little bit about your duties.,3
2_202_u,2_202,"JOEY: Uh, okay, Pheebs? PHOEBE: Yeah? JOEY: Umm, y'know how the other day you were talking about how you didn't get to go to London and how you were kinda feeling left out?",3
2_203_u,2_203,"ROSS: That only is not funny, it's physically impossible! Okay? Depending on the species I'd have to have a six foot long...",1
2_204_u,2_204,"RACHEL: What if you could keep the apartment and get the tickets. JOEY: Done RACHEL: Let me finish, talking about a bet, winner takes all JOEY: We could end up with nothing. PHOEBE: Or you could end up with everything JOEY: I like that! MONICA: So what do you say? CHANDLER: No MONICA: Just do it!",9
2_205_u,2_205,"RACHEL: Okay, well then how about a handshake? Oh God I'm sorry! Oh God, I'm sorry!",1
2_206_u,2_206,"MONICA: Hey guys, what should I wear to a Nick's game?",1
2_208_u,2_208,"JOEY: It's gonna be worth it. It's a known fact that women love babies, all right? Women love guys who love babies.",1
2_209_u,2_209,"SCOTT: He doesn't need to be sarcastic. I mean, that was sarcasm wasn't it?",1
2_210_u,2_210,"PERSON: Well, the biggest news is still you dumping Barry at the altar! PERSON: Alright. Let's talk reality for a second. RACHEL: Okay.",3
2_213_u,2_213,"MONICA: You owe me 20 bucks. RACHEL: Thank you. Thank you so much! MONICA: Chandler, here you go, got your traditional Thanksgiving feast, you got your tomato soup, your grilled cheese fixin's, and your family size bag of Funyuns.",3
2_217_u,2_217,"ROSS: OK, I have a question. Well, actually, it's not so much a question as.. more of a general wondering... ment. RACHEL: OK. ROSS: OK. Here goes. For a while now, I've been wanting to, um....",3
2_218_u,2_218,"CHANDLER: Have you seen Joey? MONICA: What's the matter? CHANDLER: Oh, just this! Y'know what it's my fault really, because the couch is usually where we keep the varnish",3
2_221_u,2_221,JOEY: Whoa!,1
2_222_u,2_222,ROSE: How would I know if they fog up?,1
2_223_u,2_223,ROSS: Hey who is this Casey? PHOEBE: Oh some guy she met in the movies ROSS: Oh really? What does he want with her?,3
2_225_u,2_225,"ROSS: Really, I, no, I think girls night out is a great idea. Okay, okay, bye PHOEBE: So what are they doing?",2
2_226_u,2_226,MONICA: Could guys please try to keep It down? We are trying to start a tournament.,1
2_227_u,2_227,"CHANDLER: Well, despite the yummy bagels and palpable tension, I have got pants that need to be altered.",1
2_228_u,2_228,"RACHEL: Hi Tag! Hey, so did you have fun with uh, with Joey last night? PERSON: Oh yeah! We went to the Knicks game. Ohh that's nice.",2
2_230_u,2_230,"MONICA: Okay, Mr. Heckles, we'll try to keep it down. PERSON: Thank you. I'm going to rejoin my dinner party. RACHEL: All right, bye-bye.",3
2_231_u,2_231,"PERSON: Aren't you with that girl over there? ROSS: Well, yeah, kinda. Um, but that's okay, see we have an understanding, um, see we each have this list of five famous people, so I'm allowed to sleep with you.",2
2_232_u,2_232,"CHANDLER: Oh, I'll go out and get you some. MONICA: Really?! CHANDLER: Nope! Because I'm not your boyfriend. Hey Pheebs, how did it go?",3
2_234_u,2_234,"MONICA: So, um, will you bring the truck? PERSON: I'll even let you ring the bell. RACHEL: Oh, my god.",3
2_235_u,2_235,JOEY: Helo! Anybody in there order a celebrity? PERSON: What was that? CHANDLER: Oh he is just a crazy guy who roams the halls here. He is great with kids though! PERSON: Is he alright out there by himself?,4
2_236_u,2_236,"RACHEL: You can't go away this weekend, its Emma's birthday, we are having a party. MONICA: Well can't you just have the party when we get back? RACHEL: No, it won't be her real birthday.",3
2_24_u,2_24,"CHANDLER: Dee, the sarcastic sister from What's Happening!! RACHEL: Guys, guess what guess what guess what.",2
2_240_u,2_240,"JOEY: Oh, unbelievable! We had the best time! PHOEBE: Yay!! Oh so, you're not, you're not mad at us anymore? JOEY: No!",3
2_241_u,2_241,"CHANDLER: Damn, tail pipe's not hot enough to light this. JOEY: Relax ok? I can get this open, anybody got a coat hangar?",2
2_242_u,2_242,"ROSS: Okay? CHANDLER: Hi Emma, it's the year 2020.",2
2_243_u,2_243,"CHANDLER: Hey, it's me. I know you can't stand to be in the same room as me, so I just thought I'd try and apologize over the phone. JOEY: Hello.",2
2_245_u,2_245,"MONICA: Ooh, nice. PERSON: So ah, there was this thing I wanted to talk to you about. MONICA: Oh, right! I completely forgot about that.",3
2_246_u,2_246,"JOEY: Oh no no, that's the beauty of it, it goes with everything. You put this on, you are good to go! CHANDLER: Hell I have never been good to go, so, what the hell why not try some jewellery huh? JOEY: Oh man! You are so wearing that bracelet! CHANDLER: I so am JOEY: You have any idea what this will do to your sex life?",5
2_247_u,2_247,"RACHEL: We're not gonna do that. PERSON1: Well, if you like you can feel Rachel's and then feel mine to compare. PERSON2: Am I interrupting?",3
2_248_u,2_248,"MONICA: Umm, listen there's something I think you should know. CHANDLER: Oh, is this about you-you dating the nurse? Yeah, Joey already told me, and I am so-so fine.",2
2_250_u,2_250,"MONICA: David who? PHOEBE: David the scientist guy, David that I was in love with, David who went to Russia and broke my heart David! CHANDLER: Oh my God!",3
2_251_u,2_251,"CHANDLER: Oh you've got to be kidding me. MONICA: What? PERSON: As a wedding gift to you, the hotel would like to give you the honeymoon suite.",3
2_253_u,2_253,"MONICA: Oh. Thank you. Ohhh, thank you very much. Oh, thank you for coming. Uh, just a second! PHOEBE: No-no, let me in!",2
2_254_u,2_254,"PHOEBE: Yeah. RACHEL: I go see my doctor tomorrow, I'll ask her about this. Maybe she can give me a pill or something.",2
2_255_u,2_255,ROSE: What kind of a movie is this Dorothy?,1
2_257_u,2_257,"RACHEL: Okay, let me just get a cup of coffee. MONICA: Oh Rachel, I know the best coffee house and it's sooo close. RACHEL: Closer than here?",3
2_258_u,2_258,"CHANDLER: Hey MONICA: So how was Joan? CHANDLER: Broke up with her MONICA: Why ROSS: Don't tell me, because of the big nostril thing?",5
2_259_u,2_259,"PERSON2: Your mom called me. So is this her? PERSON1: No, this is a loaner. PERSON2: I'm sorry you had to do this by yourself.",3
2_260_u,2_260,ROSS: Chandler. I sensed it was you. CHANDLER: What?! ROSS: Unagi. I'm always aware.,3
2_261_u,2_261,"CHANDLER: I'll tell you what. When we're 40, if neither one of us are married, what do you say you and I get together and have one? MONICA: Why won't I be married when I'm 40?",2
2_263_u,2_263,"PHOEBE: You guys make a JOEY: Yeah, we look great together. MONICA: we really do CHANDLER: Okay.",4
2_264_u,2_264,"PHOEBE: Listen, I'm sorry about that whole thing with Roger. It really wasn't right, and I, and I want to make it up to you, so umm, I brought you something that I think you'll really enjoy. Now, this is just a loan.",1
2_267_u,2_267,"RACHEL: Look honey, Mark is in fashion okay, I like having a friend that I can share this stuff with. You guys would never want to go to a lecture with me. ROSS: Pa-haa!! I would love to go with you.",2
2_268_u,2_268,CHANDLER: It was summer. And it was hot. Rachel was there.,1
2_27_u,2_27,"MONICA: Yeah, Ross is great. He's uh, he's in a whole other place. No, he's gone.",1
2_270_u,2_270,ROSS: Where'd you get fruit at four in the morning? MONICA: Went down to the docks. Bet ya didn't know you could get it wholesale. RACHEL: I didn't know there were docks.,3
2_271_u,2_271,"SCOTT: Sorry, was that sarcasm?",1
2_272_u,2_272,PERSON: Come on!,1
2_278_u,2_278,"JOEY: I know, it was amazing! I mean, we totally nailed it, it was beautiful. PERSON: Thank you, listen, thanks a lot Tribbiani, . Oh my God, look at the time, I gotta catch the bus to the ball. JOEY: Oh well, okay, good luck.",3
2_279_u,2_279,"MONICA: How was your date with Ginger. CHANDLER: Great. It was great. She is , uh, she is great, great looking, great personality, she is greatness",2
2_28_u,2_28,"RACHEL: I mean, I couldn't not know, I mean, if, if the doctor knows, and Carol knows, and Susan knows.... And Monica knows… ROSS: Wha, heh, how could you know, I don't even know!",2
2_280_u,2_280,"CHANDLER: How old is that sock!. If I had a sock on my hand for thirty years, it would be talking too. ROSS: Okay, I think its time to change somebody's nicotine patch.",2
2_281_u,2_281,"DOROTHY: Supposed to study for my French final with a fourteen year old in the house, its hard enough with an eighty year old. SOPHIA: Are you referring to me?",2
2_282_u,2_282,"ROSS: Wow! This is so amazing. I uh, I really thought I'd have to talk you into this more.",1
2_283_u,2_283,CHANDLER: Could you want her more? ROSS: Who?,2
2_284_u,2_284,"CHANDLER: I do! Want a hint? huh? ""I do"" ""I do"". MONICA: Ok, I'm sensing that this is some kind of word play, because you are pink with barely controlled glee. CHANDLER: David is going to propose to Phoebe.",3
2_286_u,2_286,"ROSS: And sometimes I may be away longer, like this. But I'll still always come back, like this.",1
2_287_u,2_287,MONICA: Oh wait stop! Stop! Stop!,1
2_288_u,2_288,"ROSS: Whoa ostralopificus isn't supposed to be in that display. No, no, Homohabilus was erect, Ostralopificus was never fully erect.",1
2_289_u,2_289,CHANDLER: Do you know what just happened? MONICA: Yeah. We-we had sex and then we fell asleep. CHANDLER: No. We were in the middle of sex .. and,3
2_29_u,2_29,"CHANDLER: Oh, that's Ross's. RACHEL: Oh... Oh my God. He remembered. PHOEBE: Remembered what?",3
2_291_u,2_291,"PHOEBE: I need to talk to you, it's pretty urgent. It's about Monica and Chandler. ROSS: Oh my God! Of course, of course.",2
2_292_u,2_292,"DOROTHY: Its Miami in June, only cats are wearing fur! ROSE: You going out?",2
2_293_u,2_293,"PHOEBE: No, no! MONICA: Give it to me! PHOEBE: You can't have it. MONICA: Give it to me!",4
2_294_u,2_294,JOEY: How do I look?,1
2_295_u,2_295,"MONICA: Yeah, I talked to you on the phone, I'm the lady that got stuck with the racecar bed. PERSON: Look, it's like I told you, there's nothing I can do. You signed for it, Monica Velula Geller. JOEY: All right, Jester man, look we wanna see the king.",3
2_297_u,2_297,"RACHEL: You and I were, uh PHOEBE: doing it on this table CHANDLER: You okay there? ROSS: I can't belive you two had sex in her dream.",4
2_299_u,2_299,"CHANDLER: One ticket to Yemen? Oh no-no-no, no. No, no, no, I just, I just need a pretend ticket. PERSON: I'm sorry sir, I don't understand.",2
2_3_u,2_3,"RACHEL: Do you guys have any exta ribbon? CHANDLER: Oh yeah sure, what do you need? We got lace, satin, sateen, rafia, gingam , felt.",2
2_30_u,2_30,ROSS: Yeah. He could row like a viking. MONICA: Hi.,2
2_300_u,2_300,"PHOEBE: There is nothing wrong with Jake! Okay? He is all man! I'm thinking even more than you. JOEY: Oh yeah, he looked like a real lumberjack in those pink lacys. PHOEBE: I'm just saying that only a man completely secure with his masculinity could walk around in women's underwear!",3
2_301_u,2_301,"JOEY: Hey! Hey! What are you guys doing up? CHANDLER: Oh, we wanted to finish the crossword before we went to bed.",2
2_302_u,2_302,"RACHEL: Pheebs, that's great! PHOEBE: Oh, yay! RACHEL: But y'know umm, Rachel doesn't rhyme with draddle.",3
2_303_u,2_303,"JOEY: Hey Chandler!, come on in we are knitting pot holders.",1
2_305_u,2_305,"JOEY: Okay, I can do this. I can tell her how I feel. Just uh, just stand up straight.",1
2_306_u,2_306,SCOTT: Sarcasmholic yourself?,1
2_31_u,2_31,"RACHEL: You know what else I'm not gonna miss? ""I'm Monica. I wash the toilet 17 times a day.",1
2_310_u,2_310,"CHANDLER: Hey, I need you to set me up for a joke. Later when Monica is around I need you to ask me about firetrucks JOEY: I don't know Chandler, I am not so good with remembering lines.",2
2_312_u,2_312,SCOTT: Alright! Definitely!,1
2_313_u,2_313,"PHOEBE: Yeah, but Jason's really sensitive. CHANDLER: Well sensitive is important, pick him. PHOEBE: Yeah.",3
2_314_u,2_314,"MONICA: Uh, belt's to tight, gotta change the belt. Did I turn the fish? No, cause I made lasagne.",1
2_315_u,2_315,"RACHEL: So. I just thought the two of us should hang out for a bit. I mean, you know, we've never really talked.",1
2_316_u,2_316,"PERSON: Hi. Well, look, I was just gonna leave a message, isn't tonight your, your big anniversary dinner? RACHEL: Yeah. Well, umm..... PERSON: Rach, are you okay?",3
2_317_u,2_317,"PERSON: It has umm, three beautiful bedrooms and ah, no baths. But y'know, the ocean is right there. PHOEBE: Knock, knock, knock.",2
2_318_u,2_318,MONICA: Did that! PHOEBE: Grasp one of the linen strips by its 'easy grab tab' and pull it off in one quick pain free motion. MONICA: Okay. Ow!!!!! Ow-oh-oh!,3
2_319_u,2_319,"ROSS: Okay, I can't imagine, I can't imagine my life without you. Without, without these arms, and your face, and this heart. Your good heart Rach, and, and....",1
2_322_u,2_322,PHOEBE: And! And! RACHEL: Ah!,2
2_323_u,2_323,CHANDLER: Hey!,1
2_326_u,2_326,"RACHEL: Ahh! PERSON: It wasn't on your list, but hopefully you'll think it's really fun. RACHEL: A scooter!",3
2_33_u,2_33,"RACHEL: Ohh! It's so nice to meet you. Hello. Hello. PERSON: Well, Joshua, that 500 was for groceries. RACHEL: What?",3
2_334_u,2_334,"CHANDLER: Yes. Yes, there is, they play on Sundays and Monday nights. RACHEL: Oh shoot! I work Monday nights. PHOEBE: Umm, this stuffing is amazing. Do you think we should bring them some?",3
2_337_u,2_337,"CHANDLER: How many times have I told you guys, you never waych cooking channel MONICA: Hi Chandler. CHANDLER: Hey!",3
2_338_u,2_338,"MODERATOR: Scott scott come back. You have to realize that we are a bunch of people with severe problems. MODERATOR: We have been trying to help ourselves, just like you have been trying to help yourself. MODERATOR: That's why we need to help each other. MODERATOR: I mean, you seem like a decent guy.",4
2_339_u,2_339,"ROSS: I have a question. Umm, I used your pen to draw on my friend's face. A beard and a moustache.",1
2_34_u,2_34,CHANDLER: Hey JOEY: You son of a bitch!,2
2_340_u,2_340,"JOEY: It's the big night! We wanted to wish you good luck! ROSS: Yeah, yeah you have the ring? CHANDLER: Yeah, right here in my pocket. Pheebs?",3
2_341_u,2_341,"PERSON: I remember when we first got engaged. CHANDLER: Oh, I don't think I ever heard that story.",2
2_342_u,2_342,"DOROTHY: Was there ever any doubt? BLANCHE: Momentarily. This is strictly off the record, but Dirk's nearly five years younger that I.",2
2_343_u,2_343,"ROSS: Whoa Let me start by uh, by introducing myself, I am Professor Geller.",1
2_344_u,2_344,PERSON: So you have replaced me. ROSE: With what?,2
2_345_u,2_345,"JOEY: It isnt working MONICA: We have to unscrew the chain JOEY: Hurry, I can't feel my ears CHANDLER: Can you ever feel your ears? JOEY: Interesting",5
2_347_u,2_347,"CHANDLER: Oh! Right. Umm, maybe that's because I didn't send him an invitation. MONICA: Chandler! He's your father. he should be at the wedding. CHANDLER: I don't even know the man. Okay? We're not that close. I haven't seen him in years.",3
2_35_u,2_35,"PERSON: I am not divorced yet. Chandler, you know you just invited me over here for pasta and all of a sudden you are talking about moving in together. I wasn't even that hungry. Its getting really late and I should just umm.",1
2_350_u,2_350,"BLANCHE: They are ain't here yet DOROTHY: No, but they should be any minute ROSE: You seem a little nervous. DOROTHY: Oh you're sure I am ROSE: Are you nervous cause you haven't met Michael's fiancee?",5
2_351_u,2_351,DOROTHY: Now PERSON is depressed Rose. ROSE: Do you think she is depressed about Rebecca,2
2_352_u,2_352,"PERSON: What are you seeing? BLANCHE: Nightmare on Elm Street 4 ROSE: Do you have to see 1, 2 and 3 to appreciate it?",3
2_353_u,2_353,"JOEY: Oh Monica, listen, I ah, I saw down at the hardware store, they got those designer tiles on sale. If you ever want to redo the bathroom floor. MONICA: Why, what's wrong with my bathroom floor?",2
2_356_u,2_356,"ROSS: I mean, your Dad tells me that you get a couple of days off school, and you, you ah, don't have to sell those cookies anymore. PERSON: Well, I kinda wanted to sell the cookies. The girl who sells the most wins a trip to Spacecamp, and gets to sit in a ROSS: Wow, you ah, you really like all this space stuff, huh?",3
2_357_u,2_357,"PHOEBE: Yes. Great, let's begin. How's the pressure? MONICA: Nice! Wow Phoebe you are good!",2
2_358_u,2_358,"ROSS: No you do,y'know what, you're not gonna suck me into this. RACHEL: Oh sure I am, because you always have to be right.",2
2_359_u,2_359,JOEY: Hey CHANDLER: Hey,2
2_36_u,2_36,"PHOEBE: Okay, well Ross, what is this really about? ROSS: Look, this is my home and I want to be able to come and go whenever I want! PHOEBE: Okay, I will find someplace else to do the rest of my appointments. I just don't know what the big deal is!",3
2_361_u,2_361,"MODERATOR: Well we have a new member of Sarcasmoholics Anonymous this week MODERATOR: Perhaps you would like to introduce yourself? SCOTT: Hi everybody, my name is Scott and I am a sarcasmholic.",3
2_365_u,2_365,"JOEY: And you can see me! Same as yesterday, same as the day before. MONICA: Is he doing his shark attack bit yet?",2
2_367_u,2_367,"PHOEBE: It's just y'know, been a couple of hours, and she hasn't called. Not that I even care, y'know. MONICA: Phoebe why don't you just call her? You obviously want to. PHOEBE: You think you know me so well.",3
2_369_u,2_369,"CHANDLER: Get up JOEY: What? CHANDLER: You're in my seat JOEY: How is it your seat? CHANDLER: Cause I was sitting there JOEY: But then you left CHANDLER: But its not like I went to Spain, I went to the bathroom , you knew I was coming back. JOEY: Whats the big deal? CHANDLER: The big deal is that I was sitting there last, so.. that's my seat JOEY: Actually, the last place you were sitting was in there ROSS: You guys, you know what? it doesn't matter. Because you both have to go get dressed before the big vein in my head pops!",11
2_370_u,2_370,"JOEY: My family's been going to him forever. He did my first suit when I was 15. No wait 16. Excuse me, 15 ... Alright when was 1990?",1
2_371_u,2_371,"ROSS: Hi umm, listen come here, come in. I'm so-so sorry about yesterday.",1
2_372_u,2_372,PHOEBE: Boy do I feel bad MONICA: very bad. PHOEBE: Chandler what are you doing? MONICA: Chandler?,4
2_373_u,2_373,JOEY: Where the hell have you been?,1
2_374_u,2_374,PERSON: Will you get me a white zinfandel and glass of red for Janice.,1
2_375_u,2_375,"MONICA: Hey, you haven't been practising the routine have you? ROSS: No!",2
2_376_u,2_376,RACHEL: Hey Chandler? Monica just broke my sea-shell lamp.,1
2_377_u,2_377,"JOEY: Oh Mommy, Oh Daddy, I am a big ol Baddy. ROSS: I guess he must have gotten the part in the play.",2
2_378_u,2_378,"DOROTHY: Morning everybody, Rose honey I hope you don't mind, I borrowed your golf club, I have a date to play this morning. BLANCHE: With a man?",2
2_38_u,2_38,"ROSS: And now you want that money back. CHANDLER: Exactly. ROSS: Chandler, what kind of an idiot do you take me for?",3
2_380_u,2_380,"JOEY: The stripper stole the ring! The stripper stole the ring! Chandler get up get up, the stripper stole the ring.",1
2_381_u,2_381,SCOTT: [nodding] - Was that sarcasm?,1
2_385_u,2_385,"RACHEL: May I see your boarding pass? PERSON: Oh, no, no, I don't have one. I just need to talk to my friend. RACHEL: Oh, oooh. I'm sorry. You are not allowed on the jetway unless you have a boarding pass.",3
2_387_u,2_387,"JOEY: Oh, uh, listen, about tonight... CHANDLER: No, no, no, don't you dare bail on me. The only reason she's goin' out with me is because I said I could bring a friend for her friend.",2
2_388_u,2_388,"CHANDLER: Hey Pheebs! PHOEBE: Ohh! You made up! MONICA: Yeah, I couldn't be mad at him for too long.",3
2_389_u,2_389,JOEY: Okay done MONICA: Whats pleh? JOEY: ThatÕs Help spelled backwards so that helicopters can read it from the air.,3
2_39_u,2_39,"PERSON: But that reminds me, sign this. ROSS: What is it? PERSON: Its nothing, just that you can't sue the city incase you scrap your knee or your know get your head blown off.",3
2_390_u,2_390,ROSE: Are you depressed about Glen?,1
2_392_u,2_392,PERSON: Because I met somebody who would be perfect for you.,1
2_393_u,2_393,"CHANDLER: I can't take it anymore. So you win, okay? Here!",1
2_397_u,2_397,"RACHEL: All right! Ross, do you think it's easy for me to see you with somebody else? ROSS: Y'know, hey! You're the one who ended it, remember? RACHEL: Yeah, because I was mad at you, not because I stop loving you.",3
2_398_u,2_398,"DOROTHY: ma I think you should sit down ROSE: Dorothy, should I get Sophia a glass of water?",2
2_400_u,2_400,"MONICA: I know, it is isn't it? CHANDLER: No, I mean it, this feels really good. Is it a hundred percent cotton? MONICA: Yeah! And I got it on sale, too.",3
2_405_u,2_405,"ROSS: Okay, that-that's all for today. Oh, uh does anyone know where the Freeman building is? PERSON: Yeah, it's the new building on Avenue A.",2
2_406_u,2_406,"RACHEL: Hi. Look um, about what happened earlier... ROSS: No, hey, well, I-I completely understand. You were, you were stressed. RACHEL: I was gonna give you a chance to apologise to me.",3
2_407_u,2_407,"RACHEL: Well, Joshua's coming in tomorrow and since I don't have the guts to ask him out, I'm going to sell him a coat and put this note in the pocket. CHANDLER: Oh yeah? Joshua, give me a call sometime, guys like you never go out of style.",2
2_408_u,2_408,"CHANDLER: Saucy. PERSON: I'll be back in two minutes. CHANDLER: You are going to leave me like this PERSON: Knowing you are here, waiting for me, it is kind of exciting isn't it?",4
2_409_u,2_409,"CHANDLER: Hi, excuse me, is Rachel Green here? I'm supposed to meet her for lunch. PERSON: Oh she doesn't come here anymore. You can find her up on 10th. CHANDLER: Okay great.",3
2_410_u,2_410,"PERSON: That's funny. Who are they? ROSS: The blond woman is my ex-wife, and the woman touching her is her... close, personal friend. PERSON: You mean they're lovers.",3
2_413_u,2_413,"CHANDLER: Oh, that's uh, that's pretty nice but I'm gonna go with the one I picked first. PHOEBE: Oh my God Chandler, the one you picked is gone. It's over! CHANDLER: What?",3
2_415_u,2_415,"PERSON: Can I help you? CHANDLER: Uh-oh. JOEY: Uh, y'know what, we're having second thoughts about our copying needs. And we'll need a little more time to think about it.",3
2_416_u,2_416,ROSS: Ok it was just me and her at the back of the train and I sat at the door so she had to pass by me if she like to switch cars. She was totally at my mercy.,1
2_419_u,2_419,"JOEY: Look, Pheebs, I just, I wanna apologize for, for saying that your method was stupid and-and maybe ask you to be my teacher again. And-and I promise, I won't touch a guitar until you say I'm ready. You really think I'm ready?",1
2_42_u,2_42,"PERSON2: Dr. Farber, we've got a bit of an emergency here...Jason Costalano is choking on his retainer. PERSON1: Oh God... I'll be right there, Bernice.",2
2_420_u,2_420,"CHANDLER: Okay you are right, I am in love with Joey's girlfriend. PHOEBE: What? How is that possible? You barely know her. CHANDLER: I don't know. I can't . I just, I can't get her out of my head you know. I am a very bad person. I am a horrible person.",3
2_421_u,2_421,"JOEY: Thank you, but it would take me forever to pay you that money back and I don't want that hanging on my head. Besides, soon as my insurance kicks in I' ll all the free operations I want. T'll probably start with that laser eye surgery.",1
2_422_u,2_422,"PERSON: We've got uh, scarves, tulip post cards... JOEY: Check this out? Huh? Yeah. That's the stuff. What do you think? CHANDLER: Well, I don't have to buy that, ""I'm with stupid"" T-shirt anymore.",3
2_423_u,2_423,"MONICA: Richard! PERSON: Actually, I'm not here to complement the chef. MONICA: Ohh .. Oh, that's okay I hate when people come back to complement the chef.",3
2_425_u,2_425,"PHOEBE: We couldn't keep our eyes off each other all night and then every once and a while y'know, he'd kinda lean over and stroke my hair and touch my neck. MONICA: Okay, stop it Phoebe, you're getting me all tingly. PHOEBE: All I could think of was y'know, ""Is he gonna kiss me? Is he gonna kiss me?""",3
2_426_u,2_426,PERSON: HEY!! Do you Oh come on! Morning's here! Morning's here! The morning is here! Sunshine is here! I,1
2_427_u,2_427,RACHEL: Oh! MONICA: Oh God PHOEBE: Now you know how you really feel about it.,3
2_428_u,2_428,"ROSS: According to Chandler, what phenomenon scares the bejesus out of him? MONICA: Michael flatly lord of the dance ROSS: That is correct! JOEY: The Irish gig guy?",4
2_429_u,2_429,"PHOEBE: Ha-ha, it's not my baby, ha-ha-ha! MONICA: Very good, so good.",2
2_43_u,2_43,"JOEY: Well, you're amazing. CHANDLER: Oh no-no-no. This is ammazing JOEY: A TV as if it appears from nowhere! That's the dream! Man, how did you afford this stuff?",3
2_430_u,2_430,CHANDLER: Listen it's kind of an emergency,1
2_431_u,2_431,"JOEY: But I can see through your sheet. Yeah, yeah, that's her. But y'know what? Doesn't matter,",1
2_433_u,2_433,CHANDLER: Well cathy's last boyfriend was Joey. ROSS: And you're afraid you wont be able to fill his shoes,2
2_434_u,2_434,RACHEL: You guys can pee standing up.,1
2_435_u,2_435,"PERSON: It's Jake. JOEY: Joey. Hey Jake, do you like the Knicks? PERSON: Yeah, big fan.",3
2_437_u,2_437,"JOEY: Oh, y'know the same thing happened to me one time. CHANDLER: When did that happen to you?! JOEY: Don't you remember when we were jogging in the park and we saw that really pretty bird and wanted to take a picture,I didn't have my camera!",3
2_438_u,2_438,"MONICA: Chandler, I think I am sick",1
2_439_u,2_439,ROSS: Y'know what I think it is? I think you've made such a nice home for her over the last nine months that she just doesn't want to leave. RACHEL: Oh. Look at you making up crap for me. Oh God!,2
2_44_u,2_44,"JOEY: Very life-like and funny. Okay. Oh no-no-no, I wasn't waving at you lady.",1
2_440_u,2_440,MONICA: You are dead meat CHANDLER: I didn't know it was a big secret.,2
2_441_u,2_441,"ROSS: Oh. PHOEBE: Please, right now, no, every time I see him it's like 'Is it on the lose?' 'Is it watching me?' CHANDLER: We can't tell him, you can't go up to a guy you barely know and talk about his.... stuff.",3
2_442_u,2_442,"DOROTHY: She is miserable. ROSE: Just to keep me upto speed Dorothy, it is this negligent arson that prospect of spending the rest of her wiening years in jail thing right?",2
2_443_u,2_443,"MONICA: Why wouldn't I be married when I am forty? CHANDLER: Oh no no no, I just meant hypothetically MONICA: Ok , hypothetically, why won't I be married when I am forty? CHANDLER: No MONICA: No, what is it? Is there something fundamentally unmarriable about me?",5
2_444_u,2_444,"RACHEL: I would love to live with you Ross.. that's-that's great! Thank you! ROSS: Well, I'm-I'm just glad I could, y'know, help you out.",2
2_445_u,2_445,"PHOEBE: Okay, here's what we're gonna do. Okay, I'm gonna break into this mini-van and put it in neutral. You guys push it forward so Ross can drive out of his spot.",1
2_446_u,2_446,PERSON: Hi Joey. JOEY: Hey! How you doin'? PERSON: He has the most amazing Porsche under there!,3
2_447_u,2_447,CHANDLER: Still upset because I saw her boobies. ROSS: Well what? What were you doing seeing her boobies?,2
2_448_u,2_448,JOEY: Yeah! You gotta tell a girl before you tape her. Such a rookie mistake. CHANDLER: Y'know who has a great video camera? PHOEBE: Greg and Jenny?,3
2_449_u,2_449,"RACHEL: Oh Oh car car. PHOEBE: Its Ross on one of his drives RACHEL: What is he doing here? ROSS: He is saving your butt. Unless ofcourse I am stepping on some toes here, in which case I can just mosey on. I have plenty of people to help in the interstate.",4
2_45_u,2_45,DOROTHY: Oh fine we will! SOPHIA: Is that Paolo?,2
2_450_u,2_450,"JOEY: Remember what happened the last time I did an interview for them? I said I write a lot of my own lines, then the writers got mad and made my character fall down the elevator shaft. So who knows what I might say this time.",1
2_454_u,2_454,"PERSON: It was dreadful. I felt terrible about how I acted when you said those wonderful things. ROSS: No, no, that-that, that's all right. Umm, I'm just glad you called.",2
2_456_u,2_456,"ROSS: This would be the place where you explain the hat JOEY: Oh, Okay. This is called the top hat? ROSS: And why are you wearing this? Is it top hat? JOEY: Oh , yeah. There's this play right. And I am up for the part of this real cool like suave, international guy. A real close horse. So I figured everyone in the audition is gonna be wearing this kind of, you now, ultra hip, high fashion stuff.",4
2_457_u,2_457,MONICA: I just don't wanna give them any more ammunition than they already have.,1
2_458_u,2_458,"JOEY: Yeah! And also, a little like a French guy. I never noticed that before.",1
2_461_u,2_461,PERSON: [Laughs],1
2_462_u,2_462,DOROTHY: Oh I am so nervous. Have you ever given an eulogy? ROSE: You mean at a funeral?,2
2_463_u,2_463,"RACHEL: You know? Forget it! JOEY: No-no-no-no, no! Who, who were you talking about? RACHEL: No, I-I-I-I don't, I actually don't know",3
2_464_u,2_464,"PERSON: Hey, you guys the water is great. You should really go in!",1
2_465_u,2_465,ROSE: No more ice-skating ROSE: And I am not gonna go Niagra falls in a barrel.,2
2_467_u,2_467,JOEY: Just because he's got a bigger boat he thinks he can take up the whole river. Get out of the way jackass! Who names their boat Coast Guard anyway?,1
2_471_u,2_471,MODERATOR: Hello everybody! How was your week?,1
2_472_u,2_472,"ROSS: I don't want to be single. I just, I just want to be married again.",1
2_473_u,2_473,"PHOEBE: Okay, I can do that! Oh, by the way, I love my office PERSON: I Why don't we do a trial run. PHOEBE: Oh okay. Umm, all right. Hi, this is Phoebe from Empire Office Supplies, can I speak to your supply manager please?",3
2_474_u,2_474,MONICA: No. CHANDLER: How long have we been home? MONICA: About a half an hour.,3
2_475_u,2_475,"JOEY: Hey, Chan. Can you help me out here, I promise I'll pay you back.",1
2_477_u,2_477,"RACHEL: Did you have fun at the bachelor's party last night? CHANDLER: Oh yeah, look what I got, she is fully dressed right. And then you click it and oh oh she naked.",2
2_478_u,2_478,"ROSS: Hi. RACHEL: What's the matter with you? CHANDLER: Mean guys at the coffee house took my hat JOEY: You kidding ROSS: It was ridiculous, these guys were bullies, actual bullies. We are grown ups, this kind of stuff isn't supposed to happen anymore.",5
2_479_u,2_479,DOROTHY: Just keep thinking about Ma and whose mother she really is. ROSE: You worried she might be Gina's?,2
2_48_u,2_48,"JOEY: I didn't know he could get me fired! What am I going to do? MONICA: Well y'know Joey, you're a pretty charming guy.",2
2_481_u,2_481,RACHEL: Okay. Let's use this brush. ROSS: Okay. This stuff? RACHEL: Yeah.,3
2_482_u,2_482,"CHANDLER: No you can't. You don't want to be guys, you'd be all hairy and wouldn't live as long.",1
2_484_u,2_484,"CHANDLER: Your tailor, is a very bad man. JOEY: Frankie what are you talking about? ROSS: Hey, whats going on? CHANDLER: Joey' trailer took advantage of me JOEY: No way, I have been going to the guy for twelve years CHANDLER: Oh c'mon, he said he was gonna do my inseam, then he ran his hand, up my leg and then there was definite ROSS: What? CHANDLER: Cupping. JOEY: That's how they do pants. First they go up they move it over, then they go up the other side and move it back, then they do the rear. What? Ross will you tell them? Isn't that how a tailor measures ?",9
2_485_u,2_485,"SCOTT: It was being sarcastic, alright I see I see SCOTT: I didn't realise the sarcasm was going to be so full on. I ll just stand back and start again MEMBER-BOY: Oh, we wouldn't bother.",3
2_486_u,2_486,JOEY: Oh my! RACHEL: They're male nurses. JOEY: Not in my head.,3
2_487_u,2_487,"CHANDLER: I can't take it any more! So you win, okay? Pheebs? Flying a jet? Better make it a spaceship so that you can get back to your home planet! And Ross, phone call for you today. Tom Jones, he wants his pants back!",1
2_488_u,2_488,CHANDLER: What? JOEY: The ring is gone! CHANDLER: Ugh.,3
2_489_u,2_489,"DOROTHY: Sorry I snapped at your Rose. It's just that I am upset, I am very upset. ROSE: Is it because you threw Michael out?",2
2_49_u,2_49,"JOEY: When that guy was robbing us and I was locked in the entertainment unit for like six hours, do you know what I was doing there in all that time? I was thinking about how I let you down. Yeah. But if I had known what kind of friend you would turn out to be, I wouldn't have worried about it so much. See you around! CHANDLER: Wait! Just wait one second. There has to be something that I can do, something. If we still had that entertainment unit, I would get in there for six hours and think about how I let you down.",2
2_490_u,2_490,"PHOEBE: I know, I opened it up and it and there it was just floathing in there, like this tiny little hitchhiker.",1
2_491_u,2_491,JOEY: The wheel or pick a Google card.,1
2_492_u,2_492,DOROTHY: You what the joke going around teacher's lounge was today Ma? Me SOPHIA: I know this joke DOROTHY: Everybody heard on the radio that some anonymous Ma was complaining that her dependent daughter Dorothy doesn't have a life of her own. SOPHIA: What you think of the only grey head substitute teacher named Dorothy wasting her life away in Miami?,4
2_493_u,2_493,"CHANDLER: So Ross, how was the date the other night?",1
2_494_u,2_494,"CHANDLER: I know Richard's really nice and everything, it's just that we don't know him really well you know, plus he is old ... er than some people.",1
2_495_u,2_495,"PHOEBE: No, yeah! The groom cannot see the bride! RACHEL: I'm not gonna marry Chandler! PHOEBE: Not after this!",3
2_498_u,2_498,"PERSON1: Where's Monica? MONICA: Over here Dad PERSON2: How to you zoom out? There she is JOEY: Some girl ate Monica MONICA: Shut up, the camera adds 10 pounds.",5
2_499_u,2_499,"RACHEL: Oh, but he was my pig man...how did I not see this? PHOEBE: Oh! I know! It's because... he's gorgeous, and he's charming, and when he looks at you... RACHEL: Ok, Ok, Pheebs...",3
2_50_u,2_50,CHANDLER: Okay thatÕs like the least fun game ever. RACHEL: Well I am really sick of your smoking. So I brought something that is going to help you quit.,2
2_500_u,2_500,CHANDLER: I want to show you something too. You know those big road signs that say Merge? So I was thinking that we could get one fo those signs and hang it over the bed. Because its you and I together - Merge!,1
2_502_u,2_502,BLANCHE: Still worried about the money you owe the government?,1
2_504_u,2_504,"PHOEBE: So you like the drums! That's, that's great! Y'know, I was worried, that, you know, they would maybe an unbearable living situation.",1
2_505_u,2_505,DOROTHY: Your kidney? BLANCHE: My kidney. ROSE: Why would she need a kidney?,3
2_506_u,2_506,"PERSON: Oh, I must've said that after you left. RACHEL: Said what? Exactly. PERSON: That you enjoyed the occasional drink .. ing binge.",3
2_507_u,2_507,"PERSON: Sophia was discharged, is she here?",1
2_508_u,2_508,"RACHEL: This one's from Joey, feels like a book, think itÕs a book. And itÕs a book! PHOEBE: Oh its Dr. Suse. JOEY: That book got me through some tough times PERSON: There is a little child inside this man.",4
2_509_u,2_509,JOEY: Well the tough thing is she really wants to have sex with me.,1
2_51_u,2_51,"JOEY: That's the rule. CHANDLER: What rule? There's no rule, if anything, you owe me a table! JOEY: How'd you get to that?",3
2_511_u,2_511,MONICA: And the boots don't really go with it.,1
2_512_u,2_512,"DOROTHY: It is not a fly Rose ROSE: Spanish fly is not a fly? DOROTHY: No, it's a beetle. ROSE: They call it a fly but its really a beetle? DOROTHY: Yes ROSE: How did they know its Spanish?",6
2_514_u,2_514,"PERSON: Okay, okay look, I know I'm being Mr. Inappropriate today, but it's just so tough, I mean see you walking around and I just wanna touch you and hold you, come on no one's around, just, just kiss me. ROSS: All right that's, that's it!! Get off her! PERSON: What is going on?",3
2_517_u,2_517,"PHOEBE: Hi! JOEY: Hey! JOEY: Uh, Pheebs, about your mom...",3
2_518_u,2_518,"CHANDLER: Okay, lets find these birds. JOEY: Wait wait, you hear that? There are in the table? CHANDLER: That can't be good JOEY: We have to get them out of there CHANDLER: how? JOEY: Maybe we can lure them out, you know of any bird calls?",6
2_521_u,2_521,ROSS: I've had better. JOEY: Okay! When?! ROSS: All right! All right! It was the best nap ever!,3
2_522_u,2_522,"PHOEBE: Fire alarm? Oh! Hi, officer,fireman, can-can I help you? PERSON: We found your fire alarm in the trash chute. That's not mine.",2
2_523_u,2_523,"ROSS: Hi Ben, and uh .. JOEY: I said ""a little bit"" Ross.",2
2_524_u,2_524,"ROSS: Anyway, if you don't feel like being alone tonight, Joey and Chandler are coming over to help put together my new furniture.",1
2_525_u,2_525,"RACHEL: Y'know what, actually .. Okay, okay, okay, what's so funny over here? PERSON: I thought you didn't smoke. RACHEL: Oh, I thought you guys meant marijuana cigarettes, y'know?",3
2_526_u,2_526,"PERSON1: Really?! Well, it's just like everyone else's apartment. It's got rooms, walls, and ceilings. PERSON2: Well, I just wanted to see where you lived. Now, give me the tour. MONICA: Oh my God! Oh my God!",3
2_527_u,2_527,SCOTT: My name's Scott and I am a sarcasmholic. MEMBER-GIRL: Nooo.,2
2_53_u,2_53,"PERSON: Oh good, you're here. Yeah, and I was worried that it was going to be uncomfortable. RACHEL: I know Mona, just hear me out. First of all, I'm so sorry about my father yelling at you, but I heard you totally held your own.",2
2_530_u,2_530,PERSON: I've been talking to you for five minutes now about killing myself and no one's even looked up from their desk. Hang-hang on. Hey everybody!,1
2_531_u,2_531,"RACHEL: Yeah, I mean I was up sick all night. JOEY: Yeah me too, all night. Really?! RACHEL: How come we didn't cross paths?",3
2_532_u,2_532,"CHANDLER: Rach rach, we gotta settle RACHEL: Settle what?",2
2_534_u,2_534,"ROSS: When did I say you were boring?! PHOEBE: Oh my God, I remember now! We were playing chess! ROSS: Phoebe! You and I have never played chess",3
2_535_u,2_535,"PERSON: spring vacation. ROSS: spring vacation. PERSON: Oh good. ROSS: Look, I .. Look, I'm having a great time with you and I just don't want us to move to fast or put to much pressure on us.",4
2_536_u,2_536,"ROSS: I mean, you two are-are my… I mean, I'm lucky to have just one good CHANDLER: Thanks man. JOEY: I gotta go check something over here.",3
2_537_u,2_537,"CHANDLER: Our eyes are closed and we're about to cross the street. Very good. PHOEBE: Okayyyyy, open up!",2
2_54_u,2_54,"RACHEL: Yes! And he said really mean things that were only partly true. JOEY: I'm gonna go down there and teach that guy a lesson. MONICA: Joey, please don't do that. I think it's best that we just forget about it.",3
2_540_u,2_540,"JOEY: I don't know. But hey, I know we can decide. Okay, I'm gonna ask you questions and you answer real quick.",1
2_541_u,2_541,MONICA: Go over to her. She's not with anyone.,1
2_542_u,2_542,"JOEY: Well, I'm just,if the paste matches the pants, you can make yourself a pair of paste pants and she won't know the difference! RACHEL: Joey, do you have a minute? ROSS: Dude, what am I gonna",3
2_546_u,2_546,"MONICA: Hey CHANDLER: Hey, where's the birthday girl? RACHEL: Oh she is still napping.",3
2_547_u,2_547,"JOEY: Well, what did you have? CHANDLER: It doesn't matter because nothing beats a three and a six. That my friend is D-Cup.",2
2_548_u,2_548,"RACHEL: All right, I'm outta here! MONICA: I'm kidding! I'm kidding! RACHEL: So were done then!",3
2_549_u,2_549,MONICA: Honey the Miami vice sound track?,1
2_55_u,2_55,"RACHEL: I'm really glad Monica asked us out. PERSON: I'd love to ask you in, but uh, my sister's visiting and I think she's asleep on the couch. RACHEL: You're sister? You're sister's asleep on the couch? Ohhh! I saw with her on the subway, and now she is asleep on the couch",3
2_550_u,2_550,"CHANDLER: I will have one. Okay, I'm not gonna have one. PHOEBE: No, no, it's just my tooth.",2
2_552_u,2_552,RACHEL: I don't like sitting up here! I'm just gonna over PHOEBE: No Rachel! They got here first! Why is Ross doing that?,2
2_553_u,2_553,"MONICA: Well Joey, we're all .. we're all very proud of you. CHANDLER: Yes, I believe we can expect a call from the President any moment now. PHOEBE: Is there anything we can do for you?",3
2_555_u,2_555,ROSS: No! You let go! How come it's always us left in the field holding the ball? MONICA: I don't know. I guess the other people just don't care enough.,2
2_556_u,2_556,"PERSON: When their pets pass on, they want them sort of laid out like they are sleeping. But, occassionally theres a person who wants them in a pose like chasing their tail or uh, jumping to catch a frizbee.",1
2_557_u,2_557,"PERSON1: Ross, can I talk to you for a minute? ROSS: Yes, please! So, what's going on? PERSON1: Uh, well... Joey and I broke up.",3
2_558_u,2_558,MONICA: Oh wait! Stop! Stop! Stop! CHANDLER: Oh I'm sorry! Do you need a break? MONICA: My boots in tan! Hey! Can you get a little closer so I can see the price?,3
2_559_u,2_559,"MONICA: Well, you-you coulda just turned the cushion over. PHOEBE: Yeah, I would've except I had a big spaghetti stain on the other side.",2
2_56_u,2_56,"PERSON: I knew it, wow!! PHOEBE: Wait-wait-wait, wait! Puppies. Cute or ugly? PERSON: Ohh, so cute.",3
2_560_u,2_560,"PHOEBE: And she was like ""Oh, don't worry! I asked him. He's totally ok with seeing you!"".",1
2_562_u,2_562,"JOEY: Hey. What, what are you doing here? PHOEBE: Well, I-I thought a lot about what you said, and um, I realilized duh, all right maybe I was a little judgmental. Yeah, oh, but oh...",2
2_564_u,2_564,"CHANDLER: Yes. Yes, thanks for letting me use your phone... and for saving my life. PERSON: Well, goodbye Chandler. I had a great blackout. See ya. CHANDLER: Hi, um, I'm account number 7143457.",3
2_567_u,2_567,"ROSS: So uh, does it do anything uh special?",1
2_569_u,2_569,"PHOEBE: Yeah! Now, why do you want to kill yourself? PERSON: It's just that I uh, have been working for ten years now at this meaningless, dead-end job and nobody here even knows I exist!",2
2_570_u,2_570,CHANDLER: Hey Ross I was wondering.,1
2_572_u,2_572,"PHOEBE: I know, they're gonna be sp happy together RACHEL: Ohh .. I mean two best friends falling in love, how often does that happen? PHOEBE: Not",3
2_573_u,2_573,"ROSS: Look I drew a sketch of how we are gonna do it ok? Rach, that's you, that's the couch RACHEL: What's that? ROSS: Oh, that's me. RACHEL: Wow! Certainly think a lot of yourself. ROSS: No, that's my arm.",5
2_574_u,2_574,"CHANDLER: Pickin up wedding dresses. Wapah. ROSS: Whats wapah CHANDLER: You now, whipped. Wapah JOEY: That's not whipped, CHANDLER: That's what I did, wapah.",5
2_575_u,2_575,"JOEY: Wow! This girl is good. PHOEBE: Oh-ho yeah! A song with rhyming words. Oo, I never thought of that before. CHANDLER: I like her.",3
2_576_u,2_576,"RACHEL: Oh Monica, we are so sorry. MONICA: For what? RACHEL: Well first, for forgetting to throw you a bridal shower.",3
2_577_u,2_577,RACHEL: It's one more thing in my life that's suddenly completely different. This is hard. ROSS: Yeah I know.,2
2_579_u,2_579,"ROSS: One, two, three, four! You know the song! Sing along! So?",1
2_58_u,2_58,"PERSON: Welcome back! PHOEBE: Hey! Can we pick up where we left off? PERSON: I don't know, I'm still pretty tired out from this afternoon.",3
2_581_u,2_581,"JOEY: Quack quack, quack quack, quack quack.",1
2_583_u,2_583,JOEY: Look out! You almost crushed my hat ROSS: Sorry,2
2_585_u,2_585,"ROSS: So theoretically we could download our thoughts and our memories into this computer... ... PERSON: and live forever as a machine! ROSS: That's so Janine, you-you-you know what, do you know we're doing right now?",3
2_586_u,2_586,"PHOEBE: You know whats sadder than this? Bambi. I cried for three days with that movie. No wait two, cause on the thrid day my mother killed herself, so I was partly crying for that.",1
2_587_u,2_587,BLANCHE: Have you found her?,1
2_588_u,2_588,"JOEY: Well, why don't you tell me what you're supposed to be! Huh? Because I sure as hell can't figure it out!",1
2_589_u,2_589,"MONICA: I am sorry I think I can walk the rest of the way now just give me my boots. CHANDLER: I don't have your boots MONICA: Well I don't have them either, where are they?",3
2_590_u,2_590,"JOEY: Uhh, well I've got an audition down the street and I spilled sauce all over the front of my shirt. You got an extra one? RACHEL: Yeah, sure. Umm .. here. JOEY: Great. You got anything that's not",3
2_591_u,2_591,DOROTHY: We thought you might like to join us for dinner? SOPHIA: I get the feeling Dorothy that you might be a little mad at me. Why is that?,2
2_594_u,2_594,JOEY: No! He blew us off! ROSS: What?! JOEY: I know!,3
2_595_u,2_595,"ROSS: So Rachel called, wants to see me. Going over in a minute. JOEY: Wow, what do you think she wants? ROSS: Well, maybe the crazy fog has lifted and she realizes that life without me a sucks. CHANDLER: Its possible, you are very lovable.",4
2_596_u,2_596,SCOTT: I am having a bit of trouble telling when people are sarcastic.,1
2_598_u,2_598,ROSS: After the party I saw Rachel kissing that jerk from her office out on your balcony.,1
2_599_u,2_599,DOROTHY: I am not talking to you BLANCHE: I guess you are still upset with me about last night aren't you?,2
2_602_u,2_602,MONICA: You wanna hear something that sucks. CHANDLER: Do I ever. MONICA: Chris says they're closing down the bar.,3
2_604_u,2_604,"ROSE: Hi Dorothy, cooking?",1
2_607_u,2_607,"CHANDLER: Okay. JOEY: Listen uh, could you put Kathy on, I wanna apologize. CHANDLER: Oh yeah man. Joey.",3
2_608_u,2_608,"CHANDLER: Did I go to this school? ROSS: Hey, there's Missy Goldberg. You gotta remember her. CHANDLER: Sure, nice. ROSS: Dude. You're married to my sister.",4
2_609_u,2_609,"RACHEL: I know. I know. I panicked, I panicked. I didn't want him to start yelling at me like I was some '74 Latour. PHOEBE: It's Lafite. The '74 Latour is actually drinking quite nicely. RACHEL: All right here he comes. I'm gonna do this, I'm gonna tell him, I'm gonna be strong.",3
2_611_u,2_611,"PERSON: Why?!! ROSS: Uh well umm .. we're just not in that place, y'know? But we're very excited about this. PERSON: Oh. Well then shut me up.",3
2_612_u,2_612,ROSE: Isn't she happy here? DOROTHY: I think she will be happy with Gloria ROSE: What about us? Whose gonna keep after us. Make us linguini and tell us story about Cicily.,3
2_615_u,2_615,"CHANDLER: Oh, uh, I... don't... care. Ok, now, remember, no trading. You get the pretty one, I get the mess.",1
2_617_u,2_617,"PHOEBE: How do you feel? CHANDLER: Well, let's just say that Krog will be fully equipped to destroy the universe again in twelve to fourteen hours. PHOEBE: Okay, so I totally took care of the baby by my self",3
2_622_u,2_622,"ROSS: Maybe I should get another pair. Oh, you know they had some with uh, with fringe all down the sides.",1
2_623_u,2_623,PHOEBE: Chandler? CHANDLER: Hey! Ah! MONICA: What do you think? CHANDLER: I think I can see your scalp!,4
2_626_u,2_626,"CHANDLER: All right, y'know what, we've been talking about London too much haven't we? PHOEBE: I'm sorry. It's just 'cause I couldn't be there.",2
2_627_u,2_627,"PERSON: What? MONICA: Y'know, so I don't read as many important books as you do, and I don't write trick poems that seem to be about one thing but are actually about something else. And y'know what, I get excited about stupid stuff, like when I my people magzie come on saturday",2
2_65_u,2_65,"PERSON: Nothing, nothing. PHOEBE: Aaaah, what's wrong, c'mon. PERSON: It's, I mean, it's nothing, I'm fine.",3
2_66_u,2_66,"JOEY: What are you doing? CHANDLER: Key is stuck in the lock. JOEY: I could fix it hold on hold on, watch out watch out. CHANDLER: It still doesn't work! JOEY: I am not finished.",5
2_69_u,2_69,"JOEY: You said, you wanna come in for some lemonade? MONICA: So?! JOEY: Whoa, ah!! We're you just gonna give me some lemonade? MONICA: Yeah huh!!",4
2_7_u,2_7,CHANDLER: You roll another hard eight and we get married here tonight. MONICA: Are you serious?! CHANDLER: Yes! I love you!,3
2_71_u,2_71,"PHOEBE: Oh so pretty, this must have cost him a fortune. CHANDLER: Oh c'mon Ross, remember back in college when he fell in love with Carol and bought the ridiculosly expensive crustal duck? RACHEL: What did you just say? CHANDLER: Crustal duck. RACHEL: No, no, no, the love part? Oh my god!",5
2_72_u,2_72,"ROSS: No, come on don't start. Ouch! PERSON: What? ROSS: Stupid balls are in the way.",3
2_73_u,2_73,"CHANDLER: Okay, I am officially unpacked. Thanks for helping me man. Joey?",1
2_74_u,2_74,"ROSE: Wait donÕt leave me, what will I do if they come back?",1
2_77_u,2_77,RACHEL: Uh-huh. PHOEBE: That sounds great! JOEY: Hey!,3
2_78_u,2_78,"CHANDLER: Honey, you remember my boss Doug right? MONICA: Yes, hi. PERSON: Hi. So good news, the divorce is final. I signed the papers this A.M.",3
2_79_u,2_79,"RACHEL: Oh, great. Although I did sit down where there wasn't a chair. MONICA: By the way, Ross dropped by a box of your stuff. RACHEL: Oh, well, I guess I had that one coming.",3
2_8_u,2_8,"CHANDLER: I'm doing research for a book, and I was wondering what someone might do if they left a baby on a city bus. JOEY: Hi, here's the deal. We lost a carseat on a bus today.",2
2_84_u,2_84,"RACHEL: Two week straight and she hasn't smoked since. MONICA: So how did you guys meet? PERSON1: Oh I was in Mrs. Knight's oh I mean Alice, I was in her Home ED class. PERSON2: And he was my best student. PERSON1: Yes she was my best teacher.",5
2_86_u,2_86,"PHOEBE: See, if I am not buried with that ring then my spirit is going to wander the nether world for all eternity CHANDLER: Okay, that's enough honey! PERSON: I don't know. Let me see the ring.",3
2_87_u,2_87,"JOEY: Uhh, the ball thing. ROSS: Yeah? JOEY: Hey Ross, wouldn't it be great if we could go two straight hours without dropping it?!",3
2_88_u,2_88,"RACHEL: Hi! What are you doing here? ROSS: Ah y'know, this building is on my paper route so I...",2
2_89_u,2_89,"DOROTHY: We clinked at the glasses, Stan gave me a toy smile and I winked at him DOROTHY: And then I gulped down the champaigne in one go DOROTHY: And it didn't go sdown smoothly DOROTHY: Later Stan told me that he put my engagement ring in the bottom of the glass DOROTHY: It turned up three days later. ROSE: Where did it turn up Dorothy?",6
2_9_u,2_9,ROSE: Shall I set this down someplace?,1
2_91_u,2_91,"PERSON: Oh, certainly. That's a combination of Bernoulli's principle and Newton's third law of motion. MONICA: See? CHANDLER: Yeah, that's the same as ""it has something to do with wind"".",3
2_92_u,2_92,CHANDLER: Anybody know a good tailor? JOEY: You needs some clothes altered?,2
2_94_u,2_94,"ROSS: I can't believe you'd rather go out with him than me. RACHEL: Would you excuse me, please? I'm trying to have a date here. ROSS: Fine, just stop thinking about me.",3
2_96_u,2_96,"ROSS: Y'know, y'know I'm lookin' and I don't think anyone's home here. I say we just break the window, crawl through, and-and y'know explain later. Yeah? JOEY: Really? No one's home?",2
2_97_u,2_97,"PHOEBE: Definitely! RACHEL: Yeah, I'm pretty confident about that. That's what makes it so easy for me to be 80% happy for Monica and Chandler!",2
3_S01E01_128_u,3_S01E01_128,"-: Look at this place, it's a shithole. -: Uh-oh. -: Here's another one. -: Miss Palo Alto, 2K14. -: There she goes. -: Oh, God, the marketing team is having another bike meeting. -: Douchebags. -: Just another day inside the Gavin Belson cult compound.",8
3_S01E01_226_u,3_S01E01_226,"OTHER: Hey, wanna check out twig-boy's website? OTHER: Yes, I do. OTHER: You have to download your own media player?",3
3_S01E01_255_u,3_S01E01_255,"-: Hey, Gilfoyle, I thought you were a Satanist? -: I'm a LaVeyan Satanist -: with some theistic tendencies. -: Oh, some theistic tendencies. -: Well then, what's with the cross?",5
3_S01E01_568_u,3_S01E01_568,"-: I'd like for this company to just be different than Hooli -: and Goolybib and all the rest, you know? -: Yeah, agreed. -: Like, let's like not turn this into a corporate cult with bike meetings and voluntary retreats that are actually mandatory. -: And claiming to make the world a better place all the time. -: Let's, uh... Let's just think different. -: Uh, don't think different. That's Apple. -: Let's just... Let's just do it. -: - That's Nike, man. - I know that's Nike. -: - Yeah. - Uh... -: Fuck it. I don't know. Let's just make it... Let's make it happen.",11
3_S01E02_004_u,3_S01E02_004,"-: Holy shit. -: What the fuck is that? -: Uh, that is Jared Dunn. -: He works for Gavin Belson.",4
3_S01E02_324_u,3_S01E02_324,"ERLICH: Wait, Richard's getting rid of Big Head? Why?",1
3_S01E02_461_u,3_S01E02_461,"-: I'm awake! I'm awake. -: - What? - No, no, I wasn't.",2
3_S01E03_021_u,3_S01E03_021,"-: Why would he announce it so far ahead of the actual rollout? -: No one does that. -: He's got to be doing it just to fuck with us, right? -: I actually think we're okay. The player I gave them -: was from a retired repository that was audio only. -: Video compression is a completely different paradigm. -: What they have is like Pied Piper, but not as good. -: - People will see that. - Not if they get to market before us. -: Inferior products win out all the time.",9
3_S01E03_024_u,3_S01E03_024,"-: Okay, well, actually this is a superior product, right here.",1
3_S01E03_056_u,3_S01E03_056,"ERLICH: I thought we were gonna replace the name ""Pied Piper."" ERLICH: I thought it was a place holder.",2
3_S01E03_122_u,3_S01E03_122,"JARED: Oh, I see... JARED: Bertram Gilfoyle is the foreign national. JARED: Citizen of Canada. JARED: Okay, thank you. DINESH: You're Canadian?",5
3_S01E03_249_u,3_S01E03_249,JARED: - Where's ERLICH? - He's outside with the intern. OTHER: - What intern? - You got interns?,2
3_S01E03_359_u,3_S01E03_359,"-: What about, Dwarfism 2.0? -: Where's Dwarfism 1.0? -: Just in the world. -: Oh. -: That's prejudice. -: - That's hurtful. - I'm sorry. -: Small, come back now, you hear? -: Interesting.",8
3_S01E03_517_u,3_S01E03_517,"-: Hi. Who is this? -: You're not gonna believe this, but this is me. -: Time is a sphere and I've been reincarnated during the same time period in which I exist. -: Yes, but where did he come from? -: From the future, obviously. -: Also, from a parking lot at a gas station in Sonora.",6
3_S01E04_009_u,3_S01E04_009,"-: Ron LaFlamme. Great to meet you. -: All right, homeboy. Pop a squat. -: Start autographing by the flags. -: Lot of paper to get through. -: So, what do you think? -: About? -: Jeannie. She's pretty hot, right?",7
3_S01E04_327_u,3_S01E04_327,"OTHER: Because Gavin believes in this Japanese form of management OTHER: where not being assigned is the most shameful outcome. OTHER: Yeah, it does feel uncomfortable. OTHER: Give it a week or two, you'll get, like, numb to it. OTHER: Well, why are you guys still coming in? OTHER: Rest and vest. OTHER: Oh... OTHER: Because in order to fully vest your options, OTHER: you've gotta wait until your contracts are up. OTHER: - I get it. -",10
3_S01E04_342_u,3_S01E04_342,"-: I owned 10% of Dinesh's app, 10% of Gilfoyle's app. -: Multiple potential streams of income. -: Not to mention that 100% of the team that you have, -: were all guys that I recruited for this house. -: - That must be worth something to me. - It is. -: 10% of Pied Piper!",6
3_S01E04_356_u,3_S01E04_356,"-: It's right here. -: Goddammit. -: - I've seen the video. - It's the wrong album, just give me a sec... -: You know what? Fuck it! -: You offering me a position on this board and reneging it",5
3_S01E05_417_u,3_S01E05_417,"DINESH: Dude, relax, okay? DINESH: We each ripped through a full module this morning. DINESH: We're just taking a little break. DINESH: DRM is now a thing of beauty. GILFOYLE: - Wait. You did DRM? - Yeah. GILFOYLE: I did DRM. DINESH: Why did you do DRM? DINESH: I said I would do DRM, you would do error handling.",8
3_S01E05_456_u,3_S01E05_456,"DINESH: So we're just going to work at a nice, leisurely pace, right? GILFOYLE: Sure. DINESH: Wait, why are you typing faster? GILFOYLE: I'm not.",4
3_S01E05_520_u,3_S01E05_520,GILFOYLE: Another one down. DINESH: Did you really? GILFOYLE: You still working on that last one?,3
3_S01E06_054_u,3_S01E06_054,"-: Excuse me, Mr. Carver? -: Yeah, uh, people refer to me as The Carver, -: but no one actually calls me that. It's, uh, what people call a screen name. -: You know. I'm Kevin. -: Okay, Kevin, um, we're from Pied Piper, we spoke earlier. -: - Yeah, so you guys are fucked, huh? - No. No, we're not fucked.",6
3_S01E06_266_u,3_S01E06_266,"ERLICH: - ""From the despair..."" - I just figured it out. ERLICH: It all makes sense. DINESH: Figured what out? ERLICH: Why Tara might be into you more than me.",4
3_S01E08_422_u,3_S01E08_422,"RICHARD: I'm sorry. I shouldn't have rewritten all this code. RICHARD: I mean, what we had before worked. RICHARD: I'm sorry, guys. Gavin won. We lost.",3
3_S02E01_050_u,3_S02E01_050,"OTHER: I love it. So what do you two do at Pied Piper? GILFOYLE: I'm the CTO. DINESH: Ha ha, he's joking. I'm the CTO. GILFOYLE: Fuck you, I'm joking. DINESH: Okay, how could you be the Chief Technology Officer?",5
3_S02E01_096_u,3_S02E01_096,"-: Dinesh: I can't believe how many gifts we're getting. -: Gilfoyle: Gifts I'm getting. -: That Oculus rig is addressed to the CTO. -: No, I'm the CTO. -: As your superior, I order you to give me that Oculus. -: You can't make me do stuff. You're not the boss of me. -: Actually, I am the boss of you. Okay.",7
3_S02E01_413_u,3_S02E01_413,"RICHARD: Hey. Hey, what's up? MONICA: If anyone finds out that I came back here, I will get fired, okay? RICHARD: Okay. MONICA: Don't take this deal. What? MONICA: You are worth half that at best.",5
3_S02E02_081_u,3_S02E02_081,"MONICA: Things are just really different at Raviga, MONICA: and I had nothing to do with the decision. MONICA: Guys, I'm so, so sorry. DINESH: Wait, so the company that offered us the most DINESH: until Richard talked them into offering us the least DINESH: is now offering us nothing?",6
3_S02E03_218_u,3_S02E03_218,"JARED: Guys, if I list you as references, JARED: can I count on you to say nice things about me? JARED: Be honest.",3
3_S02E03_229_u,3_S02E03_229,"-: Uh, all right. Just read it. -: $5 million? -: Yeah, yeah. You guys are not going back to Hooli, -: and neither am I. -: How the fuck did you get that? -: Russ Hanneman? -: Oh, Monica, I see you got my text.",7
3_S02E03_244_u,3_S02E03_244,"MONICA: The guy is a joke. MONICA: How does he even do that? He's a boorish, pompous, MONICA: womanizing douchebag who got lucky, like, 20 years ago. and hasn't done anything since then.",3
3_S02E03_370_u,3_S02E03_370,"-: We can only afford to hire three people for each of you. -: I'm sorry, but that's it. -: Okay, that's fine. It works for me. -: What? -: If you could do it with three people, why didn't you just say so?",5
3_S02E03_561_u,3_S02E03_561,"OTHER: I had to subtract the cost of the ad agency that nailed that slogan. OTHER: The photo, legal, lay-out, plus the cost of the 15 billboards. OTHER: Don't worry, I gave you guys a sweet deal on them. RICHARD: Gave us? Yeah. OTHER: Hanneman Outdoor Media. I own the billboards. OTHER: That's how I talked the ad agency into giving you guys OTHER: that slogan for only 30 grand. Synergy, bitches. OTHER: Know what that means?",8
3_S02E04_162_u,3_S02E04_162,"-: Uh, Dinesh, Gilfoyle, this is someone you guys recommended I contact, -: Carla Walton? Yeah, we hung out with her a bunch -: at the last S.F. vid/tech meet-up. Her code is fucking great. -: She was head of engineering at Earcast? -: She was engineering at Earcast. She pulled that whole system on her own. -: You know what else excites me here? -: There's a distinct over-representation of men in this company. -: Look around. I think it would behoove us -: to prioritize hiring a woman.",9
3_S02E04_395_u,3_S02E04_395,"-: Okay, that was the third reference she's made to how much money she's making. -: Hmm. -: That's a $3500 bag. -: How do you know? You have the same one? -: No, I have the fucking Internet. -: You don't think she's making more money than us, do you?",6
3_S02E05_179_u,3_S02E05_179,"-: So Gavin Belson can just pick up the phone and make us radioactive to every single web-hosting service? -: It's how these guys operate. -: I mean, when Bill Gates got married on Lanai, he rented every helicopter on the Hawaiian islands so that paparazzi couldn't use them to fly over. -: Although in that case, it was a positive, because now you can imagine that wedding however you want. -: What? Dinesh: Jared? -: Our entire platform is web-based. -: We need servers for that. -: What the fuck are we going to do? -: I know what the fuck we're going to do. -: But you're not going to like it.",10
3_S02E05_378_u,3_S02E05_378,"DINESH: I made my own computer when I was nine. GILFOYLE: From scratch or kit? DINESH: It was from a kit, but I did my own mods. GILFOYLE: That's what I thought. I was nine.",4
3_S02E05_466_u,3_S02E05_466,"-: Stop it, hey. Turn the music down. -: Turn it-- turn it off. We have neighbors. -: Are you kidding me? Look, Gilfoyle, -: you said that you would have all the servers up and running. -: And we're already a week behind. -: Don't you think you should be doing that instead of, -: you know, getting high on the job?",7
3_S02E07_256_u,3_S02E07_256,"JARED: Even if we fired all of the engineers that we just hired... ERLICH: Looking good. ERLICH: Keep at it, Claude. JARED: Absolutely. Your jobs are not at risk.",4
3_S02E10_133_u,3_S02E10_133,"RICHARD: Hey, Gilfoyle, we're up to 50,000 views. RICHARD: Whoa, it is, like, 500 degrees in here. GILFOYLE: Yeah. Anton is really starting to sweat. DINESH: Yeah, I still can't believe you gave the servers a man's name.",4
3_S03E01_185_u,3_S03E01_185,-: Did you tell Richard you were out? -: No. Did you?,2
3_S03E01_409_u,3_S03E01_409,"-: Really? -: Why are you laughing? -: I'm sorry. Wow. -: Well, it's just that you really think -: that you're gonna be able to scale the platform without me? -: Goddamn it! -: - Yeah. - You don't think we can? -: Well, I know you can't.",8
3_S03E01_431_u,3_S03E01_431,"DINESH: - You wrote some of it. - You know what? We're gonna stay, DINESH: and we're gonna build Pied Piper just to prove you wrong. RICHARD: Okay. Thank you for the solidarity by the way, RICHARD: and sticking with your friend. RICHARD: You know what, ERLICH? RICHARD: You can tell Barker to go fuck himself, RICHARD: so I can go to Flutterbeam RICHARD: and then watch these two assholes crash and burn RICHARD: trying to build out Pied Piper by themselves. RICHARD: This'll be great.",10
3_S03E02_062_u,3_S03E02_062,"-: So, why don't I show you guys your new home? -: Hopefully, it lives up to your standards.",2
3_S03E02_111_u,3_S03E02_111,"DINESH: All right. Winner gets the big monitor. GILFOYLE: I understand how this works. DINESH: Both: Ready? DINESH: Rock, paper, scissors, shoot. DINESH: Suck it. GILFOYLE: I should've known you'd throw rock. GILFOYLE: That's all you know in Pakistan. It's in your blood.",7
3_S03E03_012_u,3_S03E03_012,-: Let me show you the next location -: in which we would install one of your boxes. -: Richard. What the fuck are we doing here? -: I don't like it any more than you do. -: I told Jack we'd come check this place out -: and then we'd have a discussion.,6
3_S03E03_111_u,3_S03E03_111,-: More recruiter swag? -: You got an Oculus? -: - Yup. - That's a hoverboard? -: How many meetings are you taking? -: None. That's the irony.,5
3_S03E03_126_u,3_S03E03_126,"GILFOYLE: No. Whoa, whoa, hold on. GILFOYLE: You're wearing a gold chain? DINESH: Oh, right. Yeah, I've had it for a while. DINESH: Just kind of throw it on every now and then. GILFOYLE: None of that is true. GILFOYLE: - I definitely would've noticed. - Okay, listen. DINESH: I've been working hard. I'm making money for the first time. DINESH: I was like... buy myself something nice, you know?",8
3_S03E03_316_u,3_S03E03_316,"-: She was supposed to talk Barker out of making the box. -: What the fuck happened? -: - Richard. - What? -: I was on the call, okay? She tried, he said no. -: - Well, then she should fire him. - She can't fire him. -: Why not? She fired me. -: Exactly. She can't fire him because she fired you. -: Firing a young CEO and installing a much more experienced one -: looks like leadership. -: Firing two CEOs in a month looks like chaos.",10
3_S03E03_511_u,3_S03E03_511,"-: Just be in. Uh, Dinesh? -: All right, fuck it, I'm in... but on one condition. -: I'm going to need everyone to solemnly swear, -: that they will no longer make fun of my gold chain. -: Not a word ever again. -: Well, guys, I think we can agree to that.",6
3_S03E04_437_u,3_S03E04_437,"-: Well, what you did took incredible guts. -: And the fact that it probably won't make any difference -: makes it all the more meaningful. -: Right, I saw this nature documentary where a bison fought a lion -: to protect the rest of the herd. And it was so moving. -: Um, it didn't work, the lion, uh, tore into the bison -: and then laid waste to the herd, but what courage.",7
3_S04E01_575_u,3_S04E01_575,"DINESH: Gilfoyle, can I please be CEO of Pied Piper? GILFOYLE: Spoken like a true leader.",2
3_S04E02_217_u,3_S04E02_217,DINESH: Do you think I have too much product in my hair?,1
3_S04E02_326_u,3_S04E02_326,"RICHARD: $21 billion? ERLICH: I mean, how is that even fucking possible?",2
3_S04E04_363_u,3_S04E04_363,ERLICH: Where'd you get those sunglasses? Did they come with the car?,1
3_S04E05_313_u,3_S04E05_313,"DINESH: I am so fucked. This girl is gonna kill me or get me killed. GILFOYLE: Do tell. DINESH: So, she's super attractive, and she's super smart, and she's way into me,like way more than a normal person should be. DINESH: And sex! There's so much sex! DINESH: The problem is the part after.",5
3_S04E05_320_u,3_S04E05_320,"-: I am so fucked. This girl is gonna kill me -: or get me killed. Do tell. -: Not with her. She'll tell me how cute I am, and how into me she is, -: and how she hacked into Bowman Avenue dam. -: So, she's super attractive, and she's super smart, and she's way into me, -: like way more than a normal person should be. -: And sex! There's so much sex! -: The problem is the part after. -: When you have to apologize. -: No. When we do pillow talk. -: Oh. That's the best part. -: Everything before that is just foreplay.",12
3_S04E05_485_u,3_S04E05_485,"-: Laurie? -: Look. -: I know you've been unhappy with me lately. -: Correct. Look. I'm asking you to trust me on something. -: Ed Chen has been making moves behind your back -: with the other partners to try and force you out of Raviga. -: You are referring to the baby shower ruse. -: You knew about that? Monica, this is my fourth child. -: I am no stranger to these types of machinations. -: However, I have countervailed it with my--",10
3_S04E05_497_u,3_S04E05_497,"-: Even though your disclosure just now -: had absolutely no actionable value, -: it did reveal tremendous loyalty, -: so... all is well now.",4
3_S04E06_526_u,3_S04E06_526,"-: Guys, this is madness. -: I have nothing to hide. -: I hear you, and yet... -: I'd like to look at my phone. -: Sure. -: Suit yourself. -: Swipe. Mm-hmm. -: Unlock. Mmm. -: You sure you don't care?",9
3_S04E07_292_u,3_S04E07_292,OTHER: (fridge chimes) Uh-oh! That yogurt is expired. OTHER: See? This could've killed me.,2
3_S04E10_120_u,3_S04E10_120,"RICHARD: Gilfoyle, Anton is going to be fine, okay? RICHARD: Just spin him up. Please? GILFOYLE: All right, buddy. GILFOYLE: - (whirring) - Let's see what you're made of.",4
3_S05E01_120_u,3_S05E01_120,"-: Richard: Okay, what about this guy, Chris Berger? -: He's a very skilled engineer. -: He was very funny when we met with him. I think he'd be great.",3
3_S05E02_072_u,3_S05E02_072,"DINESH: That's odd. You left before me. How was I able to park before you? GILFOYLE: I guess all 50 of the new employees GILFOYLE: decided to show up bright and early for the fucking all-hands meeting. GILFOYLE: I had to park on level five. DINESH: Huh! So unlike you, the world understands that I'm saving the planet and has rewarded me with...(clicks tongue) primo spot.",5
3_S05E02_532_u,3_S05E02_532,-: Are we bad people for leaving Richard there to work by himself? -: We've been coding for 48 hours straight. -: I could give a shit about deontological ethics. -: Yang.,4
3_S05E03_098_u,3_S05E03_098,"-: So kind of you to join us. -: You're welcome. -: Yeah! Uh, well, it's, uh, 2:00 PM. -: So, fourth day in a row you missed the stand-up meeting. -: Correct. -: Maybe you should hold it later. -: (chuckles) Okay, 'cause we literally moved it -: from 9:00 to 11:00 to accommodate you.",8
3_S05E05_119_u,3_S05E05_119,"-: So, we're just giving a random company -: a bunch of free compute power on our network? -: I'm not worried about work. -: It's some company called Eklow, -: and apparently, they're a bigger deal than we are. -: As in Eklow Labs? The AI company? -: Yeah, I guess. -: And you said yes? -: I didn't really have a choice! -: Besides, I'm the only one who has the security privileges necessary to add or delete developers. -: Okay? So I'm the one that has to go over there and do all the work.",11
3_S05E06_207_u,3_S05E06_207,"-: Danny over there is going to be reviewing your code, -: and keeping the results completely confidential. -: Jared...",3
3_S06E01_317_u,3_S06E01_317,"-: So, how do we get rid of this fucker? -: Look, Richard, I don't like this any more than you do, -: but we can't get rid of Colin.",3
3_S06E01_417_u,3_S06E01_417,"RICHARD: So, Dinesh thinks this is you? GILFOYLE: Correct. GILFOYLE: He's been messaging with it all day GILFOYLE: and he has no idea it's an AI. RICHARD: Well, we fooled a human. RICHARD: I guess we just passed the Turing test.",6
3_S06E01_460_u,3_S06E01_460,"DINESH: What the fuck is going on? Cause I just texted you, DINESH: and you were-- Um, we've been texting back and forth all day. Was that not you? DINESH: -And I was talking to it? GILFOYLE: Complicated question. GILFOYLE: Is your shadow you? DINESH: -Was that a bot?. GILFOYLE: -Yes. DINESH: So, I spent all day chatting with a bot? GILFOYLE: YES DINESH: -You made an AI Gilfoyle? GILFOYLE: -Yes.",11
3_S06E02_152_u,3_S06E02_152,-: Richard's just tasked me with streamlining productivity -: and balancing headcount. -: Can you explain to me why you have -: no one working under you? -: It just seems odd considering that the agile board is showing -: that you have a massive backlog.,6
3_S06E02_171_u,3_S06E02_171,"-: What ""guy"" exactly? -: The brooding, arrogant guy -: who refuses to take orders? -: Self-taught coder who looks down on anyone who's taken a class. -: You're probably an atheist or something more contrarian. -: You claim to be an anarcho-capitalist,but you work here and pay taxes. -: You've probably read half of Neal Stephenson's Cryptonomicon, -: and it's about 50/50 whether you own a snake. -: His girlfriend owns a snake.",9
3_S06E02_398_u,3_S06E02_398,"-: There's a reason Jared tried to ditch this guy. -: -We cannot take his money. -Why not? -: Did he tell you where he gets it from? -: How his grandfather was the chief of secret police under Pinochet? -: About how they ran their mines? -: They were basically slave traders. -: He can't really be all that bad. -: I mean, he really, really likes Pied Piper.",8
3_S06E03_366_u,3_S06E03_366,"RICHARD: You guys, there's really no other option. MONICA: -Yes, there is. DINESH: -What? No. MONICA: Okay, if Hooli won't sell us Foxhole... MONICA: -we could just buy Hooli. -(laughs) RICHARD: Right. Yeah.",6
3_S06E05_355_u,3_S06E05_355,"MONICA: -What? -Sorry. I just, um, MONICA: I was quickly perusing your file-- OTHER: That's not what peruse means. OTHER: Peruse means to read thoroughly and carefully. MONICA: Wow. That... that's... super helpful. MONICA: Thank you for that tip. MONICA: Um, anyway, yeah, MONICA: I was just curious to know, like, what's it like growing up in Rhode Island?",8
3_S06E06_143_u,3_S06E06_143,"GILFOYLE: Based on the amount of work left to do and the number of hours left before the festival, GILFOYLE: I decided to task Son of Anton to use machine learning to debug some of our code. RICHARD: What? Gilfoyle, are you fucking kidding me? RICHARD: You gave your AI permission to overwrite code in the internal file system? RICHARD: -Were you gonna tell me about this? -No.",5
3_S06E07_272_u,3_S06E07_272,"GILFOYLE: When Richard told me about the dots last night,initially, I dismissed it as the ranting of a self-sabotaging idiot. GILFOYLE: But a few hours later when I woke up in a stall in the second story men's bathroom, GILFOYLE: I realized something.",3
