KEY,text_valence,context_valence,audio_valence,visual_valence,text_polarity,context_polarity,audio_polarity,visual_polarity,grupo,inc_text_context,inc_text_audio,inc_text_visual,inc_context_audio,inc_context_visual,inc_audio_visual,n_oppositions,deadpan
1_10004_u,-0.0002338795075047,0.0277294457537209,0.0,-0.6098787898838056,neutra,neutra,neutra,negativa,B,-0.0139816626306128,-0.00011693975375235,0.30482245518815043,0.01386472287686045,0.3188041178187633,0.3049393949419028,0,0
1_10009_u,-0.0008583442440794,0.6287892091240792,-0.0037831347756064,0.0936833986605051,neutra,positiva,neutra,positiva,B,-0.3148237766840793,0.0014623952657635,-0.04727087145229225,0.3162861719498428,0.26755290523178704,-0.04873326671805575,0,0
1_1001_u,-0.0017530615759824,-0.0008218751681852,-0.1696398144096593,-0.1346882868325338,neutra,neutra,negativa,negativa,B,-0.0004655932038986,0.08394337641683845,0.0664676126282757,0.08440896962073706,0.06693320583217431,-0.017475763788562748,0,0
1_1003_u,0.994727112837154,-0.0010371709540777,0.995208053585586,-0.1679562179371715,positiva,neutra,positiva,neutra,B,0.49788214189561586,-0.00024047037421598416,0.5813416653871627,-0.49812261226983184,0.0834595234915469,0.5815821357613787,0,0
1_10190_u,-0.0542826860619243,0.9628506003064105,-0.0140732391962709,-0.0756322789908154,neutra,positiva,neutra,neutra,B,-0.5085666431841673,-0.020104723432826703,0.010674796464445548,0.4884619197513407,0.5192414396486129,0.030779519897272248,0,1
1_10462_u,0.9875163106062246,-0.9900955511257052,0.9526925085210864,-0.2882812905590982,positiva,negativa,positiva,neutra,B,0.9888059308659649,0.017411901042569067,0.6378988005826614,-0.9713940298233958,-0.35090713028330356,0.6204868995400923,2,0
1_10495_u,0.3445677220734069,-0.9752915787976236,-0.2538991638672119,-0.3000754748703912,neutra,negativa,neutra,neutra,B,0.6599296504355152,0.2992334429703094,0.32232159847189906,-0.36069620746520586,-0.3376080519636162,0.023088155501589658,0,1
1_10496_u,0.4356623711591965,-0.7349213702837005,0.3131067188031862,-0.2148392124276144,neutra,negativa,positiva,neutra,B,0.5852918707214485,0.061277826178005146,0.32525079179340544,-0.5240140445434434,-0.26004107892804307,0.2639729656154003,1,0
1_105_u,-0.0006055038138583,-0.0089508708624634,-0.941698598593286,0.128122058318695,neutra,neutra,negativa,neutra,B,0.00417268352430255,0.47054654738971385,-0.06436378106627665,0.4663738638654113,-0.0685364645905792,-0.5349103284559905,0,0
1_10748_u,-0.3794845882584923,0.0084258563892944,-0.2692082405390361,0.3680962310463655,neutra,neutra,neutra,neutra,A,-0.19395522232389334,-0.05513817385972811,-0.37379040965242893,0.13881704846416523,-0.17983518732853557,-0.3186522357927008,0,1
1_10797_u,0.0007065177578624,0.0913221427472308,-0.495542406860745,-0.3980504073493649,neutra,neutra,negativa,neutra,B,-0.0453078124946842,0.2481244623093037,0.19937846255361366,0.2934322748039879,0.24468627504829787,-0.04874599975569005,0,0
1_10810_u,-0.0006934575858394,0.1202301453704421,-0.4450285459664594,-0.154972619219916,neutra,neutra,negativa,neutra,B,-0.06046180147814075,0.22216754419031,0.0771395808170383,0.28262934566845077,0.13760138229517904,-0.1450279633732717,0,0
1_10829_u,0.0548582302144495,0.9849543552991236,0.0889457046726573,-0.1888004877022468,neutra,positiva,positiva,neutra,B,-0.46504806254233705,-0.017043737229103902,0.12182935895834815,0.44800432531323314,0.5868774215006852,0.13887309618745206,0,0
1_10849_u,0.2029449332330841,-0.3350946349091828,-0.4297060072655403,0.1407911189657169,neutra,neutra,negativa,neutra,B,0.26901978407113347,0.31632547024931224,0.031076907133683607,0.04730568617817876,-0.23794287693744984,-0.28524856311562863,0,0
1_10853_u,0.0232483093896007,-0.6882619464304298,0.0040475628244767,-0.2176572453347035,neutra,negativa,neutra,neutra,B,0.35575512791001523,0.009600373282562,0.1204527773621521,-0.34615475462745326,-0.23530235054786316,0.1108524040795901,0,1
1_10857_u,0.9991215346344688,0.9825204760600172,0.999981725336194,0.5989632593351416,positiva,positiva,positiva,positiva,A,0.0083005292872258,-0.00043009535086258044,0.20007913764966362,-0.00873062463808838,0.19177860836243782,0.2005092330005262,0,0
1_10859_u,-0.3382389278922346,0.9791237139552322,0.0296665033326719,0.0937027459032832,neutra,positiva,neutra,positiva,B,-0.6586813209237334,-0.18395271561245324,-0.2159708368977589,0.47472860531128014,0.4427104840259745,-0.03201812128530565,0,0
1_10890_u,0.000660893458189,-0.0002167840848414,-0.4604590088154258,-0.3511494837526699,neutra,neutra,negativa,negativa,B,0.0004388387715152,0.23055995113680738,0.17590518860542945,0.2301211123652922,0.17546634983391426,-0.05465476253137794,0,0
1_10977_u,-0.228032990511565,7.787820049998118e-05,-0.991312869560404,0.0430629883194341,neutra,neutra,negativa,neutra,B,-0.11405543435603249,0.3816399395244195,-0.13554798941549956,0.495695373880452,-0.02149255505946706,-0.517187928939919,0,0
1_11006_u,0.0548764964260044,0.0541585821138141,-0.9841299867239092,-0.3976326686679386,neutra,neutra,negativa,neutra,B,0.0003589571560951507,0.5195032415749568,0.2262545825469715,0.5191442844188616,0.22589562539087635,-0.29324865902798525,0,0
1_11021_u,0.0053188113124633,-0.8341044111948577,-0.341036877825454,-0.1815770281478764,neutra,negativa,neutra,neutra,B,0.41971161125366047,0.17317784456895866,0.09344791973016986,-0.24653376668470184,-0.32626369152349066,-0.0797299248387888,0,1
1_11042_u,-0.0333645109676581,0.2170755735423881,-0.2630696009441501,-0.0463883796008305,neutra,neutra,negativa,positiva,B,-0.1252200422550231,0.114852544988246,0.006511934316586199,0.2400725872432691,0.1317319765716093,-0.1083406106716598,1,0
1_11046_u,0.5342150030191988,0.995948413399674,-0.7785116256050394,-0.3947055185679347,positiva,positiva,negativa,neutra,B,-0.2308667051902376,0.656363314312119,0.4644602607935667,0.8872300195023567,0.6953269659838044,-0.19190305351855236,2,0
1_11051_u,0.9369457324746692,0.9487496696674498,0.9287640276555164,-0.255313630681485,positiva,positiva,positiva,neutra,B,-0.005901968596390306,0.0040908524095764065,0.5961296815780771,0.009992821005966712,0.6020316501744674,0.5920388291685007,0,0
1_11055_u,0.4891403988840466,0.0345072317595622,-0.1556106486197492,-0.2215762472391362,neutra,neutra,neutra,negativa,B,0.22731658356224219,0.3223755237518979,0.3553583230615914,0.09505894018965569,0.1280417394993492,0.0329827993096935,0,0
1_11098_u,0.005329267194611,0.9661446578029428,8.621847725833652e-05,0.261237830563914,neutra,positiva,neutra,positiva,B,-0.4804076953041659,0.0026215243586763313,-0.12795428168465148,0.48302921966284224,0.35245341361951443,-0.13057580604332783,0,0
1_11120_u,0.4337255463015026,0.0087827785391709,0.5870844413673082,-0.2922834489610978,neutra,neutra,positiva,neutra,B,0.21247138388116585,-0.07667944753290279,0.3630044976313002,-0.28915083141406867,0.15053311375013437,0.439683945164203,0,0
1_11177_u,-0.1146273571066558,0.0077888604346298,0.0385602593747756,-0.4152862418559381,neutra,neutra,neutra,negativa,B,-0.0612081087706428,-0.0765938082407157,0.15032944237464116,-0.0153856994700729,0.21153755114528394,0.22692325061535684,0,0
1_11201_u,0.0200714198381319,0.99619453917785,0.0498879829174591,-0.1273504910874181,neutra,positiva,neutra,neutra,B,-0.48806155966985904,-0.0149082815396636,0.07371095546277501,0.4731532781301954,0.561772515132634,0.08861923700243861,0,1
1_11224_u,-0.9001300983363762,-0.001344845541098,-0.3055006893522978,-0.2036065179796425,negativa,neutra,neutra,neutra,B,-0.4493926263976391,-0.29731470449203923,-0.3482617901783669,0.1520779219055999,0.10113083621927224,-0.05094708568632765,0,1
1_11232_u,0.9977121952106244,0.9436340498214122,0.9920074038513343,0.8981310434435728,positiva,positiva,positiva,positiva,A,0.027039072694606092,0.0028523956796450145,0.04979057588352581,-0.024186677014961078,0.02275150318891972,0.0469381802038808,0,0
1_11236_u,0.0006613605019083,-0.0560201152111403,0.9905016918831128,-0.1775443085818552,neutra,neutra,positiva,neutra,B,0.0283407378565243,-0.4949201656906022,0.08910283454188174,-0.5232609035471265,0.06076209668535744,0.584023000232484,0,0
1_11242_u,0.997728834667214,-0.9459254340727056,0.9312530265196663,0.8108737769525759,positiva,negativa,positiva,positiva,B,0.9718271343699598,0.033237904073773805,0.09342752885731903,-0.938589230296186,-0.8783996055126407,0.060189624783545226,3,0
1_11243_u,0.745984984561801,0.9518860867792682,0.9920091013083232,0.7631689903122606,positiva,positiva,positiva,positiva,A,-0.10295055110873363,-0.12301205837326112,-0.00859200287522982,-0.02006150726452749,0.09435854823350381,0.1144200554980313,0,0
1_11253_u,0.5182344181084773,-0.1643669301265617,0.1970943665296256,0.0027515968249644,positiva,neutra,neutra,neutra,B,0.34130067411751946,0.16057002578942584,0.25774141064175643,-0.18073064832809366,-0.08355926347576305,0.0971713848523306,0,1
1_11257_u,-0.0003013682617165,-0.9796092825708912,-0.0757398056122589,-0.259731338499114,neutra,negativa,neutra,negativa,B,0.48965395715458737,0.0377192186752712,0.12971498511869875,-0.45193473847931614,-0.3599389720358886,0.09199576644342755,0,0
1_11306_u,-0.6569209450753988,-0.0561304625007323,-0.9922450299940736,-0.3503571482840926,negativa,neutra,negativa,neutra,B,-0.30039524128733325,0.1676620424593374,-0.1532818983956531,0.46805728374667066,0.14711334289168015,-0.3209439408549905,0,0
1_11322_u,0.9987834052953986,-0.0691014648036798,0.1306067690676701,-0.5196086373704021,positiva,neutra,neutra,negativa,B,0.5339424350495392,0.4340883181138642,0.7591960213329003,-0.09985411693567495,0.22525358628336115,0.3251077032190361,1,0
1_11378_u,-0.0044265066189836,-0.1822436154470779,0.0023342610469254,-0.0854565525311046,neutra,neutra,neutra,neutra,A,0.08890855441404714,-0.0033803838329545,0.0405150229560605,-0.09228893824700166,-0.04839353145798665,0.043895406789015,0,1
1_11439_u,0.9798444685575304,0.0147266271551416,-0.0003391556391884,-0.6891488741966897,positiva,neutra,neutra,negativa,B,0.4825589207011944,0.4900918120983594,0.83449667137711,0.007532891397165,0.35193775067591565,0.34440485927875064,1,0
1_1144_u,0.0010943270644929,0.0154515425374484,-0.0184887844698334,-0.1720569715602324,neutra,neutra,neutra,neutra,A,-0.00717860773647775,0.00979155576716315,0.08657564931236264,0.0169701635036409,0.0937542570488404,0.0767840935451995,0,1
1_11485_u,-0.0001822688791435,0.9800398782244883,-0.0209092396228347,-0.3985273823782337,neutra,positiva,neutra,negativa,B,-0.49011107355181593,0.0103634853718456,0.1991725567495451,0.5004745589236615,0.689283630301361,0.1888090713776995,1,0
1_11526_u,-0.3612084351480007,0.0439908564512734,0.9996467409644956,0.073439214657992,neutra,neutra,positiva,positiva,B,-0.20259964579963707,-0.6804275880562481,-0.21732382490299634,-0.47782794225661107,-0.014724179103359297,0.4631037631532518,0,0
1_11529_u,-0.0402843094052514,0.0002859084015653,-0.2787157653072076,0.0591671046684495,neutra,neutra,neutra,neutra,A,-0.02028510890340835,0.1192157279509781,-0.04972570703685045,0.13950083685438644,-0.0294405981334421,-0.16894143498782854,0,1
1_11609_u,0.6125467891279186,0.0333098734427039,0.9152830275200844,-0.7097293001948857,positiva,neutra,positiva,negativa,B,0.28961845784260737,-0.1513681191960829,0.6611380446614021,-0.44098657703869026,0.37151958681879477,0.8125061638574851,2,0
1_11697_u,-0.00515322433057,0.923695907700676,-0.0773662262820472,-0.6622690197487829,neutra,positiva,neutra,negativa,B,-0.464424566015623,0.0361065009757386,0.3285578977091065,0.5005310669913616,0.7929824637247295,0.29245139673336784,1,0
1_11699_u,0.0015296592393951,0.0010770776589197,-0.8309969082219469,-0.3766911795712077,neutra,neutra,negativa,neutra,B,0.00022629079023770001,0.416263283730671,0.18911041940530138,0.41603699294043334,0.18888412861506368,-0.22715286432536963,0,0
1_11723_u,0.8747068293523625,0.9736991257232148,0.3435866076781984,-0.7792516450164841,positiva,positiva,positiva,negativa,B,-0.049496148185426136,0.2655601108370821,0.8269792371844233,0.3150562590225082,0.8764753853698495,0.5614191263473413,3,0
1_11736_u,-0.0010485350358067,-0.0016763696912676,-0.8764763966210588,-0.1548984442604706,neutra,neutra,negativa,neutra,B,0.00031391732773045,0.43771393079262605,0.07692495461233195,0.4374000134648956,0.0766110372846015,-0.3607889761802941,0,0
1_11773_u,0.0179421674747572,0.4344652139043319,0.3126756308839048,-0.1295550432958409,neutra,neutra,positiva,neutra,B,-0.20826152321478736,-0.14736673170457382,0.07374860538529904,0.06089479151021354,0.2820101286000864,0.22111533708987285,0,0
1_1180_u,-0.0412381414535047,-0.9868412120558788,0.5867701881976752,-0.2783355203224347,neutra,negativa,positiva,neutra,B,0.47280153530118707,-0.31400416482558996,0.118548689434465,-0.786805700126777,-0.35425284586672207,0.43255285426005496,1,0
1_1185_u,0.9572738347924314,0.0227635253686457,0.8605153255355259,0.5906185305560939,positiva,positiva,positiva,positiva,A,0.4672551547118929,0.04837925462845277,0.18332765211816876,-0.4188759000834401,-0.2839275025937241,0.134948397489716,0,0
1_11885_u,0.1079103009651589,0.9985372827322864,0.6336719931760671,0.5579287897970061,neutra,positiva,positiva,positiva,B,-0.44531349088356376,-0.26288084610545415,-0.2250092444159236,0.1824326447781096,0.22030424646764013,0.03787160168953052,0,0
1_11889_u,0.2949621473708248,-0.0108395600691437,0.5960563527776305,0.6591070810449309,neutra,neutra,positiva,positiva,B,0.15290085371998427,-0.15054710270340282,-0.18207246683705303,-0.30344795642338707,-0.33497332055703727,-0.0315253641336502,0,0
1_1189_u,-0.9960627120890422,0.9926082038364256,-0.899944011097903,-0.056750541436486,negativa,positiva,negativa,neutra,B,-0.9943354579627339,-0.048059350495569586,-0.4696560853262781,0.9462761074671643,0.5246793726364558,-0.4215967348307085,2,0
1_11901_u,0.8836662255725969,0.9928502736038354,0.999088435026086,-0.1378926551231417,positiva,positiva,positiva,neutra,B,-0.054592024015619245,-0.057711104726744566,0.5107794403478693,-0.0031190807111253216,0.5653714643634885,0.5684905450746138,0,0
1_11913_u,-0.1233482727839145,-0.0024000651901587,-0.9406723876677782,-0.554975131005631,neutra,neutra,negativa,negativa,B,-0.0604741037968779,0.40866205744193185,0.21581342911085827,0.46913616123880975,0.27628753290773617,-0.19284862833107358,0,0
1_11924_u,-0.0095682792962179,0.0017632688577577,-0.0081163755410764,0.4778460250352508,neutra,neutra,neutra,positiva,B,-0.0056657740769878,-0.0007259518775707503,-0.24370715216573435,0.00493982219941705,-0.23804137808874656,-0.2429812002881636,0,0
1_11928_u,-0.0004260811510903,0.4198428659656201,-0.092883473831928,0.62334919586865,neutra,neutra,neutra,positiva,B,-0.21013447355835518,0.04622869634041885,-0.31188763850987017,0.25636316989877406,-0.10175316495151496,-0.358116334850289,0,0
1_12002_u,-0.8507818064790627,-0.000168137723449,-0.3594663296749433,-0.3193662516132464,negativa,neutra,neutra,neutra,B,-0.4253068343778068,-0.24565773840205968,-0.26570777743290813,0.17964909597574716,0.1595990569448987,-0.020050039030848454,0,1
1_12083_u,-0.0028391504665705,-0.0004340005507401,0.8754863846908305,0.4720225146622396,neutra,neutra,positiva,positiva,B,-0.0012025749579152,-0.4391627675787005,-0.23743083256440506,-0.4379601926207853,-0.23622825760648986,0.20173193501429545,0,0
1_12202_u,-0.0406791571731446,-0.0012367757681204,-0.2493436832219262,-0.1209669979230967,neutra,neutra,neutra,neutra,A,-0.0197211907025121,0.1043322630243908,0.04014392037497605,0.12405345372690291,0.05986511107748815,-0.06418834264941475,0,1
1_12275_u,-0.7192354427970713,3.225079581170576e-05,0.072375540725911,-0.2075701095862315,negativa,neutra,positiva,negativa,B,-0.3596338467964415,-0.39580549176149116,-0.2558326666054199,-0.03617164496504965,0.10380118019102161,0.13997282515607126,2,0
1_12320_u,-0.0076516077388077,0.9900695726973936,-0.5339664634557421,-0.0096096290071729,neutra,positiva,negativa,neutra,B,-0.49886059021810064,0.2631574278584672,0.0009790106341825994,0.7620180180765679,0.49983960085228324,-0.2621784172242846,1,0
1_12331_u,0.0764009464619448,0.6501686026895186,0.7255726493871864,0.1101321795838885,neutra,positiva,positiva,positiva,B,-0.2868838281137869,-0.32458585146262076,-0.016865616560971852,-0.03770202334883388,0.270018211552815,0.3077202349016489,0,0
1_1262_u,0.0732122411477576,-0.0026375670604465,0.0175434601347763,0.0645686057163401,neutra,neutra,neutra,neutra,A,0.03792490410410205,0.02783439050649065,0.004321817715708748,-0.0100905135976114,-0.0336030863883933,-0.0235125727907819,0,1
1_1296_u,-0.0034729616691038,0.6993732484042994,-0.8767451843243025,-0.0149155401624739,neutra,positiva,negativa,neutra,B,-0.3514231050367016,0.43663611132759933,0.00572128924668505,0.788059216364301,0.3571443942833866,-0.4309148220809143,1,0
1_1466_u,0.0047190775276249,0.039341367810266,5.468581189363728e-06,-0.0452618331182748,neutra,neutra,neutra,neutra,A,-0.017311145141320552,0.002356804473217768,0.02499045532294985,0.01966794961453832,0.0423016004642704,0.02263365084973208,0,1
1_1470_u,-0.1068230100281653,-0.0005056945446995,-0.0747579431394245,-0.1705604345479515,neutra,neutra,neutra,neutra,A,-0.0531586577417329,-0.016032533444370403,0.0318687122598931,0.0371261242973625,0.085027370001626,0.047901245704263504,0,1
1_1478_u,-0.2731138284871122,-0.9903913241432748,0.8892008096786147,-0.123579035687726,neutra,negativa,positiva,neutra,B,0.3586387478280813,-0.5811573190828634,-0.0747673963996931,-0.9397960669109447,-0.4334061442277744,0.5063899226831704,1,0
1_1484_u,-0.3498871894735202,-0.0013237133698567,0.0442113622281541,-0.0935770634328947,neutra,neutra,neutra,neutra,A,-0.17428173805183175,-0.19704927585083715,-0.12815506302031276,-0.022767537799005397,0.046126675031518995,0.0688942128305244,0,1
1_1549_u,-0.0007394005197056,0.2660845122518367,-0.0209000938408441,-0.0657157120003831,neutra,neutra,neutra,neutra,A,-0.13341195638577116,0.01008034666056925,0.03248815574033875,0.14349230304634042,0.16590011212610992,0.022407809079769504,0,1
1_1560_u,0.9895864508462182,0.0180166498903417,-0.6924371435852918,0.2027914646081625,positiva,neutra,negativa,neutra,B,0.48578490047793826,0.841011797215755,0.39339749311902783,0.35522689673781677,-0.0923874073589104,-0.4476143040967272,1,0
1_162_u,0.0002101402810694,0.9623964295715268,-0.0002159039277578,-0.196014150611258,neutra,positiva,neutra,negativa,B,-0.48109314464522873,0.0002130221044136,0.09811214544616369,0.48130616674964233,0.5792052900913924,0.09789912334175009,1,0
1_1627_u,0.3603778581309598,-0.52392086009786,-0.1901680559333795,0.6224440316378604,neutra,neutra,negativa,positiva,B,0.4421493591144099,0.27527295703216964,-0.13103308675345032,-0.16687640208224025,-0.5731824458678603,-0.40630604378561996,1,0
1_1638_u,-0.0016303309275826,-0.0007413489875034,-0.058712880649879,-0.12627500371309,neutra,neutra,neutra,neutra,A,-0.00044449097003960005,0.0285412748611482,0.062322336392753704,0.0289857658311878,0.0627668273627933,0.0337810615316055,0,1
1_1666_u,-7.27171209291555e-05,0.0195958781259832,-0.1370538227570943,-0.5475102735217663,neutra,neutra,neutra,negativa,B,-0.009834297623456178,0.06849055281808257,0.27371877820041857,0.07832485044153875,0.28355307582387473,0.20522822538233598,0,0
1_1678_u,-0.0037749630573671,0.0056702693027546,-0.0120033904370588,-0.6504852603306064,neutra,neutra,neutra,negativa,B,-0.004722616180060851,0.00411421368984585,0.3233551486366196,0.0088368298699067,0.3280777648166805,0.3192409349467738,0,0
1_1722_u,0.0168436937874503,0.0056457794271409,0.6383922483842885,0.2896434573689475,neutra,neutra,positiva,positiva,B,0.0055989571801547,-0.3107742772984191,-0.13639988179074858,-0.3163732344785738,-0.1419988389709033,0.17437439550767053,0,0
1_1732_u,0.947183855867479,-0.0010607593139866,-0.7232358495760979,-0.552239980606828,positiva,neutra,negativa,negativa,B,0.4741223075907328,0.8352098527217884,0.7497119182371534,0.3610875451310556,0.2755896106464207,-0.08549793448463494,2,0
1_175_u,0.9934807345052832,0.9678259803331456,0.89907871920988,0.0540242772040073,positiva,positiva,positiva,neutra,B,0.012827377086068792,0.047201007647701576,0.46972822865063796,0.034373630561632784,0.45690085156456917,0.4225272210029364,0,0
1_1772_u,0.2137266901081602,0.6302975792496,0.8021844761273815,-0.2177639332541731,neutra,positiva,positiva,neutra,B,-0.20828544457071987,-0.29422889300961064,0.21574531168116665,-0.08594344843889079,0.4240307562518865,0.5099742046907774,0,0
1_1798_u,-0.0014275712746893,0.011951237291214,-0.1232010606451264,-0.3031279315007851,neutra,neutra,neutra,neutra,A,-0.00668940428295165,0.06088674468521855,0.1508501801130479,0.0675761489681702,0.15753958439599955,0.08996343542782935,0,1
1_1803_u,-0.0031346011073765,8.747711945034098e-05,-0.008007317591382,0.2126112836995161,neutra,neutra,neutra,positiva,B,-0.0016110391134134205,0.0024363582420027503,-0.1078729424034463,0.004047397355416171,-0.10626190329003288,-0.11030930064544905,0,0
1_182_u,-0.0895231233880622,-0.0001385582363582,0.9216349692809848,0.1611680431873537,neutra,neutra,positiva,neutra,B,-0.044692282575852005,-0.5055790463345234,-0.12534558328770795,-0.4608867637586715,-0.08065330071185595,0.38023346304681555,0,0
1_1931_u,0.001172426006633,0.0014037912596904,0.3524620923747223,-0.0193536908158825,neutra,neutra,neutra,neutra,A,-0.0001156826265287,-0.17564483318404467,0.01026305841125775,-0.17552915055751594,0.01037874103778645,0.1859078915953024,0,1
1_1973_u,0.6543436571446364,0.0456998635418131,0.9739650536340252,0.1106816495303063,positiva,neutra,positiva,neutra,B,0.30432189680141164,-0.1598106982446944,0.271831003807165,-0.46413259504610604,-0.0324908929942466,0.4316417020518594,0,0
1_1987_u,-0.0180516000691568,0.0390926300315186,-0.8913120203838629,-0.1764763318991755,neutra,neutra,negativa,neutra,B,-0.0285721150503377,0.43663021015735304,0.07921236591500935,0.4652023252076908,0.10778448096534705,-0.3574178442423437,0,0
1_2075_u,0.0020970125306121,-0.1703991047397721,0.1163024369496557,0.0496538132021669,neutra,neutra,neutra,positiva,B,0.0862480586351921,-0.057102712209521796,-0.0237784003357774,-0.1433507708447139,-0.11002645897096949,0.0333243118737444,0,0
1_2119_u,0.0950241879754685,-0.8568204124458134,0.587508690206749,-0.0985027732385788,neutra,negativa,positiva,neutra,B,0.47592230021064097,-0.24624225111564024,0.09676348060702364,-0.7221645513262812,-0.3791588196036173,0.3430057317226639,1,0
1_213_u,0.7078388644440565,-0.9802173558455252,0.9999952457376596,-0.0040109256348972,positiva,negativa,positiva,neutra,B,0.8440281101447908,-0.14607819064680155,0.3559248950394769,-0.9901063007915925,-0.48810321510531396,0.5020030856862784,2,0
1_2198_u,0.0012257921471245,0.0030232297176553,2.384938444890093e-05,0.0107458128710276,neutra,neutra,neutra,neutra,A,-0.0008987187852654,0.0006009713813377995,-0.00476001036195155,0.0014996901666031995,-0.0038612915766861496,-0.005360981743289349,0,1
1_2216_u,0.0020012615741507,-0.3665351956733502,-0.9598990515320652,0.1248319011006969,neutra,neutra,negativa,positiva,B,0.18426822862375045,0.48095015655310797,-0.0614153197632731,0.29668192792935755,-0.24568354838702355,-0.5423654763163811,1,0
1_2354_u,-0.0024571239337092,0.0012180215430817,4.306043593940157e-05,-0.0476689139846713,neutra,neutra,neutra,neutra,A,-0.00183757273839545,-0.0012500921848243008,0.022605895025481052,0.0005874805535711492,0.0244434677638765,0.02385598721030535,0,1
1_2361_u,0.9984846111365188,0.9981483070805552,0.999813659122316,0.6694676682576147,positiva,positiva,positiva,positiva,A,0.00016815202798176054,-0.0006645239928986246,0.16450847143945202,-0.0008326760208803852,0.16434031941147026,0.16517299543235064,0,0
1_2420_u,0.0377686935366909,-6.11541199759813e-05,-0.02858814821292,-0.1475966878933832,neutra,neutra,neutra,neutra,A,0.01891492382833344,0.03317842087480545,0.09268269071503706,0.014263497046472009,0.07376776688670361,0.059504269840231605,0,1
1_2423_u,0.0239307920119244,-0.9775740382319782,9.952842312056456e-05,-0.0280717506073415,neutra,negativa,neutra,neutra,B,0.5007524151219513,0.011915631794401917,0.02600127130963295,-0.4888367833275494,-0.47475114381231837,0.014085639515231032,0,1
1_2464_u,0.92229003884313,0.7197641658058274,0.9960600979791068,-0.7644508880504873,positiva,positiva,positiva,negativa,B,0.10126293651865131,-0.03688502956798839,0.8433704634468087,-0.1381479660866397,0.7421075269281574,0.880255493014797,3,0
1_2575_u,0.0001592501357663,-0.9638962868775708,-0.0196832683088011,-0.4158283075317741,neutra,negativa,neutra,neutra,B,0.48202776850666856,0.0099212592222837,0.20799377883377018,-0.47210650928438486,-0.2740339896728984,0.19807251961148648,0,1
1_2580_u,0.0282956302216916,0.934772639448056,0.1299751171575288,-0.1111832059337758,neutra,positiva,neutra,neutra,B,-0.4532385046131822,-0.0508397434679186,0.0697394180777337,0.40239876114526363,0.5229779226909159,0.12057916154565229,0,1
1_2614_u,-0.006040480970114,-0.0173672005221305,-0.5333029355542266,-0.2249696893617512,neutra,neutra,negativa,neutra,B,0.0056633597760082505,0.2636312272920563,0.1094646041958186,0.25796786751604805,0.10380124441981035,-0.1541666230962377,0,0
1_2616_u,0.0041851322284856,0.0420181637091445,-0.0371276638487953,-0.2608088500739542,neutra,neutra,neutra,negativa,B,-0.01891651574032945,0.02065639803864045,0.1324969911512199,0.039572913778969904,0.15141350689154937,0.11184059311257946,0,0
1_2664_u,0.8845701897953404,-0.9433726161223605,-0.7117507888601512,-0.2988050686661155,positiva,negativa,negativa,neutra,B,0.9139714029588504,0.7981604893277459,0.5916876292307279,-0.11581091363110463,-0.32228377372812245,-0.20647286009701785,2,0
1_2669_u,-0.6605702527886024,-0.1449491351959295,-0.99836644985265,-0.6445868967450225,negativa,neutra,negativa,negativa,B,-0.2578105587963364,0.1688980985320238,-0.00799167802178996,0.4267086573283603,0.24981888077454648,-0.17688977655381377,0,0
1_276_u,-0.9937478589563398,0.0041858486129058,-0.0483341671429892,-0.2939210789510981,negativa,neutra,neutra,negativa,B,-0.4989668537846228,-0.4727068459066753,-0.34991339000262084,0.0262600078779475,0.14905346378200193,0.12279345590405444,0,0
1_2778_u,0.008773416601798,-0.5823460946303385,-0.0978778912919014,-0.1443491138634273,neutra,negativa,neutra,neutra,B,0.29555975561606823,0.053325653946849697,0.07656126523261265,-0.24223410166921855,-0.2189984903834556,0.02323561128576295,0,1
1_2792_u,0.8536248149021048,0.1195678180956747,-6.68405896476861e-05,-0.5345417200471276,positiva,neutra,neutra,negativa,B,0.36702849840321505,0.42684582774587626,0.6940832674746162,0.059817329342661194,0.3270547690714012,0.26723743972874,1,0
1_2797_u,-0.0001641383287278,-0.563262780488003,0.6316671038870714,0.0552008170168846,neutra,negativa,positiva,neutra,B,0.28154932107963765,-0.31591562110789956,-0.0276824776728062,-0.5974649421875372,-0.30923179875244383,0.2882331434350934,1,0
1_2819_u,0.0009149984089162,-0.0011552399155334,0.0848858341091098,0.3108098229451569,neutra,neutra,neutra,positiva,B,0.0010351191622248,-0.041985417850096796,-0.15494741226812037,-0.0430205370123216,-0.15598253143034516,-0.11296199441802356,0,0
1_2830_u,-0.0052115371786385,0.7107727288048409,0.4207688788643564,-0.735561209957814,neutra,positiva,positiva,negativa,B,-0.3579921329917397,-0.21299020802149743,0.36517483638958775,0.14500192497024225,0.7231669693813274,0.5781650444110852,2,0
1_2837_u,-0.3689289289613953,0.9849508057013736,-0.0129433740492947,-0.0499522617086769,neutra,positiva,positiva,neutra,B,-0.6769398673313844,-0.1779927774560503,-0.1594883336263592,0.49894708987533415,0.5174515337050253,0.0185044438296911,0,0
1_2842_u,0.0002324233628314,5.634035733237397e-05,0.1359603847025242,-0.4251610305684155,neutra,neutra,neutra,negativa,B,8.804150274951302e-05,-0.06786398066984639,0.21269672696562344,-0.06795202217259591,0.21260868546287393,0.2805607076354698,0,0
1_2853_u,-0.0029624583403347,-0.0039665509684709,0.4009198702097934,-0.147601574251894,neutra,neutra,neutra,neutra,A,0.0005020463140681,-0.20194116427506406,0.07231955795577964,-0.20244321058913217,0.07181751164171155,0.2742607222308437,0,1
1_3064_u,0.0003156246975777,0.0004972640690539,-0.0643321612868424,-0.0575336344016251,neutra,neutra,neutra,neutra,A,-9.081968573810002e-05,0.03232389299221005,0.0289246295496014,0.03241471267794815,0.0290154492353395,-0.0033992634426086472,0,1
1_3069_u,-0.3650436460884521,0.0005012381725464,-5.584361430194822e-05,-0.1727822389570065,neutra,neutra,neutra,neutra,A,-0.18277244213049923,-0.18249390123707507,-0.09613070356572279,0.00027854089342417413,0.08664173856477646,0.08636319767135228,0,1
1_3125_u,0.0049221383951589,0.6799930755078094,-0.930444974340774,0.3174574039527215,neutra,positiva,negativa,positiva,B,-0.33753546855632527,0.46768355636796644,-0.15626763277878128,0.8052190249242916,0.18126783577754396,-0.6239511891467477,2,0
1_3177_u,0.9315266596022412,-0.0053203887655399,-0.2522054828674216,-0.0076405169442296,positiva,neutra,negativa,neutra,B,0.46842352418389055,0.5918660712348314,0.46958358827323543,0.12344254705094086,0.0011600640893448498,-0.12228248296159601,1,0
1_3204_u,0.9986511979914212,-0.0002080835474771,0.998124772110892,0.4415534107887651,positiva,neutra,positiva,positiva,B,0.4994296407694492,0.00026321294026460107,0.27854889360132806,-0.4991664278291846,-0.2208807471681211,0.27828568066106346,0,0
1_3256_u,-0.9831482533700182,0.9964227625860076,0.0830054599938314,0.7971676989924161,negativa,positiva,neutra,positiva,B,-0.9897855079780129,-0.5330768566819248,-0.8901579761812172,0.4567086512960881,0.09962753179679573,-0.3570811194992924,2,0
1_3259_u,0.91602947525098,0.9904340557222896,0.939686452399561,-0.4307455084897811,positiva,positiva,positiva,negativa,B,-0.0372022902356548,-0.011828488574290474,0.6733874918703806,0.025373801661364326,0.7105897821060354,0.685215980444671,3,0
1_3287_u,0.0044765101420125,0.6551855950965546,0.0556716969189134,-0.06045927516534,neutra,positiva,neutra,neutra,B,-0.3253545424772711,-0.02559759338845045,0.03246789265367625,0.2997569490888206,0.3578224351309473,0.058065486042126704,0,1
1_3293_u,0.9878463257336988,0.9320897174584388,0.9982180254635644,0.4296424512052909,positiva,positiva,positiva,positiva,A,0.027878304137629983,-0.005185849864932812,0.27910193726420396,-0.033064154002562796,0.251223633126574,0.28428778712913677,0,0
1_3333_u,-0.0028916318569827,0.9295312952563108,0.3261623593731857,-0.0198702316265555,neutra,positiva,neutra,neutra,B,-0.4662114635566468,-0.16452699561508421,0.008489299884786401,0.30168446794156256,0.4747007634414332,0.1730162954998706,0,1
1_3348_u,0.9715734800429344,0.0127571840239397,0.9999938536132188,0.4180257390123895,positiva,neutra,positiva,positiva,B,0.4794081480094974,-0.014210186785142187,0.27677387051527247,-0.49361833479463957,-0.20263427749422488,0.29098405730041466,0,0
1_3371_u,-0.0075855756367673,0.997974916594103,-0.4363947665542012,-0.267011182405986,neutra,positiva,neutra,neutra,B,-0.5027802461154351,0.21440459545871693,0.12971280338460933,0.7171848415741521,0.6324930495000445,-0.0846917920741076,0,1
1_340_u,0.01806877918807,-0.3656543956021778,0.9310159151148658,0.0261796970851718,neutra,neutra,positiva,neutra,B,0.19186158739512388,-0.4564735679633979,-0.004055458948550899,-0.6483351553585218,-0.1959170463436748,0.452418109014847,0,0
1_3419_u,-0.2784470072074327,-0.5127045594563242,-0.7912968140543808,-0.4705961136758561,neutra,negativa,negativa,negativa,B,0.11712877612444575,0.256424903423474,0.09607455323421168,0.1392961272990283,-0.021054222890234064,-0.16035035018926236,0,0
1_3476_u,0.0101619354336435,-0.9935506542242364,0.1602181507218769,-0.1170353124354733,neutra,negativa,neutra,negativa,B,0.5018562948289399,-0.0750281076441167,0.0635986239345584,-0.5768844024730566,-0.43825767089438156,0.1386267315786751,0,0
1_3545_u,0.987573411327503,0.0001047904511324,-0.1854301153352746,0.0443798655818681,positiva,neutra,neutra,positiva,B,0.4937343104381853,0.5865017633313888,0.4715967728728174,0.0927674528932035,-0.02213753756536785,-0.11490499045857135,0,0
1_3573_u,0.0010579544286883,0.0062908407344366,0.0035299653511593,-0.2546434662363026,neutra,neutra,neutra,neutra,A,-0.00261644315287415,-0.0012360054612355,0.12785071033249543,0.00138043769163865,0.13046715348536958,0.12908671579373093,0,1
1_3599_u,-0.0024340846721315,0.9939951367014146,-0.010568169794626,-0.0899170160086619,neutra,positiva,neutra,neutra,B,-0.49821461068677303,0.00406704256124725,0.0437414656682652,0.5022816532480203,0.5419560763550383,0.03967442310701795,0,1
1_3649_u,-0.0049300100363325,-0.0034031348423013,0.3480504473149158,-0.0035019663278946,neutra,neutra,neutra,positiva,B,-0.0007634375970156,-0.17649022867562414,-0.0007140218542189499,-0.17572679107860856,4.941574279665006e-05,0.1757762068214052,0,0
1_3660_u,6.52061271466664e-05,0.3231048027009819,0.1223971799669126,-0.2087100044940599,neutra,neutra,neutra,neutra,A,-0.16151979828691762,-0.06116598691988297,0.10438760531060329,0.10035381136703465,0.2659074035975209,0.16555359223048627,0,1
1_3707_u,0.7471266767197449,-0.9669189626783918,0.9999207158925276,0.1437447163043543,positiva,negativa,positiva,positiva,B,0.8570228196990684,-0.12639701958639138,0.3016909802076953,-0.9834198392854597,-0.5553318394913731,0.4280879997940867,3,0
1_3766_u,-0.071541967572557,-0.0144543183196219,0.0836738398130067,-0.7023923716915308,neutra,neutra,neutra,negativa,B,-0.02854382462646755,-0.07760790369278185,0.3154252020594869,-0.049064079066314305,0.34396902668595447,0.39303310575226874,0,0
1_3837_u,0.9440264153745376,-0.1337201787464437,-0.6100553364128132,0.0643952763988635,positiva,neutra,negativa,neutra,B,0.5388732970604906,0.7770408758936753,0.43981556948783707,0.23816757883318473,-0.0990577275726536,-0.33722530640583837,1,0
1_3840_u,0.3335415202436707,0.9871684749086852,0.9338646560108124,0.0689727802760898,neutra,positiva,positiva,neutra,B,-0.32681347733250726,-0.30016156788357085,0.13228436998379045,0.026651909448936417,0.4590978473162977,0.4324459378673613,0,0
1_3842_u,8.848206880429643e-05,-0.3437089308281429,-0.0882229946417581,0.2758354566991327,neutra,negativa,neutra,positiva,B,0.1718987064484736,0.0441557383552812,-0.1378734873151642,-0.1277429680931924,-0.3097721937636378,-0.18202922567044538,1,0
1_3911_u,0.6421817469945381,-0.2217315628076903,0.6929823630405275,-0.0730333516199608,positiva,neutra,positiva,neutra,B,0.43195665490111423,-0.0254003080229947,0.3576075493072495,-0.4573569629241089,-0.07434910559386475,0.3830078573302442,0,0
1_4031_u,0.8079107602861768,0.9964534112559704,2.9599512447383995e-06,0.0249863071599973,positiva,positiva,neutra,neutra,B,-0.0942713254848968,0.403953900167466,0.39146222656308977,0.4982252256523628,0.48573355204798657,-0.01249167360437628,0,1
1_410_u,0.002162444177884,0.0003301421993455,0.999999271904616,0.4358080347999929,neutra,neutra,positiva,positiva,B,0.00091615098926925,-0.498918413863366,-0.21682279531105444,-0.4998345648526353,-0.2177389463003237,0.2820956185523116,0,0
1_4145_u,-0.0002540343084547,-0.0019031962656299,0.188742577343388,-0.0370377377432306,neutra,neutra,neutra,neutra,A,0.0008245809785876001,-0.09449830582592135,0.018391851717387952,-0.09532288680450896,0.01756727073880035,0.1128901575433093,0,1
1_427_u,-0.9977377308823634,0.0024562886555941,-0.636545768777549,0.3435492344113299,negativa,neutra,negativa,positiva,B,-0.5000970097689788,-0.1805959810524072,-0.6706434826468466,0.31950102871657154,-0.1705464728778679,-0.49004750159443944,2,0
1_4281_u,-0.4529797473805956,-0.980859814611904,-0.1595798030029041,-0.0024177553015761,neutra,negativa,neutra,neutra,B,0.2639400336156542,-0.14669997218884573,-0.22528099603950974,-0.41064000580449994,-0.48922102965516395,-0.07858102385066401,0,1
1_4286_u,0.1966600720497808,0.0002590143412817,0.8346983082641094,-0.1340046298573726,neutra,neutra,positiva,neutra,B,0.09820052885424956,-0.3190191181071643,0.1653323509535767,-0.41721964696141384,0.06713182209932715,0.484351469060741,0,0
1_4290_u,-0.002533157759899,-0.0685042442892154,0.1906926102435079,0.5281095442798687,neutra,neutra,neutra,positiva,B,0.0329855432646582,-0.09661288400170345,-0.26532135101988386,-0.12959842726636164,-0.29830689428454205,-0.16870846701818037,0,0
1_430_u,0.1140388256858386,-0.9905714162086952,-0.0002859114137575,-0.3768414867925458,neutra,negativa,neutra,neutra,B,0.5523051209472669,0.05716236854979805,0.24544015623919221,-0.49514275239746885,-0.3068649647080747,0.18827778768939415,0,1
1_4352_u,-0.9950157528655836,0.8408897794724908,0.7054726194946037,-0.0281991669675336,negativa,positiva,positiva,neutra,B,-0.9179527661690372,-0.8502441861800937,-0.48340829294902504,0.06770857998894353,0.43454447322001216,0.36683589323106863,2,0
1_4477_u,-0.0017512752274342,-0.0005681308175553,-0.0183535805723501,0.1320289288531056,neutra,neutra,neutra,neutra,A,-0.00059157220493945,0.00830115267245795,-0.0668901020402699,0.008892724877397399,-0.06629852983533045,-0.07519125471272785,0,1
1_4544_u,0.8003570479013433,0.083008277355475,0.1536659719626191,-0.3383819673210384,positiva,neutra,neutra,neutra,B,0.35867438527293416,0.3233455379693621,0.5693695076111909,-0.03532884730357205,0.2106951223382567,0.24602396964182877,0,1
1_4552_u,0.0133300595261971,-0.5578654358687345,0.0002665088647805,-0.0309284298887684,neutra,negativa,neutra,neutra,B,0.2855977476974658,0.0065317753307083,0.02212924470748275,-0.2790659723667575,-0.26346850298998303,0.01559746937677445,0,1
1_4576_u,-0.5636444815900177,-0.4245864500917378,-0.8827789412823626,-0.2702638040296735,negativa,neutra,negativa,neutra,B,-0.06952901574913994,0.15956722984617244,-0.1466903387801721,0.2290962455953124,-0.07716132303103215,-0.30625756862634457,0,0
1_4603_u,-3.741008140423219e-05,0.0416758049395866,0.983659289048353,0.3998054478957781,neutra,neutra,positiva,positiva,B,-0.020856607510495416,-0.4918483495648786,-0.19992142898859117,-0.4709917420543832,-0.17906482147809574,0.29192692057628744,0,0
1_4639_u,0.9980502906109904,0.9960837385588092,0.99999999056395,0.6910413311183219,positiva,positiva,positiva,positiva,A,0.000983276026090607,-0.0009748499764797858,0.15350447974633424,-0.001958126002570393,0.15252120372024364,0.15447932972281403,0,0
1_467_u,0.448857807132299,-0.0229588070433237,0.9880963380174996,0.0804583593853748,neutra,neutra,positiva,neutra,B,0.23590830708781135,-0.2696192654426003,0.18419972387346212,-0.5055275725304117,-0.05170858321434925,0.4538189893160624,0,0
1_4743_u,-0.0001530814988655,0.7216882902939687,0.9999429149041564,0.4505096161112306,neutra,positiva,positiva,positiva,B,-0.3609206858964171,-0.5000479982015109,-0.22533134880504804,-0.13912731230509384,0.13558933709136908,0.2747166493964629,0,0
1_4760_u,-0.002625378940138,0.9946740362720448,-0.5170767620510681,-0.0407928412547335,neutra,positiva,neutra,neutra,B,-0.4986497076060914,0.25722569155546504,0.01908373115729775,0.7558753991615564,0.5177334387633892,-0.23814196039816732,0,1
1_4789_u,0.009313976204794,-0.3776434760293341,0.9894647835169156,0.1405076820519752,neutra,neutra,positiva,neutra,B,0.19347872611706407,-0.4900754036560608,-0.0655968529235906,-0.6835541297731249,-0.25907557904065465,0.4244785507324702,0,0
1_4792_u,-0.0050933094025822,-0.9984978538395808,-0.0812363829778174,0.0538827449781819,neutra,negativa,positiva,neutra,B,0.4967022722184993,0.038071536787617606,-0.02948802719038205,-0.4586307354308817,-0.5261902994088813,-0.06755956397799966,1,0
1_4850_u,0.9023242531220604,-0.9678448466365808,0.0039994601000549,0.1500614222371949,positiva,negativa,neutra,neutra,B,0.9350845498793205,0.44916239651100276,0.3761314154424328,-0.48592215336831784,-0.5589531344368879,-0.07303098106857,1,1
1_4949_u,0.0056165965870604,7.617192750331014e-06,0.9978782794978944,-0.059353783185361,neutra,neutra,positiva,neutra,B,0.0028044896971550345,-0.496130841455417,0.0324851898862107,-0.49893533115257205,0.029680700189055664,0.5286160313416277,0,0
1_4967_u,0.0001530994795757,0.8498746646000654,-0.1786867957312909,-0.0341936878336128,neutra,positiva,neutra,neutra,B,-0.4248607825602449,0.0894199476054333,0.01717339365659425,0.5142807301656782,0.4420341762168391,-0.07224655394883905,0,1
1_4995_u,0.0225961886480945,0.0252803752109684,0.2106973755244249,0.2730547531275077,neutra,neutra,neutra,neutra,A,-0.0013420932814369492,-0.0940505934381652,-0.1252292822397066,-0.09270850015672825,-0.12388718895826965,-0.0311786888015414,0,1
1_5058_u,0.0004994442829229,0.0383599814485933,0.0475018824537441,0.0765082118334247,neutra,neutra,neutra,neutra,A,-0.0189302685828352,-0.0235012190854106,-0.0380043837752509,-0.004570950502575399,-0.019074115192415697,-0.014503164689840298,0,1
1_506_u,-0.0003074610731346,0.997156921779606,-0.0282369537163754,-0.2440590772312136,neutra,positiva,neutra,neutra,B,-0.4987321914263703,0.013964746321620399,0.1218758080790395,0.5126969377479907,0.6206079995054098,0.1079110617574191,0,1
1_507_u,0.0064437777891726,0.0364255221620624,0.9970573288611644,-0.1517452548012241,neutra,neutra,positiva,neutra,B,-0.0149908721864449,-0.4953067755359959,0.07909451629519836,-0.480315903349551,0.09408538848164326,0.5744012918311943,0,0
1_5109_u,-0.699617210571887,0.6010385243571363,-0.0511476629876969,-0.2878660656511784,negativa,positiva,neutra,negativa,B,-0.6503278674645117,-0.32423477379209503,-0.2058755724603543,0.3260930936724166,0.4444522950041574,0.11835920133174074,2,0
1_5134_u,0.9986079529080598,0.997293268032081,0.9998632102532704,-0.1163777882116847,positiva,positiva,positiva,neutra,B,0.0006573424379894277,-0.000627628672605296,0.5574928705598723,-0.0012849711105947237,0.5568355281218829,0.5581204992324775,0,0
1_5156_u,0.8629920357152514,-0.056405449497106,0.9987981725632016,-0.1112482372205704,positiva,neutra,positiva,neutra,B,0.4596987426061787,-0.06790306842397509,0.4871201364679109,-0.5276018110301538,0.027421393861732198,0.555023204891886,0,0
1_5166_u,0.9974245957673702,0.0966949627618305,0.9997998474346071,0.2807117503369226,positiva,neutra,positiva,positiva,B,0.4503648165027698,-0.0011876258336184775,0.35835642271522383,-0.4515524423363883,-0.09200839378754605,0.35954404854884225,0,0
1_5169_u,0.9279375624028036,0.0534643795308511,-0.9478708332689536,-0.0601680401945486,positiva,neutra,negativa,neutra,B,0.4372365914359762,0.9379041978358786,0.49405280129867607,0.5006676063999024,0.05681620986269985,-0.4438513965372025,1,0
1_5211_u,0.0001453140084777,0.8803328674803197,-0.3624688968325723,-0.146274533659582,neutra,positiva,neutra,neutra,B,-0.440093776735921,0.181307105420525,0.07320992383402986,0.621400882156446,0.5133037005699509,-0.10809718158649513,0,1
1_5212_u,-0.9307013338184332,-0.5386764298200433,-0.4297504566360321,-0.5605425537926042,negativa,negativa,negativa,negativa,A,-0.19601245199919498,-0.2504754385912006,-0.1850793900129145,-0.054462986592005574,0.010933061986280468,0.06539604857828604,0,0
1_533_u,0.3485827796612284,0.6358562350687862,0.0028797560896574,0.5186234064633026,neutra,positiva,neutra,positiva,B,-0.1436367277037789,0.1728515117857855,-0.0850203134010371,0.3164882394895644,0.05861641430274178,-0.2578718251868226,0,0
1_536_u,0.0134078926175789,0.0028626445327972,0.0021294079949615,-0.1594655134947971,neutra,neutra,neutra,neutra,A,0.0052726240423908504,0.0056392423113087,0.086436703056188,0.00036661826891785,0.08116407901379714,0.0807974607448793,0,1
1_537_u,-0.0295545498374849,0.0070437146623589,0.0,-0.2022449385753135,neutra,neutra,neutra,neutra,A,-0.0182991322499219,-0.01477727491874245,0.0863451943689143,0.00352185733117945,0.1046443266188362,0.10112246928765675,0,1
1_5496_u,0.9730753737894702,-0.4096004754828755,0.3739045682731094,0.1548467528191394,positiva,negativa,positiva,neutra,B,0.6913379246361728,0.29958540275818035,0.4091143104851654,-0.3917525218779925,-0.28222361415100744,0.10952890772698501,2,0
1_5571_u,-0.011859849008033,-0.1437690637685591,0.001645604942555,-0.0046602401125711,neutra,neutra,neutra,neutra,A,0.06595460738026306,-0.006752726975294,-0.00359980444773095,-0.07270733435555705,-0.069554411827994,0.0031529225275630504,0,1
1_5572_u,-0.3779354506114032,-0.7721445029601455,0.9965571149629892,0.1546497163071761,neutra,negativa,positiva,positiva,B,0.19710452617437113,-0.6872462827871961,-0.26629258345928963,-0.8843508089615673,-0.46339710963366076,0.4209536993279065,2,0
1_5580_u,0.3440086650971352,-0.0009265744965887,0.016151269644342,0.0547396227717398,neutra,neutra,neutra,positiva,B,0.17246761979686193,0.1639286977263966,0.1446345211626977,-0.00853892207046535,-0.02783309863416425,-0.0192941765636989,0,0
1_5581_u,-0.0013175860240153,0.0129355032713647,0.0562399140119306,0.031926090287743,neutra,neutra,neutra,neutra,A,-0.007126544647690001,-0.02877875001797295,-0.01662183815587915,-0.021652205370282947,-0.009495293508189149,0.012156911862093799,0,1
1_5617_u,0.998214435268892,0.0100549698618124,0.911776877540326,-0.1342573088826613,positiva,neutra,positiva,neutra,B,0.4940797327035398,0.04321877886428299,0.5662358720757766,-0.4508609538392568,0.07215613937223685,0.5230170932114937,0,0
1_5627_u,0.2809814305792315,-0.0090899651841027,0.8762666018460998,-0.5865248320100365,neutra,neutra,positiva,negativa,B,0.1450356978816671,-0.29764258563343415,0.433753131294634,-0.44267828351510125,0.2887174334129669,0.7313957169280682,1,0
1_5679_u,-0.1296021864436625,0.0473544372143805,0.9997812227912376,0.2599874846288003,neutra,neutra,positiva,neutra,B,-0.0884783118290215,-0.56469170461745,-0.1947948355362314,-0.47621339278842856,-0.1063165237072099,0.36989686908121866,0,0
1_5699_u,0.998381995087584,0.990118213990172,0.9997856931951532,0.1350461732188704,positiva,positiva,positiva,positiva,A,0.0041318905487059965,-0.00070184905378462,0.43166791093435675,-0.0048337396024906165,0.42753602038565075,0.4323697599881414,0,0
1_5751_u,0.96810900381206,-0.9924530888274604,-0.7342964053359178,0.2883681358071043,positiva,negativa,negativa,positiva,B,0.9802810463197602,0.8512027045739889,0.33987043400247785,-0.12907834174577132,-0.6404106123172824,-0.5113322705715111,4,0
1_5758_u,0.1879260749892637,-0.4190740207050112,0.6032368769805633,-0.4050679866573775,neutra,negativa,positiva,neutra,B,0.30350004784713747,-0.20765540099564977,0.2964970308233206,-0.5111554488427872,-0.007003017023816865,0.5041524318189704,1,0
1_5786_u,0.0380458014833493,0.0009196895080094,0.0002817564292635,0.2398478001821785,neutra,neutra,neutra,neutra,A,0.01856305598766995,0.0188820225270429,-0.1009009993494146,0.00031896653937295,-0.11946405533708454,-0.1197830218764575,0,1
1_5880_u,-0.0001233170523846,-0.0027358116276445,-0.0951342492975228,0.4176639501412865,neutra,neutra,neutra,positiva,B,0.00130624728762995,0.047505466122569104,-0.20889363359683555,0.04619921883493915,-0.2101998808844655,-0.25639909971940467,0,0
1_5919_u,-0.9637902507056424,-0.9341019957500976,-0.0130227110534042,-0.0639925445924746,negativa,negativa,neutra,neutra,B,-0.014844127477772417,-0.4753837698261191,-0.4498988530565839,-0.46053964234834666,-0.4350547255788115,0.025484916769535196,0,1
1_5953_u,0.9965762581077796,-0.0012741778991767,0.9997692937052428,-0.3302599242422731,positiva,neutra,positiva,negativa,B,0.49892521800347817,-0.0015965177987316004,0.6634180911750264,-0.5005217358022097,0.16449287317154818,0.665014608973758,2,0
1_5964_u,0.99693329177353,0.0115859029356215,0.617294369668216,0.0131472063600084,positiva,neutra,positiva,neutra,B,0.49267369441895426,0.18981946105265696,0.49189304270676076,-0.3028542333662973,-0.0007806517121934494,0.3020735816541038,0,0
1_60_u,0.9933770863481186,-0.9319226725310727,-0.7985826729690385,-0.0973549972081351,positiva,negativa,negativa,neutra,B,0.9626498794395957,0.8959798796585785,0.5453660417781269,-0.06666999978101712,-0.4172838376614688,-0.3506138378804517,2,0
1_6020_u,0.0207993311914833,-0.0156475044041144,-0.0077832768738412,-0.3062491405755282,neutra,neutra,neutra,neutra,A,0.01822341779779885,0.014291304032662249,0.16352423588350576,-0.003932113765136601,0.1453008180857069,0.1492329318508435,0,1
1_6032_u,-0.0318607888693804,-0.4546833157073706,0.013325506276329,0.0029176306328735,neutra,negativa,neutra,neutra,B,0.21141126341899508,-0.022593147572854702,-0.01738920975112695,-0.2340044109918498,-0.22880047317012203,0.005203937821727751,0,1
1_6039_u,-0.1710438735681236,0.003959788398788,-0.130108232914019,0.1330350933450971,neutra,neutra,neutra,positiva,B,-0.08750183098345579,-0.0204678203270523,-0.15203948345661034,0.06703401065640349,-0.06453765247315456,-0.13157166312955804,0,0
1_6065_u,0.9410689899559656,0.4460056056559551,0.987046986358807,-0.187696675839834,positiva,positiva,positiva,neutra,B,0.24753169215000523,-0.02298899820142075,0.5643828328978998,-0.270520690351426,0.31685114074789456,0.5873718310993206,0,0
1_6092_u,-0.2731349930654687,-0.969964789419464,-0.4296184710331847,0.0608012423297622,neutra,negativa,negativa,positiva,B,0.34841489817699767,0.078241738983858,-0.16696811769761544,-0.27017315919313967,-0.5153830158746131,-0.24520985668147344,2,0
1_6113_u,-0.0840853060653898,-0.192832077445928,0.2692769752245727,0.080011738243047,neutra,neutra,neutra,neutra,A,0.0543733856902691,-0.17668114064498125,-0.0820485221542184,-0.23105452633525037,-0.1364219078444875,0.09463261849076286,0,1
1_6134_u,-0.937077096910798,-0.8801082625795971,-0.0929784977444465,-0.0884660911979154,negativa,negativa,neutra,neutra,B,-0.028484417165600462,-0.4220492995831757,-0.4243055028564413,-0.39356488241757526,-0.39582108569084085,-0.0022562032732655474,0,1
1_6165_u,0.3533042897979612,0.9923167202932746,0.9937105076603546,0.3863008868123869,positiva,positiva,positiva,positiva,A,-0.31950621524765666,-0.32020310893119674,-0.01649829850721285,-0.0006968936835400341,0.3030079167404438,0.3037048104239839,0,0
1_6183_u,-0.0068902301445632,-0.0361430131888482,-0.3311883926194563,-0.5741773337035235,neutra,neutra,negativa,negativa,B,0.014626391522142502,0.16214908123744656,0.28364355177948014,0.14752268971530405,0.2690171602573377,0.1214944705420336,0,0
1_6188_u,-0.0051708660030271,0.927958656409828,0.0048126720700055,-0.1748620545899031,neutra,positiva,neutra,neutra,B,-0.46656476120642754,-0.0049917690365163005,0.08484559429343799,0.46157299216991127,0.5514103554998655,0.08983736332995429,0,1
1_6211_u,-0.2351956201018765,0.0114471241249702,-0.7182958068122931,-0.1095497067959514,neutra,neutra,negativa,neutra,B,-0.12332137211342335,0.2415500933552083,-0.06282295665296256,0.36487146546863164,0.0604984154604608,-0.30437305000817083,0,0
1_6221_u,0.9873617786506655,0.0101397059406735,0.9999467101935308,0.7431010453030467,positiva,neutra,positiva,positiva,B,0.48861103635499603,-0.006292465771432609,0.12213036667380944,-0.49490350212642864,-0.3664806696811866,0.12842283244524205,0,0
1_6355_u,0.4811551045859232,0.9983657832362952,0.6172070617593509,-0.1015949290636595,positiva,positiva,positiva,neutra,B,-0.25860533932518603,-0.06802597858671386,0.29137501682479133,0.19057936073847215,0.5499803561499773,0.3594009954115052,0,0
1_6370_u,0.3201246143471508,0.5816543488763273,0.9663170198022464,0.0806119462446076,neutra,positiva,positiva,neutra,B,-0.13076486726458825,-0.3230962027275478,0.11975633405127159,-0.19233133546295955,0.25052120131585986,0.4428525367788194,0,0
1_6426_u,0.0006032348210283,0.0005713471182389,0.1741562174689521,-0.1161890405463056,neutra,neutra,neutra,neutra,A,1.59438513947e-05,-0.0867764913239619,0.05839613768366695,-0.0867924351753566,0.058380193832272255,0.14517262900762884,0,1
1_6427_u,-0.9821625558106462,-0.0003987488016718,-0.99964122288143,-0.0764244171557948,negativa,neutra,negativa,neutra,B,-0.4908819035044872,0.008739333535391913,-0.45286906932742566,0.4996212370398791,0.0380128341770615,-0.46160840286281757,0,0
1_6428_u,0.0119430625331915,0.196722254040651,0.0400398831511586,-0.3654050164429161,neutra,neutra,neutra,neutra,A,-0.09238959575372975,-0.014048410308983548,0.1886740394880538,0.07834118544474619,0.28106363524178357,0.20272244979703735,0,1
1_6472_u,0.7217137785955856,-0.0173453830502694,0.3757477860975488,-0.2136850562645123,positiva,neutra,neutra,neutra,B,0.36952958082292753,0.17298299624901842,0.46769941743004895,-0.19654658457390908,0.09816983660712146,0.29471642118103053,0,1
1_6504_u,-0.0013061550271231,0.6823868137962563,0.4823233697341357,-0.0955517292954028,neutra,positiva,positiva,neutra,B,-0.3418464844116897,-0.2418147623806294,0.04712278713413985,0.10003172203106031,0.38896927154582955,0.28893754951476924,0,0
1_6534_u,-0.0011725052681867,-0.8470820401780657,-0.0041058255613316,-0.0613875279610511,neutra,negativa,neutra,negativa,B,0.4229547674549395,0.0014666601465724498,0.0301075113464322,-0.42148810730836705,-0.3928472561085073,0.02864085119985975,0,0
1_6627_u,0.9703279805562488,0.0195432459295261,0.8284305030774012,0.0,positiva,positiva,positiva,neutra,B,0.4753923673133614,0.07094873873942381,0.4851639902781244,-0.40444362857393756,0.00977162296476305,0.4142152515387006,0,0
1_6645_u,-0.0037967671960359,-0.6439674797802581,0.0,-0.283464414055925,neutra,negativa,neutra,neutra,B,0.3200853562921111,-0.00189838359801795,0.13983382342994455,-0.3219837398901291,-0.18025153286216658,0.1417322070279625,0,1
1_6648_u,-0.0009972674233722,0.9932816197251668,-0.0247809331492238,-0.2619220353721176,neutra,positiva,neutra,negativa,B,-0.49713944357426954,0.0118918328629258,0.1304623839743727,0.5090312764371953,0.6276018275486422,0.1185705511114469,1,0
1_6683_u,0.9956337190014892,0.0002294026598974,-0.3827695443978079,-0.3553632171126084,positiva,neutra,negativa,negativa,B,0.49770215817079594,0.6892016316996485,0.6754984680570488,0.19149947352885266,0.1777963098862529,-0.01370316364259977,2,0
1_672_u,0.0043799232535093,0.0013410917035798,-0.8394689499021212,-0.4038962144230028,neutra,neutra,negativa,negativa,B,0.00151941577496475,0.42192443657781525,0.20413806883825603,0.42040502080285047,0.2026186530632913,-0.2177863677395592,0,0
1_6766_u,-0.0027444217430456,0.7290808860052493,-0.261805842063217,0.3585480665788054,neutra,positiva,neutra,positiva,B,-0.36591265387414745,0.1295307101600857,-0.1806462441609255,0.49544336403423317,0.18526640971322197,-0.3101769543210112,0,0
1_6769_u,0.999055071807561,0.1101168715085805,0.0,-0.0375753415632062,positiva,neutra,neutra,neutra,B,0.44446910014949026,0.4995275359037805,0.5183152066853837,0.05505843575429025,0.07384610653589335,0.0187876707816031,0,1
1_6835_u,-0.9688963190783396,0.9028021901176544,0.639918919847418,0.2160860083531587,negativa,positiva,positiva,positiva,B,-0.9358492545979971,-0.8044076194628789,-0.5924911637157492,0.1314416351351182,0.34335809088224784,0.21191645574712964,3,0
1_6860_u,-0.8030840721476125,0.1719693897321121,-0.2025472082625141,-0.1926647739135661,negativa,neutra,neutra,neutra,B,-0.48752673093986226,-0.30026843194254915,-0.3052096491170232,0.1872582989973131,0.1823170818228391,-0.0049412171744740024,0,1
1_70_u,-0.000181244407031,0.9946510171416776,-0.5075893653830607,-0.3434540536574788,neutra,positiva,neutra,negativa,B,-0.4974161307743543,0.2537040604880148,0.1716364046252239,0.7511201912623691,0.6690525353995782,-0.08206765586279094,1,0
1_7047_u,0.0049293648207822,-0.0039251209527719,-0.3888606701827424,0.6097862685041037,neutra,neutra,neutra,positiva,B,0.004427242886777051,0.1968950175017623,-0.30242845184166073,0.19246777461498524,-0.30685569472843777,-0.49932346934342303,0,0
1_7082_u,0.98338538308235,0.9978246820992354,0.9999996472376086,0.1344314127753022,positiva,positiva,positiva,positiva,A,-0.0072196495084426715,-0.008307132077629287,0.4244769851535239,-0.0010874825691866152,0.43169663466196656,0.4327841172311532,0,0
1_7089_u,0.0008278172472273,0.975499869986379,0.2142362043079554,0.0122130768868372,neutra,positiva,neutra,positiva,B,-0.4873360263695759,-0.10670419353036405,-0.005692629819804951,0.3806318328392118,0.48164339654977095,0.1010115637105591,0,0
1_7186_u,-0.0481301819017971,0.3442098810537572,0.9999972530145852,-0.6261259961698671,neutra,neutra,positiva,negativa,B,-0.19617003147777717,-0.5240637174581911,0.288997907134035,-0.327893685980414,0.4851679386118122,0.8130616245922262,1,0
1_7281_u,0.0210836374126301,-0.2471232026728103,-0.3875987499083986,0.0477922595455311,neutra,negativa,neutra,neutra,B,0.1341034200427202,0.20434119366051434,-0.013354311066450502,0.07023777361779415,-0.1474577311091707,-0.21769550472696486,0,1
1_7341_u,-0.0009078379225684,0.8074637528479798,0.2244666998382513,-0.2368752156558913,neutra,positiva,neutra,neutra,B,-0.4041857953852741,-0.11268726888040985,0.11798368886666145,0.29149852650486424,0.5221694842519355,0.2306709577470713,0,1
1_7357_u,0.0015446387715201,-0.9758114573178318,-0.3017209217960499,-0.5272098564310002,neutra,negativa,neutra,negativa,B,0.48867804804467596,0.15163278028378502,0.26437724760126013,-0.33704526776089094,-0.22430080044341583,0.11274446731747512,0,0
1_7395_u,0.9974793684050384,-0.0188947603310225,-0.3731921200979356,-0.2700631444517057,positiva,neutra,neutra,negativa,B,0.5081870643680304,0.685335744251487,0.6337712564283721,0.17714867988345656,0.1255841920603416,-0.05156448782311496,1,0
1_7400_u,0.6677088258074946,-0.4491587119409814,0.9985847187571286,0.306424550525844,positiva,neutra,positiva,positiva,B,0.558433768874238,-0.16543794647481702,0.1806421376408253,-0.723871715349055,-0.3777916312334127,0.3460800841156423,0,0
1_7402_u,-0.0049022162129404,0.7080210271378746,-0.0422048410410115,-0.4348044204729377,neutra,positiva,positiva,negativa,B,-0.3564616216754075,0.01865131241403555,0.21495110212999866,0.3751129340894431,0.5714127238054062,0.1962997897159631,2,0
1_7442_u,0.0013109974843246,0.1870626179679675,-0.9518046079090536,-0.3040098768193276,neutra,neutra,negativa,negativa,B,-0.09287581024182145,0.4765578026966891,0.15266043715182612,0.5694336129385106,0.24553624739364754,-0.32389736554486304,0,0
1_7443_u,0.0033766631368052,0.4580174556467682,-0.0342147408746744,-0.2386332708527335,neutra,positiva,neutra,neutra,B,-0.22732039625498152,0.018795702005739802,0.12100496699476936,0.2461160982607213,0.34832536324975083,0.10220926498902955,0,1
1_7445_u,0.0015572160591545,0.9581862528721105,-0.1121915614589144,-0.027267208963167,neutra,positiva,neutra,neutra,B,-0.478314518406478,0.05687438875903445,0.01441221251116075,0.5351889071655125,0.49272673091763874,-0.0424621762478737,0,1
1_7449_u,0.0022777527301514,0.0382335751728533,0.6063218419612961,0.4681868004539864,neutra,neutra,positiva,positiva,B,-0.01797791122135095,-0.30202204461557236,-0.2329545238619175,-0.2840441333942214,-0.21497661264056656,0.06906752075365485,0,0
1_7487_u,0.0490973605465114,0.4524042341508902,0.8759871259633354,0.1080621125438482,neutra,neutra,positiva,neutra,B,-0.2016534368021894,-0.413444882708412,-0.029482375998668403,-0.2117914459062226,0.17217106080352101,0.3839625067097436,0,0
1_7490_u,0.8345516145891452,-0.0097439972814754,0.9998264307123876,0.2073235404910519,positiva,neutra,positiva,positiva,B,0.42214780593531026,-0.08263740806162123,0.31361403704904667,-0.5047852139969315,-0.10853376888626365,0.3962514451106679,0,0
1_7494_u,0.0023205880643217,0.5697607192851137,-0.3017260045896753,-0.4318986560450867,neutra,positiva,neutra,neutra,B,-0.28372006561039603,0.1520232963269985,0.21710962205470422,0.4357433619373945,0.5008296876651002,0.0650863257277057,0,1
1_7504_u,0.8394987355495687,0.9415804413438308,0.9986763391498706,0.789969083390315,positiva,positiva,positiva,positiva,A,-0.05104085289713106,-0.07958880180015099,0.024764826079626823,-0.028547948903019926,0.07580567897675788,0.10435362787977781,0,0
1_7575_u,0.99738757743944,-0.075518713616475,0.9996683401131792,0.1132494418707209,positiva,neutra,positiva,neutra,B,0.5364531455279575,-0.0011403813368696114,0.4420690677843595,-0.5375935268648271,-0.09438407774359794,0.4432094491212291,0,0
1_7593_u,-0.0550826208309445,0.0922989117734687,0.8625964072475605,0.0130620294134131,neutra,neutra,positiva,neutra,B,-0.0736907663022066,-0.4588395140392525,-0.0340723251221788,-0.3851487477370459,0.0396184411800278,0.4247671889170737,0,0
1_7641_u,-0.478009537095204,0.3274726262461627,-0.9920978731436768,0.3820481339935212,negativa,positiva,negativa,positiva,B,-0.40274108167068334,0.2570441680242364,-0.4300288355443626,0.6597852496949197,-0.027287753873679266,-0.687073003568599,4,0
1_7661_u,0.0004973566183252,-0.9439466532785444,-0.0971885998832622,0.0774472188851277,neutra,negativa,neutra,neutra,B,0.4722220049484348,0.0488429782507937,-0.03847493113340125,-0.4233790266976411,-0.5106969360818361,-0.08731790938419495,0,1
1_7675_u,-0.0038922762705624,0.9972922345332336,0.4211157063384392,0.5834451816539511,neutra,positiva,positiva,positiva,B,-0.500592255401898,-0.2125039913045008,-0.29366872896225676,0.2880882640973972,0.20692352643964124,-0.08116473765775595,0,0
1_7722_u,-0.0347821566319908,0.0017749904263837,-0.1872492989810419,-0.2623730102437549,neutra,neutra,neutra,neutra,A,-0.018278573529187252,0.07623357117452555,0.11379542680588206,0.0945121447037128,0.1320740003350693,0.037561855631356514,0,1
1_7894_u,0.5188737610978933,0.000973949006493,0.6774708191404198,-0.3469923276046758,positiva,neutra,positiva,negativa,B,0.2589499060457002,-0.07929852902126328,0.43293304435128455,-0.33824843506696345,0.1739831383055844,0.5122315733725478,2,0
1_7938_u,0.0538293445533781,0.0167006977517303,-0.2997977191524193,-0.1259981634793804,neutra,neutra,neutra,neutra,A,0.018564323400823902,0.17681353185289872,0.08991375401637924,0.1582492084520748,0.07134943061555535,-0.08689977783651946,0,1
1_7953_u,0.0094946028243612,-0.0315049015334807,-0.0691252127168777,-0.2703330174728763,neutra,neutra,neutra,negativa,B,0.02049975217892095,0.03930990777061945,0.13991381014861876,0.0188101555916985,0.1194140579696978,0.1006039023779993,0,0
1_80_u,-0.0007921544811324,0.004903075267066,-0.2747409892041043,-0.0213554015383125,neutra,neutra,neutra,neutra,A,-0.0028476148740992,0.13697441736148594,0.010281623528590049,0.13982203223558515,0.01312923840268925,-0.1266927938328959,0,1
1_8042_u,0.0031042884011185,0.0825901772768702,0.0143551421147593,-0.1274830985581503,neutra,positiva,neutra,neutra,B,-0.03974294443787585,-0.0056254268568204,0.0652936934796344,0.03411751758105545,0.10503663791751025,0.0709191203364548,0,1
1_8045_u,-1.1252763215452433e-05,0.5732400470442371,-0.0321737369109657,-0.3336458808975295,neutra,positiva,neutra,neutra,B,-0.2866256499037263,0.016081242073875124,0.16681731406715702,0.3027068919776014,0.45344296397088335,0.1507360719932819,0,1
1_8052_u,0.0222892011952353,0.2423162648919969,-0.0309617459604741,0.0416405621857847,neutra,positiva,neutra,positiva,B,-0.1100135318483808,0.0266254735778547,-0.009675680495274699,0.1366390054262355,0.1003378513531061,-0.0363011540731294,0,0
1_8078_u,0.8632158775117205,0.4295331560424529,-0.9657220455422932,-0.3408223964972422,positiva,positiva,negativa,negativa,B,0.21684136073463378,0.9144689615270069,0.6020191370044814,0.6976276007923731,0.38517777626984756,-0.3124498245225255,4,0
1_8136_u,0.9762289491955016,0.0156507290812442,0.9270762444795116,-0.331828345602844,positiva,neutra,positiva,neutra,B,0.4802891100571287,0.02457635235799499,0.6540286473991728,-0.4557127576991337,0.17373953734204411,0.6294522950411778,0,0
1_8159_u,-0.9108253781305392,0.4916202730673831,-0.0895501971345992,-0.1628274891176262,negativa,neutra,neutra,negativa,B,-0.7012228255989612,-0.41063759049797,-0.3739989445064565,0.29058523510099116,0.32722388109250466,0.0366386459915135,0,0
1_8185_u,0.0034083693449247,0.8343172224704176,0.0245911305469272,-0.0102506719820668,neutra,positiva,neutra,positiva,B,-0.41545442656274645,-0.01059138060100125,0.00682952066349575,0.4048630459617452,0.4222839472262422,0.017420901264497,0,0
1_8217_u,0.0164128477281337,-0.0267529347620438,0.0428370109125857,-0.5225463488837705,neutra,neutra,neutra,negativa,B,0.021582891245088748,-0.013212081592226001,0.2694795983059521,-0.03479497283731475,0.24789670706086334,0.2826916798981781,0,0
1_8407_u,0.9956051609915448,-0.0039526047112303,-0.6254930092446819,-0.0126987703726627,positiva,neutra,negativa,neutra,B,0.49977888285138755,0.8105490851181134,0.5041519656821037,0.3107702022667258,0.004373082830716199,-0.3063971194360096,1,0
1_8417_u,-0.4064644745376427,-0.7098468195617897,0.6530760337596901,-0.2236475328274537,neutra,negativa,positiva,negativa,B,0.15169117251207354,-0.5297702541486664,-0.09140847085509449,-0.6814614266607399,-0.24309964336716802,0.4383617832935719,2,0
1_8452_u,0.9985429365224264,-0.1263233000499894,0.0572566197125667,-0.3404323358088732,positiva,neutra,neutra,negativa,B,0.5624331182862079,0.4706431584049299,0.6694876361656499,-0.09178995988127805,0.10705451787944191,0.19884447776071995,1,0
1_8505_u,-0.1147021335636964,0.1049816851373179,-0.9696683323744034,-0.5262986253277633,neutra,neutra,negativa,negativa,B,-0.10984190935050715,0.4274830994053535,0.20579824588203344,0.5373250087558606,0.3156401552325406,-0.22168485352332007,0,0
1_8717_u,0.5093016303289915,-0.0458042648097034,0.5812740560486164,-0.0432200767740142,positiva,neutra,positiva,neutra,B,0.27755294756934745,-0.03598621285981246,0.2762608535515028,-0.31353916042915986,-0.001292094017844598,0.3122470664113153,0,0
1_8746_u,0.9605700725805946,0.0142374368288074,-0.4901719235296399,0.1506847927579655,positiva,neutra,negativa,neutra,B,0.4731663178758936,0.7253709980551173,0.4049426399113145,0.25220468017922365,-0.06822367796457905,-0.3204283581438027,1,0
1_8749_u,0.996823045425117,0.8937494479323504,0.8862405066570057,0.5062369584746192,positiva,positiva,positiva,positiva,A,0.05153679874638328,0.05529126938405565,0.24529304347524888,0.003754470637672369,0.1937562447288656,0.19000177409119323,0,0
1_8827_u,-0.011295723299554,-0.8930510887512355,-0.1087865957015476,0.0242502842505927,neutra,negativa,neutra,neutra,B,0.44087768272584077,0.0487454362009968,-0.01777300377507335,-0.39213224652484396,-0.4586506865009141,-0.06651843997607015,0,1
1_8837_u,0.7366551367849752,0.987180586969771,-0.3166279542627362,-0.197837435436668,positiva,positiva,negativa,neutra,B,-0.1252627250923979,0.5266415455238557,0.4672462861108216,0.6519042706162536,0.5925090112032195,-0.0593952594130341,2,0
1_90_u,-0.0175113872028305,0.2486927648205892,0.9836235207970284,-0.2334290399448947,neutra,neutra,positiva,neutra,B,-0.13310207601170984,-0.5005674539999294,0.1079588263710321,-0.3674653779882196,0.24106090238274194,0.6085262803709616,0,0
1_9003_u,-0.1438069206033105,0.0041811937007878,-0.999834367371256,0.0581030008674132,neutra,neutra,negativa,neutra,B,-0.07399405715204914,0.42801372338397276,-0.10095496073536184,0.5020077805360219,-0.026960903583312698,-0.5289686841193346,0,0
1_9009_u,0.4911756172732566,0.0031260911200661,-0.300153417454831,0.3715229193447157,positiva,neutra,neutra,positiva,B,0.24402476307659524,0.3956645173640438,0.05982634896427044,0.15163975428744855,-0.1841984141123248,-0.3358381683997733,0,0
1_9087_u,-0.7640481805574382,0.9686734785536828,-0.993336404854202,-0.0926824774302077,negativa,positiva,negativa,neutra,B,-0.8663608295555605,0.11464411214838194,-0.3356828515636152,0.9810049417039424,0.5306779779919453,-0.45032696371199715,2,0
1_9245_u,0.003689341534482,0.2087817408173577,-0.1890865894293589,-0.0632708826102317,neutra,neutra,neutra,neutra,A,-0.10254619964143785,0.09638796548192045,0.03348011207235685,0.19893416512335832,0.1360263117137947,-0.0629078534095636,0,1
1_9594_u,-0.1818100299278739,-0.8890920360645396,-0.1397010015485968,-0.2721910841064529,neutra,negativa,neutra,neutra,B,0.35364100306833285,-0.02105451418963855,0.04519052708928949,-0.3746955172579714,-0.30845047597904335,0.06624504127892804,0,1
1_9668_u,0.3435509771734359,0.991307229942322,-0.000202918954953,-0.437110779969953,neutra,positiva,neutra,neutra,B,-0.323878126384443,0.17187694806419446,0.39033087857169446,0.4957550744486375,0.7142090049561375,0.2184539305075,0,1
1_971_u,-0.0047404451943293,-0.950809343252331,-0.8733931475241871,-0.0813796832924709,neutra,negativa,negativa,positiva,B,0.4730344490290009,0.4343263511649289,0.0383196190490708,-0.03870809786407198,-0.43471482997993005,-0.3960067321158581,2,0
1_9963_u,-0.3004679468940594,-0.1006413068971596,-0.3532562542009256,-0.4804453443308983,neutra,neutra,neutra,negativa,B,-0.0999133199984499,0.02639415365343309,0.08998869871841944,0.126307473651883,0.18990201871686935,0.06359454506498635,0,0
1_9971_u,0.0004717493507087,0.9278671846604992,-0.3978496304322817,-0.160528110456653,neutra,positiva,neutra,neutra,B,-0.46369771765489526,0.1991606898914952,0.08049992990368085,0.6628584075463905,0.5441976475585761,-0.11866075998781436,0,1
1_9972_u,0.0065892070915651,0.078958287516798,-0.0399673779755713,-0.2908802910824307,neutra,neutra,neutra,neutra,A,-0.036184540212616446,0.023278292533568203,0.14873474908699788,0.05946283274618465,0.18491928929961435,0.12545645655342968,0,1
1_9993_u,0.8832836656283689,0.0003466538391876,0.4381640500751605,0.0207571006903889,positiva,neutra,positiva,neutra,B,0.44146850589459063,0.2225598077766042,0.43126328246899,-0.21890869811798647,-0.01020522342560065,0.20870347469238582,0,0
1_S09E01_027_u,0.0021642957817675,0.0266420296020442,0.0092940211045757,-0.3787691812118284,neutra,neutra,neutra,negativa,B,-0.012238866910138351,-0.0035648626614041,0.19046673849679796,0.008674004248734251,0.2027056054069363,0.19403160115820206,0,0
1_S09E01_368_u,0.9540692860755372,-0.0069990837291697,0.0236837917099664,-0.3757496318896302,positiva,neutra,positiva,neutra,B,0.48053418490235345,0.4651927471827854,0.6649094589825837,-0.01534143771956805,0.18437527408023024,0.19971671179979827,0,0
1_S09E01_379_u,0.9917159467695456,0.3027175286533747,0.9988692844669224,-0.7794322067522444,positiva,neutra,positiva,negativa,B,0.3444992090580854,-0.0035766688486884024,0.8855740767608951,-0.34807587790677386,0.5410748677028095,0.8891507456095834,2,0
1_S09E01_403_u,-0.989574417239055,0.0008081225905698,-0.903861313193022,-0.9758350211137442,negativa,neutra,negativa,negativa,B,-0.49519126991481244,-0.042856552023016525,-0.006869698062655416,0.4523347178917959,0.488321571852157,0.03598685396036111,0,0
1_S09E01_439_u,-0.8304965960705886,-0.0311141840393247,-0.999712907046206,-0.3332076588296332,negativa,neutra,negativa,neutra,B,-0.3996912060156319,0.0846081554878087,-0.24864446862047768,0.48429936150344066,0.15104673739515426,-0.3332526241082864,0,0
1_S09E02_002_u,-0.9615836987723014,-0.0002835393115674,0.0,-0.76379451174289,negativa,neutra,neutra,negativa,B,-0.480650079730367,-0.4807918493861507,-0.0988945935147057,-0.0001417696557837,0.3817554862156613,0.381897255871445,0,0
1_S09E02_064_u,-0.9413984780985628,-0.3933386957942275,-0.9488828924413444,-0.3498297851532699,negativa,neutra,negativa,negativa,B,-0.2740298911521677,0.003742207171390788,-0.29578434647264645,0.2777720983235584,-0.02175445532047879,-0.29952655364403724,0,0
1_S09E02_078_u,0.4539265775947569,-0.7355686771043111,0.0237580594352508,-0.2607914065243677,neutra,negativa,neutra,neutra,B,0.594747627349534,0.21508425907975307,0.35735899205956234,-0.3796633682697809,-0.23738863528997167,0.14227473297980925,0,1
1_S09E02_178_u,0.0571584182471269,0.0054398031879827,-0.0747935903096955,-0.2633215049281717,neutra,neutra,neutra,neutra,A,0.0258593075295721,0.0659760042784112,0.1602399615876493,0.0401166967488391,0.1343806540580772,0.09426395730923809,0,1
1_S09E02_215_u,0.1776513052409427,-0.1915997611067723,0.1392339676460731,-0.3850504357833416,neutra,neutra,neutra,neutra,A,0.1846255331738575,0.019208668797434797,0.28135087051214214,-0.1654168643764227,0.09672533733828464,0.26214220171470737,0,1
1_S09E02_271_u,-0.9920302230093512,-0.0067790198336297,-0.9885431533421052,-0.4575552045309451,negativa,neutra,negativa,negativa,B,-0.49262560158786073,-0.001743534833622995,-0.26723750923920303,0.49088206675423773,0.2253880923486577,-0.26549397440558004,0,0
1_S09E02_371_u,-0.917158091076999,-0.9972708438072004,-0.0107613521146265,-0.9699076102348048,negativa,negativa,neutra,negativa,B,0.04005637636510073,-0.45319836948118625,0.026374759578902895,-0.493254745846287,-0.013681616786197837,0.47957312906008914,0,0
1_S09E02_386_u,0.9959435702003248,-0.5887537785310997,0.9850319461962544,-0.3885502777731746,positiva,negativa,positiva,negativa,B,0.7923486743657122,0.005455812002035154,0.6922469239867497,-0.7868928623636771,-0.10010175037896255,0.6867911119847145,4,0
1_S09E02_392_u,0.9882392132494716,0.9976552579337294,0.8803302130085233,-0.9654783868114466,positiva,positiva,positiva,negativa,B,-0.004708022342128915,0.05395450012047415,0.9768588000304591,0.05866252246260306,0.981566822372588,0.922904299909985,3,0
1_S09E02_424_u,-0.0007621462427778,-0.9276590433946694,0.0437836197124133,0.3098656210220521,neutra,negativa,neutra,neutra,B,0.4634484485759458,-0.02227288297759555,-0.15531388363241497,-0.48572133155354136,-0.6187623322083607,-0.1330410006548194,0,1
1_S09E03_056_u,-0.0004554121260298,-0.9875190041384484,0.8696964072314793,-0.4148204332101161,neutra,negativa,positiva,neutra,B,0.4935317960062093,-0.4350759096787546,0.20718251054204315,-0.9286077056849639,-0.28634928546416616,0.6422584202207977,1,0
1_S09E03_072_u,-0.0040928944217739,-0.0012365433885861,-0.0574272794055907,0.2623916725977323,neutra,neutra,neutra,positiva,B,-0.0014281755165939,0.0266671924919084,-0.1332422835097531,0.0280953680085023,-0.13181410799315918,-0.1599094760016615,0,0
1_S09E03_120_u,-0.1339471221472195,0.0025545966454956,-0.901222981385478,-0.929904510691995,neutra,neutra,negativa,negativa,B,-0.06825085939635754,0.38363792961912924,0.39797869427238775,0.4518887890154868,0.4662295536687453,0.014340764653258509,0,0
1_S09E03_125_u,-0.0032731636547396,0.0004517107308856,-0.5359157271987307,-0.3342973893624731,neutra,neutra,negativa,negativa,B,-0.0018624371928126,0.26632128177199554,0.16551211285386674,0.26818371896480814,0.16737455004667937,-0.1008091689181288,0,0
1_S09E03_135_u,0.0016851055397637,0.0203677927720491,0.0162223599844887,0.4613755712984129,neutra,neutra,neutra,positiva,B,-0.009341343616142701,-0.0072686272223625005,-0.2298452328793246,0.0020727163937802,-0.2205038892631819,-0.2225766056569621,0,0
1_S09E03_143_u,0.6761384735291358,0.0119544333701924,-0.0034422120670381,-0.5240354359382764,positiva,neutra,neutra,negativa,B,0.3320920200794717,0.33979034279808695,0.6000869547337061,0.007698322718615249,0.2679949346542344,0.26029661193561915,1,0
1_S09E03_170_u,0.4268886727259087,-0.0075037147471448,2.860857229802039e-06,-0.1599773595749866,neutra,neutra,neutra,neutra,A,0.21719619373652674,0.21344290593433946,0.29343301615044765,-0.003753287802187301,0.0762368224139209,0.0799901102161082,0,1
1_S09E03_233_u,0.0001329261340288,-0.9968567309315404,8.742646367687802e-05,-0.3228756406373578,neutra,negativa,neutra,negativa,B,0.4984948285327846,2.274983517596099e-05,0.1615042833856933,-0.4984720786976086,-0.33699054514709126,0.16148153355051734,0,0
1_S09E03_241_u,0.004487896025239,0.001009353887639,-1.4186615667728947e-05,0.0472301334763565,neutra,neutra,neutra,neutra,A,0.0017392710688000001,0.0022510413204533644,-0.021371118725558753,0.0005117702516533645,-0.02311038979435875,-0.023622160046012117,0,1
1_S09E03_359_u,0.0051270587737235,0.3965792004573814,0.6751069587516844,-0.0902553364692722,neutra,neutra,positiva,neutra,B,-0.19572607084182894,-0.3349899499889804,0.04769119762149785,-0.1392638791471515,0.24341726846332679,0.3826811476104783,0,0
1_S09E03_476_u,-0.0083295037184143,-0.0020839895878452,-0.8724209007505703,-0.4610604171699379,neutra,neutra,negativa,neutra,B,-0.00312275706528455,0.432045698516078,0.2263654567257618,0.4351684555813626,0.22948821379104634,-0.20568024179031622,0,0
1_S09E04_015_u,0.3347928571674856,0.0004583998161251,-7.142383202747723e-05,-0.1979070221743314,neutra,neutra,neutra,negativa,B,0.16716722867568024,0.16743214049975652,0.2663499396709085,0.0002649118240762886,0.09918271099522825,0.09891779917115195,0,0
1_S09E04_053_u,0.3083890439138486,-0.9957295499625616,0.9999999962768362,0.1007843228057026,neutra,negativa,positiva,positiva,B,0.6520592969382051,-0.3458054761814938,0.10380236055407299,-0.9978647731196989,-0.5482569363841321,0.4496078367355668,2,0
1_S09E04_074_u,-0.1150698964192997,0.0038278355677903,-0.0002879995401356,0.4718180636875332,neutra,neutra,neutra,positiva,B,-0.059448865993545,-0.05739094843958205,-0.29344398005341643,0.00205791755396295,-0.23399511405987145,-0.2360530316138344,0,0
1_S09E04_088_u,0.9688960735684304,0.0960231819080945,0.0,0.768581052031368,positiva,neutra,neutra,positiva,B,0.43643644583016794,0.4844480367842152,0.10015751076853124,0.04801159095404725,-0.33627893506163675,-0.384290526015684,0,0
1_S09E04_106_u,-0.0010229318077108,0.853181967870114,-1.4776878057156937e-06,-0.1938613896491006,neutra,positiva,neutra,neutra,B,-0.42710244983891243,-0.0005107270599525422,0.0964192289206949,0.42659172277895985,0.5235216787596073,0.09692995598064744,0,1
1_S09E04_207_u,-0.0065416454544902,-0.9929056133623816,0.962365723979862,-0.0857029322069138,neutra,negativa,positiva,neutra,B,0.4931819839539457,-0.4844536847171761,0.0395806433762118,-0.9776356686711218,-0.4536013405777339,0.5240343280933879,1,0
1_S09E04_230_u,0.0110335655090239,0.0020727548317154,0.954546668191438,-0.5452277020900511,neutra,neutra,positiva,negativa,B,0.00448040533865425,-0.47175655134120703,0.2781306337995375,-0.47623695667986127,0.27365022846088327,0.7498871851407445,1,0
1_S09E04_267_u,-0.9301896346078138,0.0038337291071002,-0.1509829633959438,-0.8447637296165341,negativa,neutra,neutra,negativa,B,-0.467011681857457,-0.38960333560593496,-0.04271295249563983,0.077408346251522,0.4242987293618172,0.3468903831102952,0,0
1_S09E04_288_u,-7.77328332333127e-05,0.9967863176643732,-0.1185289065908762,-0.7476546397665518,neutra,positiva,neutra,negativa,B,-0.49843202524880326,0.05922558687882144,0.37378845346665923,0.5576576121276247,0.8722204787154625,0.3145628665878378,1,0
1_S09E04_342_u,-0.0128976197811425,-0.9985287099516428,0.9999441366635392,0.1303064305335283,neutra,negativa,positiva,positiva,B,0.49281554508525016,-0.5064208782223408,-0.07160202515733541,-0.999236423307591,-0.5644175702425855,0.43481885306500545,2,0
1_S09E04_351_u,0.9990301170328166,0.997889485817268,0.0332593967341098,-0.0793957214336843,positiva,positiva,neutra,neutra,B,0.0005703156077743188,0.4828853601493534,0.5392129192332504,0.4823150445415791,0.5386426036254761,0.05632755908389705,0,1
1_S09E04_382_u,-0.0137319083878537,-0.0212984762183623,0.0821334588815739,0.0306264663580804,neutra,neutra,neutra,neutra,A,0.0037832839152543004,-0.0479326836347138,-0.02217918737296705,-0.0517159675499681,-0.02596247128822135,0.02575349626174675,0,1
1_S09E05_022_u,-0.0187550524806283,0.5314048227173771,0.0135830213301573,-0.8620137984631585,neutra,positiva,neutra,negativa,B,-0.2750799375990027,-0.0161690369053928,0.42162937299126513,0.2589109006936099,0.6967093105902677,0.4377984098966579,1,0
1_S09E05_213_u,0.0015154245866142,-0.0593215446860995,0.0010405035642999,-0.7674282249237878,neutra,neutra,neutra,negativa,B,0.030418484636356852,0.00023746051115715002,0.38447182475520103,-0.0301810241251997,0.35405334011884415,0.38423436424404384,0,0
1_S09E05_222_u,-0.6358326887711883,0.0006315447908491,-0.0111643018285634,-0.4459343827678824,negativa,neutra,neutra,neutra,B,-0.3182321167810187,-0.3123341934713124,-0.09494915300165294,0.00589792330970625,0.22328296377936574,0.2173850404696595,0,1
1_S09E05_258_u,0.006773647279715,0.0080163696802628,0.9995167595193494,-0.2209374189027586,neutra,neutra,positiva,neutra,B,-0.0006213612002738999,-0.4963715561198172,0.11385553309123679,-0.4957501949195433,0.1144768942915107,0.610227089211054,0,0
1_S09E05_278_u,0.9273681962031332,0.0046060518589001,0.9999550126954064,-0.2446279547235463,positiva,neutra,positiva,negativa,B,0.46138107217211655,-0.03629340824613664,0.5859980754633397,-0.4976744804182532,0.12461700329122319,0.6222914837094764,2,0
1_S09E05_284_u,0.6163052403899201,0.0277618055397397,-0.9999999362555926,-0.463806426851079,positiva,neutra,negativa,negativa,B,0.2942717174250902,0.8081525883227563,0.5400558336204995,0.5138808708976661,0.24578411619540935,-0.2680967547022568,2,0
1_S09E05_291_u,0.0443624500694568,-0.0125176375113369,0.8695842906781124,-0.2680569905263838,neutra,neutra,positiva,neutra,B,0.02844004379039685,-0.4126109203043278,0.1562097202979203,-0.44105096409472466,0.12776967650752347,0.5688206406022481,0,0
1_S09E06_055_u,0.260448938234731,-9.92478971966193e-05,0.0488901668260362,-0.283988631842658,neutra,neutra,neutra,neutra,A,0.1302740930659638,0.10577938570434739,0.27221878503869446,-0.024494707361616408,0.14194469197273069,0.1664393993343471,0,1
1_S09E06_168_u,-0.0014244154726839,0.0580379194943816,2.1679210149538376e-05,-0.7400260705151596,neutra,neutra,neutra,negativa,B,-0.029731167483532748,-0.0007230473414167192,0.36930082752123783,0.02900812014211603,0.3990319950047706,0.37002387486265453,0,0
1_S09E07_054_u,0.9972369837705628,-0.9665959679514344,0.0,0.053557558369357,positiva,negativa,neutra,neutra,B,0.9819164758609986,0.4986184918852814,0.4718397127006029,-0.4832979839757172,-0.5100767631603957,-0.0267787791846785,1,1
1_S09E07_135_u,2.9294946216396056e-05,-0.997159154539986,0.0,-0.41517704269354,neutra,negativa,neutra,neutra,B,0.4985942247431012,1.4647473108198028e-05,0.2076031688198782,-0.498579577269993,-0.29099105592322305,0.20758852134677,0,1
1_S09E07_285_u,0.0006373970772983,-0.9917114221898372,0.0237927666391936,-0.2221059257746675,neutra,negativa,positiva,neutra,B,0.49617440963356774,-0.01157768478094765,0.1113716614259829,-0.5077520944145154,-0.38480274820758487,0.12294934620693056,1,0
1_S09E08_255_u,-0.0075028003629995,-0.0480511985952034,-0.3301190838909774,0.4004046144807944,neutra,neutra,neutra,positiva,B,0.020274199116101947,0.16130814176398894,-0.20395370742189695,0.141033942647887,-0.2242279065379989,-0.3652618491858859,0,0
1_S09E10_065_u,0.015471289062134,-0.895294607267715,-0.0498107796415417,-0.2466430116328411,neutra,negativa,neutra,neutra,B,0.45538294816492453,0.03264103435183785,0.13105715034748755,-0.4227419138130867,-0.324325797817437,0.0984161159956497,0,1
1_S09E10_208_u,0.2036510349626041,-0.8983688065200113,-0.0162408675857611,-0.4368579289643094,neutra,negativa,neutra,neutra,B,0.5510099207413077,0.1099459512741826,0.32025448196345674,-0.4410639694671251,-0.23075543877785093,0.21030853068927416,0,1
1_S09E11_045_u,0.7573452870883557,0.0173497903961106,0.9883105111896658,-0.9477968423976564,positiva,neutra,positiva,negativa,B,0.36999774834612253,-0.11548261205065508,0.852571064743006,-0.4854803603967776,0.4825733163968835,0.9680536767936612,2,0
1_S09E12_184_u,0.768070007683491,-0.979275856538152,0.9995631631874464,0.4259858554985839,positiva,negativa,positiva,positiva,B,0.8736729321108214,-0.11574657775197772,0.17104207609245353,-0.9894195098627991,-0.7026308560183679,0.28678865384443125,3,0
1_S09E12_369_u,0.1322769970065564,0.9354924559193024,-0.2331931528442338,-0.8815462148806548,neutra,positiva,neutra,negativa,B,-0.401607729456373,0.1827350749253951,0.5069116059436056,0.5843428043817681,0.9085193353999785,0.3241765310182105,1,0
1_S09E13_024_u,0.9968452583598264,0.9976035579838936,0.9973210686062788,-0.2849207109044074,positiva,positiva,positiva,negativa,B,-0.00037914981203357456,-0.00023790512322618973,0.6408829846321169,0.00014124468880738483,0.6412621344441505,0.6411208897553431,3,0
1_S09E14_045_u,0.0005987175427435,-0.0085372485482366,-0.0596920939556684,0.2191296496428549,neutra,neutra,neutra,neutra,A,0.0045679830454900495,0.03014540574920595,-0.1092654660500557,0.0255774227037159,-0.11383344909554574,-0.13941087179926165,0,1
1_S09E14_455_u,0.0441543323813675,0.163870426484209,-0.0520846297583568,-0.4397965413867498,neutra,neutra,neutra,negativa,B,-0.05985804705142075,0.04811948106986215,0.24197543688405865,0.10797752812128289,0.3018334839354794,0.19385595581419648,0,0
1_S09E16_101_u,0.307518128580341,0.9728618122753688,0.9584064397585866,-0.7956449220655488,neutra,positiva,positiva,negativa,B,-0.3326718418475139,-0.3254441555891228,0.5515815253229449,0.007227686258391097,0.8842533671704589,0.8770256809120678,2,0
1_S09E16_189_u,-0.3788142618650454,0.6509481418252108,-0.0427330779843483,-0.6944935890147463,neutra,positiva,positiva,negativa,B,-0.5148812018451281,-0.16804059194034857,0.15783966357485046,0.34684060990477955,0.6727208654199786,0.325880255515199,2,0
1_S09E18_033_u,-0.0110597366765432,0.0123529860247799,0.0008385430690296,0.0296163603750755,neutra,neutra,neutra,positiva,B,-0.01170636135066155,-0.0059491398727864,-0.020338048525809352,0.00575722147787515,-0.0086316871751478,-0.01438890865302295,0,0
1_S09E18_147_u,0.9976147296911222,-0.003255997477936,0.9974258618765492,-0.5711153824056966,positiva,neutra,positiva,negativa,B,0.5004353635845291,9.443390728647305e-05,0.7843650560484094,-0.5003409296772426,0.2839296924638803,0.7842706221411229,2,0
1_S09E18_357_u,8.077245502136066e-05,0.0005638440043185,0.0,-0.7302628324949184,neutra,neutra,neutra,negativa,B,-0.00024153577464856965,4.038622751068033e-05,0.3651718024749699,0.00028192200215925,0.36541333824961847,0.3651314162474592,0,0
1_S09E19_044_u,0.0110796220906195,0.2933216778328642,-0.0013825041810791,-0.1056900877796579,neutra,neutra,neutra,neutra,A,-0.14112102787112235,0.0062310631358493,0.058384854935138696,0.14735209100697166,0.19950588280626105,0.052153791799289397,0,1
1_S09E20_029_u,0.2601340143764901,0.607597735885065,0.0,-0.1399807901820168,neutra,positiva,neutra,neutra,B,-0.17373186075428748,0.13006700718824504,0.20005740227925345,0.3037988679425325,0.37378926303354093,0.0699903950910084,0,1
1_S09E20_127_u,-0.0008822798718028,0.0029786498562316,-0.1287725278321171,-0.1190188297361601,neutra,neutra,neutra,neutra,A,-0.0019304648640172,0.06394512398015714,0.05906827493217865,0.06587558884417435,0.06099873979619585,-0.004876849047978499,0,1
1_S09E20_156_u,0.0101026880611243,0.0822933012241264,-0.9822835924654448,-0.4545017238648144,neutra,neutra,negativa,negativa,B,-0.03609530658150105,0.4961931402632846,0.23230220596296935,0.5322884468447856,0.2683975125444704,-0.2638909343003152,0,0
1_S09E20_179_u,-0.1871734087144432,0.102112085558474,-0.7581952034825843,-0.6699350459617563,neutra,neutra,negativa,negativa,B,-0.1446427471364586,0.28551089738407054,0.24138081862365657,0.4301536445205291,0.38602356576011515,-0.04413007876041397,0,0
1_S09E20_237_u,0.0053349606259871,0.0348898170159373,-0.0189551012014813,-0.4383082245243714,neutra,neutra,neutra,neutra,A,-0.014777428194975097,0.0121450309137342,0.22182159257517925,0.026922459108709298,0.23659902077015435,0.20967656166144505,0,1
1_S09E20_354_u,-0.0015610998671036,0.0354613998351851,-0.0244384464872621,-0.8199943481246011,neutra,neutra,neutra,negativa,B,-0.01851124985114435,0.01143867331007925,0.40921662412874876,0.0299499231612236,0.42772787397989315,0.3977779508186695,0,0
1_S09E21_024_u,-0.0001787660512491,-0.004699269798948,-0.0002958272591426,-0.7342542089871131,neutra,neutra,neutra,negativa,B,0.00226025187384945,5.853060394674999e-05,0.367037721467932,-0.0022017212699027,0.3647774695940826,0.3669791908639853,0,0
1_S09E21_255_u,0.3570967976847896,-0.9986973757768284,0.0,-0.3008521798474249,neutra,negativa,neutra,neutra,B,0.677897086730809,0.1785483988423948,0.32897448876610724,-0.4993486878884142,-0.3489225979647017,0.15042608992371245,0,1
1_S09E21_401_u,-0.1434313245117664,0.172047917774762,0.2132895539234484,0.5027276472537777,neutra,positiva,positiva,positiva,B,-0.1577396211432642,-0.1783604392176074,-0.3230794858827721,-0.020620818074343197,-0.16533986473950785,-0.14471904666516466,0,0
1_S09E22_015_u,0.7901908160929452,0.997863633550878,0.0138246261500325,-0.7518414509511786,positiva,positiva,neutra,negativa,B,-0.10383640872896643,0.3881830949714563,0.7710161335220619,0.49201950370042274,0.8748525422510283,0.3828330385506056,2,0
1_S09E22_075_u,0.9967871256721992,0.2731435965724813,-0.8898211747264587,-0.1056448294781149,positiva,neutra,negativa,negativa,B,0.3618217645498589,0.9433041501993289,0.5512159775751571,0.58148238564947,0.18939421302529807,-0.3920881726241719,2,0
1_S09E23_017_u,-0.0050840182957472,7.05077763996087e-05,-0.6871266220778994,-0.6043100909620991,neutra,neutra,negativa,negativa,B,-0.0025772630360734045,0.3410213018910761,0.29961303633317593,0.3435985649271495,0.30219029936924935,-0.04140826555790017,0,0
1_S09E23_102_u,0.010309757766663,-0.9247882279887564,-0.4745264612431733,-0.516420564451255,neutra,negativa,neutra,negativa,B,0.4675489928777097,0.24241810950491816,0.26336516110895897,-0.22513088337279152,-0.2041838317687507,0.02094705160404081,0,0
1_S09E23_270_u,-6.876969018776435e-05,0.0064754313207231,-0.0454534026964579,-0.2926159993134208,neutra,positiva,neutra,negativa,B,-0.0032721005054554323,0.02269231650313507,0.14627361481161652,0.0259644170085905,0.14954571531707195,0.12358129830848145,1,0
1_S09E23_420_u,0.9973030609835404,0.0016457168967463,0.3480732338819335,-0.0867942218377721,positiva,neutra,positiva,neutra,B,0.49782867204339704,0.3246149135508034,0.5420486414106562,-0.1732137584925936,0.0442199693672592,0.21743372785985282,0,0
1_S09E24_014_u,-0.0002120322496921,0.9978216432118644,-0.0057001000912928,-0.5527774253976532,neutra,positiva,neutra,negativa,B,-0.49901683773077826,0.00274403392080035,0.2762826965739805,0.5017608716515786,0.7752995343047588,0.27353866265318016,1,0
1_S09E24_152_u,0.0985489624763431,0.9971080279538,-0.0264677429635205,-0.6720734943490243,neutra,positiva,neutra,negativa,B,-0.44927953273872845,0.0625083527199318,0.3853112284126837,0.5117878854586603,0.8345907611514122,0.3228028756927519,1,0
1_S10E01_075_u,0.9834531120222892,-0.0765577830206893,0.9999970189855268,-0.0901315991941374,positiva,neutra,positiva,neutra,B,0.5300054475214893,-0.008271953481618799,0.5367923556082134,-0.5382774010031081,0.006786908086724046,0.5450643090898322,0,0
1_S10E01_197_u,0.0023782534408383,0.9974535540550278,0.1263106344094242,0.3201346558751538,neutra,positiva,positiva,neutra,B,-0.49753765030709474,-0.06196619048429294,-0.15887820121715773,0.43557145982280177,0.338659449089937,-0.09691201073286479,0,0
1_S10E01_225_u,0.5908447999681812,-0.0039826277643442,0.0047701659893635,0.0410073217470198,positiva,neutra,neutra,neutra,B,0.2974137138662627,0.2930373169894088,0.2749187391105807,-0.004376396876853849,-0.022494974755682,-0.01811857787882815,0,1
1_S10E01_381_u,-0.0001089558718376,-0.0206883663122425,-0.0303217088492929,-0.1208587971515954,neutra,neutra,neutra,neutra,A,0.01028970522020245,0.01510637648872765,0.060374920639878905,0.0048166712685252,0.050085215419676456,0.04526854415115125,0,1
1_S10E01_474_u,-8.717861055629328e-05,0.993461747537367,0.0003213174874345,-0.2085048911394552,neutra,positiva,neutra,negativa,B,-0.49677446307396167,-0.00020424804899539663,0.10420885626444945,0.4965702150249663,0.6009833193384111,0.10441310431344485,1,0
1_S10E02_101_u,-0.0221068310129339,0.5687238982063718,-0.0103924555081338,-0.2736696184612811,neutra,positiva,neutra,negativa,B,-0.29541536460965284,-0.00585718775240005,0.12578139372417357,0.2895581768572528,0.4211967583338264,0.13163858147657365,1,0
1_S10E02_123_u,-0.222277287277393,0.9771938283611236,-0.463818697315399,-0.0745096188969911,neutra,positiva,negativa,neutra,B,-0.5997355578192582,0.120770705019003,-0.07388383419020095,0.7205062628382612,0.5258517236290573,-0.19465453920920395,1,0
1_S10E02_327_u,-0.0006596455314138,-0.0030973230532254,0.6885297789258139,0.2311343207431489,neutra,neutra,positiva,neutra,B,0.0012188387609058,-0.3445947122286139,-0.11589698313728135,-0.34581355098951966,-0.11711582189818716,0.2286977290913325,0,0
1_S10E02_372_u,-0.1052002154538058,-0.7171195574046578,0.0821228996656423,0.5527219172741751,neutra,negativa,neutra,positiva,B,0.30595967097542603,-0.09366155755972405,-0.3289610663639904,-0.3996212285351501,-0.6349207373394165,-0.2352995088042664,1,0
1_S10E03_144_u,0.9981572002143366,-0.6063201527285855,0.0509764163918325,-0.4355396181839753,positiva,negativa,neutra,negativa,B,0.8022386764714611,0.4735903919112521,0.7168484091991559,-0.328648284560209,-0.08539026727230511,0.2432580172879039,2,0
1_S10E03_154_u,0.0013253422639536,0.9892845739414042,0.9979348829724778,0.752698307938408,neutra,positiva,positiva,positiva,B,-0.4939796158387253,-0.49830477035426207,-0.37568648283722716,-0.004325154515536778,0.11829313300149813,0.12261828751703491,0,0
1_S10E03_177_u,0.6874185364940786,-0.1042379614737001,0.0,0.1393907979130743,positiva,neutra,neutra,neutra,B,0.39582824898388935,0.3437092682470393,0.27401386929050214,-0.05211898073685005,-0.1218143796933872,-0.06969539895653715,0,1
1_S10E03_224_u,-0.9944698061735836,0.0001789231546354,-0.8899184051459406,-0.9576198758861414,negativa,neutra,negativa,negativa,B,-0.4973243646641095,-0.05227570051382152,-0.018424965143721106,0.445048664150288,0.4788993995203884,0.033850735370100415,0,0
1_S10E03_260_u,0.7636383057106286,-0.9908202242404514,0.0017023628700235,-0.8719952651299538,positiva,negativa,neutra,negativa,B,0.87722926497554,0.3809679714203026,0.8178167854202912,-0.4962612935552374,-0.059412479555248754,0.43684881399998865,2,0
1_S10E03_282_u,-0.9898653618292884,-0.9907296708897776,-0.9900501060814644,-0.1702486876398326,negativa,negativa,negativa,neutra,B,0.0004321545302445884,9.237212608798062e-05,-0.4098083370947279,-0.00033978240415660776,-0.4102404916249725,-0.4099007092208159,0,0
1_S10E03_311_u,0.0089871241425498,-0.0017463447147747,-0.4448340090259036,-0.3374339021916968,neutra,neutra,neutra,neutra,A,0.0053667344286622495,0.2269105665842267,0.1732105131671233,0.22154383215556445,0.16784377873846104,-0.053700053417103405,0,1
1_S10E04_007_u,0.994893364906602,-0.1276610994245857,0.91329992550503,0.0865578226279466,positiva,neutra,positiva,neutra,B,0.5612772321655939,0.040796719700785966,0.45416777113932766,-0.5204805124648079,-0.10710946102626615,0.4133710514385417,0,0
1_S10E04_021_u,-0.0425953079102328,0.9705486618277064,-0.8202953558215914,-0.1949771344661713,neutra,positiva,negativa,neutra,B,-0.5065719848689696,0.3888500239556793,0.07619091327796924,0.895422008824649,0.5827628981469388,-0.3126591106777101,1,0
1_S10E04_043_u,-0.0003917314161299,0.0727047532054712,0.0,-0.1529125925735571,neutra,neutra,neutra,neutra,A,-0.036548242310800554,-0.00019586570806495,0.07626043057871361,0.0363523766027356,0.11280867288951416,0.07645629628677855,0,1
1_S10E04_057_u,-0.9974379082050292,0.1804591524705756,-0.104159818096406,-0.1591196105116979,negativa,neutra,neutra,neutra,B,-0.5889485303378024,-0.4466390450543116,-0.41915914884666566,0.1423094852834908,0.16978938149113676,0.027479896207645953,0,1
1_S10E04_082_u,0.8507686841148825,0.0091949067136738,-0.0810817933675854,-0.8260447060805747,positiva,neutra,neutra,negativa,B,0.4207868887006043,0.4659252387412339,0.8384066950977286,0.045138350040629605,0.41761980639712426,0.37248145635649466,1,0
1_S10E04_105_u,0.240560772516801,0.991230390543933,-0.4717107465681025,0.073875232390128,neutra,positiva,neutra,neutra,B,-0.37533480901356603,0.35613575954245175,0.0833427700633365,0.7314705685560178,0.45867757907690254,-0.27279298947911523,0,1
1_S10E04_158_u,-0.0003919301016139,0.0043336358148735,-0.0249606275539338,-0.886395567195723,neutra,neutra,neutra,negativa,B,-0.0023627829582437,0.01228434872615995,0.44300181854705456,0.01464713168440365,0.4453646015052982,0.4307174698208946,0,0
1_S10E04_177_u,-0.9349540687253466,-0.1449970316025428,0.0,-0.1247813835681882,negativa,neutra,neutra,neutra,B,-0.39497851856140187,-0.4674770343626733,-0.4050863425785792,-0.0724985158012714,-0.010107824017177296,0.0623906917840941,0,1
1_S10E04_194_u,-0.0187769030308118,0.6680460675124777,-0.9976760436882908,-0.1459997263096739,neutra,positiva,negativa,neutra,B,-0.3434114852716448,0.4894495703287395,0.06361141163943104,0.8328610556003843,0.40702289691107585,-0.4258381586893084,1,0
1_S10E04_238_u,0.9870738306581188,-0.0634446620460948,0.961574169847389,-0.3183906650519931,positiva,neutra,positiva,neutra,B,0.5252592463521069,0.012749830405364926,0.6527322478550559,-0.5125094159467419,0.12747300150294916,0.6399824174496911,0,0
1_S10E04_262_u,0.0001581188807904,-0.0013172589624446,0.0172271730491359,-0.0486950382415672,neutra,neutra,neutra,neutra,A,0.0007376889216175,-0.008534527084172749,0.0244265785611788,-0.00927221600579025,0.0236888896395613,0.03296110564535155,0,1
1_S10E04_277_u,-0.9049666409737256,-0.00183895036389,-0.9452060398422862,-0.0924185495357961,negativa,neutra,negativa,positiva,B,-0.4515638453049178,0.020119699434280325,-0.40627404571896475,0.4716835447391981,0.045289799585953056,-0.4263937451532451,2,0
1_S10E04_307_u,-0.8976491507783066,-0.0091109915374545,-0.9997460187873424,-0.0045894615352154,negativa,neutra,negativa,neutra,B,-0.44426907962042606,0.05104843400451786,-0.4465298446215456,0.4953175136249439,-0.00226076500111955,-0.49757827862606346,0,0
1_S10E04_343_u,0.0001931654137479,-0.1656552016356727,-0.7134277568733796,-0.4176756645552815,neutra,neutra,negativa,negativa,B,0.0829241835247103,0.35681046114356374,0.2089344149845147,0.2738862776188534,0.1260102314598044,-0.14787604615904903,0,0
1_S10E04_361_u,-0.0170744112401735,0.2145089237073989,0.6839955052105798,-0.3416096837201622,neutra,neutra,positiva,negativa,B,-0.1157916674737862,-0.35053495822537667,0.16226763623999435,-0.23474329075159045,0.27805930371378057,0.512802594465371,1,0
1_S10E04_398_u,-0.5877908820984885,-0.7856820265951683,-0.5889298758741414,-0.3210294672113379,negativa,negativa,negativa,neutra,B,0.09894557224833989,0.0005694968878264262,-0.1333807074435753,-0.09837607536051346,-0.2323262796919152,-0.13395020433140173,0,0
1_S10E04_403_u,-0.00291849043424,-0.8745572298685147,-0.3933247407909443,-0.3747831378132106,neutra,negativa,negativa,neutra,B,0.43581936971713736,0.19520312517835217,0.1859323236894853,-0.2406162445387852,-0.24988704602765205,-0.009270801488866859,0,0
1_S10E05_079_u,0.2560168413747306,0.9925756997727148,-0.0011214676367977,-0.246338657476008,neutra,positiva,neutra,neutra,B,-0.3682794291989921,0.12856915450576414,0.2511777494253693,0.4968485837047562,0.6194571786243613,0.12260859491960514,0,1
1_S10E05_110_u,-0.9976743413571968,-0.1784349468507571,-0.9889484874135638,0.0656400201260111,negativa,neutra,negativa,neutra,B,-0.40961969725321984,-0.004362926971816505,-0.531657180741604,0.40525677028140333,-0.12203748348838409,-0.5272942537697874,0,0
1_S10E05_120_u,0.0235001655146334,-0.0193896554155799,0.1782423700520173,0.0857274238485842,neutra,neutra,neutra,neutra,A,0.02144491046510665,-0.07737110226869194,-0.031113629166975403,-0.0988160127337986,-0.05255853963208205,0.046257473101716545,0,1
1_S10E05_288_u,-0.9863804630658706,0.8924626945763521,0.2251587288456384,0.2150661454846461,negativa,positiva,positiva,positiva,B,-0.9394215788211113,-0.6057695959557545,-0.6007233042752583,0.33365198286535686,0.338698274545853,0.005046291680496154,3,0
1_S10E05_319_u,0.0229695897432975,-0.0005400146274041,0.0,-0.3502997561648954,neutra,neutra,neutra,neutra,A,0.011754802185350799,0.01148479487164875,0.18663467295409644,-0.00027000731370205,0.17487987076874564,0.1751498780824477,0,1
1_S10E06_003_u,0.2335766219171091,-0.7566236824495718,3.51286136905442e-05,-0.9773066627793016,neutra,negativa,neutra,negativa,B,0.49510015218334047,0.11677074665170928,0.6054416423482053,-0.3783294055316312,0.11034149016486489,0.4886708956964961,0,0
1_S10E06_062_u,0.7721423250586668,-0.0002037281810771,0.7399350997542398,0.0435884291888213,positiva,neutra,positiva,positiva,B,0.3861730266198719,0.016103612652213495,0.3642769479349227,-0.3700694139676584,-0.021896078684949197,0.3481733352827092,0,0
1_S10E06_091_u,0.2709792785117315,0.5004716993717011,0.0,-0.0718477491696831,neutra,positiva,neutra,positiva,B,-0.11474621042998481,0.13548963925586574,0.1714135138407073,0.25023584968585055,0.2861597242706921,0.03592387458484155,0,0
1_S10E06_166_u,0.0762901326725113,0.9943189722398528,0.000948672253188,-0.6228090508549942,neutra,positiva,neutra,negativa,B,-0.45901441978367075,0.03767073020966165,0.3495495917637527,0.4966851499933324,0.8085640115474235,0.31187886155409106,1,0
1_S10E06_255_u,-0.1236002149817068,0.006732282447956,0.724019718818106,0.0033019171503837,neutra,neutra,positiva,positiva,B,-0.0651662487148314,-0.4238099668999064,-0.06345106606604525,-0.358643718185075,0.0017151826487861498,0.36035890083386113,0,0
1_S10E07_069_u,0.9969547593073004,0.999058146414427,0.8368395386560334,0.791510628904992,positiva,positiva,positiva,positiva,A,-0.0010516935535633265,0.08005761032563347,0.10272206520115418,0.08110930387919679,0.1037737587547175,0.022664454875520712,0,0
1_S10E07_110_u,0.0006598855416086,-0.9723705230571796,0.999754081890266,-0.2726878605084494,neutra,negativa,positiva,negativa,B,0.4865152042993941,-0.49954709817432874,0.136673873025029,-0.9860623024737228,-0.3498413312743651,0.6362209711993577,2,0
1_S10E07_140_u,0.0473815521982032,0.8607997832004912,0.0028274963371111,-0.7563327497686261,neutra,positiva,neutra,negativa,B,-0.406709115501144,0.022277027930546048,0.4018571509834146,0.42898614343169006,0.8085662664845586,0.3795801230528686,1,0
1_S10E07_163_u,0.0106070497593009,-0.3452644141798373,0.2553856168992247,0.0068143661483189,neutra,neutra,neutra,neutra,A,0.17793573196956908,-0.12238928356996188,0.001896341805491,-0.30032501553953095,-0.17603939016407807,0.12428562537545289,0,1
1_S10E07_187_u,-0.0001285807120439,-0.0021865322523808,0.7231292147104902,-0.0976018688608228,neutra,neutra,positiva,neutra,B,0.00102897577016845,-0.36162889771126705,0.04873664407438945,-0.36265787348143547,0.047707668304221,0.4103655417856565,0,0
1_S10E07_198_u,0.8825796942273882,-0.9657364703016356,-0.032092273369705,-0.1949666039552541,positiva,negativa,neutra,neutra,B,0.9241580822645119,0.4573359837985466,0.5387731490913211,-0.4668220984659653,-0.3853849331731907,0.08143716529277455,1,1
1_S10E07_247_u,0.997672898019573,-0.5071381177185685,0.9915296308307144,-0.3398643226915738,positiva,neutra,positiva,neutra,B,0.7524055078690708,0.0030716335944293016,0.6687686103555734,-0.7493338742746415,-0.08363689751349737,0.6656969767611441,0,0
1_S10E07_267_u,-0.0697328295500483,-0.0004106502401555,-0.1103487813669297,0.068922686803853,neutra,neutra,neutra,neutra,A,-0.034661089654946395,0.020307975908440704,-0.06932775817695064,0.0549690655633871,-0.03466666852200425,-0.08963573408539136,0,1
1_S10E08_063_u,-9.51379679463571e-05,0.0034757165885821,-0.3054347008963394,0.0674285602755844,neutra,neutra,neutra,positiva,B,-0.0017854272782642285,0.15266978146419652,-0.03376184912176538,0.15445520874246074,-0.03197642184350115,-0.1864316305859619,0,0
1_S10E08_131_u,0.000389553797504,-0.2123227478878107,-0.7219825811004568,-0.940804992732592,neutra,neutra,negativa,negativa,B,0.10635615084265734,0.3611860674489804,0.470597273265048,0.25482991660632304,0.36424112242239065,0.10941120581606761,0,0
1_S10E08_140_u,0.8645867746236036,-0.0013981308729853,0.0034180421759712,-0.4599972628289835,positiva,neutra,neutra,neutra,B,0.43299245274829445,0.4305843662238162,0.6622920187262935,-0.00240808652447825,0.2292995659779991,0.23170765250247735,0,1
1_S10E09_021_u,0.9873840538871264,0.9910254823898867,0.0476738764883608,-0.605802757467609,positiva,positiva,neutra,negativa,B,-0.0018207142513801955,0.46985508869938275,0.7965934056773677,0.47167580295076295,0.7984141199287479,0.32673831697798494,2,0
1_S10E09_066_u,0.0018920941456599,0.0014399462306755,-0.0134972792087256,0.0634700240509118,neutra,neutra,neutra,neutra,A,0.00022607395749219992,0.00769468667719275,-0.030788964952625952,0.00746861271970055,-0.031015038910118153,-0.038483651629818705,0,1
1_S10E09_081_u,0.0011962862035943,-0.0009106536745093,0.9999997592372302,0.1882964615826494,neutra,neutra,positiva,neutra,B,0.0010534699390517999,-0.4994017365168179,-0.09355008768952755,-0.5004552064558697,-0.09460355762857935,0.4058516488272904,0,0
1_S10E09_100_u,-0.0008548560344934,0.780757833745156,0.1561113777318882,-0.8735358797071969,neutra,positiva,positiva,negativa,B,-0.3908063448898247,-0.0784831168831908,0.43634051183635175,0.31232322800663387,0.8271468567261764,0.5148236287195426,2,0
1_S10E09_169_u,-0.0338159382590674,0.0190107882554002,-0.011454557403309,-0.7441622892103625,neutra,neutra,neutra,negativa,B,-0.026413363257233802,-0.011180690427879201,0.3551731754756476,0.015232672829354602,0.3815865387328814,0.36635386590352675,0,0
1_S10E09_186_u,0.0184844451641765,-0.268477079058357,0.0385095276518832,-0.3335357237316203,neutra,neutra,neutra,neutra,A,0.14348076211126676,-0.01001254124385335,0.17601008444789842,-0.1534933033551201,0.032529322336631666,0.18602262569175176,0,1
1_S10E09_194_u,-0.0019750935607589,-0.9642570826399606,0.6066411644531025,-0.336117596330587,neutra,negativa,positiva,neutra,B,0.48114099453960085,-0.30430812900693066,0.16707125138491405,-0.7854491235465315,-0.3140697431546868,0.47137938039184474,1,0
1_S10E09_258_u,-0.0005893617581023,0.98833696197471,0.3007336387229312,0.024055963999126,neutra,positiva,neutra,neutra,B,-0.49446316186640615,-0.15066150024051675,-0.01232266287861415,0.34380166162588943,0.482140498987792,0.13833883736190258,0,1
1_S10E09_324_u,-0.9946749455993996,0.9969817712735676,-0.9717347741736382,-0.4322256142506376,negativa,positiva,negativa,negativa,B,-0.9958283584364835,-0.011470085712880718,-0.281224665674381,0.9843582727236029,0.7146036927621026,-0.2697545799615003,3,0
1_S10E10_009_u,0.2088821344168536,0.696845607679279,0.999975908362762,-0.3356797946384177,neutra,positiva,positiva,negativa,B,-0.24398173663121273,-0.39554688697295415,0.2722809645276356,-0.15156515034174145,0.5162627011588483,0.6678278515005898,2,0
1_S10E10_090_u,0.7706118158293975,0.981809012566373,-0.0737533298067775,-0.1836059850174935,positiva,positiva,neutra,neutra,B,-0.10559859836848773,0.4221825728180875,0.4771089004234455,0.5277811711865752,0.5827074987919333,0.054926327605358004,0,1
1_S10E10_158_u,0.0093238046865735,-0.0225153138962923,-0.0542910095348194,0.4500782679941039,neutra,neutra,neutra,positiva,B,0.0159195592914329,0.03180740711069645,-0.2203772316537652,0.01588784781926355,-0.2362967909451981,-0.2521846387644616,0,0
1_S10E10_269_u,0.0476665861706351,-0.952995977451792,-0.0019868005598871,-0.5134177623607685,neutra,negativa,neutra,negativa,B,0.5003312818112136,0.0248266933652611,0.2805421742657018,-0.47550458844595245,-0.21978910754551173,0.2557154809004407,0,0
1_S10E10_376_u,-0.704898149073415,-0.9746046978980304,-0.7189004558477647,-0.8880806925240906,negativa,negativa,negativa,negativa,A,0.1348532744123077,0.0070011533871748854,0.09159127172533782,-0.12785212102513283,-0.04326200268696989,0.08459011833816293,0,0
1_S10E11_321_u,-0.8103903159353649,-0.0080894237471511,-0.3267737866204641,-0.244741569668986,negativa,neutra,negativa,neutra,B,-0.40115044609410694,-0.24180826465745042,-0.2828243731331895,0.1593421814366565,0.11832607296091745,-0.04101610847573904,0,0
1_S10E12_115_u,0.0008014464674488,-0.0092052582185715,-0.0321384440779056,-0.9476815345056824,neutra,neutra,neutra,negativa,B,0.00500335234301015,0.0164699452726772,0.4742414904865656,0.01146659292966705,0.4692381381435554,0.4577715452138884,0,0
1_S10E13_095_u,0.0057340238799952,0.93951716144511,-0.2677807743889462,0.7748153852677205,neutra,positiva,neutra,positiva,B,-0.4668915687825574,0.13675739913447071,-0.38454068069386266,0.603648967917028,0.08235088808869473,-0.5212980798283333,0,0
1_S10E13_135_u,0.8512580199167132,0.0016843111770867,-0.4662958085520164,-0.667765162419528,positiva,neutra,negativa,negativa,B,0.4247868543698133,0.6587769142343648,0.7595115911681206,0.23399005986455154,0.33472473679830733,0.10073467693375579,2,0
1_S10E14_032_u,0.0029002574574406,-0.9951712484926248,0.5693858294982754,-0.1187719157547691,neutra,negativa,positiva,neutra,B,0.4990357529750327,-0.2832427860204174,0.06083608660610485,-0.7822785389954501,-0.4381996663689279,0.34407887262652226,1,0
1_S10E14_056_u,0.0911047604499799,-0.0201786917532444,0.056807265434959,-0.3095738731441088,neutra,neutra,neutra,neutra,A,0.055641726101612145,0.017148747507510446,0.20033931679704434,-0.0384929785941017,0.1446975906954322,0.1831905692895339,0,1
1_S10E14_094_u,0.0820801098461743,0.9797949279272872,0.0053744553639647,-0.5438679346116261,neutra,positiva,neutra,negativa,B,-0.44885740904055643,0.038352827241104795,0.3129740222289002,0.4872102362816612,0.7618314312694566,0.2746211949877954,1,0
1_S10E14_476_u,0.0044932222285751,0.9605190509573732,-0.2137231064923482,-0.289119029568974,neutra,positiva,neutra,neutra,B,-0.4780129143643991,0.10910816436046165,0.14680612589877456,0.5871210787248607,0.6248190402631736,0.037697961538312896,0,1
1_S10E16_009_u,0.1917449959846635,0.010553782012721,0.9408521063904998,-0.1591762084863149,neutra,neutra,positiva,neutra,B,0.09059560698597124,-0.3745535552029181,0.1754606022354892,-0.4651491621888894,0.08486499524951795,0.5500141574384073,0,0
1_S10E17_032_u,-0.0031547792896162,-0.0003189479193679,-3.586974285964243e-05,-0.4308499369653875,neutra,neutra,neutra,neutra,A,-0.00141791568512415,-0.0015594547733782788,0.21384757883788563,-0.00014153908825412876,0.2152654945230098,0.21540703361126393,0,1
1_S10E17_096_u,-0.9991119064798112,0.0341267660114681,-0.7706557198498981,-0.8866626737406479,negativa,neutra,negativa,negativa,B,-0.5166193362456396,-0.11422809331495654,-0.05622461636958165,0.4023912429306831,0.460394719876058,0.05800347694537489,0,0
1_S10E17_125_u,0.0107888091895347,0.9752329407851904,-0.0228364085674416,-0.2218906105961652,neutra,positiva,neutra,neutra,B,-0.48222206579782784,0.01681260887848815,0.11633970989284995,0.499034674676316,0.5985617756906778,0.0995271010143618,0,1
1_S10E17_146_u,-0.0538401384874305,0.9844238377118018,0.186819209734704,0.3363651720574125,neutra,positiva,positiva,positiva,B,-0.5191319880996161,-0.12032967411106725,-0.19510265527242152,0.3988023139885489,0.3240293328271946,-0.07477298116135425,0,0
1_S10E17_287_u,0.9965040609840798,0.9551858432423614,0.909122837198508,-0.0013189925812186,positiva,positiva,positiva,neutra,B,0.0206591088708592,0.04369061189278595,0.4989115267826492,0.023031503021926747,0.47825241791179,0.45522091488986327,0,0
1_S10E18_164_u,0.2078191207510826,0.2262703044507361,0.0051641073440597,-0.0236334827786778,neutra,neutra,neutra,neutra,A,-0.009225591849826742,0.10132750670351146,0.1157263017648802,0.1105530985533382,0.12495189361470695,0.01439879506136875,0,1
1_S10E18_266_u,0.0003056294581256,-0.2221144313516561,0.0002241023428874,-0.5710607298184187,neutra,neutra,neutra,negativa,B,0.11121003040489084,4.0763557619099986e-05,0.28568317963827217,-0.11116926684727174,0.1744731492333813,0.28564241608065305,0,0
1_S10E18_323_u,-0.014660464692497,-0.9433892295928672,0.4685323734916661,-0.4366424735548209,neutra,negativa,positiva,negativa,B,0.4643643824501851,-0.24159641909208154,0.21099100443116195,-0.7059608015422667,-0.25337337801902315,0.4525874235232435,2,0
1_S10E18_391_u,0.998412812657989,-0.9988760896194436,0.383538526470336,-0.4916347629041412,positiva,negativa,positiva,negativa,B,0.9986444511387162,0.3074371430938265,0.745023787781065,-0.6912073080448898,-0.2536206633576512,0.4375866446872386,4,0
1_S10E18_423_u,0.0008674509672346,-0.9738520372920902,0.003750756777355,-0.907191704644356,neutra,negativa,neutra,negativa,B,0.48735974412966243,-0.0014416529050601998,0.4540295778057953,-0.48880139703472264,-0.03333016632386715,0.4554712307108555,0,0
1_S10E19_015_u,0.9860219561323902,0.0020649688012781,0.0011021764575297,-0.0925594998407179,positiva,neutra,neutra,neutra,B,0.491978493665556,0.4924598898374302,0.5392907279865541,0.0004813961718741999,0.047312234320998,0.0468308381491238,0,1
1_S10E19_252_u,-0.6618868445330008,0.502015287274844,-0.1707918738256998,-0.4261423358810136,negativa,positiva,neutra,neutra,B,-0.5819510659039224,-0.2455474853536505,-0.11787225432599363,0.3364035805502719,0.4640788115779288,0.12767523102765688,1,1
1_S10E21_151_u,-0.0347488900115422,-0.1686115379779948,-0.0090803283122892,-0.8796483537124006,neutra,neutra,neutra,negativa,B,0.06693132398322629,-0.012834280849626501,0.42244973185042917,-0.0797656048328528,0.3555184078672029,0.4352840127000557,0,0
1_S10E21_200_u,-0.0008471176442981,-0.9850420540042252,0.0217519269250674,-0.435152682097396,neutra,negativa,neutra,neutra,B,0.4920974681799635,-0.011299522284682749,0.21715278222654893,-0.5033969904646463,-0.2749446859534146,0.2284523045112317,0,1
1_S10E23_165_u,-0.0087410138839914,0.0061865976467743,-0.0008907940698951,-0.5754924772772939,neutra,neutra,neutra,negativa,B,-0.0074638057653828496,-0.00392510990704815,0.28337573169665126,0.0035386958583347,0.2908395374620341,0.2873008416036994,0,0
1_S11E01_100_u,0.0507375835672974,0.4899311210137966,0.724067810347856,-0.3467469999101015,neutra,positiva,positiva,negativa,B,-0.2195967687232496,-0.33666511339027927,0.19874229173869945,-0.11706834466702967,0.418339060461949,0.5354074051289788,2,0
1_S11E01_222_u,-0.9272457244587712,-0.0261978972484939,-0.0157324755111095,-0.4275282815098764,negativa,neutra,neutra,negativa,B,-0.45052391360513866,-0.45575662447383086,-0.2498587214744474,-0.0052327108686921996,0.20066519213069123,0.20589790299938343,0,0
1_S11E01_337_u,-0.0294137608616438,0.1367609600074502,0.4687739207896902,0.0613493104348889,neutra,neutra,positiva,positiva,B,-0.083087360434547,-0.24909384082566702,-0.04538153564826635,-0.16600648039112,0.03770582478628065,0.20371230517740066,0,0
1_S11E01_400_u,0.9966588321331074,-0.8632686957425904,0.9312892866531508,-0.7783500517514769,positiva,negativa,positiva,negativa,B,0.9299637639378489,0.032684772739978274,0.8875044419422922,-0.8972789911978706,-0.04245932199555674,0.8548196692023138,4,0
1_S11E01_446_u,0.0069359949002318,0.8198429816839052,-0.5489957268998461,0.2060101832568762,neutra,positiva,negativa,positiva,B,-0.40645349339183673,0.27796586090003894,-0.0995370941783222,0.6844193542918757,0.30691639921351455,-0.3775029550783612,2,0
1_S11E02_008_u,-0.096757243234606,-0.0009587677895979,-0.1775336231921479,-0.4276639974676073,neutra,neutra,neutra,neutra,A,-0.04789923772250405,0.04038818997877096,0.16545337711650066,0.08828742770127501,0.2133526148390047,0.12506518713772968,0,1
1_S11E02_030_u,-0.0032259897307085,0.7174092462519184,0.0,0.1656414428376592,neutra,positiva,neutra,neutra,B,-0.36031761799131345,-0.00161299486535425,-0.08443371628418385,0.3587046231259592,0.2758839017071296,-0.0828207214188296,0,1
1_S11E02_049_u,0.9980511524063332,0.9942000422115598,0.9999868800313104,0.3300415089470333,positiva,positiva,positiva,positiva,A,0.001925555097386733,-0.0009678638124885897,0.33400482172964996,-0.0028934189098753227,0.3320792666322632,0.33497268554213855,0,0
1_S11E02_127_u,0.1219708442358751,0.0029577525347121,0.9981290289572512,0.9728967365983408,neutra,neutra,positiva,positiva,B,0.0595065458505815,-0.43807909236068804,-0.4254629461812328,-0.49758563821126955,-0.48496949203181433,0.012616146179455223,0,0
1_S11E02_205_u,0.0031010488421543,0.6419672743004412,0.5122287131689072,-0.080692271940643,neutra,positiva,positiva,neutra,B,-0.31943311272914343,-0.2545638321633764,0.04189666039139865,0.06486928056576702,0.3613297731205421,0.2964604925547751,0,0
1_S11E02_299_u,0.0015794962896507,0.972889987679082,-0.9842746096826556,-0.0188045244431124,neutra,positiva,negativa,positiva,B,-0.48565524569471563,0.49292705298615314,0.01019201036638155,0.9785822986808688,0.4958472560610972,-0.48273504261977157,2,0
1_S11E03_006_u,-0.0009783281639101,0.9973886505540576,0.0171468197292178,-0.9064735549211038,neutra,positiva,neutra,negativa,B,-0.4991834893589838,-0.009062573946563951,0.45274761337859687,0.49012091541241987,0.9519311027375807,0.4618101873251608,1,0
1_S11E03_067_u,-0.3823123263246089,0.4182546547199308,0.9999913124111076,0.4445229520380961,neutra,neutra,positiva,positiva,B,-0.40028349052226986,-0.6911518193678583,-0.4134176391813525,-0.29086832884558844,-0.013134148659082662,0.27773418018650575,0,0
1_S11E03_169_u,0.4021798823032441,-0.0009911223005474,0.2708939239581594,0.0270923714502713,neutra,neutra,neutra,positiva,B,0.20158550230189573,0.06564297917254233,0.18754375542648638,-0.1359425231293534,-0.01404174687540935,0.12190077625394406,0,0
1_S11E03_220_u,0.0615493012310253,-0.0108222673388809,0.1096915896017746,-0.962830517071416,neutra,neutra,positiva,negativa,B,0.0361857842849531,-0.02407114418537465,0.5121899091512206,-0.06025692847032775,0.47600412486626753,0.5362610533365952,1,0
1_S11E03_250_u,9.73287460510619e-05,0.0159744184202281,-0.4350244219887177,-0.0755238565790933,neutra,neutra,neutra,neutra,A,-0.007938544837088519,0.2175608753673844,0.03781059266257218,0.22549942020447292,0.0457491374996607,-0.1797502827048122,0,1
1_S11E03_321_u,-0.0006553998646268,0.9973713216622856,-0.0045044592417979,-0.8782320777216229,neutra,positiva,neutra,negativa,B,-0.4990133607634562,0.00192452968858555,0.43878833892849806,0.5009378904520417,0.9378016996919543,0.4368638092399125,1,0
1_S11E03_365_u,-0.0075491211828193,0.995010179685778,-0.0002640963269381,-0.1147179209743627,neutra,positiva,neutra,neutra,B,-0.5012796504342987,-0.0036425124279406,0.0535843998957717,0.49763713800635806,0.5548640503300704,0.0572269123237123,0,1
1_S11E04_005_u,0.6029699442369747,0.6647350081002514,0.999980756329016,-0.0574918527854607,positiva,positiva,positiva,positiva,A,-0.03088253193163837,-0.19850540604602063,0.3302308985112177,-0.16762287411438226,0.36111343044285604,0.5287363045572383,0,0
1_S11E04_016_u,0.1598213986399059,0.0969246508466312,0.936610836359458,0.9847017955646152,neutra,neutra,positiva,positiva,B,0.031448373896637356,-0.38839471885977606,-0.4124401984623547,-0.4198430927564134,-0.44388857235899204,-0.024045479602578634,0,0
1_S11E04_024_u,-0.0002698437419894,-0.0043152176713192,0.7620187646831841,0.1535206669825128,neutra,neutra,positiva,positiva,B,0.0020226869646649,-0.3811443042125867,-0.0768952553622511,-0.3831669911772516,-0.078917942326916,0.30424904885033566,0,0
1_S11E04_067_u,0.0998171534415632,0.0017528200405649,-0.8760000644144652,-0.6981359327328394,neutra,neutra,negativa,negativa,B,0.04903216670049915,0.4879086089280142,0.39897654308720126,0.43887644222751504,0.3499443763867021,-0.08893206584081292,0,0
1_S11E04_137_u,0.0077191587415654,-0.2918164099537534,0.8172060158830292,0.9750964317761828,neutra,neutra,positiva,positiva,B,0.14976778434765942,-0.4047434285707319,-0.4836886365173087,-0.5545112129183913,-0.6334564208649681,-0.07894520794657678,0,0
1_S11E04_162_u,0.2826509087462909,0.2457235971523914,0.0,-0.2674542194465176,neutra,positiva,neutra,negativa,B,0.01846365579694975,0.14132545437314545,0.2750525640964042,0.1228617985761957,0.25658890829945447,0.1337271097232588,1,0
1_S11E04_273_u,0.993560263872496,0.9974075614172762,0.992646127628614,0.1432610443638016,positiva,positiva,positiva,neutra,B,-0.0019236487723900964,0.00045706812194096225,0.4251496097543472,0.0023807168943310586,0.4270732585267373,0.4246925416324062,0,0
1_S11E04_298_u,0.8617329628959851,-0.9766308899270372,0.999990997625624,0.5744875690783373,positiva,negativa,positiva,positiva,B,0.9191819264115111,-0.06912901736481947,0.1436226969088239,-0.9883109437763307,-0.7755592295026872,0.21275171427364337,3,0
1_S11E04_315_u,0.9971535032527754,-0.6595475334033836,-0.0239498174595023,-0.1225668997503817,positiva,negativa,neutra,neutra,B,0.8283505183280795,0.5105516603561389,0.5598602015015786,-0.31779885797194063,-0.26849031682650093,0.0493085411454397,1,1
1_S11E04_347_u,-0.0057134676094392,-0.0145452050928724,-0.7002308563014135,-0.1005444545531646,neutra,neutra,negativa,neutra,B,0.0044158687417165995,0.3472586943459871,0.047415493471862705,0.34284282560427054,0.042999624730146103,-0.2998432008741244,0,0
1_S11E05_005_u,0.965824683677056,0.9744951708980808,-0.0118941237701242,0.1362895725935231,positiva,positiva,neutra,positiva,B,-0.004335243610512407,0.4888594037235901,0.4147675555417665,0.4931946473341025,0.4191027991522789,-0.07409184818182364,0,0
1_S11E05_060_u,-0.4193372534937225,0.000287433140329,0.0326980059877783,-0.9766567695245614,neutra,neutra,positiva,negativa,B,-0.20981234331702572,-0.22601762974075038,0.2786597580154194,-0.01620528642372465,0.4884721013324452,0.5046773877561699,1,0
1_S11E05_099_u,0.9971062701815754,0.0394487164376187,0.9998271487807072,-0.5357874641427772,positiva,neutra,positiva,negativa,B,0.47882877687197833,-0.0013604392995659187,0.7664468671621762,-0.48018921617154425,0.28761809029019797,0.7678073064617422,2,0
1_S11E05_156_u,-0.7204265322070569,0.0002595557434688,-0.2964689093142945,-0.6658927077311093,negativa,neutra,neutra,negativa,B,-0.36034304397526284,-0.2119788114463812,-0.027266912237973784,0.14836423252888165,0.33307613173728906,0.18471189920840742,0,0
1_S11E05_186_u,-0.0026239703220198,0.2037946717755403,-0.3670327510744958,-0.7861470760777595,neutra,neutra,neutra,negativa,B,-0.10320932104878006,0.182204390376238,0.39176155287786985,0.28541371142501804,0.4949708739266499,0.20955716250163184,0,0
1_S11E05_193_u,-0.1228925798714044,-0.0338230860215844,-0.0126353350065205,-0.1019418166019023,neutra,neutra,neutra,positiva,B,-0.044534746924909996,-0.055128622432441945,-0.01047538163475105,-0.010593875507531951,0.03405936529015895,0.044653240797690896,0,0
1_S11E05_253_u,0.1598435007199441,-0.9814982817024428,8.807671777205104e-06,-0.1592603294819128,neutra,negativa,neutra,neutra,B,0.5706708912111934,0.07991734652408344,0.15955191510092845,-0.49075354468711,-0.411118976110265,0.079634568576845,0,1
1_S11E05_306_u,-0.0048925908631645,0.9749009993283836,0.0,0.191333915904397,neutra,positiva,neutra,positiva,B,-0.48989679509577405,-0.00244629543158225,-0.09811325338378074,0.4874504996641918,0.3917835417119933,-0.0956669579521985,0,0
1_S11E05_343_u,0.1040902278309658,-0.2763875677701435,0.982737544477894,0.0189333996968343,neutra,neutra,positiva,neutra,B,0.19023889780055464,-0.4393236583234641,0.04257841406706575,-0.6295625561240188,-0.1476604837334889,0.48190207239052985,0,0
1_S11E05_370_u,-0.0100647105937241,-0.1347464154823683,-0.0192164734103994,-0.8613147393742112,neutra,neutra,neutra,negativa,B,0.062340852444322095,0.00457588140833765,0.4256250143902436,-0.05776497103598445,0.36328416194592145,0.4210491329819059,0,0
1_S11E05_402_u,-0.0020529721050479,0.0013757811179857,0.0291763270392374,-0.5737161238881529,neutra,neutra,neutra,negativa,B,-0.0017143766115168,-0.01561464957214265,0.2858315758915525,-0.01390027296062585,0.2875459525030693,0.30144622546369515,0,0
1_S11E05_429_u,0.0056347285062656,0.9791620051837526,0.93420851899839,-0.7412554591079245,neutra,positiva,positiva,negativa,B,-0.48676363833874353,-0.4642868952460622,0.373445093807095,0.02247674309268133,0.8602087321458385,0.8377319890531572,2,0
1_S11E05_448_u,-9.686605608294484e-05,0.9982327075085776,-0.6204244610243826,-0.3199842196656391,neutra,positiva,negativa,neutra,B,-0.4991647867823303,0.31016379748414985,0.15994367680477808,0.8093285842664801,0.6591084635871084,-0.15022012067937177,1,0
1_S11E06_003_u,-0.0013563959946623,-0.0001892211012091,-0.1454821825269376,-0.3264936676016077,neutra,neutra,neutra,neutra,A,-0.0005835874467266,0.07206289326613764,0.1625686358034727,0.07264648071286424,0.1631522232501993,0.09050574253733505,0,1
1_S11E06_019_u,6.469394429586828e-05,-0.1060932420441531,0.0,-0.0341561156208627,neutra,neutra,neutra,neutra,A,0.053078967994224485,3.234697214793414e-05,0.017110404782579285,-0.05304662102207655,-0.035968563211645196,0.01707805781043135,0,1
1_S11E06_060_u,0.0032921609736149,-0.2473801888991147,0.1601617364056646,0.3236909422383177,neutra,negativa,neutra,positiva,B,0.1253361749363648,-0.07843478771602486,-0.1601993906323514,-0.20377096265238964,-0.2855355655687162,-0.08176460291632653,1,0
1_S11E06_102_u,-0.0070168546235436,-0.0218018427694914,-0.577618420588561,-0.0681263294478413,neutra,neutra,negativa,positiva,B,0.0073924940729739,0.2853007829825087,0.03055473741214885,0.27790828890953484,0.02316224333917495,-0.25474604557035985,1,0
1_S11E06_187_u,0.002093770486681,0.2417704440285888,0.0932147919603877,-0.4546040458139033,neutra,neutra,neutra,negativa,B,-0.1198383367709539,-0.045560510736853355,0.22834890815029216,0.07427782603410055,0.34818724492124603,0.2739094188871455,0,0
1_S11E06_249_u,0.3714471658313414,-0.0054941638954915,-0.2721411675214754,0.3216789984435309,neutra,neutra,neutra,neutra,A,0.18847066486341646,0.32179416667640837,0.024884083693905268,0.13332350181299193,-0.1635865811695112,-0.2969100829825031,0,1
1_S11E06_391_u,-0.0344222140702186,0.0333022144477581,-0.7179915663536923,0.0311533790139946,neutra,neutra,negativa,neutra,B,-0.033862214258988346,0.34178467614173685,-0.032787796542106604,0.3756468904007252,0.0010744177168817495,-0.37457247268384347,0,0
1_S11E06_410_u,-0.9868202789511996,6.583065805898514e-05,0.0,-0.7077676806133241,negativa,neutra,neutra,negativa,B,-0.4934430548046293,-0.4934101394755998,-0.13952629916893777,3.291532902949257e-05,0.3539167556356915,0.35388384030666203,0,0
1_S11E06_448_u,0.9968062856132748,-0.9740143296476164,-0.9933478972361456,-0.6224914631515277,positiva,negativa,negativa,negativa,B,0.9854103076304456,0.9950770914247102,0.8096488743824013,0.00966678379426461,-0.17576143324804433,-0.18542821704230894,3,0
1_S11E07_026_u,0.0122960787189185,0.556848596141208,0.0207912945947672,-0.3463602514239029,neutra,positiva,neutra,neutra,B,-0.27227625871114475,-0.00424760793792435,0.17932816507141072,0.26802865077322036,0.45160442378255544,0.18357577300933506,0,1
1_S11E07_112_u,3.913301952707116e-05,-0.374619576796249,-0.7315295923339068,-0.6589478550304194,neutra,negativa,negativa,negativa,B,0.18732935490788805,0.36578436267671693,0.32949349402497324,0.1784550077688289,0.1421641391170852,-0.03629086865174369,0,0
1_S11E07_153_u,5.746775968873408e-06,0.0305079023273719,-0.9841531650420444,-0.2848270600952675,neutra,neutra,negativa,neutra,B,-0.015251077775701513,0.49207945590900665,0.14241640343561818,0.5073305336847082,0.15766748121131968,-0.34966305247338847,0,0
1_S11E07_161_u,-0.001350736065433,-0.0142930788279045,-0.3853094201245901,-0.8564932971028613,neutra,neutra,neutra,negativa,B,0.00647117138123575,0.19197934202957853,0.4275712805187141,0.1855081706483428,0.42110010913747836,0.2355919384891356,0,0
1_S11E07_220_u,-0.0043808664995594,0.0020867395924142,0.0,-0.9152920802560404,neutra,neutra,neutra,negativa,B,-0.0032338030459868,-0.0021904332497797,0.4554556068782405,0.0010433697962071,0.4586894099242273,0.4576460401280202,0,0
1_S11E07_265_u,-0.9977763461210998,-0.9974909106385894,-0.8825288656341732,-0.2895527020678856,negativa,negativa,negativa,neutra,B,-0.00014271774125518277,-0.057623740243463284,-0.35411182202660707,-0.0574810225022081,-0.3539691042853519,-0.2964880817831438,0,0
1_S11E07_271_u,-0.9935077196278144,0.0213063706178218,-0.9313853426274692,-0.6005450662167279,negativa,neutra,negativa,negativa,B,-0.5074070451228181,-0.031061188500172587,-0.19648132670554325,0.4763458566226455,0.31092571841727484,-0.16542013820537066,0,0
1_S11E07_381_u,0.0005789880233351,-0.5536960928293411,-0.0075570512195283,0.1996326628606765,neutra,negativa,neutra,neutra,B,0.2771375404263381,0.0040680196214316995,-0.0995268374186707,-0.2730695208049064,-0.3766643778450088,-0.10359485704010239,0,1
1_S11E07_405_u,-0.0338953910468262,0.981081371930486,0.9580595889998388,0.9949985513230784,neutra,positiva,positiva,positiva,B,-0.507488381488656,-0.49597749002333247,-0.5144469711849523,0.01151089146532358,-0.006958589696296202,-0.018469481161619783,0,0
1_S11E07_415_u,0.5035219065875935,-6.242801100597717e-05,-0.0851593511569503,0.0444549570791422,positiva,neutra,neutra,positiva,B,0.25179216729929976,0.2943406288722719,0.22953347475422567,0.04254846157297216,-0.02225869254507409,-0.06480715411804625,0,0
1_S11E08_005_u,0.0001083681163436,-0.0004211325958749,-0.1265513320819735,0.2267643380240769,neutra,neutra,neutra,neutra,A,0.00026475035610925,0.06332985009915855,-0.11332798495386665,0.0630650997430493,-0.11359273530997589,-0.17665783505302518,0,1
1_S11E08_113_u,0.8631953480444281,0.2773778392001986,0.987537712504562,-0.3907978372939398,positiva,neutra,positiva,negativa,B,0.2929087544221147,-0.06217118223006696,0.626996592669184,-0.35507993665218174,0.3340878382470692,0.6891677748992509,2,0
1_S11E08_137_u,-0.0010168788794544,0.0051667801799339,-0.2012297612190097,-0.9028843539650554,neutra,neutra,neutra,negativa,B,-0.0030918295296941505,0.10010644116977765,0.4509337375428005,0.10319827069947181,0.45402556707249464,0.35082729637302285,0,0
1_S11E08_142_u,0.926941172205261,0.045408160819079,0.0077976787590851,-0.8464448224054651,positiva,neutra,neutra,negativa,B,0.44076650569309095,0.4595717467230879,0.886692997305363,0.01880524102999695,0.44592649161227205,0.4271212505822751,1,0
1_S11E08_195_u,-0.0496897003686171,0.6994976074693113,-0.6163791110757133,-0.6520469259703534,neutra,positiva,negativa,negativa,B,-0.3745936539189642,0.2833447053535481,0.30117861280086816,0.6579383592725123,0.6757722667198324,0.017833907447320052,2,0
1_S11E08_217_u,0.7884469913697103,-0.0190778236974438,0.0337003103884657,-0.4285781078971922,positiva,neutra,neutra,neutra,B,0.40376240753357706,0.3773733404906223,0.6085125496334512,-0.026389067042954753,0.2047501420998742,0.23113920914282896,0,1
1_S11E08_283_u,0.0051395745431364,0.1524146430892869,-0.2365192081013089,-0.9601125486777166,neutra,neutra,negativa,negativa,B,-0.07363753427307525,0.12082939132222265,0.4826260616104265,0.19446692559529788,0.5562635958835017,0.36179667028820384,0,0
1_S11E08_305_u,0.1593928929664798,0.9095894685615348,-0.4862652446393696,-0.360081907734275,neutra,positiva,neutra,neutra,B,-0.3750982877975275,0.3228290688029247,0.2597374003503774,0.6979273566004522,0.6348356881479049,-0.0630916684525473,0,1
1_S11E08_351_u,0.0373414571522516,-9.54159531829646e-05,0.0834456366725389,-0.3967921359930188,neutra,neutra,neutra,negativa,B,0.018718436552717283,-0.02305208976014365,0.21706679657263522,-0.041770526312860934,0.19834836001991793,0.24011888633277886,0,0
1_S11E08_428_u,-0.9787666765732864,-0.9983167531318032,-0.9572258048111276,-0.4899816973338604,negativa,negativa,negativa,negativa,A,0.009775038279258408,-0.010770435881079399,-0.24439248961971302,-0.020545474160337807,-0.25416752789897146,-0.23362205373863362,0,0
1_S11E10_009_u,-0.968025185098668,0.9825608879400534,-0.5639393188752547,-0.1558783138694708,negativa,positiva,negativa,neutra,B,-0.9752930365193606,-0.20204293311170662,-0.4060734356145986,0.773250103407654,0.5692196009047621,-0.20403050250289195,2,0
1_S11E10_062_u,0.0019667519536596,0.1481680619472172,-0.0031007784370795,-0.9283074995502832,neutra,neutra,neutra,negativa,B,-0.0731006549967788,0.00253376519536955,0.4651371257519714,0.07563442019214836,0.5382377807487502,0.4626033605566019,0,0
1_S11E10_143_u,-0.984794021838752,-0.9971677037829068,-0.5759086188957291,-0.299199428036809,negativa,negativa,negativa,negativa,A,0.00618684097207739,-0.20444270147151145,-0.3427972969009715,-0.21062954244358884,-0.3489841378730489,-0.13835459542946005,0,0
1_S11E10_228_u,-0.0016084694725577,-0.8641970648095594,0.0,-0.4425176661461593,neutra,negativa,neutra,neutra,B,0.43129429766850086,-0.00080423473627885,0.22045459833680078,-0.4320985324047797,-0.21083969933170005,0.22125883307307964,0,1
1_S11E10_240_u,-0.0001515997519163,-0.0001356688262603,-0.3860848699543123,-0.104592456878163,neutra,neutra,neutra,negativa,B,-7.965462828000001e-06,0.192966635101198,0.05222042856312335,0.192974600564026,0.05222839402595135,-0.14074620653807465,0,0
1_S11E10_249_u,-0.0021137762341822,-0.9948714059282792,0.1129724461605927,-0.6597704268060627,neutra,negativa,neutra,negativa,B,0.4963788148470485,-0.05754311119738745,0.32882832528594025,-0.5539219260444359,-0.16755048956110824,0.38637143648332767,0,0
1_S11E10_297_u,-0.9717095109663204,0.9792621255692212,-0.3035436323983385,-0.7803209856036121,negativa,positiva,neutra,negativa,B,-0.9754858182677708,-0.33408293928399097,-0.09569426268135417,0.6414028789837798,0.8797915555864166,0.2383886766026368,2,0
1_S11E10_309_u,8.034110760490876e-05,0.0437060431140707,-0.0953649304666424,-0.7297907425498125,neutra,neutra,neutra,negativa,B,-0.021812851003232894,0.04772263578712366,0.3649355418287087,0.06953548679035655,0.38674839283194157,0.31721290604158503,0,0
1_S11E10_337_u,0.0104638892071307,-0.0027773032707045,0.4647237848965985,-0.514594387006946,neutra,neutra,positiva,negativa,B,0.0066205962389176,-0.2271299478447339,0.2625291381070384,-0.2337505440836515,0.2559085418681208,0.48965908595177227,1,0
1_S11E10_432_u,0.9116266664605064,0.2249112505669472,0.0357520142844669,-0.0558408102340764,positiva,neutra,neutra,positiva,B,0.3433577079467796,0.4379373260880197,0.4837337383472914,0.09457961814124015,0.1403760304005118,0.045796412259271654,0,0
1_S11E10_461_u,0.9932639362586996,0.3043512637523236,0.1751879296377989,-0.1242630729626399,positiva,neutra,neutra,neutra,B,0.344456336253188,0.40903800331045037,0.5587635046106697,0.06458166705726234,0.21430716835748173,0.1497255013002194,0,1
1_S11E11_024_u,-0.0004034524608869,0.0113207546528428,-0.4914374295299178,-0.5517910401074916,neutra,neutra,neutra,negativa,B,-0.00586210355686485,0.24551698853451545,0.27569379382330234,0.2513790920913803,0.2815558973801672,0.030176805288786884,0,0
1_S11E11_055_u,0.1485086573275111,-0.6539328300023044,0.7503346602902243,-0.7360449009574952,neutra,negativa,positiva,negativa,B,0.40122074366490773,-0.30091300148135663,0.44227677914250313,-0.7021337451462644,0.0410560354775954,0.7431897806238598,2,0
1_S11E11_077_u,-0.0027516267437022,0.4029135972050426,-0.3157801391294007,-0.0390154661145062,neutra,neutra,negativa,positiva,B,-0.2028326119743724,0.15651425619284925,0.018131919685402002,0.35934686816722167,0.2209645316597744,-0.13838233650744727,1,0
1_S11E11_098_u,0.5377976534136906,-0.986589644671767,-0.2853228711026352,-0.2976560238283128,positiva,negativa,neutra,neutra,B,0.7621936490427288,0.4115602622581629,0.4177268386210017,-0.3506333867845659,-0.3444668104217271,0.006166576362838794,1,1
1_S11E11_127_u,0.9565783770704002,0.6260620248212945,0.9997739352415418,0.033365992468316,positiva,positiva,positiva,positiva,A,0.16525817612455285,-0.021597779085570812,0.4616061923010421,-0.18685595521012366,0.29634801617648926,0.4832039713866129,0,0
1_S11E11_182_u,0.084523720906418,0.2266400471708038,0.3868257975795843,0.2793288006214424,neutra,neutra,positiva,positiva,B,-0.0710581631321929,-0.15115103833658314,-0.09740253985751218,-0.08009287520439025,-0.026344376725319293,0.053748498479070955,0,0
1_S11E11_217_u,0.9515821297500224,-0.8779881450973335,0.9972191369088343,-0.1410029859049246,positiva,negativa,positiva,neutra,B,0.914785137423678,-0.022818503579405958,0.5462925578274735,-0.9376036410030839,-0.3684925795962044,0.5691110614068795,2,0
1_S11E11_301_u,-0.0273787419209838,0.0261199742553799,-0.1556910514527075,-0.4417502828873695,neutra,neutra,neutra,neutra,A,-0.02674935808818185,0.06415615476586185,0.20718577048319287,0.0909055128540437,0.2339351285713747,0.143029615717331,0,1
1_S11E11_343_u,-0.7920611549561727,-0.001379884819471,-0.3307297498804482,-0.9606284713663628,negativa,neutra,negativa,negativa,B,-0.3953406350683508,-0.23066570253786225,0.08428365820509504,0.1646749325304886,0.47962429327344586,0.3149493607429573,0,0
1_S11E11_403_u,0.1572874032017353,0.0288949100267927,0.2741333315792787,0.386262806385639,neutra,neutra,positiva,positiva,B,0.06419624658747129,-0.058422964188771714,-0.11448770159195185,-0.122619210776243,-0.17868394817942315,-0.05606473740318013,0,0
1_S11E12_038_u,0.971822336846344,0.0013121348411004,0.6963131202856968,-0.2847520531504416,positiva,neutra,positiva,neutra,B,0.4852551010026218,0.1377546082803236,0.6282871949983928,-0.3475004927222982,0.143032093995771,0.4905325867180692,0,0
1_S11E12_237_u,0.0062487471000167,0.0134527953050564,-0.0633566008486441,-0.975146074104123,neutra,neutra,neutra,negativa,B,-0.0036020241025198504,0.0348026739743304,0.49069741060206984,0.03840469807685025,0.4942994347045897,0.45589473662773944,0,0
1_S11E12_279_u,0.0007080816949383,0.336990007206623,0.0480371046924591,-0.7800784262130039,neutra,neutra,neutra,negativa,B,-0.16814096275584234,-0.0236645114987604,0.3903932539539711,0.14447645125708194,0.5585342167098135,0.41405776545273154,0,0
1_S11E12_290_u,-0.0685783091612393,-0.0256594844831852,-0.457467325880323,-0.9765570577699692,neutra,neutra,neutra,negativa,B,-0.021459412339027054,0.19444450835954186,0.4539893743043649,0.2159039206985689,0.47544878664339196,0.25954486594482307,0,0
1_S11E13_001_u,0.0003944828413295,0.1612238457673811,-0.0010455631604161,-0.8981353135895918,neutra,neutra,neutra,negativa,B,-0.0804146814630258,0.0007200230008728,0.4492648982154606,0.0811347044638986,0.5296795796784864,0.4485448752145878,0,0
1_S11E13_211_u,0.7719255707634147,0.0018661886333575,-0.3357412953449031,0.1985592057288158,positiva,neutra,negativa,positiva,B,0.3850296910650286,0.5538334330541589,0.28668318251729946,0.1688037419891303,-0.09834650854772915,-0.2671502505368595,2,0
1_S11E13_362_u,0.0028319758421275,-0.0007645164096174,0.1429661003554647,-0.8097799513256179,neutra,neutra,neutra,negativa,B,0.0017982461258724501,-0.0700670622566686,0.40630596358387266,-0.07186530838254104,0.40450771745800024,0.4763730258405413,0,0
1_S11E16_170_u,0.9987814251553572,0.2892283392102399,0.9996627302695392,0.3740369627106701,positiva,neutra,positiva,positiva,B,0.3547765429725587,-0.0004406525570910258,0.31237223122234353,-0.3552171955296497,-0.04240431175021511,0.31281288377943456,0,0
1_S11E18_206_u,6.28808957117144e-05,-0.0031870236998656,1.4282831937944288e-05,-0.5488786111091033,neutra,neutra,neutra,negativa,B,0.0016249522977886573,2.429903188688506e-05,0.2744707460024075,-0.0016006532659017722,0.27284579370461887,0.2744464469705206,0,0
1_S11E19_030_u,-0.0002925732696894,-7.169703167164698e-05,0.0180268062746963,-0.7241900051449194,neutra,neutra,neutra,negativa,B,-0.00011043811900887651,-0.00915968977219285,0.361948715937615,-0.009049251653183973,0.36205915405662387,0.37110840570980785,0,0
1_S11E19_143_u,-0.8355304310680367,0.6153980480085011,-0.0053902928653258,-0.4496944055543282,negativa,positiva,neutra,negativa,B,-0.7254642395382689,-0.41507006910135547,-0.19291801275685425,0.3103941704369134,0.5325462267814146,0.22215205634450122,2,0
1_S11E20_143_u,-0.0004376004590085,-0.9950781731822644,0.5126390011557912,-0.1750775913824327,neutra,negativa,positiva,neutra,B,0.49732028636162795,-0.25653830080739987,0.0873199954617121,-0.7538585871690278,-0.41000029089991585,0.34385829626911196,1,0
1_S11E20_332_u,-0.0032017624434956,0.9684037983242888,0.9712391119936328,0.350781575476867,neutra,positiva,positiva,positiva,B,-0.4858027803838922,-0.4872204372185642,-0.17699166896018131,-0.0014176568346719876,0.30881111142371087,0.31022876825838286,0,0
1_S11E21_080_u,-0.0008666671737955,0.0884472708130488,0.3373902909144284,0.0459809308638795,neutra,neutra,positiva,positiva,B,-0.04465696899342215,-0.16912847904411196,-0.0234237990188375,-0.1244715100506898,0.021233169974584652,0.14570468002527445,0,0
1_S11E21_201_u,0.0041751299290808,-0.016547202725178,0.9999999802064664,0.336334999842802,neutra,neutra,positiva,positiva,B,0.010361166327129401,-0.4979124251386928,-0.1660799349568606,-0.5082735914658222,-0.17644110128399002,0.3318324901818322,0,0
1_S11E22_069_u,0.0727766067334414,-0.966201826944598,0.0880725901503262,-0.3697200494643767,neutra,negativa,neutra,negativa,B,0.5194892168390197,-0.007647991708442402,0.22124832809890904,-0.5271372085474622,-0.2982408887401107,0.22889631980735145,0,0
1_S11E22_149_u,-0.04984515175056,0.0669200999034274,0.0,-0.3443134106462823,neutra,neutra,neutra,negativa,B,-0.0583826258269937,-0.02492257587528,0.14723412944786116,0.0334600499517137,0.20561675527485485,0.17215670532314115,0,0
1_S11E22_205_u,-0.995981487994868,-0.0005734439455409,-0.5885619786348327,-0.8252776507288218,negativa,neutra,negativa,negativa,B,-0.4977040220246635,-0.20370975468001762,-0.0853519186330231,0.2939942673446459,0.4123521033916404,0.11835783604699451,0,0
1_S11E22_260_u,-0.0001344204101769,0.0037811308593518,0.6930626612591924,-0.4933462709595916,neutra,neutra,positiva,negativa,B,-0.00195777563476435,-0.3465985408346846,0.24660592527470734,-0.34464076519992026,0.2485637009094717,0.593204466109392,1,0
1_S11E23_048_u,0.9979970110671276,-0.0013124777560733,0.0,0.1102998182876035,positiva,neutra,neutra,positiva,B,0.49965474441160046,0.4989985055335638,0.44384859638976204,-0.00065623887803665,-0.0558061480218384,-0.05514990914380175,0,0
1_S11E24_338_u,-0.0022194102411958,-0.0575443394336616,-0.1504255785404789,0.191370243905112,neutra,neutra,neutra,positiva,B,0.0276624645962329,0.07410308414964155,-0.0967948270731539,0.04644061955340864,-0.12445729166938681,-0.17089791122279546,0,0
1_S12E01_111_u,0.0275921683696651,-0.5937123869080096,-0.1469246185704655,-0.7580204981612043,neutra,negativa,neutra,negativa,B,0.31065227763883735,0.0872583934700653,0.3928063332654347,-0.2233938841687721,0.08215405562659733,0.3055479397953694,0,0
1_S12E01_139_u,0.0030006364104337,0.1775661729006969,0.9829946186039528,-0.7270801717648283,neutra,neutra,positiva,negativa,B,-0.0872827682451316,-0.48999699109675954,0.365040404087631,-0.40271422285162795,0.4523231723327626,0.8550373951843906,1,0
1_S12E01_150_u,0.0058945526968727,0.0017137534166522,0.9732453109763382,0.5255397910950704,neutra,neutra,positiva,positiva,B,0.00209039964011025,-0.48367537913973274,-0.2598226191990989,-0.48576577877984295,-0.2619130188392091,0.22385275994063386,0,0
1_S12E01_248_u,-0.0008370164177904,-0.5783854739074741,0.8063220443637948,0.5286336547724203,neutra,negativa,positiva,positiva,B,0.2887742287448418,-0.40357953039079264,-0.26473533559510537,-0.6923537591356345,-0.5535095643399472,0.13884419479568727,2,0
1_S12E01_268_u,-0.0055034741853887,0.083236291349749,0.9508189660363764,-0.3476694410084747,neutra,neutra,positiva,neutra,B,-0.04436988276756885,-0.4781612201108825,0.171082983411543,-0.4337913373433137,0.21545286617911186,0.6492442035224255,0,0
1_S12E01_274_u,2.062462590401992e-05,-0.0040405792024102,-0.0001736252156819,-0.7206229878705928,neutra,neutra,neutra,negativa,B,0.0020306019141571098,9.712492079295996e-05,0.3603218062482484,-0.0019334769933641498,0.3582912043340913,0.36022468132745544,0,0
1_S12E01_297_u,0.9756434873852412,0.9960105883274082,0.0,-0.133263108727988,positiva,positiva,neutra,neutra,B,-0.010183550471083491,0.4878217436926206,0.5544532980566146,0.4980052941637041,0.5646368485276981,0.066631554363994,0,1
1_S12E01_325_u,-0.0026034389175038,-0.0597585354353213,0.0013436140886085,-0.1062852654606104,neutra,neutra,neutra,neutra,A,0.02857754825890875,-0.00197352650305615,0.0518409132715533,-0.030551074761964902,0.02326336501264455,0.05381443977460945,0,1
1_S12E01_332_u,0.4618071496188349,0.1480031858300208,-0.4081379760835236,-0.4344938741996885,neutra,neutra,negativa,neutra,B,0.15690198189440704,0.43497256285117925,0.4481505119092617,0.2780705809567722,0.2912485300148546,0.01317794905808245,0,0
1_S12E01_339_u,0.0548092273666043,0.633558381743569,0.0899122102296694,0.9907471139042172,neutra,positiva,positiva,positiva,B,-0.28937457718848236,-0.01755149143153255,-0.46796894326880645,0.2718230857569498,-0.17859436608032409,-0.4504174518372739,0,0
1_S12E02_006_u,-0.9598825818648038,0.9324792515253648,-0.2272962450129193,-0.0884505919268122,negativa,positiva,neutra,neutra,B,-0.9461809166950843,-0.36629316842594223,-0.4357159949689958,0.579887748269142,0.5104649217260885,-0.06942282654305355,1,1
1_S12E02_105_u,0.0084263473399914,0.5451497071826452,-0.4181280623150532,-0.5185158942826094,neutra,positiva,negativa,negativa,B,-0.2683616799213269,0.2132772048275223,0.26347112081130036,0.4816388847488492,0.5318328007326273,0.05019391598377809,2,0
1_S12E02_118_u,-0.0047486520725215,-0.0004053938100696,-0.2664296620723269,0.3417825312702915,neutra,neutra,neutra,positiva,B,-0.00217162913122595,0.13084050499990268,-0.1732655916714065,0.13301213413112864,-0.17109396254018056,-0.30410609667130917,0,0
1_S12E02_204_u,0.9967391447335104,0.0133728762971259,0.2065400496453474,0.1330020915542262,positiva,neutra,positiva,positiva,B,0.49168313421819226,0.3950995475440815,0.43186852658964214,-0.09658358667411074,-0.059814607628550155,0.03676897904556059,0,0
1_S12E02_228_u,0.9952003168436931,0.2247920814843382,0.0511368534416814,-0.1803749803919346,positiva,neutra,neutra,neutra,B,0.38520411767967744,0.4720317317010059,0.5877876486178139,0.08682761402132841,0.2025835309381364,0.11575591691680799,0,1
1_S12E02_262_u,0.6817591987091873,0.9830905246926704,0.0,-0.6056693148246268,positiva,positiva,neutra,negativa,B,-0.15066566299174156,0.34087959935459367,0.6437142567669071,0.4915452623463352,0.7943799197586486,0.3028346574123134,2,0
1_S12E02_274_u,0.0008497662583977,0.1123123207689786,0.0,-0.0624616703018547,neutra,neutra,neutra,positiva,B,-0.05573127725529045,0.00042488312919885,0.0316557182801262,0.0561561603844893,0.08738699553541665,0.03123083515092735,0,0
1_S12E02_358_u,0.1511289161862805,0.8373269470503146,-0.757307672041621,0.3064717222878244,neutra,positiva,negativa,neutra,B,-0.34309901543201704,0.45421829411395076,-0.07767140305077194,0.7973173095459678,0.2654276123812451,-0.5318896971647227,1,0
1_S12E02_385_u,0.5848999122226815,0.174771305593822,0.9289421792192294,-0.0394787269207882,positiva,neutra,positiva,positiva,B,0.2050643033144297,-0.17202113349827397,0.31218931957173485,-0.3770854368127037,0.10712501625730511,0.4842104530700088,0,0
1_S12E02_433_u,0.992935372066313,0.0224273704807274,0.9986594904643592,-0.3668709631543608,positiva,neutra,positiva,negativa,B,0.4852540007927928,-0.0028620591990231037,0.6799031676103369,-0.4881160599918159,0.1946491668175441,0.68276522680936,2,0
1_S12E02_443_u,-0.9975866384374968,0.9595575198254664,-0.1523637263842573,-0.9678798825247216,negativa,positiva,negativa,negativa,B,-0.9785720791314816,-0.42261145602661976,-0.014853377956387637,0.5559606231048618,0.9637187011750941,0.4077580780702321,3,0
1_S12E02_466_u,-0.0001414654288964,0.5701207221718505,0.2707672812082374,0.6582313710940071,neutra,positiva,positiva,positiva,B,-0.28513109380037344,-0.1354543733185669,-0.32918641826145173,0.14967672048180655,-0.044055324461078293,-0.19373204494288485,0,0
1_S12E02_471_u,0.9985271775012734,0.8483365817955928,0.0200326642936922,0.0,positiva,positiva,neutra,neutra,B,0.0750952978528403,0.4892472566037906,0.4992635887506367,0.4141519587509503,0.4241682908977964,0.0100163321468461,0,1
1_S12E03_061_u,0.0001695906248642,0.9297488012743996,6.41446175423619e-05,-0.2889612312428654,neutra,positiva,neutra,negativa,B,-0.4647896053247677,5.272300366091905e-05,0.1445654109338648,0.46484232832842864,0.6093550162586325,0.14451268793020386,1,0
1_S12E03_095_u,-0.0094112659171514,0.9203831827326212,-2.1929618942294786e-05,-0.2157438774011099,neutra,positiva,neutra,neutra,B,-0.4648972243248863,-0.004694668149104552,0.10316630574197924,0.46020255617578176,0.5680635300668655,0.1078609738910838,0,1
1_S12E03_101_u,0.9986081132883556,0.0085720729402964,0.0471129896380258,-0.9469163255882452,positiva,neutra,neutra,negativa,B,0.4950180201740296,0.4757475618251649,0.9727622194383004,-0.0192704583488647,0.4777441992642708,0.4970146576131355,1,0
1_S12E03_118_u,0.1673024078991147,0.7106015491899598,-0.7393172991765717,-0.7537285509053618,neutra,positiva,negativa,negativa,B,-0.2716495706454225,0.45330985353784325,0.46051547940223825,0.7249594241832658,0.7321650500476609,0.007205625864395049,2,0
1_S12E03_174_u,0.2718719977310684,0.8003443234483711,-0.931401708011706,-0.3962826498667711,neutra,positiva,negativa,negativa,B,-0.26423616285865137,0.6016368528713871,0.33407732379891975,0.8658730157300385,0.5983134866575711,-0.26755952907246744,2,0
1_S12E03_195_u,0.6125056077617046,-0.934474770387169,0.9992837981737938,0.1763978590024634,positiva,negativa,positiva,positiva,B,0.7734901890744368,-0.19338909520604458,0.2180538743796206,-0.9668792842804814,-0.5554363146948162,0.4114429695856652,3,0
1_S12E03_239_u,-0.9763720662303969,-0.000233530128753,-0.9752373964888948,-0.3664020025404171,negativa,neutra,negativa,neutra,B,-0.4880692680508219,-0.0005673348707510018,-0.3049850318449899,0.4875019331800709,0.18308423620583206,-0.30441769697423887,0,0
1_S12E03_263_u,-0.0112544542716932,-0.2114536073058843,-0.6787579532237769,-0.7843816999346018,neutra,neutra,negativa,negativa,B,0.10009957651709556,0.3337517494760418,0.3865636228314543,0.23365217295894627,0.28646404631435873,0.052811873355412486,0,0
1_S12E03_286_u,0.9478388105235354,-0.9100990868755616,0.9306189356986008,-0.5991366024711171,positiva,negativa,positiva,negativa,B,0.9289689486995485,0.008609937412467294,0.7734877064973262,-0.9203590112870812,-0.15548124220222226,0.7648777690848589,4,0
1_S12E03_310_u,0.81119993905304,0.8992481161403703,0.1006762443886735,-0.5363551566028036,positiva,positiva,neutra,negativa,B,-0.04402408854366513,0.35526184733218324,0.6737775478279218,0.3992859358758484,0.7178016363715869,0.3185157004957386,2,0
1_S12E03_337_u,0.0036526574758681,-0.9960595215379726,-0.1893534224413449,-0.7043640060815962,neutra,negativa,negativa,negativa,B,0.49985608950692034,0.0965030399586065,0.35400833177873214,-0.40335304954831386,-0.1458477577281882,0.25750529182012566,0,0
1_S12E03_338_u,-0.4853124753281008,-0.9977654999966036,-0.9883962085731638,-0.3396906478184975,negativa,negativa,negativa,negativa,A,0.2562265123342514,0.25154186662253153,-0.07281091375480164,-0.0046846457117198925,-0.32903742608905306,-0.32435278037733317,0,0
1_S12E03_380_u,0.0908160390390548,0.9899884166807168,-0.0458908797414225,-0.109838361106813,neutra,positiva,neutra,neutra,B,-0.449586188820831,0.06835345939023865,0.1003272000729339,0.5179396482110696,0.5499133888937648,0.03197374068269525,0,1
1_S12E03_410_u,-0.8440942883316893,0.1911490524953478,-0.3362968599239021,0.3790408415239653,negativa,neutra,neutra,positiva,B,-0.5176216704135186,-0.2538987142038936,-0.6115675649278273,0.26372295620962494,-0.09394589451430874,-0.35766885072393373,1,0
1_S12E03_449_u,-0.000228836073802,-0.0468199192546308,-0.0002692131243108,0.1538841701636555,neutra,neutra,neutra,positiva,B,0.023295541590414397,2.018852525440001e-05,-0.07705650311872875,-0.023275353065159998,-0.10035204470914315,-0.07707669164398315,0,0
1_S12E04_003_u,-0.0002955578111141,0.677825198955361,0.0,-0.5881186955608428,neutra,positiva,neutra,negativa,B,-0.33906037838323755,-0.00014777890555705,0.29391156887486436,0.3389125994776805,0.6329719472581019,0.2940593477804214,1,0
1_S12E04_027_u,0.0550730797858705,0.2674738159912522,-0.0526637108528261,-0.449370112632298,neutra,neutra,neutra,neutra,A,-0.10620036810269085,0.0538683953193483,0.25222159620908424,0.16006876342203916,0.3584219643117751,0.19835320088973593,0,1
1_S12E04_040_u,0.0072429146657668,0.0007067675737744,0.0445205539036386,-0.7903294311254287,neutra,neutra,neutra,negativa,B,0.0032680735459962,-0.0186388196189359,0.39878617289559776,-0.0219068931649321,0.3955180993496016,0.4174249925145337,0,0
1_S12E04_046_u,-0.0005079017828393,-0.7792740745353512,0.3272663769397661,-0.3618250006460585,neutra,negativa,positiva,negativa,B,0.38938308637625596,-0.16388713936130272,0.18065854943160958,-0.5532702257375587,-0.20872453694464638,0.3445456887929123,2,0
1_S12E04_055_u,0.3135746755506261,-0.0001689282535153,-0.1460989767871885,-0.906173036323162,neutra,neutra,positiva,negativa,B,0.1568718019020707,0.22983682616890733,0.6098738559368941,0.0729650242668366,0.45300205403482335,0.38003702976798676,1,0
1_S12E04_070_u,-0.997260912477941,0.0004946850476699,-0.9829597724140366,-0.6300209456821906,negativa,neutra,negativa,negativa,B,-0.49887779876280547,-0.007150570031952186,-0.18361998339787522,0.4917272287308533,0.31525781536493025,-0.17646941336592303,0,0
1_S12E04_076_u,-0.0168898412084672,-0.990610909066163,-0.0658069501000929,-0.4592660261347192,neutra,negativa,neutra,negativa,B,0.4868605339288479,0.024458554445812845,0.22118809246312598,-0.4624019794830351,-0.2656724414657219,0.19672953801731313,0,0
1_S12E04_102_u,0.9916783594881052,-0.0013635837822221,-0.0639803374277049,-0.0271242856164464,positiva,neutra,neutra,positiva,B,0.4965209716351637,0.5278293484579051,0.5094013225522758,0.0313083768227414,0.012880350917112149,-0.01842802590562925,0,0
1_S12E04_195_u,0.0001621968713152,0.957777761042962,0.6794943635686775,0.1711805996572366,neutra,positiva,positiva,neutra,B,-0.47880778208582336,-0.33966608334868115,-0.0855092013929607,0.13914169873714222,0.3932985806928627,0.2541568819557205,0,0
1_S12E04_204_u,-0.1705178127413091,0.2564294802432414,-0.0081294847726034,-0.3831118372036145,neutra,neutra,neutra,negativa,B,-0.21347364649227524,-0.08119416398435285,0.10629701223115272,0.1322794825079224,0.31977065872342797,0.18749117621550557,0,0
1_S12E04_233_u,-0.0248510833007458,-0.983168010301597,-0.1797494800676006,-0.7760399782826427,neutra,negativa,negativa,negativa,B,0.47915846350042557,0.0774491983834274,0.37559444749094845,-0.40170926511699817,-0.10356401600947712,0.29814524910752105,0,0
1_S12E04_242_u,0.0001405542607244,0.2291785304259974,-0.0189662885893713,-0.416923302266514,neutra,neutra,neutra,neutra,A,-0.1145189880826365,0.00955342142504785,0.2085319282636192,0.12407240950768435,0.3230509163462557,0.19897850683857132,0,1
1_S12E04_249_u,-0.0001435794656572,-0.0361194430915929,-0.9621214249913256,-0.7788974407478236,neutra,neutra,negativa,negativa,B,0.01798793181296785,0.48098892276283417,0.3893769306410832,0.46300099094986635,0.3713889988281154,-0.09161199212175097,0,0
1_S12E04_276_u,6.0235350247239694e-05,0.99085443770673,0.1662743531321035,-0.5282915557618254,neutra,positiva,neutra,negativa,B,-0.4953971011782414,-0.08310705889092813,0.2641758955560363,0.41229004228731325,0.7595729967342777,0.34728295444696444,1,0
1_S12E04_456_u,-0.0077285846418817,-0.9225661200471222,-0.0005534575479063,0.0356485788419376,neutra,negativa,neutra,positiva,B,0.45741876770262024,-0.0035875635469877,-0.02168858174190965,-0.461006331249608,-0.47910734944452993,-0.01810101819492195,1,0
1_S12E05_030_u,0.8248138939470664,0.4902582029462792,0.010509931350871,0.1320142350858076,positiva,neutra,neutra,positiva,B,0.1672778455003936,0.4071519812980977,0.3463998294306294,0.23987413579770409,0.17912198393023582,-0.060752151867468296,0,0
1_S12E05_054_u,0.0002263619680888,-0.7326793666288722,-0.9902100251562036,-0.2748094802664128,neutra,negativa,negativa,negativa,B,0.3664528642984805,0.4952181935621462,0.13751792111725078,0.12876532926366568,-0.22893494318122973,-0.35770027244489544,0,0
1_S12E05_083_u,-0.0663972564434516,-0.0173627867297909,0.6916733399861454,0.586910406066454,neutra,neutra,positiva,positiva,B,-0.02451723485683035,-0.37903529821479853,-0.3266538312549528,-0.35451806335796815,-0.3021365963981224,0.052381466959845746,0,0
1_S12E05_110_u,0.9495620754823904,0.0844248636785778,-0.3123006356333968,-0.2777336480736267,positiva,neutra,neutra,negativa,B,0.43256860590190627,0.6309313555578936,0.6136478617780086,0.19836274965598727,0.18107925587610224,-0.01728349377988503,1,0
1_S12E05_134_u,0.1707169651053846,0.9637862153176684,0.8901397063729753,-0.3240493990713731,neutra,positiva,positiva,neutra,B,-0.3965346251061419,-0.3597113706337954,0.24738318208837884,0.03682325447234652,0.6439178071945207,0.6070945527221743,0,0
1_S12E06_010_u,-1.6017647794797083e-06,-0.0001157042024715,0.1136905228315584,-0.0934414622199257,neutra,neutra,neutra,neutra,A,5.705121884601015e-05,-0.05684606229816894,0.04671993022757311,-0.05690311351701495,0.0466628790087271,0.10356599252574206,0,1
1_S12E06_016_u,-8.063198220042977e-05,0.0080211096642415,-0.1707729174069674,-0.9712643221369948,neutra,neutra,neutra,negativa,B,-0.004050870823220965,0.08534614271238349,0.48559184507739717,0.08939701353560445,0.48964271590061814,0.40024570236501367,0,0
1_S12E06_027_u,0.0002916049106715,0.9849536778947368,0.943253709542276,-0.824937135144137,neutra,positiva,positiva,negativa,B,-0.49233103649203264,-0.4714810523158023,0.41261437002740425,0.02084998417623035,0.9049454065194369,0.8840954223432065,2,0
1_S12E06_088_u,-0.0036086215659452,-0.9658226682213352,0.0920874174035187,0.607808880059747,neutra,negativa,neutra,positiva,B,0.481107023327695,-0.04784801948473195,-0.3057087508128461,-0.528955042812427,-0.786815774140541,-0.25786073132811416,1,0
1_S12E06_111_u,-0.001531506604806,0.0006071790212445,0.0,-0.309451544424519,neutra,neutra,neutra,neutra,A,-0.00106934281302525,-0.000765753302403,0.1539600189098565,0.00030358951062225,0.15502936172288176,0.1547257722122595,0,1
1_S12E06_171_u,0.8858461780055222,0.9981103440077276,0.5303119431376425,-0.2343018350773492,positiva,positiva,positiva,negativa,B,-0.05613208300110267,0.17776711743393986,0.5600740065414357,0.23389920043504253,0.6162060895425384,0.3823068891074959,3,0
1_S12E06_229_u,-0.0035302199721627,-0.0305040081948391,-0.097563126058717,-0.6702835126779975,neutra,neutra,neutra,negativa,B,0.0134868941113382,0.04701645304327715,0.33337664635291736,0.03352955893193895,0.3198897522415792,0.28636019330964024,0,0
1_S12E06_248_u,-0.0022344333210639,-0.837168215730344,-0.9732057998477596,-0.1338179607409984,neutra,negativa,negativa,neutra,B,0.41746689120464003,0.48548568326334784,0.06579176370996724,0.06801879205870781,-0.3516751274946728,-0.4196939195533806,0,0
1_S12E06_287_u,-0.7818408470411669,0.9978681094944476,-0.9773857308241828,0.1820934932242379,negativa,positiva,negativa,positiva,B,-0.8898544782678073,0.09777244189150797,-0.4819671701327024,0.9876269201593152,0.4078873081351049,-0.5797396120242103,4,0
1_S12E06_316_u,0.1922947575621947,-0.9932813071573036,0.0,-0.6545035502524116,neutra,negativa,neutra,negativa,B,0.5927880323597491,0.09614737878109735,0.42339915390730315,-0.4966406535786518,-0.169388878452446,0.3272517751262058,0,0
1_S12E06_367_u,-0.0003708193835336,-0.2012439391110092,-0.0306837845592118,-0.353928699225071,neutra,neutra,neutra,neutra,A,0.10043655986373781,0.015156482587839101,0.17677893992076868,-0.0852800772758987,0.07634238005703088,0.1616224573329296,0,1
1_S12E06_412_u,0.0008149103059622,-0.9962461119757792,-0.3714754377943204,-0.9575598181458193,neutra,negativa,neutra,negativa,B,0.49853051114087066,0.1861451740501413,0.4791873642258907,-0.31238533709072935,-0.01934314691497996,0.2930421901757494,0,0
1_S12E07_005_u,-7.879037730162963e-05,0.9905273410295194,-5.55088569553267e-05,0.0525260969239751,neutra,positiva,neutra,neutra,B,-0.49530306570341054,-1.1640760173151467e-05,-0.026302443650638364,0.4952914249432374,0.46900062205277215,-0.026290802890465214,0,1
1_S12E07_060_u,0.091804096569831,0.0040590125699964,-0.3959463496788424,-0.5276717805070804,neutra,neutra,neutra,negativa,B,0.0438725419999173,0.2438752231243367,0.3097379385384557,0.2000026811244194,0.2658653965385384,0.065862715414119,0,0
1_S12E07_092_u,0.0008883051641532,0.9630620451061986,-0.306005306380539,-0.0184669105336071,neutra,positiva,neutra,neutra,B,-0.48108686997102273,0.15344680577234612,0.00967760784888015,0.6345336757433688,0.49076447781990284,-0.14376919792346596,0,1
1_S12E07_105_u,-0.0004756792623084,0.0137338224703853,7.227274956001742e-05,-0.6028665637131781,neutra,neutra,neutra,negativa,B,-0.00710475086634685,-0.00027397600593420874,0.3011954422254349,0.006830774860412641,0.30830019309178175,0.3014694182313691,0,0
1_S12E07_147_u,0.0004678142977354,-0.9984583090918022,-0.5071490932048897,0.0233898845355724,neutra,negativa,neutra,positiva,B,0.4994630616947688,0.2538084537513125,-0.0114610351189185,-0.24565460794345628,-0.5109240968136873,-0.26526948887023105,1,0
1_S12E07_169_u,2.682990816538222e-05,0.8927666750387289,-0.1187524409677016,-0.1353893036022783,neutra,positiva,neutra,neutra,B,-0.44636992256528174,0.05938963543793349,0.06770806675522184,0.5057595580032153,0.5140779893205036,0.00831843131728835,0,1
1_S12E07_179_u,-0.1736370536746108,0.9122456230315948,0.0008156966575594,-0.7123252106015572,neutra,positiva,neutra,negativa,B,-0.5429413383531028,-0.0872263751660851,0.2693440784634732,0.4557149631870177,0.8122854168165761,0.3565704536295583,1,0
1_S12E07_264_u,-0.0517816161882365,0.9874814471040736,-0.2573582616276603,-0.8782406592974441,neutra,positiva,neutra,negativa,B,-0.519631531646155,0.10278832271971189,0.4132295215546038,0.622419854365867,0.9328610532007588,0.3104411988348919,1,0
1_S12E07_424_u,-0.0033970463155128,-0.9981826329440082,-0.0316405063817614,-0.5632667144003791,neutra,negativa,neutra,negativa,B,0.4973927933142477,0.0141217300331243,0.27993483404243313,-0.4832710632811234,-0.21745795927181455,0.26581310400930885,0,0
1_S12E07_443_u,-0.0012723307299893,0.0860977937436473,-0.865127811726966,0.4696107847965322,neutra,neutra,negativa,positiva,B,-0.0436850622368183,0.4319277404984883,-0.23544155776326073,0.47561280273530665,-0.19175649552644244,-0.6673692982617491,1,0
1_S12E08_006_u,0.0081561872775637,-0.0054351833532564,0.6627005564888818,0.3065340132394339,neutra,neutra,positiva,positiva,B,0.00679568531541005,-0.32727218460565904,-0.14918891298093512,-0.3340678699210691,-0.15598459829634514,0.17808327162472395,0,0
1_S12E08_023_u,-0.0018048581841867,0.6527101867832243,-0.1648824650165258,-0.3226811625499978,neutra,positiva,neutra,neutra,B,-0.32725752248370554,0.08153880341616954,0.16043815218290555,0.4087963258998751,0.48769567466661107,0.078899348766736,0,1
1_S12E08_071_u,-0.1234822716469352,0.1114824612122902,-0.0331946214268238,-0.3330556858330966,neutra,neutra,neutra,negativa,B,-0.11748236642961271,-0.0451438251100557,0.10478670709308069,0.072338541319557,0.2222690735226934,0.1499305322031364,0,0
1_S12E08_098_u,0.0013643156530633,0.2049482989423268,-0.014605714092161,-0.5438689269746345,neutra,neutra,neutra,neutra,A,-0.10179199164463175,0.00798501487261215,0.2726166213138489,0.1097770065172439,0.37440861295848066,0.26463160644123673,0,1
1_S12E08_103_u,0.9863682541617892,0.6150915957841789,0.6584495735143209,-0.6239176415372641,positiva,positiva,positiva,negativa,B,0.18563832918880513,0.16395934032373416,0.8051429478495267,-0.02167898886507097,0.6195046186607216,0.6411836075257925,3,0
1_S12E08_135_u,0.7263307535631611,-0.2105604067328386,-0.6342273353257945,-0.3308749990304933,positiva,neutra,negativa,neutra,B,0.46844558014799986,0.6802790444444777,0.5286028762968272,0.21183346429647792,0.06015729614882734,-0.1516761681476506,1,0
1_S12E08_258_u,-0.2559611269662127,0.995196294006746,-0.0688629582919452,0.4562427864046184,neutra,positiva,positiva,positiva,B,-0.6255787104864794,-0.09354908433713374,-0.35610195668541555,0.5320296261493456,0.26947675380106384,-0.2625528723482818,0,0
1_S12E08_445_u,0.6245052686736017,0.9989336305206962,0.3574980975720562,0.9310000705940183,positiva,positiva,positiva,positiva,A,-0.18721418092354725,0.13350358555077274,-0.15324740096020834,0.32071776647432,0.03396677996333891,-0.2867509865109811,0,0
1_S12E09_005_u,-6.055685844330583e-06,-0.0003235084545849,-0.7194119275325946,0.25680401554564,neutra,neutra,negativa,positiva,B,0.00015872638437028472,0.35970293592337516,-0.12840503561574215,0.35954420953900484,-0.12856376200011244,-0.48810797153911734,1,0
1_S12E09_081_u,-8.207990322262049e-05,0.7223820237850305,-0.0899755450896757,-0.2032879960810534,neutra,positiva,neutra,negativa,B,-0.36123205184412654,0.04494673259322654,0.1016029580889154,0.4061787844373531,0.46283500993304194,0.056656225495688856,1,0
1_S12E09_090_u,-0.0018007025064434,-5.52544734091498e-05,0.0,-0.8183908133651132,neutra,neutra,neutra,negativa,B,-0.0008727240165171251,-0.0009003512532217,0.4082950554293349,-2.76272367045749e-05,0.40916777944585203,0.4091954066825566,0,0
1_S12E09_103_u,0.998628575796829,-0.0884361903299577,0.9999957452340842,-0.5856755355140195,positiva,neutra,positiva,negativa,B,0.5435323830633934,-0.0006835847186276167,0.7921520556554242,-0.544215967782021,0.2486196725920309,0.7928356403740519,2,0
1_S12E09_175_u,0.4761377231316146,0.0216086368654941,0.7720307568074246,0.0838637776207178,neutra,neutra,positiva,neutra,B,0.22726454313306027,-0.147946516837905,0.19613697275544842,-0.37521105997096527,-0.03112757037761185,0.3440834895933534,0,0
1_S12E09_207_u,0.4916846032701869,-0.8905251138130552,0.1330871968414206,-0.5849115045275541,neutra,negativa,neutra,negativa,B,0.6911048585416211,0.17929870321438318,0.5382980538988705,-0.5118061553272379,-0.15280680464275054,0.35899935068448735,0,0
1_S12E09_307_u,-0.0014176885524648,0.0250615821023529,-0.0082986448761906,-0.980594797455706,neutra,neutra,neutra,negativa,B,-0.01323963532740885,0.0034404781618629,0.4895885544516206,0.01668011348927175,0.5028281897790294,0.4861480762897577,0,0
1_S12E09_369_u,-0.9907381869743404,0.0184376363458795,0.0075201045036047,-0.7804595647612588,negativa,neutra,neutra,negativa,B,-0.50458791166011,-0.49912914573897255,-0.10513931110654079,0.0054587659211374,0.3994486005535691,0.39398983463243176,0,0
1_S12E09_413_u,-0.951320689120621,-0.0413527984419488,-0.3055226222242244,-0.5293065593286885,negativa,neutra,neutra,negativa,B,-0.45498394533933606,-0.32289903344819826,-0.2110070648959662,0.1320849118911378,0.24397688044336988,0.11189196855223207,0,0
1_S12E10_076_u,-0.0011903688018719,0.0001005323065328,0.1744962080530133,-0.2326331738266163,neutra,neutra,neutra,negativa,B,-0.00064545055420235,-0.0878432884274426,0.1157214025123722,-0.08719783787324024,0.11636685306657456,0.2035646909398148,0,0
1_S12E10_195_u,-0.0032797812018543,-0.0281000128707091,0.0,0.2495063630864023,neutra,neutra,neutra,neutra,A,0.0124101158344274,-0.00163989060092715,-0.12639307214412832,-0.01405000643535455,-0.1388031879785557,-0.12475318154320116,0,1
1_S12E10_245_u,-0.2610903450731712,0.8310048605180782,-0.6947639619346033,-0.9330767429666595,neutra,positiva,negativa,negativa,B,-0.5460476027956247,0.21683680843071607,0.3359931989467442,0.7628844112263408,0.8820408017423689,0.11915639051602811,2,0
1_S12E11_002_u,-0.0007900486780272,-0.0002281992437929,0.4589694610903634,0.4177087243238929,neutra,neutra,positiva,positiva,B,-0.00028092471711715,-0.2298797548841953,-0.20924938650096003,-0.22959883016707816,-0.2089684617838429,0.02063036838323526,0,0
1_S12E11_072_u,-0.0018419551943225,0.0679412861645687,-0.1185276896359366,-0.0750480069080368,neutra,neutra,neutra,neutra,A,-0.034891620679445595,0.05834286722080705,0.03660302585685715,0.09323448790025265,0.07149464653630275,-0.0217398413639499,0,1
1_S12E11_190_u,0.8764031752798473,-0.9711934478546028,0.3072808440818384,0.5683113808961934,positiva,negativa,neutra,positiva,B,0.923798311567225,0.28456116559900446,0.15404589719182699,-0.6392371459682207,-0.7697524143753981,-0.13051526840717748,2,0
1_S12E11_199_u,0.0080667410566093,0.9263503489946744,0.1669219108791809,-0.7775064256275074,neutra,positiva,neutra,negativa,B,-0.45914180396903254,-0.0794275849112858,0.39278658334205835,0.3797142190577467,0.8519283873110909,0.47221416825334417,1,0
1_S12E11_216_u,-0.0006693234545309,-0.7842424151167506,0.0114201529968341,-0.9955732779446408,neutra,negativa,neutra,negativa,B,0.3917865458311099,-0.0060447382256825005,0.49745197724505497,-0.39783128405679236,0.10566543141394508,0.5034967154707375,0,0
1_S12E12_030_u,0.993452078797418,0.0152813427594082,0.9671445872421014,0.0063752691028639,positiva,neutra,positiva,positiva,B,0.48908536801900493,0.013153745777658321,0.49353840484727707,-0.4759316222413466,0.004453036828272149,0.48038465906961875,0,0
1_S12E12_043_u,-0.0026831057039089,-0.0052303716292954,0.7784515892616486,-0.0024938553571702,neutra,neutra,positiva,positiva,B,0.00127363296269325,-0.39056734748277877,-9.462517336934978e-05,-0.391840980445472,-0.0013682581360625998,0.3904727223094094,0,0
1_S12E12_086_u,-0.0026719049601524,0.99864241020623,0.0497862319561223,0.6141683848429238,neutra,positiva,neutra,positiva,B,-0.5006571575831912,-0.02622906845813735,-0.3084201449015381,0.47442808912505385,0.1922370126816531,-0.28219107644340075,0,0
1_S12E12_266_u,0.001432151064364,-0.8267521577581647,-0.0035052512778245,-0.3356306937581396,neutra,negativa,neutra,negativa,B,0.41409215441126435,0.00246870117109425,0.1685314224112518,-0.4116234532401701,-0.24556073200001255,0.16606272124015756,0,0
1_S12E12_281_u,0.9963464387255954,0.8142263970803469,0.9927851056497894,0.4193992467582574,positiva,positiva,positiva,positiva,A,0.09106002082262421,0.0017806665379029862,0.28847359598366895,-0.08927935428472122,0.19741357516104477,0.28669292944576596,0,0
1_S12E12_371_u,0.0003284866479589,-0.0022723629954271,0.2957676544898066,-0.5242900547571481,neutra,neutra,positiva,neutra,B,0.001300424821693,-0.14771958392092382,0.2623092707025535,-0.14902000874261684,0.2610088458808605,0.4100288546234773,0,0
1_S12E13_088_u,0.0828127949616828,0.974099021681468,-0.0013818034114101,0.0989968734967987,neutra,positiva,neutra,neutra,B,-0.4456431133598926,0.04209729918654645,-0.00809203926755795,0.4877404125464391,0.4375510740923346,-0.0501893384541044,0,1
1_S12E13_224_u,0.0005424208347903,-0.0022146302217151,0.0,-0.397715033235727,neutra,neutra,neutra,negativa,B,0.0013785255282526998,0.00027121041739515,0.19912872703525863,-0.00110731511085755,0.19775020150700595,0.1988575166178635,0,0
1_S12E14_125_u,0.0011650716696749,-0.4022982863389188,0.0013665887886315,0.0489409816218539,neutra,negativa,neutra,neutra,B,0.20173167900429684,-0.0001007585594783,-0.0238879549760895,-0.20183243756377514,-0.22561963398038634,-0.0237871964166112,0,1
1_S12E14_152_u,0.993965797164492,-0.0306403243448585,0.9871112706023188,-0.0164092284598155,positiva,neutra,positiva,neutra,B,0.5123030607546752,0.0034272632810865566,0.5051875128121537,-0.5088757974735887,-0.0071155479425215,0.5017602495310671,0,0
1_S12E15_013_u,0.4473641027361736,0.9965531615162035,-0.1871428095196782,0.5461108184128534,neutra,positiva,neutra,positiva,B,-0.27459452939001494,0.3172534561279259,-0.049373357838339876,0.5918479855179408,0.2252211715516751,-0.3666268139662658,0,0
1_S12E15_064_u,-0.0356057541939662,-0.0305914147211296,0.9179837352988152,0.3838110860902816,neutra,neutra,positiva,positiva,B,-0.0025071697364182997,-0.47679474474639066,-0.2097084201421239,-0.4742875750099724,-0.20720125040570558,0.2670863246042668,0,0
1_S12E15_154_u,0.6081358809078665,0.0077736167349939,0.6452450931854381,0.2844249509378438,positiva,neutra,positiva,neutra,B,0.3001811320864363,-0.01855460613878579,0.16185546498501135,-0.3187357382252221,-0.13832566710142497,0.18041007112379714,0,0
1_S12E15_273_u,-0.0040762075823295,-0.5169570241705514,0.0,-0.6974196976632813,neutra,negativa,neutra,negativa,B,0.25644040829411097,-0.00203810379116475,0.3466717450404759,-0.2584785120852757,0.09023133674636491,0.34870984883164063,0,0
1_S12E15_351_u,0.0001826464613259,0.0029057112697046,-0.0030782199463124,-0.5856707236263902,neutra,neutra,neutra,negativa,B,-0.00136153240418935,0.00163043320381915,0.29292668504385805,0.0029919656080085,0.2942882174480474,0.2912962518400389,0,0
1_S12E15_420_u,-0.0004728309413621,-0.1295498179897549,-0.0029361994306999,-0.4577442916110159,neutra,neutra,neutra,neutra,A,0.0645384935241964,0.0012316842446689,0.2286357303348269,-0.0633068092795275,0.1640972368106305,0.227404046090158,0,1
1_S12E16_140_u,-0.0239364568988094,0.0218881370310555,-0.1969918381448857,-0.1588923787814566,neutra,neutra,neutra,neutra,A,-0.022912296964932452,0.08652769062303814,0.06747796094132359,0.10943998758797059,0.09039025790625604,-0.019049729681714547,0,1
1_S12E17_085_u,0.0003375057531229,0.0174855935474624,-0.0151963873468549,-0.0643805672443705,neutra,neutra,neutra,neutra,A,-0.00857404389716975,0.007766946549988899,0.0323590364987467,0.01634099044715865,0.04093308039591645,0.0245920899487578,0,1
1_S12E17_124_u,-0.0478514613114384,0.0129630835690477,0.0016823254182287,-0.386718283337541,neutra,neutra,neutra,negativa,B,-0.03040727244024305,-0.02476689336483355,0.1694334110130513,0.0056403790754095,0.19984068345329434,0.19420030437788485,0,0
1_S12E17_195_u,-0.0093717777344863,0.935942993972276,-0.0718673590071576,-0.0605458538397215,neutra,positiva,neutra,positiva,B,-0.47265738585338113,0.03124779063633565,0.025587038052617597,0.5039051764897168,0.49824442390599877,-0.005660752583718051,0,0
1_S12E17_336_u,-0.3977585555148835,0.006812402540163,0.0193275776072653,0.2476858181296847,neutra,neutra,neutra,positiva,B,-0.20228547902752325,-0.20854306656107438,-0.3227221868222841,-0.00625758753355115,-0.12043670779476086,-0.1141791202612097,0,0
1_S12E18_030_u,0.9882638752324056,0.7710887003813696,-0.1190774489492194,-0.1480724298162386,positiva,positiva,neutra,neutra,B,0.108587587425518,0.5536706620908125,0.5681681525243221,0.4450830746652945,0.4595805650988041,0.014497490433509605,0,1
1_S12E18_159_u,-0.0001615159835637,-0.9959630140328954,-0.0439632284909122,0.108004654094111,neutra,negativa,neutra,neutra,B,0.49790074902466586,0.02190085625367425,-0.05408308503883735,-0.47599989277099164,-0.5519838340635033,-0.0759839412925116,0,1
1_S12E18_198_u,-0.4524234636046458,0.8624461859872099,-0.2038504014832277,-0.3066738006193191,neutra,positiva,neutra,neutra,B,-0.6574348247959279,-0.12428653106070905,-0.07287483149266336,0.5331482937352188,0.5845599933032645,0.0514116995680457,0,1
1_S12E18_225_u,-0.7488589239037537,0.0044843627183581,-0.1614854064153562,-0.3428373682545499,negativa,neutra,positiva,neutra,B,-0.3766716433110559,-0.2936867587441988,-0.20301077782460192,0.08298488456685714,0.173660865486454,0.09067598091959686,1,0
1_S12E18_290_u,0.0106324817443237,-0.0020043071067448,-0.0664544442864788,-0.6526881389087068,neutra,neutra,neutra,negativa,B,0.00631839442553425,0.03854346301540125,0.3316603103265153,0.032225068589867,0.325341915900981,0.293116847311114,0,0
1_S12E18_303_u,0.992315179630168,-0.0283159430036903,0.9998178249506215,0.3437683898955582,positiva,neutra,positiva,positiva,B,0.5103155613169291,-0.0037513226602267635,0.3242733948673049,-0.5140668839771559,-0.18604216644962424,0.3280247175275317,0,0
1_S12E19_143_u,-0.0122039954376305,-0.9949403037753656,-0.1275465284347534,-0.3429578307142948,neutra,negativa,neutra,negativa,B,0.49136815416886753,0.05767126649856145,0.16537691763833215,-0.4336968876703061,-0.3259912365305354,0.10770565113977071,0,0
1_S12E19_354_u,0.0003248279745093,-0.9744043136961408,-0.7444840088899121,-0.5718476841633675,neutra,negativa,negativa,negativa,B,0.48736457083532503,0.37240441843221067,0.2860862560689384,-0.11496015240311436,-0.20127831476638663,-0.08631816236327228,0,0
1_S12E20_378_u,-0.0008193904295694,-0.999130483589397,-0.0006645471655695,-0.4197636367753149,neutra,negativa,neutra,neutra,B,0.49915554657991384,-7.742163199995003e-05,0.20947212317287275,-0.49923296821191376,-0.28968342340704106,0.2095495448048727,0,1
1_S12E21_167_u,0.2736956730404927,0.997792516575828,0.2326656997135597,-0.6678372783237139,neutra,positiva,positiva,negativa,B,-0.36204842176766766,0.020514986663466503,0.4707664756821033,0.3825634084311342,0.8328148974497709,0.45025148901863676,2,0
1_S12E21_261_u,-0.013070439294097,0.0351743050250661,0.8499485856941905,0.0289581833523697,neutra,neutra,positiva,positiva,B,-0.02412237215958155,-0.43150951249414377,-0.02101431132323335,-0.4073871403345622,0.0031080608363481983,0.41049520117091043,0,0
1_S12E21_285_u,0.0001958581378858,-0.2378632928011939,0.0076069667447063,-0.8308764084911674,neutra,neutra,neutra,negativa,B,0.11902957546953985,-0.00370555430341025,0.4155361333145266,-0.12273512977295009,0.29650655784498675,0.41924168761793684,0,0
1_S12E22_004_u,-2.760006555035943e-05,-0.0039096951968531,-0.0143191878873479,-0.3552764450956603,neutra,neutra,neutra,neutra,A,0.0019410475656513704,0.007145793910898771,0.17762442251505497,0.0052047463452474,0.17568337494940361,0.1704786286041562,0,1
1_S12E22_066_u,-0.0128476668287476,-0.0002463214495946,-0.1694622650813012,-0.3098463662900031,neutra,neutra,neutra,neutra,A,-0.0063006726895765,0.07830729912627679,0.14849934973062776,0.08460797181585329,0.15480002242020427,0.07019205060435096,0,1
1_S12E22_188_u,-0.0003889515901391,0.6276664247288863,0.5545797222098489,0.167726189480163,neutra,positiva,positiva,neutra,B,-0.3140276881595127,-0.27748433689999397,-0.08405757053515105,0.03654335125951874,0.22997011762436168,0.19342676636484293,0,0
1_S12E22_211_u,0.0007767419901938,0.0029971785352245,-0.0011506010835328,-0.2649407234042884,neutra,neutra,neutra,neutra,A,-0.00111021827251535,0.0009636715368633001,0.1328587326972411,0.00207388980937865,0.13396895096975647,0.1318950611603778,0,1
1_S12E23_209_u,4.435622395249084e-05,0.1609686305346258,-0.0083435844756913,0.6193426288431508,neutra,neutra,neutra,positiva,B,-0.08046213715533665,0.004193970349821895,-0.30964913630959917,0.08465610750515855,-0.22918699915426252,-0.31384310665942106,0,0
1_S12E23_350_u,-0.354772487306036,0.004397976459586,-0.0114436213979646,-0.9831157699052712,neutra,neutra,neutra,negativa,B,-0.179585231882811,-0.1716644329540357,0.3141716412996176,0.0079207989287753,0.49375687318242856,0.48583607425365327,0,0
1_S12E23_389_u,0.0001111217352445,-0.072430100524798,-0.1142465419167214,-0.8151604250830135,neutra,neutra,neutra,negativa,B,0.036270611130021245,0.05717883182598295,0.407635773409129,0.020908220695961703,0.3713651622791077,0.350456941583146,0,0
1_S12E23_470_u,0.998256279936868,0.0005200080158829,0.222173940036758,-0.7618172097252683,positiva,neutra,neutra,negativa,B,0.49886813596049256,0.388041169950055,0.8800367448310682,-0.11082696601043755,0.38116860887057563,0.4919955748810132,1,0
1_S12E23_488_u,0.4865405899236066,0.0738778436934808,-0.199555108853646,0.5096377700101583,neutra,neutra,neutra,positiva,B,0.2063313731150629,0.3430478493886263,-0.011548590043275853,0.1367164762735634,-0.21787996315833874,-0.35459643943190217,0,0
1_S12E23_539_u,-0.0268354887339228,0.9684220660637948,0.9915738546402012,0.0827279514865949,neutra,positiva,positiva,positiva,B,-0.4976287773988588,-0.509204671687062,-0.05478172011025885,-0.011575894288203215,0.44284705728859997,0.4544229515768031,0,0
1_S12E23_576_u,0.9974383373132696,-0.5746935335919261,0.7589227592511114,-0.1280353134963662,positiva,negativa,positiva,neutra,B,0.7860659354525978,0.11925778903107909,0.562736825404818,-0.6668081464215188,-0.22332911004777994,0.4434790363737388,2,0
1_S12E23_600_u,-0.0105939724617201,-0.0101467070671787,0.1445208712332342,-0.047930143470876,neutra,neutra,neutra,neutra,A,-0.00022363269727070003,-0.07755742184747716,0.01866808550457795,-0.07733378915020646,0.01889171820184865,0.0962255073520551,0,1
2_1_u,0.0296972069870662,-0.2313443723833188,-0.9980657776343892,-0.2033928226592252,neutra,neutra,negativa,neutra,B,0.1305207896851925,0.5138814923107277,0.1165450148231457,0.3833607026255352,-0.013975774862046805,-0.397336477487582,0,0
2_102_u,-0.7986509856127668,0.2770563875510561,-0.6004627600476171,-0.0654082372525914,negativa,neutra,negativa,neutra,B,-0.5378536865819115,-0.09909411278257485,-0.3666213741800877,0.4387595737993366,0.17123231240182374,-0.26752726139751287,0,0
2_103_u,0.0098895018181792,-0.0006518704758491,-0.2265052718490849,-0.3144921881612392,neutra,neutra,neutra,neutra,A,0.00527068614701415,0.11819738683363204,0.1621908449897092,0.11292670068661789,0.15692015884269506,0.04399345815607715,0,1
2_104_u,-0.0052825134516751,-0.0244351843248296,0.0037208038944573,-0.7271301178002939,neutra,neutra,neutra,negativa,B,0.00957633543657725,-0.0045016586730662,0.3609238021743094,-0.01407799410964345,0.35134746673773215,0.3654254608473756,0,0
2_105_u,0.0046291044309327,0.9985941489612742,-0.0144253079162673,-0.0404052250843962,neutra,positiva,neutra,neutra,B,-0.49698252226517076,0.0095272061736,0.02251716475766445,0.5065097284387707,0.5194996870228352,0.01298995858406445,0,1
2_107_u,0.0078802021726005,0.9967356689376174,0.0,0.0499113277570965,neutra,positiva,neutra,neutra,B,-0.49442773338250845,0.00394010108630025,-0.021015562792248,0.4983678344688087,0.4734121705902605,-0.02495566387854825,0,1
2_109_u,0.0027280907379463,-0.0034283173445146,-0.1953296290946059,-0.1753565978530485,neutra,neutra,neutra,neutra,A,0.00307820404123045,0.09902885991627611,0.0890423442954974,0.09595065587504566,0.08596414025426695,-0.009986515620778708,0,1
2_11_u,-0.0331737473316025,-0.0007773395791446,0.9688385667399284,0.0728319007146637,neutra,neutra,positiva,neutra,B,-0.01619820387622895,-0.5010061570357655,-0.0530028240231331,-0.4848079531595365,-0.036804620146904145,0.44800333301263234,0,0
2_111_u,-0.0105608222802402,0.9971844199444604,6.901825043291467e-07,-0.6339260926353747,neutra,positiva,neutra,negativa,B,-0.5038726211123503,-0.005280756231372264,0.3116826351775672,0.498591864880978,0.8155552562899175,0.31696339140893953,1,0
2_112_u,0.0011885775311384,0.001295676214795,0.9962941528519562,0.1925010938139166,neutra,neutra,positiva,positiva,B,-5.35493418283e-05,-0.4975527876604089,-0.0956562581413891,-0.4974992383185806,-0.0956027087995608,0.4018965295190198,0,0
2_113_u,-0.0135542266216361,0.00085612021212,0.6130256223103998,0.3263509707147021,neutra,neutra,positiva,positiva,B,-0.00720517341687805,-0.31328992446601794,-0.16995259866816909,-0.3060847510491399,-0.16274742525129104,0.14333732579784886,0,0
2_114_u,0.0057123320839309,-0.9973667526355712,0.0018068536486235,-0.2269236923370046,neutra,negativa,neutra,neutra,B,0.5015395423597511,0.0019527392176537,0.11631801221046775,-0.49958680314209736,-0.3852215301492833,0.11436527299281406,0,1
2_115_u,-0.9968627041816944,0.0104418554310541,-0.8708438624934498,-0.483363143936731,negativa,neutra,negativa,negativa,B,-0.5036522798063743,-0.06300942084412231,-0.25674978012248173,0.44064285896225197,0.24690249968389255,-0.1937403592783594,0,0
2_118_u,0.0069608885933121,-0.3310745350609068,6.845926791067681e-06,-0.9045695610751864,neutra,neutra,neutra,negativa,B,0.16901771182710945,0.0034770213332605162,0.45576522483424925,-0.16554069049384892,0.2867475130071398,0.45228820350098875,0,0
2_119_u,0.0199638618805693,0.9975952882468846,-0.5172319963855738,-0.4543036523071351,neutra,positiva,negativa,negativa,B,-0.48881571318315764,0.26859792913307157,0.2371337570938522,0.7574136423162292,0.7259494702770098,-0.03146417203921936,2,0
2_12_u,0.0018986208679052,0.896688091881515,-0.4920632631171479,-0.4541026660474018,neutra,positiva,neutra,negativa,B,-0.4473947355068049,0.24698094199252654,0.2280006434576535,0.6943756774993315,0.6753953789644584,-0.01898029853487304,1,0
2_120_u,0.9490092377795918,0.993784751801286,-0.1609013639674965,0.1721811886111806,positiva,positiva,neutra,neutra,B,-0.02238775701084711,0.5549553008735442,0.3884140245842056,0.5773430578843912,0.4108017815950527,-0.16654127628933854,0,1
2_121_u,-0.0070785398029329,-0.2609460704043158,-0.1954004617385261,-0.0707485692459159,neutra,neutra,neutra,neutra,A,0.12693376530069145,0.0941609609677966,0.0318350147214915,-0.03277280433289484,-0.09509875057919995,-0.0623259462463051,0,1
2_123_u,-0.9948472499818308,-0.0118137383833527,-0.0034050977697235,-0.0438692058436573,negativa,neutra,neutra,neutra,B,-0.4915167557992391,-0.49572107610605365,-0.4754890220690868,-0.0042043203068146,0.0160277337301523,0.020232054036966898,0,1
2_124_u,-0.0018130339267372,0.7816175331936392,-0.6556258002990459,-0.2448719052481466,neutra,positiva,negativa,neutra,B,-0.3917152835601882,0.3269063831861544,0.12152943566070469,0.7186216667463425,0.5132447192208929,-0.20537694752544966,1,0
2_125_u,0.0185782694970839,-0.2861588687519543,-0.005737040559055,-0.6983907039801126,neutra,negativa,neutra,negativa,B,0.1523685691245191,0.01215765502806945,0.35848448673859823,-0.14021091409644965,0.20611591761407916,0.3463268317105288,0,0
2_126_u,-0.9991930453752502,-0.9863937809823256,-0.1143185810312065,-0.2356019932631171,negativa,negativa,neutra,neutra,B,-0.006399632196462335,-0.44243723217202185,-0.3817955260560666,-0.4360375999755595,-0.37539589385960426,0.0606417061159553,0,1
2_127_u,0.0005577168003583,0.0056918600130302,0.9834243649654464,-0.6630413963110188,neutra,neutra,positiva,negativa,B,-0.00256707160633595,-0.49143332408254403,0.33179955655568855,-0.4888662524762081,0.3343666281620245,0.8232328806382325,1,0
2_128_u,0.0007519119171774,-0.0005268251952657,-0.000252341297316,-0.5675418873550371,neutra,neutra,neutra,neutra,A,0.0006393685562215499,0.0005021266072467,0.28414689963610723,-0.00013724194897484998,0.2835075310798857,0.28364477302886054,0,1
2_129_u,-0.0018618214744492,-0.9830233596003382,-0.0018897510046694,0.0018370643883826,neutra,negativa,neutra,neutra,B,0.49058076906294446,1.3964765110099941e-05,-0.0018494429314158999,-0.4905668042978344,-0.4924302119943604,-0.001863407696526,0,1
2_13_u,0.243168710367172,-0.0770359180751256,-0.7263078158313193,-0.423155569692608,neutra,neutra,negativa,neutra,B,0.1601023142211488,0.48473826309924567,0.33316214002989,0.3246359488780969,0.17305982580874119,-0.15157612306935567,0,0
2_131_u,-0.9991247547004604,6.605873477383284e-05,0.9790683517272828,-0.0893179993363447,negativa,neutra,positiva,neutra,B,-0.4995954067176171,-0.9890965532138716,-0.45490337768205785,-0.4895011464962545,0.044692029035559265,0.5341931755318138,1,0
2_134_u,-0.0005026538619858,-0.147346809208102,-0.0462330062312562,-0.8236549253575506,neutra,neutra,positiva,negativa,B,0.0734220776730581,0.0228651761846352,0.4115761357477824,-0.0505569014884229,0.3381540580747243,0.38871095956314716,1,0
2_135_u,-0.0797852644900558,-0.9890690720458224,0.8810163956517689,0.1362538342946208,neutra,negativa,positiva,neutra,B,0.45464190377788327,-0.4804008300709124,-0.1080195493923383,-0.9350427338487957,-0.5626614531702216,0.37238128067857407,1,0
2_137_u,0.6753625515229942,0.5867073129647906,0.317355244842586,0.2554877035654499,positiva,positiva,positiva,positiva,A,0.04432761927910178,0.1790036533402041,0.20993742397877213,0.13467603406110232,0.16560980469967035,0.03093377063856803,0,0
2_140_u,-0.0897283296944806,-0.3627086485212203,0.9417236016240432,-0.0101058612490306,neutra,neutra,positiva,neutra,B,0.13649015941336987,-0.5157259656592619,-0.039811234222725,-0.6522161250726317,-0.17630139363609484,0.4759147314365369,0,0
2_141_u,0.0112398764722456,0.0016044510903157,0.2608133094191898,-0.4434328926639865,neutra,neutra,positiva,negativa,B,0.00481771269096495,-0.12478671647347209,0.22733638456811606,-0.12960442916443704,0.2225186718771511,0.35212310104158817,1,0
2_144_u,-0.0024640630090289,0.0473843831805425,0.9992965906362818,0.0597946628869976,neutra,neutra,positiva,neutra,B,-0.0249242230947857,-0.5008803268226554,-0.03112936294801325,-0.4759561037278697,-0.0062051398532275495,0.4697509638746421,0,0
2_146_u,0.000419498725023,-0.884722126473207,-0.0008175971632989,-0.6101576745859348,neutra,negativa,neutra,negativa,B,0.442570812599115,0.00061854794416095,0.3052885866554789,-0.4419522646549541,-0.1372822259436361,0.304670038711318,0,0
2_147_u,-0.987632265098,8.483813689963426e-05,-0.5686431683800083,-0.3703532099840233,negativa,neutra,negativa,neutra,B,-0.4938585516174498,-0.20949454835899584,-0.3086395275569883,0.28436400325845396,0.18521902406046148,-0.09914497919799248,0,0
2_148_u,0.4913647849552944,0.0011220720944038,0.99387267990811,-0.0828983653336763,neutra,neutra,positiva,neutra,B,0.2451213564304453,-0.25125394747640784,0.28713157514448534,-0.4963753039068531,0.04201021871404005,0.5383855226208931,0,0
2_149_u,0.9973030609835404,0.974209043153678,0.9216900295115072,-0.5686326914612438,positiva,positiva,positiva,negativa,B,0.011547008914931212,0.037806515736016566,0.7829678762223922,0.026259506821085354,0.771420867307461,0.7451613604863756,3,0
2_15_u,-0.9953553527739132,0.513428784928692,-0.8658004034565013,-0.2035761893843301,negativa,positiva,negativa,neutra,B,-0.7543920688513026,-0.06477747465870592,-0.39588958169479155,0.6896145941925966,0.35850248715651106,-0.3311121070360856,2,0
2_150_u,-0.0004519352587522,-0.0035419850282778,0.0001619184433645,-0.3981003282184248,neutra,neutra,neutra,neutra,A,0.0015450248847628,-0.00030692685105835,0.1988241964798363,-0.00185195173582115,0.1972791715950735,0.19913112333089464,0,1
2_151_u,-0.0470980649843113,0.9079796487712885,0.0101086145614435,0.5163011405267752,neutra,positiva,neutra,positiva,B,-0.4775388568777999,-0.0286033397728774,-0.2816996027555433,0.44893551710492247,0.1958392541222566,-0.25309626298266585,0,0
2_152_u,-0.0027246965655649,0.3127532962225814,0.1591332220597752,-0.2972109981928953,neutra,neutra,neutra,neutra,A,-0.15773899639407316,-0.08092895931267005,0.1472431508136652,0.0768100370814031,0.30498214720773836,0.22817211012633526,0,1
2_154_u,-0.0029139969628886,-0.8125266348470177,-0.9991837625458694,-0.0236740884778556,neutra,negativa,negativa,neutra,B,0.40480631894206454,0.4981348827914904,0.0103800457574835,0.09332856384942584,-0.39442627318458107,-0.4877548370340069,0,0
2_155_u,0.9992817472830212,0.95328404933025,0.91270729649364,0.2941089024359825,positiva,positiva,positiva,neutra,B,0.0229988489763856,0.0432872253946906,0.35258642242351934,0.020288376418305,0.32958757344713374,0.3092991970288288,0,0
2_158_u,0.9978880310809471,0.0002522408567529,0.9902516277242672,0.3809859358647371,positiva,neutra,positiva,neutra,B,0.4988178951120971,0.003818201678339961,0.30845104760810504,-0.49499969343375716,-0.1903668475039921,0.30463284592976503,0,0
2_160_u,-0.9987429624889046,-0.9859026210360752,-0.4082005575152522,-0.4132548415218481,negativa,negativa,negativa,negativa,A,-0.006420170726414709,-0.2952712024868262,-0.29274406048352825,-0.2888510317604115,-0.28632388975711354,0.0025271420032979552,0,0
2_161_u,0.001510291381237,2.963715451187454e-05,-0.1029750125791454,-0.0351860749069602,neutra,neutra,neutra,neutra,A,0.0007403271133625628,0.0522426519801912,0.018348183144098598,0.05150232486682864,0.017607856030736037,-0.0338944688360926,0,1
2_162_u,-0.0174424636788899,-0.9572213365972856,0.3597402754060474,0.0902021551039069,neutra,negativa,positiva,neutra,B,0.46988943645919784,-0.18859136954246866,-0.0538223093913984,-0.6584808060016665,-0.5237117458505962,0.13476906015107026,1,0
2_163_u,-0.9958543354296124,-0.0026829417911358,-0.6758815933099682,-0.1087119877467761,negativa,neutra,negativa,neutra,B,-0.4965856968192383,-0.1599863710598221,-0.4435711738414182,0.3365993257594162,0.053014522977820146,-0.28358480278159603,0,0
2_166_u,-0.0003971745131821,0.986124360386384,0.0288985733967186,-0.7526604363927618,neutra,positiva,neutra,negativa,B,-0.49326076744978303,-0.01464787395495035,0.37613163093978985,0.47861289349483266,0.8693923983895728,0.3907795048947402,1,0
2_168_u,-6.0785563618992455e-05,0.0955447083324543,0.307564659780877,-0.5716177575911087,neutra,neutra,positiva,negativa,B,-0.04780274694803665,-0.153812722672248,0.28577848601374484,-0.10600997572421134,0.3335812329617815,0.43959120868599283,1,0
2_169_u,-0.995487040183434,0.0003793224186665,-0.9603008519855392,0.0073108712909742,negativa,neutra,negativa,neutra,B,-0.49793318130105024,-0.017593094098947437,-0.5013989557372042,0.4803400872021028,-0.0034657744361538496,-0.4838058616382567,0,0
2_170_u,0.0002357514777031,0.0005376765402616,0.8757235901505257,0.6560146274860017,neutra,neutra,positiva,positiva,B,-0.00015096253127924996,-0.4377439193364113,-0.3278894380041493,-0.43759295680513205,-0.32773847547287005,0.109854481332262,0,0
2_171_u,-0.6980819688615156,0.0251190071576274,0.0511264408682831,-0.1459129835478962,negativa,neutra,neutra,negativa,B,-0.3616004880095715,-0.37460420486489937,-0.27608449265680973,-0.01300371685532785,0.0855159953527618,0.09851971220808965,0,0
2_172_u,0.0044054826998944,0.5045521715073846,0.8532638369507406,-0.0002111451511155,neutra,positiva,positiva,positiva,B,-0.2500733444037451,-0.4244291771254231,0.00230831392550495,-0.17435583272167798,0.2523816583292501,0.42673749105092806,0,0
2_173_u,-0.051694922884053,-0.0008225866804423,-0.0003389157714306,-0.6952021841338138,neutra,neutra,neutra,negativa,B,-0.02543616810180535,-0.0256780035563112,0.32175363062488044,-0.00024183545450584998,0.34718979872668576,0.3474316341811916,0,0
2_174_u,-0.0209665856673382,0.1582762557227397,0.1359292431619308,0.5923578184330835,neutra,neutra,neutra,positiva,B,-0.08962142069503895,-0.0784479144146345,-0.3066622020502109,0.01117350628040445,-0.2170407813551719,-0.22821428763557638,0,0
2_176_u,-0.0080955261291819,0.1140623659430275,0.4887110738335823,0.3221767038034158,neutra,neutra,positiva,positiva,B,-0.0610789460361047,-0.2484032999813821,-0.16513611496629885,-0.1873243539452774,-0.10405716893019415,0.08326718501508326,0,0
2_177_u,-0.0002161746979254,0.0017744724755175,0.9998322585923456,-0.5830687438341556,neutra,neutra,positiva,negativa,B,-0.00099532358672145,-0.5000242166451355,0.2914262845681151,-0.499028893058414,0.2924216081548366,0.7914505012132507,1,0
2_178_u,0.9940706019169738,0.1981448328879196,0.9985920248949608,-0.0862277672509663,positiva,neutra,positiva,neutra,B,0.3979628845145271,-0.002260711488993483,0.5401491845839701,-0.4002235960035206,0.14218630006944294,0.5424098960729635,0,0
2_180_u,0.0740231856552782,-0.4024095404311083,-0.9290968236890264,0.8936769335181453,neutra,neutra,negativa,positiva,B,0.23821636304319327,0.5015600046721522,-0.4098268739314335,0.263343641628959,-0.6480432369746267,-0.9113868786035858,1,0
2_181_u,0.0973537845766259,0.1840642010211013,0.1031716263244742,-0.2138980352610816,neutra,neutra,neutra,negativa,B,-0.0433552082222377,-0.0029089208739241507,0.15562590991885375,0.04044628734831355,0.19898111814109143,0.1585348307927779,0,0
2_182_u,-0.0008812515698082,0.0015219728466036,0.8812976748924285,0.4699088349589146,neutra,neutra,positiva,positiva,B,-0.0012016122082059,-0.44108946323111836,-0.2353950432643614,-0.43988785102291245,-0.2341934310561555,0.20569441996675694,0,0
2_183_u,-0.0812317610616446,0.0015470093467229,0.8017574794965897,0.0134025654639116,neutra,neutra,positiva,neutra,B,-0.041389385204183754,-0.4414946202791172,-0.0473171632627781,-0.4001052350749334,-0.00592777805859435,0.39417745701633905,0,0
2_186_u,0.9982574223358824,-0.0013037916924076,0.0671944349885269,-0.2832186753978022,positiva,neutra,neutra,negativa,B,0.499780607014145,0.46553149367367774,0.6407380488668424,-0.03424911334046725,0.14095744185269732,0.17520655519316455,1,0
2_187_u,0.9990855625692348,-0.8829980546870502,0.3480891540177874,-0.1803050610372643,positiva,negativa,positiva,neutra,B,0.9410418086281425,0.3254982042757237,0.5896953118032495,-0.6155436043524187,-0.35134649682489294,0.26419710752752584,2,0
2_188_u,-0.0014453861949732,-0.9950492738607865,-0.5190175449882418,-0.1299342804821209,neutra,negativa,negativa,neutra,B,0.4968019438329066,0.2587860793966343,0.06424444714357386,-0.23801586443627232,-0.43255749668933274,-0.19454163225306045,0,0
2_189_u,0.0243865961356277,-0.7362991936679464,0.0007837919640422,-0.0967617010057439,neutra,negativa,neutra,neutra,B,0.380342894901787,0.01180140208579275,0.0605741485706858,-0.3685414928159943,-0.31976874633110125,0.04877274648489305,0,1
2_190_u,0.9982818611051698,0.5454118005509372,0.0002160396686898,-0.0136719951406122,positiva,positiva,neutra,neutra,B,0.2264350302771163,0.49903291071824,0.505976928122891,0.2725978804411237,0.2795418978457747,0.006944017404651,0,1
2_191_u,0.0011695926577885,0.9042003215290606,-0.2902394761242505,-0.686680633982178,neutra,positiva,neutra,negativa,B,-0.45151536443563606,0.1457045343910195,0.34392511331998327,0.5972198988266555,0.7954404777556193,0.19822057892896378,1,0
2_193_u,0.0148845783714932,0.4008853447467118,3.7357945427864944e-06,-0.1019082278246061,neutra,neutra,neutra,neutra,A,-0.1930003831876093,0.007440421288475206,0.05839640309804965,0.2004408044760845,0.2513967862856589,0.05095598180957444,0,1
2_194_u,-6.502062387880869e-05,-0.8159928631503135,0.8926922390694089,0.2539058302849297,neutra,negativa,positiva,positiva,B,0.40796392126321734,-0.44637862984664384,-0.12698542545440425,-0.8543425511098612,-0.5349493467176216,0.3193932043922396,2,0
2_196_u,-0.0065906808085856,-0.9470460858865408,-0.9675077678661246,-0.4384470254735789,neutra,negativa,negativa,neutra,B,0.4702277025389776,0.4804585435287695,0.21592817233249664,0.010230840989791878,-0.254299530206481,-0.2645303711962729,0,0
2_197_u,0.0006947952097107,0.0003655753280327,0.1421254687284917,0.2123850783595116,neutra,neutra,neutra,positiva,B,0.000164609940839,-0.0707153367593905,-0.10584514157490045,-0.0708799467002295,-0.10600975151573945,-0.03512980481550995,0,0
2_198_u,-0.3770632957312045,0.9483656938755304,0.9957156386879276,-0.5150640094128904,neutra,positiva,positiva,negativa,B,-0.6627144948033674,-0.6863894672095661,0.06900035684084296,-0.02367497240619859,0.7317148516442105,0.755389824050409,2,0
2_2_u,0.9956301276397426,0.9968555103478138,-0.011654919657979,-0.1483317522150983,positiva,positiva,neutra,neutra,B,-0.0006126913540356327,0.5036425236488608,0.5719809399274205,0.5042552150028964,0.5725936312814561,0.06833841627855966,0,1
2_20_u,-0.0034977209143107,0.0063584948061361,0.9384441782140956,-0.7515772558603204,neutra,neutra,positiva,negativa,B,-0.0049281078602234,-0.47097094956420316,0.3740397674730049,-0.46604284170397975,0.3789678753332283,0.8450107170372081,1,0
2_202_u,0.0062357088472708,-0.6047790676529985,9.32322247596857e-05,0.3673596652806735,neutra,negativa,neutra,positiva,B,0.3055073882501346,0.003071238311255557,-0.18056197821670134,-0.3024361499388791,-0.48606936646683596,-0.1836332165279569,1,0
2_203_u,-0.8886476299740025,0.0956974333457765,-0.8586087887728511,-0.6695503597176868,negativa,positiva,negativa,negativa,B,-0.4921725316598895,-0.015019420600575706,-0.10954863512815782,0.4771531110593138,0.3826238965317317,-0.09452921452758212,3,0
2_204_u,0.94264907825891,0.0884826959754718,0.911679754616234,-0.3029392594442471,positiva,neutra,positiva,neutra,B,0.4270831911417191,0.015484661821338008,0.6227941688515786,-0.4115985293203811,0.19571097770985946,0.6073095070302406,0,0
2_205_u,-0.1660444127701339,-0.9957247731690586,-0.9299980057639144,-0.6438433366628099,neutra,negativa,negativa,negativa,B,0.41484018019946234,0.38197679649689026,0.238899461946338,-0.03286338370257208,-0.17594071825312435,-0.14307733455055227,0,0
2_206_u,-0.9146996722993208,0.0001266889894395,-0.5711309016741536,-0.4378927012197286,negativa,neutra,negativa,neutra,B,-0.45741318064438014,-0.1717843853125836,-0.2384034855397961,0.2856287953317965,0.21900969510458407,-0.06661910022721249,0,0
2_208_u,-0.0005574108308792,0.976813579991358,-0.0138330100791493,-0.6077787700342017,neutra,positiva,neutra,negativa,B,-0.4886854954111186,0.00663779962413505,0.3036106796016612,0.49532329503525363,0.7922961750127798,0.2969728799775262,1,0
2_209_u,0.0011821223524748,-0.0088143400744229,0.0861464422259806,-0.0182677579810843,neutra,neutra,neutra,neutra,A,0.00499823121344885,-0.0424821599367529,0.00972494016677955,-0.04748039115020175,0.0047267089533307,0.05220710010353245,0,1
2_210_u,-0.0003992957836089,-0.5551081439243717,0.4462302206037281,-0.3242456954118098,neutra,negativa,positiva,negativa,B,0.2773544240703814,-0.2233147581936685,0.16192319981410044,-0.5006691822640499,-0.11543122425628094,0.38523795800776894,2,0
2_213_u,-0.0165266398835228,0.9937319889922946,0.9997390499619742,-0.817950246075634,neutra,positiva,positiva,negativa,B,-0.5051293144379088,-0.5081328449227485,0.40071180309605564,-0.003003530484839756,0.9058411175339643,0.9088446480188042,2,0
2_217_u,-0.0001967082789633,0.1956660462310537,0.7151286435174598,-0.5736592121305877,neutra,neutra,positiva,negativa,B,-0.09793137725500849,-0.35766267589821155,0.28673125192581217,-0.25973129864320305,0.38466262918082067,0.6443939278240237,1,0
2_218_u,-0.0030501365581585,-0.0320256739214528,0.0077897320143846,-0.1894451130356175,neutra,neutra,neutra,neutra,A,0.01448776868164715,-0.00541993428627155,0.0931974882387295,-0.0199077029679187,0.07870971955708235,0.09861742252500105,0,1
2_221_u,-0.0009277697754441,0.0394059564823692,-0.3125360881686473,-0.3003890665454998,neutra,neutra,negativa,neutra,B,-0.02016686312890665,0.1558041591966016,0.14973064838502784,0.17597102232550826,0.1698975115139345,-0.006073510811573757,0,0
2_222_u,-0.0001962286969501,-0.0002674243642104,0.3631114081137939,0.0222786503533521,neutra,neutra,neutra,neutra,A,3.559783363015001e-05,-0.18165381840537198,-0.011237439525151102,-0.18168941623900214,-0.011273037358781251,0.1704163788802209,0,1
2_223_u,0.0002549278360675,-0.0001824806986405,0.2336989272850364,-0.0839163826571571,neutra,neutra,neutra,neutra,A,0.000218704267354,-0.11672199972448445,0.0420856552466123,-0.11694070399183845,0.0418669509792583,0.15880765497109675,0,1
2_225_u,-0.0042399312842462,0.9982921717537464,0.6147881854614402,0.6136631212837528,neutra,positiva,positiva,positiva,B,-0.5012660515189963,-0.3095140583728432,-0.30895152628399947,0.1917519931461531,0.1923145252349968,0.0005625320888437146,0,0
2_226_u,-0.3185071001207689,0.0011173687871632,0.505238675311743,-0.0084761209203862,neutra,neutra,positiva,neutra,B,-0.15981223445396603,-0.41187288771625596,-0.15501548960019135,-0.25206065326228994,0.0047967448537747,0.2568573981160646,0,0
2_227_u,0.0001714580976113,0.4047185036033625,-0.0381502728649426,-0.4315125115797856,neutra,neutra,neutra,neutra,A,-0.20227352275287558,0.01916086548127695,0.21584198483869846,0.22143438823415254,0.418115507591574,0.1966811193574215,0,1
2_228_u,0.8917542090621282,0.9753573088710256,-0.9962695106762464,0.4038521588605362,positiva,positiva,negativa,positiva,B,-0.041801549904448676,0.9440118598691873,0.243951025100796,0.985813409773636,0.28575257500524465,-0.7000608347683913,3,0
2_230_u,0.0010012851134888,0.998861242289422,0.0006711539748387,0.2139749894005944,neutra,positiva,neutra,neutra,B,-0.49892997858796656,0.00016506556932505,-0.1064868521435528,0.4990950441572916,0.3924431264444138,-0.10665191771287785,0,1
2_231_u,-0.0503201004794391,0.0067241726574138,0.4463459634912335,-0.4629681735532359,neutra,neutra,positiva,neutra,B,-0.02852213656842645,-0.2483330319853363,0.2063240365368984,-0.21981089541690985,0.23484617310532485,0.4546570685222347,0,0
2_232_u,-0.0016533985035493,0.0201423619473644,0.9846512486530056,-0.4886134129483254,neutra,neutra,positiva,negativa,B,-0.01089788022545685,-0.49315232357827743,0.24348000722238805,-0.4822544433528206,0.2543778874478449,0.7366323308006655,1,0
2_234_u,0.499215831490801,0.2125871316093253,0.9916449863132656,-0.3258538797846996,neutra,neutra,positiva,negativa,B,0.14331434994073786,-0.2462145774112323,0.4125348556377503,-0.38952892735197014,0.26922050569701245,0.6587494330489826,1,0
2_235_u,-0.0001301663287449,0.0172843837353866,-0.5462269761762407,0.5303532844991423,neutra,neutra,negativa,positiva,B,-0.00870727503206575,0.27304840492374793,-0.2652417254139436,0.28175567995581363,-0.25653445038187783,-0.5382901303376915,1,0
2_236_u,0.0003361791277711,-0.684361475508922,-0.9198208625620076,-0.2701785226352514,neutra,negativa,negativa,neutra,B,0.34234882731834654,0.4600785208448893,0.13525735088151125,0.11772969352654278,-0.20709147643683531,-0.32482116996337806,0,0
2_24_u,-0.0084076532966719,-0.016302487007124,0.5002181987668567,0.176732211014799,neutra,neutra,positiva,positiva,B,0.00394741685522605,-0.2543129260317643,-0.09256993215573545,-0.25826034288699035,-0.0965173490109615,0.16174299387602886,0,0
2_240_u,-0.8440394034114433,0.9802900630020304,-0.2893464185196778,-0.5442495981696995,negativa,positiva,neutra,negativa,B,-0.9121647332067369,-0.2773464924458828,-0.1498949026208719,0.634818240760854,0.762269830585865,0.12745158982501087,2,0
2_241_u,0.0731965336563007,0.4732169925555354,0.0014628261368056,-0.2483143465489978,neutra,neutra,neutra,neutra,A,-0.20001022944961735,0.035866853759747554,0.16075544010264925,0.2358770832093649,0.36076566955226663,0.1248885863429017,0,1
2_242_u,0.1534911663088678,0.1957654992711468,0.7402162178381183,-0.0510575355049999,neutra,neutra,positiva,neutra,B,-0.021137166481139502,-0.29336252576462524,0.10227435090693385,-0.27222535928348573,0.12341151738807335,0.3956368766715591,0,0
2_243_u,-0.8405177788226865,-0.5807266310584964,-0.5723024465998622,-0.7720739109092393,negativa,negativa,negativa,negativa,A,-0.12989557388209505,-0.13410766611141217,-0.03422193395672363,-0.0042120922293171215,0.09567363992537142,0.09988573215468854,0,0
2_245_u,0.0245596791492062,0.9882969547725224,0.0799185978206653,-0.5842966540483758,neutra,positiva,neutra,negativa,B,-0.4818686378116581,-0.027679459335729545,0.304428166598791,0.45418917847592855,0.7862968044104491,0.3321076259345206,1,0
2_246_u,0.9963194580695928,0.8411577954466338,-0.0115882271638238,-0.2152302402304486,positiva,positiva,neutra,neutra,B,0.07758083131147947,0.5039538426167083,0.6057748491500207,0.4263730113052288,0.5281940178385413,0.1018210065333124,0,1
2_247_u,0.9982642044487876,-0.0416482662221824,0.953280383503042,0.361435641022399,positiva,neutra,positiva,positiva,B,0.519956235335485,0.0224919104728728,0.3184142817131943,-0.4974643248626122,-0.20154195362229071,0.2959223712403215,0,0
2_248_u,0.8479429709022952,0.8967135305138072,0.0,-0.3123977523471696,positiva,positiva,neutra,neutra,B,-0.024385279805756,0.4239714854511476,0.5801703616247325,0.4483567652569036,0.6045556414304885,0.1561988761735848,0,1
2_250_u,1.021949674395728e-05,-0.9273362272397208,-0.0196700642113039,-0.5378095719963314,neutra,negativa,neutra,negativa,B,0.46367322336823236,0.009840141854023928,0.2689098957465377,-0.4538330815142084,-0.19476332762169468,0.25906975389251374,0,0
2_251_u,-0.9958535022215074,0.5132137145628803,-0.9886680345185628,-0.7424835346871987,negativa,positiva,negativa,negativa,B,-0.7545336083921939,-0.003592733851472296,-0.1266849837671543,0.7509408745407216,0.6278486246250395,-0.12309224991568202,3,0
2_253_u,0.992144522833314,0.9883272438273708,0.996191118654157,-0.6939559661084787,positiva,positiva,positiva,negativa,B,0.0019086395029715986,-0.0020232979104214954,0.8430502444708963,-0.003931937413393094,0.8411416049679248,0.8450735423813178,3,0
2_254_u,0.7288223602517974,-0.0014156927427393,0.0056803905277861,-0.8952705161529595,positiva,neutra,neutra,negativa,B,0.36511902649726835,0.3615709848620056,0.8120464382023784,-0.0035480416352627,0.4469274117051101,0.4504754533403728,1,0
2_255_u,0.1262564963053591,-0.0031086913877516,-0.2727539376611841,0.1560669480124487,neutra,neutra,negativa,neutra,B,0.06468259384655535,0.19950521698327162,-0.014905225853544798,0.13482262313671625,-0.07958781970010015,-0.2144104428368164,0,0
2_257_u,0.0241772705439871,0.9056531222549892,0.6849909783047816,-0.4096950372972061,neutra,positiva,positiva,negativa,B,-0.44073792585550103,-0.33040685388039726,0.2169361539205966,0.11033107197510378,0.6576740797760976,0.5473430078009939,2,0
2_258_u,-0.0016528330552318,-0.0128753072640392,-0.4840160386239987,-0.2040341444604565,neutra,neutra,negativa,neutra,B,0.0056112371044037,0.24118160278438347,0.10119065570261235,0.23557036567997977,0.09557941859820865,-0.13999094708177112,0,0
2_259_u,0.0026932393793686,-0.9122404969130002,0.0073343080364535,-0.1139943982183469,neutra,negativa,neutra,negativa,B,0.4574668681461844,-0.00232053432854245,0.058343818798857756,-0.4597874024747269,-0.3991230493473267,0.060664353127400206,0,0
2_260_u,0.0044137239365227,-0.0042952726071234,0.2534715687470548,-0.5627397809061223,neutra,neutra,neutra,negativa,B,0.00435449827182305,-0.12452892240526604,0.2835767524213225,-0.1288834206770891,0.27922225414949947,0.40810567482658855,0,0
2_261_u,-0.0249807913351105,0.0086559200626652,-0.7069106313782613,-0.2742348716710696,neutra,neutra,negativa,neutra,B,-0.01681835569888785,0.34096492002157536,0.12462704016797954,0.35778327572046326,0.14144539586686738,-0.21633787985359584,0,0
2_263_u,0.3404578275876702,0.9970897196344596,0.9993125141764884,-0.5915321612032132,neutra,positiva,positiva,negativa,B,-0.3283159460233947,-0.3294273432944091,0.4659949943954417,-0.0011113972710143916,0.7943109404188364,0.7954223376898508,2,0
2_264_u,0.2520251367604942,0.0057179148425348,0.0002834147112315,0.2653477854546507,neutra,positiva,neutra,neutra,B,0.1231536109589797,0.12587086102463135,-0.006661324347078251,0.00271725006565165,-0.12981493530605795,-0.1325321853717096,0,1
2_267_u,0.0027230443811276,0.9877069016874884,-0.0003835057664429,0.5921325447037814,neutra,positiva,neutra,positiva,B,-0.4924919286531804,0.00155327507378525,-0.2947047501613269,0.49404520372696564,0.1977871784918535,-0.29625802523511213,0,0
2_268_u,0.0570966985542327,0.1209296793676912,0.9494243567372908,-0.2902211314067245,positiva,neutra,positiva,neutra,B,-0.031916490406729246,-0.446163829091529,0.1736589149804786,-0.4142473386847998,0.20557540538720787,0.6198227440720077,0,0
2_27_u,-0.9975267393674584,0.9980026349585388,-0.0034287656052195,-0.6685230476316066,negativa,positiva,neutra,negativa,B,-0.9977646871629986,-0.4970489868811194,-0.16450184586792588,0.5007157002818792,0.8332628412950727,0.33254714101319355,2,0
2_270_u,0.0008389797894778,0.0018006305926974,1.6111864059586996e-07,-0.4677040332928301,neutra,neutra,neutra,negativa,B,-0.0004808254016098,0.00041940933541860205,0.23427150654115395,0.000900234737028402,0.23475233194276376,0.23385209720573535,0,0
2_271_u,-0.0843968558183405,-0.8582312504731817,0.0140888342403573,-0.3081783486530186,neutra,negativa,neutra,neutra,B,0.3869171973274206,-0.0492428450293489,0.11189074641733904,-0.43616004235676953,-0.2750264509100816,0.16113359144668793,0,1
2_272_u,-0.0093363234263961,-0.9733902205189224,-0.205989876992776,-0.7927202244754883,neutra,negativa,neutra,negativa,B,0.48202694854626316,0.09832677678318995,0.3916919505245461,-0.38370017176307325,-0.09033499802171707,0.2933651737413562,0,0
2_278_u,0.707332900732581,0.9961350041048718,0.7348815968633603,-0.2293188087642192,positiva,positiva,positiva,negativa,B,-0.14440105168614537,-0.01377434806538963,0.4683258547484001,0.13062670362075574,0.6127269064345455,0.48210020281378974,3,0
2_279_u,0.9947439601619408,0.9983711777440476,0.102716006769286,-0.1712381286779419,positiva,positiva,neutra,neutra,B,-0.0018136087910534116,0.44601397669632736,0.5829910444199413,0.4478275854873808,0.5848046532109947,0.13697706772361395,0,1
2_28_u,0.9954388743317396,-0.0371937795134726,0.1287080381410251,0.7382859949037084,positiva,neutra,neutra,positiva,B,0.5163163269226061,0.4333654180953572,0.1285764397140156,-0.08295090882724886,-0.3877398872085905,-0.30478897838134167,0,0
2_280_u,-0.9934599318658002,0.0004652509232982,-0.8416744893283422,-0.2989047923707404,negativa,neutra,negativa,neutra,B,-0.4969625913945492,-0.07589272126872898,-0.3472775697475299,0.4210698701258202,0.1496850216470193,-0.2713848484788009,0,0
2_281_u,-0.0192008924204856,-0.6130685676034773,0.6776846375288852,-0.0165721338358708,neutra,negativa,positiva,neutra,B,0.29693383759149583,-0.3484427649746854,-0.0013143792923073997,-0.6453766025661812,-0.29824821688380326,0.34712838568237797,1,0
2_282_u,0.001969289237877,0.9812789922434604,-0.2306352357917428,-0.5256239442620427,neutra,positiva,neutra,neutra,B,-0.4896548515027917,0.1163022625148099,0.26379661674995986,0.6059571140176016,0.7534514682527516,0.14749435423514995,0,1
2_283_u,-0.0143762222760415,-0.0003410430435906,0.8292224929585029,-0.303097968028548,neutra,neutra,positiva,neutra,B,-0.007017589616225449,-0.4217993576172722,0.14436087287625324,-0.41478176800104677,0.1513784624924787,0.5661602304935255,0,0
2_284_u,0.0008175960801963,0.9804205534164794,7.071835117500357e-08,-0.3880442468100229,neutra,positiva,neutra,neutra,B,-0.48980147866814155,0.0004087626809225625,0.19443092144510962,0.4902102413490641,0.6842324001132511,0.19402215876418705,0,1
2_286_u,0.0059270060492053,0.0130449560501801,-0.4379911966558391,-0.0486333068693057,neutra,neutra,negativa,neutra,B,-0.0035589750004874,0.2219591013525222,0.027280156459255498,0.22551807635300958,0.0308391314597429,-0.1946789448932667,0,0
2_287_u,-0.8490971021674341,-0.0099515732144936,-0.4413529081435375,-0.1480105581479924,negativa,neutra,neutra,neutra,B,-0.41957276447647024,-0.20387209701194828,-0.3505432720097208,0.21570066746452196,0.0690294924667494,-0.14667117499777255,0,1
2_288_u,-0.010013222683483,-0.0340451787633355,-0.4237240425378319,-0.5372587489546278,neutra,neutra,negativa,neutra,B,0.01201597803992625,0.20685540992717447,0.26362276313557237,0.1948394318872482,0.25160678509564616,0.05676735320839793,0,0
2_289_u,0.9670249146947754,-0.0094440290849888,0.9624870097397784,-0.1592908942082431,positiva,neutra,positiva,negativa,B,0.48823447188988206,0.002268952477498476,0.5631579044515093,-0.4859655194123836,0.07492343256162715,0.5608889519740108,2,0
2_29_u,0.079934872330341,0.0006808151229051,-0.1663805874147028,-0.3673982507229085,neutra,neutra,neutra,neutra,A,0.039627028603717945,0.1231577298725219,0.22366656152662473,0.08353070126880395,0.18403953292290678,0.10050883165410285,0,1
2_291_u,0.0048963317967718,0.3320474890642799,-0.00175277832962,-0.2424286362424028,neutra,positiva,neutra,neutra,B,-0.16357557863375405,0.0033245550631958998,0.1236624840195873,0.16690013369694995,0.28723806265334134,0.1203379289563914,0,1
2_292_u,-0.8488727461772214,0.0004136769853175,-0.0143743960055871,-0.35556892096065,negativa,neutra,neutra,neutra,B,-0.42464321158126944,-0.41724917508581716,-0.2466519126082857,0.0073940364954522995,0.17799129897298377,0.17059726247753146,0,1
2_293_u,-0.0076377937657525,-0.8114266145857982,-0.3782271283146026,-0.3504755000816659,neutra,negativa,neutra,negativa,B,0.4018944104100229,0.18529466727442503,0.17141885315795669,-0.21659974313559782,-0.23047555725206617,-0.013875814116468349,0,0
2_294_u,0.0047884595687719,0.0017421994944015,0.9794850037490864,0.6252478381269612,neutra,neutra,positiva,positiva,B,0.0015231300371852002,-0.48734827209015724,-0.3102296892790946,-0.4888714021273425,-0.31175281931627985,0.17711858281106263,0,0
2_295_u,-5.917057569604367e-05,-0.0065481335604999,-0.4525197547987977,-0.4349889495177195,neutra,neutra,neutra,negativa,B,0.0032444814924019283,0.22623029211155082,0.21746488947101172,0.2229858106191489,0.2142204079786098,-0.0087654026405391,0,0
2_297_u,-0.9920915030161268,-4.345479464973323e-05,-0.994929717725407,-0.2585350780980662,negativa,neutra,negativa,neutra,B,-0.49602402411073854,0.00141910735464007,-0.3667782124590303,0.4974431314653786,0.12924581165170823,-0.3681973198136704,0,0
2_299_u,-0.000410014155932,-0.8240420776419342,1.675780381468978e-05,-0.082416189601645,neutra,negativa,neutra,neutra,B,0.4118160317430011,-0.0002133859798733449,0.0410030877228565,-0.41202941772287444,-0.3708129440201446,0.04121647370272984,0,1
2_3_u,-0.0054582915436185,0.0324168309243759,0.0199936679708166,-0.2919187158113346,neutra,neutra,neutra,neutra,A,-0.018937561233997202,-0.012725979757217551,0.14323021213385806,0.006211581476779651,0.16216777336785526,0.1559561918910756,0,1
2_30_u,6.641767322435044e-05,0.9958980805704414,-0.0214588871562877,-0.2734554277645659,neutra,positiva,neutra,negativa,B,-0.4979158314486085,0.010762652414756026,0.13676092271889512,0.5086784838633646,0.6346767541675036,0.1259982703041391,1,0
2_300_u,-0.9468309132862488,0.9965021992229596,-0.011461814155068,-0.7007055663387292,negativa,positiva,neutra,negativa,B,-0.9716665562546042,-0.4676845495655904,-0.12306267347375982,0.5039820066890138,0.8486038827808444,0.3446218760918306,2,0
2_301_u,0.0024113614499583,0.127668947330676,-0.004551280566945,-0.1936576928710565,neutra,neutra,neutra,negativa,B,-0.06262879294035885,0.00348132100845165,0.0980345271605074,0.0661101139488105,0.16066332010086626,0.09455320615205574,0,0
2_302_u,-0.9972702851955546,0.9987931878749804,-0.9438373673414654,-0.195833138859598,negativa,positiva,negativa,negativa,B,-0.9980317365352676,-0.026716458927044606,-0.4007185731679783,0.9713152776082229,0.5973131633672892,-0.3740021142409337,3,0
2_303_u,-0.00901859294936,0.214570157804701,0.375012655841052,-0.0517244572343771,neutra,neutra,neutra,neutra,A,-0.1117943753770305,-0.19201562439520597,0.02135293214250855,-0.08022124901817548,0.13314730751953907,0.21336855653771453,0,1
2_305_u,0.0832770717015591,0.7764860351453535,0.4689087420533885,-0.7209005371725653,neutra,positiva,positiva,negativa,B,-0.34660448172189723,-0.19281583517591472,0.4020888044370622,0.1537886465459825,0.7486932861589595,0.5949046396129769,2,0
2_306_u,0.0123248737718313,0.0014662594994661,0.4332772691439078,-0.3655645442195238,neutra,neutra,neutra,neutra,A,0.0054293071361826,-0.21047619768603826,0.18894470899567753,-0.21590550482222085,0.18351540185949494,0.3994209066817158,0,1
2_31_u,-0.011596320917306,-0.1186625001719221,0.1773281564867236,-0.0772957270447579,neutra,neutra,positiva,negativa,B,0.05353308962730805,-0.0944622387020148,0.03284970306372595,-0.14799532832932286,-0.020683386563582103,0.12731194176574073,1,0
2_310_u,0.9959675682002852,-0.1695583605960564,0.1848286746031296,-0.2172778993626709,positiva,neutra,neutra,neutra,B,0.5827629643981708,0.4055694467985778,0.606622733781478,-0.177193517599593,0.02385976938330725,0.20105328698290026,0,1
2_312_u,0.0085323645198513,0.9720246810147728,0.0763044919202037,0.1475075335604034,neutra,positiva,neutra,neutra,B,-0.48174615824746075,-0.033886063700176196,-0.06948758452027605,0.44786009454728454,0.4122585737271847,-0.03560152082009985,0,1
2_313_u,0.3447734037090413,0.3665358632060815,-0.0014618075320932,-0.176535631204024,neutra,neutra,neutra,neutra,A,-0.0108812297485201,0.17311760562056724,0.2606545174565327,0.18399883536908734,0.27153574720505275,0.08753691183596539,0,1
2_314_u,-0.0565718221623683,-0.0167077931837411,-0.0117860691202175,-0.0562574210751337,neutra,neutra,neutra,neutra,A,-0.0199320144893136,-0.0223928765210754,-0.00015720054361730018,-0.0024608620317618,0.0197748139456963,0.0222356759774581,0,1
2_315_u,-0.0006046857779438,-0.0004850939112657,0.0224322033869593,0.233933449324104,neutra,neutra,neutra,neutra,A,-5.9795933339049974e-05,-0.01151844458245155,-0.1172690675510239,-0.0114586486491125,-0.11720927161768485,-0.10575062296857235,0,1
2_316_u,0.9366808849626976,0.0272585559469007,0.9988010114710714,-0.8542603758047337,positiva,neutra,positiva,negativa,B,0.45471116450789845,-0.031060063254186865,0.8954706303837157,-0.4857712277620853,0.4407594658758172,0.9265306936379025,2,0
2_317_u,0.0148451721506717,0.990291291680478,0.0125689855220559,-0.001470652082935,neutra,positiva,neutra,neutra,B,-0.48772305976490316,0.0011380933143078998,0.00815791211680335,0.4888611530792111,0.4958809718817065,0.00701981880249545,0,1
2_318_u,-0.0262976673984667,0.0581452291662571,9.12689222856926e-06,-0.5446640362846666,neutra,neutra,neutra,negativa,B,-0.0422214482823619,-0.013153397145347636,0.25918318444309996,0.029068051137014266,0.30140463272546186,0.2723365815884476,0,0
2_319_u,-0.0689754998893477,0.9778731476017128,-0.9574828612772736,-0.9966977474228772,neutra,positiva,negativa,negativa,B,-0.5234243237455303,0.4442536806939629,0.46386112376676475,0.9676780044394933,0.987285447512295,0.019607443072801822,2,0
2_322_u,-0.0001471122959628,0.0082604627095861,0.2508791718663811,0.1333447217592037,neutra,neutra,positiva,neutra,B,-0.00420378750277445,-0.12551314208117195,-0.06674591702758324,-0.12130935457839749,-0.0625421295248088,0.058767225053588695,0,0
2_323_u,-0.0004561936148093,0.0020514191319307,0.5481910295251172,0.9931265325198184,neutra,neutra,positiva,positiva,B,-0.00125380637337,-0.27432361156996327,-0.49679136306731386,-0.27306980519659324,-0.49553755669394384,-0.2224677514973506,0,0
2_326_u,0.0013286090370456,0.9988390753533168,-0.1169291201794073,-0.2399471112643369,neutra,positiva,neutra,negativa,B,-0.49875523315813564,0.05912886460822645,0.12063786015069125,0.557884097766362,0.6193930933088269,0.0615089955424648,1,0
2_33_u,-0.0244724165531806,0.9402866079362866,0.067276988576087,-0.5731324136431796,neutra,positiva,neutra,negativa,B,-0.4823795122447336,-0.045874702564633794,0.2743299985449995,0.4365048096800998,0.756709510789733,0.3202047011096333,1,0
2_334_u,0.0164894484964861,0.9466469061553652,0.0059267676337431,-0.9143973353755428,neutra,positiva,neutra,negativa,B,-0.4650787288294395,0.0052813404313715,0.46544339193601447,0.47036006926081103,0.9305221207654539,0.46016205150464295,1,0
2_337_u,-0.0433802991101401,-0.0343016487713612,0.8858917339988422,0.0820219043001996,neutra,neutra,positiva,neutra,B,-0.004539325169389451,-0.46463601655449116,-0.06270110170516985,-0.46009669138510173,-0.0581617765357804,0.4019349148493213,0,0
2_338_u,0.5926240598819277,0.9522149449476274,0.9863361029178424,-0.2047945344005712,positiva,positiva,positiva,neutra,B,-0.17979544253284985,-0.19685602151795734,0.3987092971412494,-0.01706057898510749,0.5785047396740993,0.5955653186592068,0,0
2_339_u,0.9973030609835404,-0.0021641954899678,0.8110108125579532,0.2606586790119762,positiva,neutra,positiva,positiva,B,0.4997336282367541,0.09314612421279361,0.3683221909857821,-0.4065875040239605,-0.131411437250972,0.27517606677298845,0,0
2_34_u,-0.002854231170204,-0.9827811813447624,0.1004430308810153,0.0374736739322542,neutra,negativa,neutra,neutra,B,0.4899634750872792,-0.051648631025609654,-0.020163952551229103,-0.5416121061128889,-0.5101274276385084,0.03148467847438055,0,1
2_340_u,-0.0188810077743255,0.0872668341635289,-0.4131150391112442,0.9300834764057072,neutra,neutra,negativa,positiva,B,-0.0530739209689272,0.19711701566845935,-0.4744822420900164,0.25019093663738656,-0.42140832112108917,-0.6715992577584757,1,0
2_341_u,-0.001849626931289,-0.0005891668261028,-0.9583894218227292,0.2081594811170361,neutra,neutra,negativa,neutra,B,-0.0006302300525931,0.4782698974457201,-0.10500455402416256,0.47890012749831323,-0.10437432397156945,-0.5832744514698827,0,0
2_342_u,0.0001158177519755,0.0001030051334964,0.6935469851856753,-0.2109856033232064,neutra,neutra,positiva,neutra,B,6.4063092395499956e-06,-0.34671558371684985,0.10555071053759095,-0.34672199002608944,0.1055443042283514,0.4522662942544408,0,0
2_343_u,0.0008811060451989,-0.2312637906288728,0.3591758215745073,-0.4368784766178579,neutra,neutra,positiva,negativa,B,0.11607244833703585,-0.17914735776465418,0.2188797913315284,-0.2952198061016901,0.10280734299449254,0.3980271490961826,1,0
2_344_u,0.0007749034939479,-0.0003275990693509,0.9886481632771716,0.1605367583921178,neutra,neutra,positiva,neutra,B,0.0005512512816494,-0.49393662989161186,-0.07988092744908495,-0.49448788117326126,-0.08043217873073435,0.41405570244252693,0,0
2_345_u,-0.9526728272903712,-0.136886301501363,-0.7860106638057271,-0.0137816623493564,negativa,neutra,negativa,neutra,B,-0.4078932628945041,-0.08333108174232201,-0.4694455824705074,0.32456218115218205,-0.061552319576003295,-0.3861145007281854,0,0
2_347_u,-0.0018814019658748,-0.9955582463699102,-0.801526682722319,-0.0633244272845332,neutra,negativa,negativa,negativa,B,0.4968384222020177,0.39982264037822207,0.030721512659329202,-0.09701578182379561,-0.4661169095426885,-0.36910112771889286,0,0
2_35_u,-0.9979696229856928,-0.1481359813005838,-0.9377584846448715,-0.4774077058869548,negativa,neutra,negativa,neutra,B,-0.4249168208425545,-0.03010556917041063,-0.260280958549369,0.39481125167214387,0.1646358622931855,-0.23017538937895837,0,0
2_350_u,-0.99391230391484,-0.6022037231596187,0.6775620088687756,-0.0285184769891203,negativa,negativa,positiva,neutra,B,-0.19585429037761065,-0.8357371563918078,-0.4826969134628598,-0.6398828660141971,-0.2868426230852492,0.353040242928948,2,0
2_351_u,-0.9932542542082956,-0.8424268873568508,-0.8018396102495833,0.0674390001164282,negativa,negativa,negativa,neutra,B,-0.07541368342572241,-0.09570732197935616,-0.5303466271623619,-0.020293638553633753,-0.4549329437366395,-0.43463930518300575,0,0
2_352_u,-0.0138334864022908,-0.0010273628431605,-0.7469862393497174,0.3204065290745347,neutra,neutra,negativa,neutra,B,-0.00640306177956515,0.36657637647371333,-0.16712000773841276,0.37297943825327845,-0.1607169459588476,-0.5336963842121261,0,0
2_353_u,-0.1495081888861023,0.0084325724819791,-0.3764377615262021,-0.716740472824313,neutra,neutra,neutra,negativa,B,-0.07897038068404069,0.11346478632004992,0.28361614196910534,0.1924351670040906,0.36258652265314606,0.17015135564905542,0,0
2_356_u,0.9109692262604768,0.0598085855162935,0.4614020678799229,-0.0184599447064102,positiva,neutra,neutra,neutra,B,0.42558032037209165,0.22478357919027697,0.4647145854834435,-0.2007967411818147,0.039134265111351846,0.23993100629316655,0,1
2_357_u,0.9982270184918888,0.9096437774642254,0.3143767152058847,0.9179291004606056,positiva,positiva,positiva,positiva,A,0.044291620513831675,0.341925151643002,0.04014895901564158,0.29763353112917035,-0.004142661498190092,-0.30177619262736044,0,0
2_358_u,-0.0040334948571398,-0.7288386197105865,-0.993236324517438,0.3312701840884983,neutra,negativa,negativa,positiva,B,0.36240256242672336,0.49460141483014913,-0.16765183947281903,0.13219885240342577,-0.5300544018995423,-0.6622532543029682,2,0
2_359_u,0.0272885738313561,0.039279755372263,-0.0366317833156069,0.2865549019363241,neutra,neutra,neutra,neutra,A,-0.00599559077045345,0.031960178573481504,-0.129633164052484,0.03795576934393495,-0.12363757328203055,-0.1615933426259655,0,1
2_36_u,-0.9770832551439526,0.1884991648985305,-0.3268335695879667,-0.7172005977830851,negativa,neutra,negativa,negativa,B,-0.5827912100212416,-0.3251248427779929,-0.12994132868043373,0.2576663672432486,0.4528498813408078,0.19518351409755919,0,0
2_361_u,-0.1465444710156589,0.0109540325611305,-0.2814824040680673,-0.3080431542359293,neutra,neutra,neutra,neutra,A,-0.0787492517883947,0.0674689665262042,0.08074934161013521,0.14621821831459889,0.1594985933985299,0.013280375083931012,0,1
2_365_u,-0.0088183802763524,0.0002378188319198,0.0032944672452275,0.0034568323491839,neutra,neutra,neutra,positiva,B,-0.0045280995541361,-0.00605642376078995,-0.00613760631276815,-0.00152832420665385,-0.00160950675863205,-8.118255197820008e-05,0,0
2_367_u,-0.005944761855062,-0.0791554553652531,0.0380364495692881,-0.3404114855453372,neutra,neutra,neutra,neutra,A,0.03660534675509555,-0.02199060571217505,0.1672333618451376,-0.058595952467270604,0.13062801509004204,0.18922396755731263,0,1
2_369_u,0.0005330854746716,-0.9574668028835732,-0.0771986366256565,-0.0349652634370918,neutra,negativa,positiva,neutra,B,0.4789999441791224,0.03886586105016405,0.0177491744558817,-0.44013408312895835,-0.4612507697232407,-0.02111668659428235,1,0
2_370_u,0.0420490562646591,0.0172400372862284,-0.1566183944074896,-0.0432364875567145,neutra,neutra,neutra,neutra,A,0.012404509489215352,0.09933372533607435,0.0426427719106868,0.08692921584685899,0.03023826242147145,-0.05669095342538755,0,1
2_371_u,-0.9891313175394316,-0.9816130756244092,-0.7310726113552765,-0.2084702012070921,negativa,negativa,negativa,neutra,B,-0.003759120957511186,-0.12902935309207758,-0.3903305581661698,-0.1252702321345664,-0.3865714372086586,-0.26130120507409216,0,0
2_372_u,0.0107368807221064,-0.9927854753186692,-0.6332796075133347,-0.5031504310900347,neutra,negativa,negativa,neutra,B,0.5017611780203878,0.32200824411772055,0.25694365590607054,-0.17975293390266728,-0.2448175221143173,-0.06506458821165001,0,0
2_373_u,1.4866870969854062e-05,-0.8273842845956096,0.5438133289353415,-0.4314489479176701,neutra,negativa,positiva,neutra,B,0.41369957573328975,-0.27189923103218583,0.21573190739431997,-0.6855988067654756,-0.19796766833896978,0.4876311384265058,1,0
2_374_u,-0.0059469841507961,0.0041674221592984,0.0285684991084079,-0.1911662771017291,neutra,neutra,neutra,neutra,A,-0.00505720315504725,-0.017257741629602003,0.09260964647546649,-0.01220053847455475,0.09766684963051375,0.10986738810506849,0,1
2_375_u,-0.0004981168203812,-0.2937727979297051,-0.4621110679784184,0.0444790067616849,neutra,neutra,negativa,neutra,B,0.14663734055466196,0.2308064755790186,-0.02248856179103305,0.08416913502435663,-0.16912590234569502,-0.25329503737005166,0,0
2_376_u,-0.9921395686542382,-0.0299658051699225,-0.7525063081485507,-0.2135438954341225,negativa,neutra,negativa,neutra,B,-0.48108688174215786,-0.11981663025284378,-0.3892978366100579,0.3612702514893141,0.0917890451321,-0.26948120635721406,0,0
2_377_u,0.9904132120727808,0.1104604607207875,0.8164969360842009,0.0280784036343295,positiva,neutra,positiva,neutra,B,0.4399763756759966,0.08695813799428992,0.48116740421922566,-0.3530182376817067,0.041191028543228994,0.39420926622493574,0,0
2_378_u,-0.0005927626698394,0.884550842558383,0.9951754078519792,0.2384419084060936,neutra,positiva,positiva,positiva,B,-0.4425718026141112,-0.4978840852609093,-0.11951733553796651,-0.055312282646798105,0.3230544670761447,0.3783667497229428,0,0
2_38_u,-0.0049915993258764,-0.1147471322765341,-0.9627236296743774,-0.2105357845604886,neutra,neutra,negativa,negativa,B,0.054877766475328854,0.4788660151742505,0.1027720926173061,0.42398824869892165,0.04789432614197725,-0.3760939225569444,0,0
2_380_u,0.9200810303882464,0.000229611468967,0.2804644995027429,-0.5358970493543894,positiva,neutra,positiva,negativa,B,0.4599257094596397,0.31980826544275176,0.7279890398713179,-0.14011744401688794,0.26806333041167824,0.40818077442856615,2,0
2_381_u,0.0004987060674466,0.0069877640826234,-0.0351109633258746,-0.7141154174227269,neutra,neutra,neutra,negativa,B,-0.0032445290075884,0.0178048346966606,0.35730706174508675,0.021049363704249,0.3605515907526751,0.33950222704842614,0,0
2_385_u,0.0009926374514179,-0.8957733233692124,-0.0753867560332678,-0.6509821174200625,neutra,negativa,neutra,negativa,B,0.44838298041031516,0.03818969674234285,0.3259873774357402,-0.4101932836679723,-0.12239560297457497,0.28779768069339734,0,0
2_387_u,0.0028293580799072,-0.0354265455407585,-0.4126933082374392,-0.496401161060203,neutra,neutra,negativa,negativa,B,0.01912795181033285,0.2077613331586732,0.2496152595700551,0.18863338134834035,0.23048730775972226,0.041853926411381887,0,0
2_388_u,0.7758086781068414,0.2213404213998728,0.7249513375073549,0.734396628466493,positiva,neutra,positiva,positiva,B,0.27723412835348427,0.025428670299743272,0.020706024820174196,-0.251805458053741,-0.2565281035333101,-0.004722645479569076,0,0
2_389_u,-0.8301343716302654,0.0205702386656412,0.0197407431671434,-0.3087114723923152,negativa,neutra,neutra,negativa,B,-0.4253523051479533,-0.42493755739870437,-0.2607114496189751,0.00041474774924889907,0.16464085552897822,0.16422610777972932,0,0
2_39_u,0.0050833753812185,9.625813868296972e-05,-0.6497136738462465,-0.2596317254006863,neutra,neutra,negativa,neutra,B,0.002493558621267765,0.3273985246137325,0.1323575503909524,0.3249049659924647,0.12986399176968463,-0.19504097422278008,0,0
2_390_u,-0.995794909329561,-0.979176344761072,-0.6897166567259174,-0.0690348599164281,negativa,negativa,negativa,neutra,B,-0.008309282284244546,-0.15303912630182182,-0.4633800247065665,-0.14472984401757727,-0.4550707424223219,-0.31034089840474466,0,0
2_392_u,-0.5474440659727406,0.7685010107925336,-0.1046478357228094,0.5473008210787417,negativa,positiva,neutra,positiva,B,-0.6579725383826371,-0.22139811512496563,-0.5473724435257412,0.43657442325767154,0.11060009485689598,-0.32597432840077556,2,0
2_393_u,-8.012625949049834e-05,0.915280378951138,0.8350495092161916,-0.8474599844019396,neutra,positiva,positiva,negativa,B,-0.45768025260531425,-0.41756481773784104,0.42368992907122455,0.04011543486747321,0.8813701816765388,0.8412547468090656,2,0
2_397_u,0.9365016108149576,-0.3624264092650264,-0.9110423163244306,-0.8695352740003729,positiva,neutra,negativa,negativa,B,0.649464010039992,0.9237719635696942,0.9030184424076653,0.27430795352970205,0.2535544323676733,-0.020753521162028832,2,0
2_398_u,-0.0067840899973816,0.2700294542592019,-0.1827598373536118,-0.0818955121794716,neutra,positiva,neutra,neutra,B,-0.13840677212829175,0.0879878736781151,0.037555711091044996,0.22639464580640684,0.17596248321933675,-0.050432162587070097,0,1
2_400_u,-0.6887045042822137,0.9561713538842014,0.1029440227867683,0.1208973118686115,negativa,positiva,neutra,positiva,B,-0.8224379290832076,-0.395824263534491,-0.40480090807541264,0.42661366554871655,0.41763702100779493,-0.008976644540921598,2,0
2_405_u,-0.9980224347746116,0.1155065723432926,0.0574100249226342,-0.6504865446360784,negativa,neutra,positiva,negativa,B,-0.5567645035589521,-0.5277162298486229,-0.17376794506926663,0.0290482737103292,0.3829965584896855,0.3539482847793563,2,0
2_406_u,-0.2712186076169018,0.1645767741028976,-0.269157681820988,-0.8051393424277196,neutra,positiva,neutra,negativa,B,-0.21789769085989968,-0.001030462897956913,0.26696036740540885,0.2168672279619428,0.4848580582653086,0.2679908303033658,1,0
2_407_u,0.0020514191319307,-0.0378642237028543,0.6742005604845752,0.9634516533958956,neutra,neutra,positiva,positiva,B,0.0199578214173925,-0.33607457067632224,-0.4807001171319824,-0.35603239209371473,-0.5006579385493749,-0.14462554645566017,0,0
2_408_u,-0.3407671516906703,0.4209291427905555,-0.040324081612576,0.1891039352340157,negativa,neutra,neutra,neutra,B,-0.3808481472406129,-0.15022153503904714,-0.264935543462343,0.23062661220156574,0.1159126037782699,-0.11471400842329585,0,1
2_409_u,0.8841958100383636,0.0013759300782112,0.5216685187003585,0.1422225539572536,positiva,neutra,positiva,neutra,B,0.44140993998007616,0.18126364566900255,0.370986628040555,-0.2601462943110736,-0.0704233119395212,0.18972298237155244,0,0
2_410_u,-0.0006486880229203,0.9501390760742652,0.0243225493163638,0.2723268806497799,neutra,positiva,neutra,positiva,B,-0.47539388204859273,-0.012485618669642049,-0.1364877843363501,0.4629082633789507,0.33890609771224267,-0.12400216566670805,0,0
2_413_u,-0.9959402199456237,0.5751272346533369,-0.9921721956870896,-0.5299705751240256,negativa,positiva,negativa,negativa,B,-0.7855337272994802,-0.001884012129267032,-0.23298482241079904,0.7836497151702133,0.5525489048886812,-0.231100810281532,3,0
2_415_u,0.0166911370943125,0.0182266502260972,0.6942671027360764,-0.2721520741353744,neutra,neutra,positiva,neutra,B,-0.00076775656589235,-0.33878798282088196,0.14442160561484346,-0.3380202262549896,0.1451893621807358,0.48320958843572537,0,0
2_416_u,-0.0002444844885758,-0.517465222546889,-0.6073444279044573,-0.1370164655252463,neutra,negativa,negativa,neutra,B,0.2586103690291566,0.30354997170794074,0.06838599051833524,0.04493960267878416,-0.19022437851082136,-0.23516398118960552,0,0
2_419_u,0.1179915867560339,-0.9941302774923316,0.00852528453367,0.4456572338880504,neutra,negativa,neutra,positiva,B,0.5560609321241827,0.054733151111181946,-0.16383282356600826,-0.5013277810130008,-0.719893755690191,-0.2185659746771902,1,0
2_42_u,0.3916903809549694,-0.9153667438513368,-0.0928829993280039,0.0910276259237434,neutra,negativa,neutra,neutra,B,0.653528562403153,0.24228669014148663,0.15033137751561299,-0.4112418722616664,-0.5031971848875401,-0.09195531262587364,0,1
2_420_u,0.990933045381098,0.9922206166520482,0.3922893287801956,-0.2787037663394586,positiva,positiva,positiva,neutra,B,-0.0006437856354750693,0.2993218583004512,0.6348184058602784,0.2999656439359263,0.6354621914957534,0.3354965475598271,0,0
2_421_u,0.5772715193852491,0.9984566985367564,-0.0466007827847636,-0.2783421589992941,positiva,positiva,neutra,neutra,B,-0.21059258957575366,0.3119361510850064,0.4278068391922716,0.52252874066076,0.6383994287680252,0.11587068810726525,0,1
2_422_u,0.9988107698409294,0.3471226722740539,0.0421404175072786,-0.1069047568365932,positiva,neutra,neutra,neutra,B,0.32584404878343776,0.4783351761668254,0.5528577633387614,0.15249112738338766,0.22701371455532354,0.0745225871719359,0,1
2_423_u,-0.041052104155824,-0.9562836523982696,0.333774315236679,-0.14552551349625,neutra,negativa,positiva,negativa,B,0.4576157741212228,-0.1874132096962515,0.052236704670213005,-0.6450289838174743,-0.4053790694510098,0.2396499143664645,2,0
2_425_u,0.0003511685026751,0.6145480717677856,0.992446740718872,0.8778893662645715,neutra,positiva,positiva,positiva,B,-0.3070984516325552,-0.4960477861080984,-0.43876909888094817,-0.18894933447554318,-0.13167064724839295,0.05727868722715024,0,0
2_426_u,0.9989254597239778,0.8848509441813803,0.9999999726024228,0.0868476207804632,positiva,positiva,positiva,positiva,A,0.057037257771298755,-0.0005372564392224777,0.45603891947175734,-0.05757451421052123,0.3990016617004586,0.4565761759109798,0,0
2_427_u,-0.5056549346772954,-0.1752874242374673,-0.0040856323441595,-0.8217296943592375,negativa,neutra,neutra,negativa,B,-0.16518375521991405,-0.25078465116656795,0.15803737984097105,-0.08560089594665389,0.3232211350608851,0.408822031007539,0,0
2_428_u,-0.0012216990617162,-0.985755613182846,0.6695488857193553,-0.2190482103964314,neutra,negativa,positiva,neutra,B,0.4922669570605649,-0.33538529239053577,0.1089132556673576,-0.8276522494511007,-0.3833537013932073,0.44429854805789337,1,0
2_429_u,0.9935643072167296,0.9912187570735114,0.9953545294972548,-0.5915643802203705,positiva,positiva,positiva,negativa,B,0.0011727750716091223,-0.0008951111402625833,0.7925643437185501,-0.0020678862118717056,0.7913915686469409,0.7934594548588126,3,0
2_43_u,-0.0013675814861926,0.9947946030297316,-1.8444917436972205e-05,-0.5470866673800631,neutra,positiva,neutra,neutra,B,-0.4980810922579621,-0.0006745682843778139,0.2728595429469352,0.49740652397358426,0.7709406352048973,0.27353411123131305,0,1
2_430_u,-0.0041380733455298,-0.726115776662482,0.9475645953687726,0.0259852034893506,neutra,negativa,positiva,neutra,B,0.36098885165847605,-0.4758513343571512,-0.0150616384174402,-0.8368401860156273,-0.3760504900759163,0.460789695939711,1,0
2_431_u,-0.9936055764337652,-0.8655971927946666,-0.9764327436483456,-0.5269455714951621,negativa,negativa,negativa,negativa,A,-0.0640041918195493,-0.008586416392709795,-0.23333000246930158,0.05541777542683951,-0.16932581064975227,-0.22474358607659178,0,0
2_433_u,0.0035595735134847,-0.980305949189642,-0.0098943397538481,-0.3394875656580554,neutra,negativa,neutra,neutra,B,0.49193276135156333,0.0067269566336664,0.17152356958577003,-0.4852058047178969,-0.3204091917657933,0.16479661295210363,0,1
2_434_u,0.6533283822327576,0.0018499030607017,-0.0465924754565244,0.2084969605687849,positiva,neutra,neutra,neutra,B,0.32573923958602796,0.349960428844641,0.22241571083198636,0.02422118925861305,-0.10332352875404159,-0.12754471801265466,0,1
2_435_u,0.0549064283213738,0.0017814078819355,0.0411497119302455,-0.4850702233030463,neutra,neutra,neutra,negativa,B,0.02656251021971915,0.006878358195564153,0.26998832581221005,-0.019684152024154997,0.24342581559249088,0.2631099676166459,0,0
2_437_u,-0.9771080586251628,-0.1764687194081489,-0.2089855093541085,-0.5269720000738746,negativa,neutra,neutra,negativa,B,-0.40031966960850696,-0.38406127463552714,-0.22506802927564412,0.016258394972979803,0.17525164033286283,0.15899324535988302,0,0
2_438_u,-0.1522016888848156,-0.8593655199074419,0.9851907924994932,-0.0456841136794538,neutra,negativa,positiva,neutra,B,0.3535819155113131,-0.5686962406921544,-0.05325878760268091,-0.9222781562034675,-0.40684070311399406,0.5154374530894734,1,0
2_439_u,0.9974080833198968,-0.0670348400744842,-0.0032715839874364,-0.475654231151566,positiva,neutra,neutra,negativa,B,0.5322214616971905,0.5003398336536666,0.7365311572357314,-0.031881628043523895,0.20430969553854092,0.23619132358206482,1,0
2_44_u,0.0559179566680541,0.9979543762783578,0.0131538063386224,-0.8729320471116809,neutra,positiva,neutra,negativa,B,-0.47101820980515186,0.021382075164715852,0.4644250018898675,0.4924002849698677,0.9354432116950193,0.44304292672515166,1,0
2_440_u,-0.9262512717850768,-0.0559985461368341,-0.3672226783977951,0.1118618106120265,negativa,neutra,neutra,neutra,B,-0.43512636282412137,-0.27951429669364086,-0.5190565411985517,0.1556120661304805,-0.0839301783744303,-0.2395422445049108,0,1
2_441_u,0.985683345250436,-0.9092208777583436,0.001037957536166,-0.75168044148013,positiva,negativa,neutra,negativa,B,0.9474521115043898,0.492322693857135,0.868681893365283,-0.4551294176472548,-0.07877021813910678,0.376359199508148,2,0
2_442_u,-0.3041925996367354,-0.0782250793054117,-0.0775341678886412,-0.1054186666733586,neutra,neutra,neutra,neutra,A,-0.11298376016566185,-0.1133292158740471,-0.0993869664816884,-0.00034545570838524775,0.01359679368397345,0.013942249392358698,0,1
2_443_u,-0.0617059982323553,-0.0926622683546156,-0.1811494419712375,0.0790184949458177,neutra,neutra,neutra,neutra,A,0.015478135061130154,0.0597217218694411,-0.07036224658908649,0.04424358680831095,-0.08584038165021665,-0.1300839684585276,0,1
2_444_u,0.2621221613007947,0.9985973611437656,-0.5753213784229264,-0.9521586038346868,neutra,positiva,negativa,negativa,B,-0.36823759992148547,0.41872176986186055,0.6071403825677407,0.786959369783346,0.9753779824892261,0.18841861270588017,2,0
2_445_u,0.2520251367604942,-0.1128695298975799,1.1098754595961089e-08,-0.0869318262091839,neutra,neutra,neutra,neutra,A,0.18244733332903706,0.1260125628308698,0.16947848148483904,-0.056434770498167246,-0.012968851844198,0.043465918653969246,0,1
2_446_u,0.6091464995715796,0.9957844191249025,0.9999999888393633,0.1766296365996821,positiva,positiva,positiva,neutra,B,-0.19331895977666141,-0.1954267446338918,0.21625843148594875,-0.002107784857230399,0.40957739126261017,0.41168517611984057,0,0
2_447_u,-0.3003315834284876,-0.979495917010354,0.6309086269519204,-0.0998819986474701,neutra,negativa,positiva,neutra,B,0.3395821667909332,-0.465620105190204,-0.10022479239050874,-0.8052022719811371,-0.43980695918144197,0.3653953127996953,1,0
2_448_u,-2.6989906473318115e-05,0.9701747131639422,0.0484953935506442,0.1870031115016898,neutra,positiva,neutra,positiva,B,-0.48510085153520777,-0.02426119172855876,-0.09351505070408156,0.460839659806649,0.3915858008311262,-0.0692538589755228,0,0
2_449_u,-0.9874834070942596,0.0005017500225221,-0.9004972485908851,-0.3275370238614935,negativa,neutra,negativa,neutra,B,-0.49399257855839085,-0.04349307925168727,-0.32997319161638305,0.4504994993067036,0.16401938694200782,-0.2864801123646958,0,0
2_45_u,-0.029346653187531,0.0523821390265766,0.8888481407599491,0.1609825760824605,neutra,neutra,positiva,neutra,B,-0.0408643961070538,-0.4590973969737401,-0.09516461463499575,-0.41823300086668624,-0.05430021852794195,0.3639327823387443,0,0
2_450_u,-0.0025791753305384,-0.0535592986161646,-0.100560703497983,-0.2659636541327929,neutra,neutra,neutra,neutra,A,0.0254900616428131,0.0489907640837223,0.13169223940112723,0.023500702440909203,0.10620217775831414,0.08270147531740493,0,1
2_454_u,-0.0190129600232467,-0.9755021863966248,-0.9638316420780116,-0.6980027296696791,neutra,negativa,negativa,negativa,B,0.47824461318668904,0.47240934102738247,0.3394948848232162,-0.00583527215930657,-0.13874972836347282,-0.13291445620416625,0,0
2_456_u,-0.0092345180073607,-0.0029600401830975,-0.0140905785861421,-0.3652524303179235,neutra,neutra,neutra,neutra,A,-0.0031372389121316,0.0024280302893907,0.1780089561552814,0.0055652692015223,0.181146195067413,0.1755809258658907,0,1
2_457_u,0.7331806756592414,-0.0009132711329584,0.026597137070762,0.7523783741053193,positiva,neutra,neutra,positiva,B,0.3670469733960999,0.35329176929423967,-0.009598849223038941,-0.013755204101860201,-0.3766458226191388,-0.36289061851727866,0,0
2_458_u,-0.0044220506242709,0.2520598199625965,0.8582482525600678,0.5686166190425865,neutra,neutra,positiva,positiva,B,-0.12824093529343372,-0.43133515159216934,-0.28651933483342873,-0.3030942162987356,-0.158278399539995,0.1448158167587406,0,0
2_461_u,0.9584336678817637,0.8783217927339138,0.5777288365646938,-0.48477812189376,positiva,positiva,positiva,neutra,B,0.04005593757392495,0.19035241565853495,0.7216058948877618,0.15029647808461,0.6815499573138368,0.5312534792292269,0,0
2_462_u,-0.0002818820794345,-0.9795292996313948,-0.156177775815781,0.166603612207109,neutra,negativa,positiva,neutra,B,0.48962370877598016,0.07794794686817325,-0.08344274714327175,-0.4116757619078069,-0.5730664559192519,-0.161390694011445,1,0
2_463_u,0.4003010571468621,-0.0140634610143024,0.0079353641698002,-0.6048094735248015,neutra,neutra,neutra,negativa,B,0.20718225908058224,0.19618284648853096,0.5025552653358318,-0.0109994125920513,0.29537300625524954,0.3063724188473009,0,0
2_464_u,0.0025228444237654,0.9989674352282236,0.6788148973103841,-0.0658956239465625,neutra,positiva,positiva,neutra,B,-0.4982222954022291,-0.3381460264433094,0.034209234185163945,0.16007626895891974,0.532431529587393,0.3723552606284733,0,0
2_465_u,-0.0716855492792092,-0.9111039913914284,0.06999359879852,0.294264874397777,neutra,negativa,neutra,positiva,B,0.4197092210561096,-0.0708395740388646,-0.18297521183849308,-0.4905487950949742,-0.6026844328946027,-0.11213563779962848,1,0
2_467_u,0.6105688272418774,-0.9797253211290808,0.2121751806703531,-0.6476213384419681,positiva,negativa,neutra,negativa,B,0.7951470741854791,0.19919682328576216,0.6290950828419228,-0.595950250899717,-0.16605199134355636,0.4298982595561606,2,0
2_471_u,0.9944362675159936,0.0263734798882069,0.9182413577604166,0.0138890089408959,positiva,neutra,positiva,neutra,B,0.4840313938138933,0.038097454877788484,0.4902736292875488,-0.44593393893610483,0.006242235473655499,0.4521761744097603,0,0
2_472_u,0.9783602268216782,0.6664586535698618,-0.2242196731609738,-0.27988026476103,positiva,positiva,neutra,neutra,B,0.15595078662590822,0.601289949991326,0.6291202457913541,0.4453391633654178,0.4731694591654459,0.027830295800028104,0,1
2_473_u,0.0010123672045665,0.9898736729501252,-0.0003811817081057,-0.0708411578729284,neutra,positiva,neutra,neutra,B,-0.4944306528727793,0.0006967744563361,0.03592676253874745,0.49512742732911547,0.5303574154115268,0.03522998808241135,0,1
2_474_u,0.9956153055245522,2.202082578151021e-05,0.999466659990801,0.6601238453004041,positiva,neutra,positiva,positiva,B,0.49779664234938537,-0.0019256772331243677,0.16774573011207405,-0.49972231958250973,-0.3300509122373113,0.16967140734519842,0,0
2_475_u,0.0651739889508462,0.034874832324931,1.4287496798005595e-06,-0.0314610570203513,neutra,neutra,neutra,neutra,A,0.015149578312957598,0.0325862801005832,0.04831752298559874,0.0174367017876256,0.03316794467264115,0.01573124288501555,0,1
2_477_u,-0.3732538898475468,0.060211282572709,0.019687540958205,0.5778134337000664,neutra,neutra,neutra,positiva,B,-0.21673258621012792,-0.19647071540287592,-0.4755336617738066,0.020261870807252003,-0.2588010755636787,-0.2790629463709307,0,0
2_478_u,0.0128027842583833,-0.9958212722922326,-0.1670165379514946,-0.1873220662586391,neutra,negativa,negativa,neutra,B,0.504312028275308,0.08990966110493895,0.1000624252585112,-0.414402367170369,-0.40424960301679674,0.010152764153572247,0,0
2_479_u,-0.9986275443880004,-0.0126986022878554,0.4239320644571867,-0.0288461809803266,negativa,neutra,positiva,neutra,B,-0.4929644710500725,-0.7112798044225935,-0.48489068170383687,-0.21831533337252104,0.0080737893462356,0.22638912271875664,1,0
2_48_u,0.996205179952085,0.0185407595627111,-0.070185332493067,-0.2932352066098248,positiva,neutra,neutra,negativa,B,0.488832210194687,0.533195256222576,0.6447201932809549,0.04436304602788905,0.15588798308626794,0.11152493705837889,1,0
2_481_u,0.1849881244052085,0.1187473263817082,0.2070767606952755,-0.6308291748864578,neutra,neutra,neutra,negativa,B,0.03312039901175016,-0.011044318145033497,0.4079086496458332,-0.044164717156783655,0.374788250634083,0.41895296779086666,0,0
2_482_u,-0.0076360869898053,-0.9946289307627012,-0.998375009352716,-0.3030725622607862,neutra,negativa,negativa,neutra,B,0.49349642188644793,0.4953694611814553,0.14771823763549047,0.0018730392950073727,-0.3457781842509575,-0.3476512235459649,0,0
2_484_u,0.8453346196074563,-0.9619550023926422,-0.6072768885176789,-0.1115975145192351,positiva,negativa,negativa,neutra,B,0.9036448110000492,0.7263057540625676,0.47846606706334566,-0.17733905693748164,-0.4251787439367036,-0.2478396869992219,2,0
2_485_u,0.9979902576860696,0.3065256889531156,0.9994198422796406,0.3692685520043595,positiva,neutra,positiva,positiva,B,0.345732284366477,-0.0007147922967855047,0.3143608528408551,-0.3464470766632625,-0.03137143152562194,0.3150756451376406,0,0
2_486_u,0.0004585590004353,-0.006384973792592,0.9999786100951326,0.0761492165329398,neutra,neutra,positiva,positiva,B,0.00342176639651365,-0.4997600255473486,-0.03784532876625225,-0.5031817919438623,-0.041267095162765895,0.46191469678109637,0,0
2_487_u,0.0122838091447192,0.2959337448774022,0.4342754986978442,-0.1627765211483672,neutra,neutra,positiva,neutra,B,-0.1418249678663415,-0.2109958447765625,0.08753016514654319,-0.069170876910221,0.22935513301288468,0.2985260099231057,0,0
2_488_u,0.1022408257849747,-0.0573921962641179,0.9364878075215928,-0.720988291973481,neutra,neutra,positiva,negativa,B,0.0798165110245463,-0.417123490868309,0.4116145588792279,-0.49694000189285537,0.3317980478546816,0.828738049747537,1,0
2_489_u,-0.9940094022058474,-0.9974063597801432,-0.9972009837477565,0.1161252412841551,negativa,negativa,negativa,neutra,B,0.0016984787871479057,0.0015957907709545083,-0.5550673217450013,-0.0001026880161933974,-0.5567658005321492,-0.5566631125159558,0,0
2_49_u,0.0005209310797908,-0.9200418460532092,0.1512918175378989,-0.1529173331800849,neutra,negativa,neutra,neutra,B,0.46028138856649997,-0.07538544322905405,0.07671913212993785,-0.535666831795554,-0.3835622564365621,0.1521045753589919,0,1
2_490_u,0.0004099603811482,-0.233808426419273,0.1253819223128493,0.536920765065588,neutra,neutra,neutra,positiva,B,0.1171091934002106,-0.062485980965850556,-0.2682554023422199,-0.17959517436606115,-0.3853645957424305,-0.20576942137636933,0,0
2_491_u,0.0015399814437841,4.911503719995381e-05,-0.9885661943969438,-0.2911392352471013,neutra,neutra,negativa,neutra,B,0.000745433203292073,0.49505308792036395,0.14633960834544268,0.4943076547170719,0.14559417514215062,-0.34871347957492127,0,0
2_492_u,-0.990426793701772,-0.0029133246571291,-0.0055318900564361,-0.0101459778408753,negativa,neutra,neutra,neutra,B,-0.49375673452232144,-0.49244745182266797,-0.49014040793044833,0.0013092826996535,0.0036163265918731004,0.0023070438922196002,0,1
2_493_u,0.0002897714221035,0.0107258602720321,0.7986802236272686,0.0627181732787802,neutra,neutra,positiva,neutra,B,-0.0052180444249643,-0.39919522610258257,-0.031214200928338348,-0.39397718167761825,-0.025996156503374047,0.36798102517424425,0,0
2_494_u,0.0381531253397042,0.1843828760029282,0.0020612537769825,-0.1528589626541361,neutra,neutra,neutra,neutra,A,-0.073114875331612,0.01804593578136085,0.09550604399692014,0.09116081111297285,0.16862091932853213,0.07746010821555929,0,1
2_495_u,0.805046353414582,-0.996967130991834,-0.0680275551624934,-0.1946035097223811,positiva,negativa,positiva,neutra,B,0.901006742203208,0.43653695428853767,0.4998249315684815,-0.4644697879146703,-0.40118181063472647,0.06328797727994386,2,0
2_498_u,-0.006955982040381,-0.0880549850990064,0.0684169504476299,-0.0768025035009487,neutra,neutra,neutra,neutra,A,0.0405495015293127,-0.03768646624400545,0.034923260730283845,-0.07823596777331815,-0.005626240799028855,0.0726097269742893,0,1
2_499_u,-0.0397514519863761,0.980155263814595,0.0125884441640009,0.0595504576573147,neutra,positiva,neutra,positiva,B,-0.5099533579004856,-0.0261699480751885,-0.049650954821845394,0.483783409825297,0.4603024030786401,-0.023481006746656898,0,0
2_50_u,-0.9982334192027338,-0.8873499142937362,0.6147423965251346,-0.3915577111940366,negativa,negativa,positiva,neutra,B,-0.05544175245449878,-0.8064879078639342,-0.3033378540043486,-0.7510461554094354,-0.2478961015498498,0.5031500538595857,2,0
2_500_u,0.99760763433369,0.0299674234447593,0.290761414491933,0.1711792823173002,positiva,neutra,neutra,neutra,B,0.48382010544446535,0.35342310992087855,0.41321417600819493,-0.13039699552358686,-0.07060592943627045,0.059791066087316394,0,1
2_502_u,-0.969993790757144,-0.9535585634730523,0.9917684203032584,0.3968437730347633,negativa,negativa,positiva,neutra,B,-0.008217613642045818,-0.9808811055302011,-0.6834187818959536,-0.9726634918881554,-0.6752011682539079,0.2974623236342475,2,0
2_504_u,-0.8243305528303608,0.9762009032128844,0.0129073397003164,0.0308734729245769,negativa,positiva,neutra,positiva,B,-0.9002657280216226,-0.41861894626533863,-0.42760201287746885,0.481646781756284,0.4726637151441538,-0.00898306661213025,2,0
2_505_u,-0.0002327667361896,-9.438542474526912e-05,-0.9674843724772692,-0.5349620856577533,neutra,neutra,negativa,negativa,B,-6.919065572216544e-05,0.4836258028705398,0.26736465946078186,0.48369499352626194,0.267433850116504,-0.21626114340975794,0,0
2_506_u,-0.974418453173712,0.1004431031215062,-0.964020473470574,-0.4489591281686445,negativa,neutra,negativa,negativa,B,-0.5374307781476091,-0.005198989851569025,-0.26272966250253377,0.5322317882960401,0.2747011156450753,-0.25753067265096474,0,0
2_507_u,-0.0514015739609021,-0.0012039536613883,-0.3900093112525536,0.1987575665232724,neutra,neutra,neutra,neutra,A,-0.0250988101497569,0.16930386864582575,-0.12507957024208724,0.19440267879558265,-0.09998076009233035,-0.294383438887913,0,1
2_508_u,0.2151880903111305,0.6915103236096911,-0.6371766085460012,-0.2218546828546096,neutra,positiva,negativa,neutra,B,-0.2381611166492803,0.42618234942856587,0.21852138658287007,0.6643434660778462,0.45668250323215037,-0.2076609628456958,1,0
2_509_u,-0.978283071424812,-0.0083929186075693,0.3450556363379246,-0.186426460009534,negativa,neutra,positiva,neutra,B,-0.48494507640862133,-0.6616693538813683,-0.395928305707639,-0.17672427747274694,0.08901677070098235,0.2657410481737293,1,0
2_51_u,0.9819189958489004,-0.0002487598703737,0.932110422848019,0.0325817584525792,positiva,neutra,positiva,neutra,B,0.49108387785963703,0.024904286500440687,0.4746686186981606,-0.46617959135919634,-0.01641525916147645,0.44976433219771994,0,0
2_511_u,-0.0002201726847488,-0.8393848593659641,-0.0392006272661753,-0.2819645774397942,neutra,negativa,neutra,neutra,B,0.4195823433406076,0.01949022729071325,0.1408722023775227,-0.40009211604989436,-0.27871014096308494,0.12138197508680945,0,1
2_512_u,0.0068326941909617,-0.0084214798043831,-0.3678736306417689,-0.0690496878232807,neutra,neutra,neutra,neutra,A,0.0076270869976723995,0.18735316241636532,0.037941191007121206,0.1797260754186929,0.030314104009448804,-0.14941197140924412,0,1
2_514_u,-0.0041475513717159,-0.882642745229532,-0.528023149737678,-0.0724007533863188,neutra,negativa,negativa,neutra,B,0.4392475969289081,0.2619377991829811,0.03412660100730145,-0.17730979774592698,-0.4051209959216066,-0.22781119817567963,0,0
2_517_u,0.0062357088472708,-0.042446653576917,3.440838787449607e-06,0.127483656888944,neutra,neutra,neutra,positiva,B,0.0243411812120939,0.003116134004241675,-0.0606239740208366,-0.021225047207852225,-0.0849651552329305,-0.06374010802507828,0,0
2_518_u,0.8036321943691291,0.0038798733385192,-0.8047214459623797,-0.3864980868529529,positiva,neutra,negativa,neutra,B,0.39987616051530495,0.8041768201657544,0.595065140611041,0.4043006596504495,0.19518898009573604,-0.2091116795547134,1,0
2_521_u,0.1179915867560339,0.960246588141672,0.2508425464389076,-0.3547663240547991,neutra,positiva,neutra,neutra,B,-0.421127500692819,-0.06642547984143685,0.23637895540541648,0.3547020208513822,0.6575064560982355,0.3028044352468533,0,1
2_522_u,0.3932632159776403,-0.9506270109122852,-0.111518555637977,-0.0721595809096471,neutra,negativa,positiva,neutra,B,0.6719451134449628,0.25239088580780866,0.2327113984436437,-0.4195542276371541,-0.439233715001319,-0.01967948736416495,1,0
2_523_u,-0.0001242333764821,0.0025227489804819,0.0304610332121872,-0.2147864149650559,neutra,neutra,neutra,neutra,A,-0.001323491178482,-0.01529263329433465,0.1073310907942869,-0.01396914211585265,0.10865458197276891,0.12262372408862156,0,1
2_524_u,0.9983121686818776,0.0006904121164552,0.995804646484215,0.0257953413442009,positiva,neutra,positiva,neutra,B,0.4988108782827112,0.0012537610988312964,0.4862584136688383,-0.4975571171838799,-0.01255246461387285,0.485004652570007,0,0
2_525_u,0.0003468721033641,0.3468266894342378,0.9621300019908748,-0.3680826088995673,neutra,neutra,positiva,neutra,B,-0.17323990866543684,-0.48089156494375535,0.1842147405014657,-0.30765165627831853,0.3574546491669025,0.6651063054452211,0,0
2_526_u,0.0146534717478061,0.0264187634165864,0.136211879065221,-0.0447616750995319,neutra,neutra,neutra,neutra,A,-0.00588264583439015,-0.060779203658707454,0.029707573423668997,-0.0548965578243173,0.03559021925805915,0.09048677708237646,0,1
2_527_u,0.0007401377333735,-0.6305357100281981,0.000494305079433,0.0274602890480308,neutra,negativa,neutra,neutra,B,0.31563792388078576,0.00012291632697025002,-0.01336007565732865,-0.31551500755381556,-0.3289979995381144,-0.0134829919842989,0,1
2_53_u,0.000175051856786,-0.2366411770053673,0.2080851950171774,-0.8879921105864923,neutra,negativa,neutra,negativa,B,0.11840811443107666,-0.1039550715801957,0.44408358122163916,-0.22236318601127236,0.3256754667905625,0.5480386528018348,0,0
2_530_u,-0.8246538035018602,-0.1283784227271098,-0.9999011313105756,-0.0171053599799052,negativa,neutra,negativa,neutra,B,-0.3481376903873752,0.08762366390435766,-0.40377422176097755,0.4357613542917329,-0.055636531373602305,-0.49139788566533515,0,0
2_531_u,-0.531813289893762,0.0144162139513355,-0.2412755968104086,-0.5256212601496373,negativa,neutra,neutra,negativa,B,-0.27311475192254875,-0.14526884654167668,-0.003096014872062347,0.12784590538087207,0.2700187370504864,0.14217283166961434,0,0
2_532_u,-0.0002556434410507,-0.1265633823350072,0.3590298001118106,-0.2364573776663747,neutra,neutra,positiva,neutra,B,0.06315386944697825,-0.17964272177643067,0.118100867112662,-0.2427965912234089,0.054946997665683756,0.2977435888890927,0,0
2_534_u,-0.8764497506199405,-0.0309461179076606,-0.9322475815858114,-0.0923022813512944,negativa,neutra,negativa,negativa,B,-0.42275181635613995,0.027898915482935494,-0.39207373463432305,0.45065073183907545,0.030678081721816897,-0.41997265011725854,0,0
2_535_u,-0.9976455139021708,0.992195560807886,-0.9869481742302456,-0.8793973915628159,negativa,positiva,negativa,negativa,B,-0.9949205373550284,-0.005348669835962605,-0.059124061169677444,0.9895718675190658,0.935796476185351,-0.05377539133371484,3,0
2_536_u,0.9873051857066456,0.9980380933011476,0.4020904439373415,-0.930420893110568,positiva,positiva,positiva,negativa,B,-0.005366453797250981,0.29260737088465205,0.9588630394086068,0.29797382468190303,0.9642294932058577,0.6662556685239547,3,0
2_537_u,-0.3540756791007879,0.9794494006600872,0.0314081751434498,-0.2492857310862747,neutra,positiva,neutra,neutra,B,-0.6667625398804375,-0.19274192712211885,-0.05239497400725661,0.4740206127583187,0.614367565873181,0.14034695311486226,0,1
2_54_u,-0.8442319648129342,-0.9840086852636888,-0.9696479538207384,-0.8524484833207682,negativa,negativa,negativa,negativa,A,0.06988836022537731,0.06270799450390213,0.0041082592539170015,-0.007180365721475179,-0.06578010097146031,-0.05859973524998513,0,0
2_540_u,0.2520251367604942,0.0012891800433862,0.008512617322899,-0.4005713193651495,neutra,neutra,neutra,neutra,A,0.125367978358554,0.12175625971879761,0.3262982280628218,-0.0036117186397563996,0.20093024970426784,0.20454196834402424,0,1
2_541_u,0.0267896146106068,0.0091092169295734,-0.0463339525383444,0.0213925103926156,neutra,neutra,positiva,positiva,B,0.0088401988405167,0.0365617835744756,0.0026985521089956006,0.0277215847339589,-0.0061416467315210995,-0.03386323146548,0,0
2_542_u,0.9986033897812376,0.0055349671183648,0.3129260467611968,-0.872831903974293,positiva,neutra,neutra,negativa,B,0.49653421133143644,0.34283867151002045,0.9357176468777653,-0.15369553982141598,0.4391834355463289,0.5928789753677449,1,0
2_546_u,0.8649503478063707,0.0066128407524956,0.9952780453846212,0.0368387660593724,positiva,neutra,positiva,neutra,B,0.42916875352693756,-0.06516384878912523,0.41405579087349914,-0.4943326023160628,-0.0151129626534384,0.4792196396626244,0,0
2_547_u,0.0093651058177783,-0.0008043087996156,-1.596362977481476e-06,-0.7102666471735576,neutra,neutra,neutra,negativa,B,0.00508470730869695,0.004683351090377891,0.35981587649566793,-0.00040135621831905924,0.354731169186971,0.35513252540529006,0,0
2_548_u,0.001246072260983,0.9943767026306888,0.0047860809948674,0.9833530230418546,neutra,positiva,neutra,positiva,B,-0.4965653151848529,-0.0017700043669422,-0.49105347539043576,0.49479531081791067,0.005511839794417106,-0.48928347102349357,0,0
2_549_u,0.0011821223524748,0.0002749979976215,0.0001112631737907,0.3810286967394251,neutra,neutra,neutra,positiva,B,0.00045356217742665005,0.00053542958934205,-0.18992328719347515,8.186741191539999e-05,-0.1903768493709018,-0.1904587167828172,0,0
2_55_u,0.8880751167835115,0.3766277705799439,0.0018179164482112,-0.3301928164917627,positiva,neutra,neutra,neutra,B,0.2557236731017838,0.44312860016765016,0.6091339666376371,0.18740492706586634,0.3534102935358533,0.16600536646998695,0,1
2_550_u,0.038273183324236,-0.0020918897935189,0.1953586266942329,0.1137177951983174,neutra,neutra,neutra,neutra,A,0.020182536558877452,-0.07854272168499846,-0.0377223059370407,-0.0987252582438759,-0.05790484249591815,0.04082041574795775,0,1
2_552_u,-0.8244417274836451,-0.9896172146109166,-0.9790524103666394,-0.3510605454910547,negativa,negativa,negativa,positiva,B,0.08258774356363574,0.07730534144149714,-0.2366905909962952,-0.005282402122138596,-0.31927833455993093,-0.31399593243779234,3,0
2_553_u,0.0018378455406491,0.962233077685596,-0.5437421378125195,-0.9611888558196372,neutra,positiva,negativa,negativa,B,-0.4801976160724734,0.2727899916765843,0.48151335068014317,0.7529876077490577,0.9617109667526166,0.20872335900355887,2,0
2_555_u,-3.840348654193804e-06,-0.1558769790717633,-0.1097890813284566,0.5819852974265813,neutra,neutra,negativa,positiva,B,0.07793656936155455,0.054892620489901206,-0.29099456888761777,-0.02304394887165334,-0.36893113824917234,-0.34588718937751894,1,0
2_556_u,-0.0002775400753307,-0.0009196760602208,0.0513408952262127,-0.2299316807067954,neutra,neutra,neutra,neutra,A,0.00032106799244505004,-0.0258092176507717,0.11482707031573235,-0.02613028564321675,0.1145060023232873,0.14063628796650404,0,1
2_557_u,-0.0843050553376087,-0.7151676901048631,-0.0001272263626946,-0.9609409102064094,neutra,negativa,neutra,negativa,B,0.31543131738362723,-0.042088914487457045,0.43831792743440035,-0.3575202318710843,0.12288661005077312,0.4804068419218574,0,0
2_558_u,0.001510291381237,-0.5722546952092671,-0.1400026043332083,-0.5443500796565788,neutra,negativa,neutra,negativa,B,0.28688249329525206,0.07075644785722265,0.2729301855189079,-0.21612604543802938,-0.013952307776344153,0.20217373766168523,0,0
2_559_u,-0.006153916940093,0.0176914494022639,0.0823062688349314,-0.5244691849511584,neutra,neutra,neutra,negativa,B,-0.01192268317117845,-0.0442300928875122,0.25915763400553266,-0.03230740971633375,0.2710803171767111,0.3033877268930449,0,0
2_56_u,-0.9415503501077184,0.0314992349376552,0.0996189138724476,0.9423821983713424,negativa,neutra,neutra,positiva,B,-0.48652479252268677,-0.520584631990083,-0.9419662742395304,-0.0340598394673962,-0.4554414817168436,-0.4213816422494474,1,0
2_560_u,0.0626692697660473,0.9250927084794968,-0.4561956911151518,-0.8880186174705159,neutra,positiva,neutra,negativa,B,-0.43121171935672475,0.2594324804405995,0.4753439436182816,0.6906441997973243,0.9065556629750063,0.21591146317768206,1,0
2_562_u,0.003868951156619,-0.0067627321695908,0.2937980482788934,-0.3457945217844099,neutra,neutra,neutra,neutra,A,0.0053158416631049,-0.1449645485611372,0.17483173647051445,-0.15028039022424208,0.16951589480740956,0.31979628503165164,0,1
2_564_u,0.0004538515131571,0.9960482642081844,0.9989273597256256,-0.5718416666379199,neutra,positiva,positiva,neutra,B,-0.4977972063475136,-0.49923675410623425,0.2861477590755385,-0.0014395477587206273,0.7839449654230521,0.7853845131817727,0,0
2_567_u,0.7405730822883925,0.0002651298391356,0.6427341618077005,0.2029973943019284,positiva,neutra,positiva,positiva,B,0.3701539762246284,0.04891946024034599,0.268787843993232,-0.32123451598428243,-0.1013661322313964,0.21986838375288603,0,0
2_569_u,-0.0007014780967438,-0.969278654716618,0.0224859088541034,-0.7614470991306008,neutra,negativa,neutra,negativa,B,0.4842885883099371,-0.0115936934754236,0.3803728105169285,-0.4958822817853607,-0.10391577779300859,0.3919665039923521,0,0
2_570_u,-0.7523856941261329,-0.0107505471969489,0.0001114808112595,-0.3232617161702366,negativa,neutra,neutra,neutra,B,-0.370817573464592,-0.37624858746869616,-0.21456198897794815,-0.0054310140041042,0.15625558448664384,0.16168659849074804,0,1
2_572_u,0.9978347824908268,0.9967867783871044,0.9999972706606436,-0.6364236944529695,positiva,positiva,positiva,negativa,B,0.0005240020518612054,-0.0010812440849083949,0.8171292384718982,-0.0016052461367696003,0.8166052364200369,0.8182104825568066,3,0
2_573_u,0.0122855879749295,0.9173863814867218,0.9867089241921578,-0.1052352641825565,neutra,positiva,positiva,neutra,B,-0.45255039675589614,-0.48721166810861416,0.058760426078743,-0.034661271352718015,0.5113108228346391,0.5459720941873571,0,0
2_574_u,-0.9316964295576328,-0.0754780992574524,-0.9864822188383158,-0.2527805837647369,negativa,neutra,negativa,neutra,B,-0.4281091651500902,0.027392894640341503,-0.33945792289644794,0.4555020597904317,0.08865124225364224,-0.36685081753678944,0,0
2_575_u,0.185972195667091,0.9879446367704076,0.0098021868719014,0.144448090204969,neutra,positiva,neutra,positiva,B,-0.4009862205516583,0.0880850043975948,0.020762052731061006,0.4890712249492531,0.4217482732827193,-0.06732295166653379,0,0
2_576_u,-0.1023332131117058,-0.9983198945064942,0.0009575394350738,-0.898315612098668,neutra,negativa,neutra,negativa,B,0.44799334069739416,-0.051645376273389804,0.39799119949348105,-0.499638716970784,-0.05000214120391311,0.4496365757668709,0,0
2_577_u,0.7894771844794377,-0.5745177785865963,-0.3703826217112018,-0.8068296975921841,positiva,negativa,negativa,negativa,B,0.681997481533017,0.5799299030953198,0.7981534410358109,-0.10206757843769723,0.11615595950279395,0.21822353794049118,3,0
2_579_u,-0.8440394034114433,0.0458516789840359,-0.0703423274765118,-0.2340136298444123,negativa,neutra,positiva,neutra,B,-0.4449455411977396,-0.38684853796746577,-0.3050128867835155,0.05809700323027385,0.1399326544142241,0.08183565118395025,1,0
2_58_u,-0.0037116816383786,0.8897157929923196,-0.0682506716804984,0.9944729433511382,neutra,positiva,neutra,positiva,B,-0.44671373731534914,0.032269495021059906,-0.49909231249475844,0.478983232336409,-0.052378575179409304,-0.5313618075158183,0,0
2_581_u,0.0035443727701931,-0.0068242125671531,-0.0013674065920057,-0.4251483131665737,neutra,neutra,neutra,neutra,A,0.0051842926686731,0.0024558896810994,0.2143463429683834,-0.0027284029875737003,0.2091620502997103,0.211890453287284,0,1
2_583_u,0.0045911062206869,-0.9866821308605722,-0.6576009701662779,-0.1852957951001979,neutra,negativa,negativa,neutra,B,0.49563661854062957,0.33109603819348243,0.0949434506604424,-0.16454058034714714,-0.40069316788018716,-0.23615258753304003,0,0
2_585_u,0.0005099120771774,0.0103958407089521,-0.0299756887015798,-0.74806040704716,neutra,neutra,neutra,negativa,B,-0.00494296431588735,0.015242800389378601,0.37428515956216873,0.02018576470526595,0.37922812387805604,0.3590423591727901,0,0
2_586_u,-0.1189494255959289,-0.9934243906600386,0.0275879187141398,0.0541188343253451,neutra,negativa,neutra,neutra,B,0.43723748253205486,-0.07326867215503435,-0.086534129960637,-0.5105061546870893,-0.5237716124926919,-0.013265457805602652,0,1
2_587_u,0.0089169531265724,0.0021736095113737,0.0017925044026247,-0.1384840206475929,neutra,neutra,neutra,neutra,A,0.00337167180759935,0.0035622243619738503,0.07370048688708265,0.00019055255437449995,0.0703288150794833,0.07013826252510881,0,1
2_588_u,-0.0043414432511781,-0.3042587697491399,-0.8436964693053988,-0.6555375140829711,neutra,neutra,negativa,negativa,B,0.1499586632489809,0.4196775130271103,0.3255980354158965,0.26971884977812943,0.1756393721669156,-0.09407947761121382,0,0
2_589_u,0.0709314622163219,-0.95491315817344,-0.0507515235027009,-0.2570597219746561,neutra,negativa,neutra,neutra,B,0.512922310194881,0.060841492859511404,0.163995592095489,-0.45208081733536953,-0.34892671809939196,0.1031540992359776,0,1
2_590_u,-0.9650376094359672,-0.6418025434395531,0.016461969030609,-0.7836646097945051,negativa,negativa,neutra,negativa,B,-0.16161753299820703,-0.4907497892332881,-0.09068649982073101,-0.3291322562350811,0.07093103317747601,0.4000632894125571,0,0
2_591_u,-0.2050368938362226,-0.0039058100483089,0.999641871630022,0.1955902105662971,neutra,neutra,positiva,neutra,B,-0.10056554189395685,-0.6023393827331223,-0.20031355220125985,-0.5017738408391654,-0.099748010307303,0.40202583053186247,0,0
2_594_u,0.1281233438057825,-0.0415800071968988,-0.4816587028389297,-0.694808009825647,neutra,neutra,neutra,negativa,B,0.08485167550134065,0.30489102332235607,0.4114656768157148,0.22003934782101545,0.3266140013143741,0.10657465349335868,0,0
2_595_u,0.9927505481573462,0.6195292189804604,-0.9363214080654226,-0.1637331110367086,positiva,positiva,negativa,neutra,B,0.1866106645884429,0.9645359781113845,0.5782418295970274,0.7779253135229416,0.3916311650085845,-0.386294148514357,2,0
2_596_u,0.0043251345923636,-0.0158246243427129,0.0042467040830742,0.0767800535395507,neutra,neutra,neutra,neutra,A,0.01007487946753825,3.9215254644699854e-05,-0.03622745947359355,-0.01003566421289355,-0.046302338941131796,-0.036266674728238246,0,1
2_598_u,0.9946881622854562,-0.0216262484173057,0.7863555666371621,0.0962736890360246,positiva,neutra,positiva,positiva,B,0.508157205351381,0.10416629782414705,0.4492072366247158,-0.4039909075272339,-0.05894996872666515,0.34504093880056874,0,0
2_599_u,-0.9920445153984474,-0.9861647953985084,-0.9124845022617034,0.0229552111923111,negativa,negativa,negativa,neutra,B,-0.002939859999969485,-0.039780006568371995,-0.5074998632953792,-0.03684014656840251,-0.5045600032954097,-0.4677198567270073,0,0
2_602_u,-0.9728681874257744,-0.6327913668137626,-0.0784438473854251,-0.7066575989359991,negativa,negativa,neutra,negativa,B,-0.17003841030600592,-0.44721217002017466,-0.13310529424488765,-0.27717375971416874,0.036933116061118265,0.314106875775287,0,0
2_604_u,-0.0040363119551329,0.04097568652287,0.999998836691503,-0.0559994283442696,neutra,neutra,positiva,neutra,B,-0.02250599923900145,-0.502017574323318,0.025981558194568353,-0.4795115750843165,0.048487557433569806,0.5279991325178863,0,0
2_607_u,0.0008389797894778,-0.8623721409458085,0.9141017387755636,-0.2822460505994969,neutra,negativa,positiva,neutra,B,0.43160556036764314,-0.4566313794930429,0.14154251519448735,-0.888236939860686,-0.2900630451731558,0.5981738946875302,1,0
2_608_u,0.9865932852189871,0.0281374209553177,-0.6029772460459013,-0.1422080088872463,positiva,neutra,negativa,neutra,B,0.47922793213183473,0.7947852656324442,0.5644006470531168,0.3155573335006095,0.085172714921282,-0.23038461857932752,1,0
2_609_u,0.0004829782610613,-0.9964288570736244,4.9035880846835095e-05,0.0819290035229641,neutra,negativa,neutra,neutra,B,0.4984559176673428,0.00021697119010723244,-0.0407230126309514,-0.4982389464772356,-0.5391789302982942,-0.04093998382105864,0,1
2_611_u,7.87133103585802e-05,0.954431569974986,0.1645216356604613,0.9866621454450069,neutra,positiva,neutra,positiva,B,-0.4771764283323137,-0.08222146117505136,-0.49329171606732414,0.39495496715726236,-0.01611528773501042,-0.4110702548922728,0,0
2_612_u,0.0002072721276817,0.0002386787878094,0.0002628405071512,-0.2178714976646006,neutra,neutra,neutra,neutra,A,-1.570333006385e-05,-2.778418973475001e-05,0.10903938489614115,-1.2080859670900011e-05,0.109055088226205,0.1090671690858759,0,1
2_615_u,0.9907368156855229,-0.3540351110714255,0.9817625525626368,0.5620060288521926,positiva,negativa,positiva,positiva,B,0.6723859633784741,0.004487131561443036,0.2143653934166651,-0.6678988318170311,-0.45802056996180907,0.20987826185522207,3,0
2_617_u,-0.000213757788515,0.0159671083856665,-0.0034405070409351,-0.5945385876751972,neutra,neutra,neutra,negativa,B,-0.008090433087090749,0.00161337462621005,0.2971624149433411,0.0097038077133008,0.30525284803043184,0.29554904031713103,0,0
2_622_u,-0.0461850519350264,0.0273329158699198,-0.024681079178353,-0.2854574775944154,neutra,neutra,neutra,neutra,A,-0.0367589839024731,-0.0107519863783367,0.11963621282969451,0.026006997524136398,0.15639519673216762,0.1303881992080312,0,1
2_623_u,0.0208442426828696,2.814983599819243e-05,0.971329777662574,0.5521844852657523,neutra,neutra,positiva,positiva,B,0.010408046423435704,-0.4752427674898522,-0.26567012129144135,-0.4856508139132879,-0.27607816771487703,0.20957264619841087,0,0
2_626_u,-0.9944340850634036,-0.9962501120953676,-0.2993618846594513,-0.5891328320460163,negativa,negativa,negativa,negativa,A,0.0009080135159820202,-0.3475361002019761,-0.20265062650869364,-0.34844411371795814,-0.20355864002467566,0.1448854736932825,0,0
2_627_u,0.0203165642888052,0.8917901860841084,-0.0070997087556969,-0.2919000091031195,neutra,positiva,neutra,neutra,B,-0.4357368108976516,0.01370813652225105,0.15610828669596233,0.44944494741990265,0.5918450975936139,0.1424001501737113,0,1
2_65_u,-0.0003655602649814,0.9884684591088444,-0.0059103350181287,0.5969342432683333,neutra,positiva,neutra,positiva,B,-0.4944170096869129,0.00277238737657365,-0.29864990176665734,0.4971893970634865,0.19576710792025553,-0.301422289143231,0,0
2_66_u,0.9964655983276316,-0.0069809377164347,0.9997228240813488,0.3775477932154898,positiva,neutra,positiva,positiva,B,0.5017232680220332,-0.001628612876858615,0.3094589025560709,-0.5033518808988917,-0.19226436546596226,0.3110875154329295,0,0
2_69_u,0.7795067835850205,0.0018264771788381,-0.9459854787131828,-0.2655076501076111,positiva,neutra,negativa,neutra,B,0.3888401532030912,0.8627461311491016,0.5225072168463158,0.47390597794601047,0.13366706364322462,-0.34023891430278586,1,0
2_7_u,0.9898840194728108,0.9898072625455824,-0.6722699688711975,0.3349486830702516,positiva,positiva,negativa,positiva,B,3.837846361420816e-05,0.8310769941720042,0.3274676682012796,0.83103861570839,0.3274292897376654,-0.5036093259707246,3,0
2_71_u,0.9639202456601196,0.9874509351684536,0.0036345125059825,-0.1690453917486594,positiva,positiva,neutra,neutra,B,-0.011765344754167018,0.48014286657706856,0.5664828187043895,0.4919082113312356,0.5782481634585566,0.08633995212732096,0,1
2_72_u,0.9980507330574256,-0.990506023837952,-0.0481702091286827,-0.4299364604870789,positiva,negativa,neutra,negativa,B,0.9942783784476888,0.5231104710930542,0.7139935967722523,-0.47116790735463465,-0.2802847816754366,0.1908831256791981,2,0
2_73_u,0.0527111196424812,0.9989083729342384,-0.0123410441197589,-0.0658213782357053,positiva,positiva,neutra,neutra,B,-0.4730986266458786,0.03252608188112005,0.059266248939093255,0.5056247085269987,0.5323648755849718,0.0267401670579732,0,1
2_74_u,0.0013146736619091,-0.1734053081017919,-0.0773614812536032,0.3865120974602177,neutra,neutra,neutra,positiva,B,0.0873599908818505,0.03933807745775615,-0.19259871189915428,-0.04802191342409434,-0.27995870278100476,-0.23193678935691045,0,0
2_77_u,-0.0193815615020866,0.9979440300448914,-0.9998897307649778,0.0174826827074865,neutra,positiva,negativa,positiva,B,-0.508662795773489,0.4902540846314456,-0.01843212210478655,0.9989168804049346,0.49023067366870243,-0.5086862067362321,2,0
2_78_u,-0.9509919398697092,0.9951917659127504,-0.9974226531363432,-0.6710567758535035,negativa,positiva,negativa,negativa,B,-0.9730918528912298,0.023215356633316975,-0.13996758200810283,0.9963072095245468,0.833124270883127,-0.1631829386414198,3,0
2_79_u,-0.0548802083430928,0.9915647344023456,-0.0766852918552608,-0.2773530842037872,neutra,positiva,neutra,neutra,B,-0.5232224713727192,0.010902541756084,0.1112364379303472,0.5341250131288032,0.6344589093030664,0.10033389617426319,0,1
2_8_u,0.0052880094608553,-0.5547944948921213,0.0111708025054774,-0.9486421329958832,neutra,negativa,neutra,negativa,B,0.2800412521764883,-0.00294139652231105,0.47696507122836923,-0.28298264869879936,0.19692381905188094,0.4799064677506803,0,0
2_84_u,0.0002165587529816,0.832747418908184,-0.4538833690095406,-0.1986398884910159,neutra,positiva,neutra,neutra,B,-0.4162654300776012,0.2270499638812611,0.09942822362199875,0.6433153939588623,0.5156936536996,-0.12762174025926237,0,1
2_86_u,0.9976099626073848,-0.2013664628902916,0.9369156584281176,-0.0102727609744762,positiva,neutra,positiva,positiva,B,0.5994882127488381,0.030347152089633567,0.5039413617909305,-0.5691410606592047,-0.09554685095790769,0.4735942097012969,0,0
2_87_u,0.1724101234312911,0.0108876168078495,0.1154544169543515,-0.6893081316724421,neutra,neutra,neutra,negativa,B,0.08076125331172081,0.028477853238469804,0.4308591275518666,-0.052283400073251,0.3500978742401458,0.4023812743133968,0,0
2_88_u,-0.0087605587177677,0.0003577031657187,-0.0415805999277534,-0.9899615951930174,neutra,neutra,neutra,negativa,B,-0.0045591309417432,0.01641002060499285,0.49060051823762485,0.020969151546736047,0.49515964917936806,0.474190497632632,0,0
2_89_u,-0.0015580396320729,0.1009790773459826,0.0267161879625836,-0.0166463818866759,neutra,neutra,neutra,neutra,A,-0.051268558489027755,-0.01413711379732825,0.007544171127301501,0.0371314446916995,0.05881272961632925,0.02168128492462975,0,1
2_9_u,-0.0026373155342298,-4.252709913998842e-05,-0.3163308663826902,0.0339553947107763,neutra,neutra,negativa,neutra,B,-0.0012973942175449058,0.1568467754242302,-0.01829635512250305,0.1581441696417751,-0.016998960904958144,-0.17514313054673325,0,0
2_91_u,0.9759947951333744,0.4659547147239209,-0.0019268885975829,-0.3921968750044472,positiva,neutra,neutra,negativa,B,0.25502004020472674,0.48896084186547867,0.6840958350689108,0.2339408016607519,0.42907579486418407,0.19513499320343217,1,0
2_92_u,0.0017468186542828,-0.0007330884964176,-0.1703892969972002,-0.1196978999942076,neutra,neutra,neutra,neutra,A,0.0012399535753502,0.0860680578257415,0.060722359324245204,0.0848281042503913,0.059482405748895004,-0.025345698501496303,0,1
2_94_u,-0.0130268927314318,-0.9907092867833852,-0.8482180217965885,-0.9316462777496785,neutra,negativa,negativa,negativa,B,0.4888411970259767,0.41759556453257834,0.45930969250912335,-0.07124563249339838,-0.02953150451685338,0.041714127976545,0,0
2_96_u,-0.9357270625150704,-0.0036474834632826,0.9610857484716768,-0.1983172733453103,negativa,neutra,positiva,neutra,B,-0.4660397895258939,-0.9484064054933736,-0.3687048945848801,-0.4823666159674797,0.09733489494101384,0.5797015109084935,1,0
2_97_u,0.0376047332210873,0.99915603435511,0.6677741591201958,-0.629978562006727,neutra,positiva,positiva,negativa,B,-0.4807756505670114,-0.31508471294955426,0.3337916476139071,0.16569093761745712,0.8145672981809184,0.6488763605634613,2,0
3_S01E01_128_u,0.0032473267751811,-0.9869341006997274,5.510597013444433e-05,-0.1513260056963191,neutra,negativa,neutra,neutra,B,0.4950907137374543,0.0015961104025233278,0.0772866662357501,-0.49349460333493095,-0.4178040475017042,0.07569055583322677,0,1
3_S01E01_226_u,0.0163359682446753,0.0029089592180753,0.5793105953885878,-0.6150284537783592,neutra,neutra,positiva,negativa,B,0.0067135045133,-0.2814873135719562,0.3156822110115173,-0.2882008180852562,0.3089687064982173,0.5971695245834735,1,0
3_S01E01_255_u,0.0012863429819844,-7.708357134106336e-05,-0.1650726709068836,-0.4227512276265771,neutra,neutra,neutra,neutra,A,0.0006817132766627317,0.083179506944434,0.21201878530428073,0.08249779366777127,0.211337072027618,0.12883927835984674,0,1
3_S01E01_568_u,0.0207087518792832,0.990770134027116,0.0,-0.5722665863111616,neutra,positiva,neutra,neutra,B,-0.4850306910739164,0.0103543759396416,0.2964876690952224,0.495385067013558,0.7815183601691388,0.2861332931555808,0,1
3_S01E02_004_u,-0.9979929846576852,-0.9951608558258158,-0.9864816851687664,-0.4829006226500497,negativa,negativa,negativa,negativa,A,-0.0014160644159346703,-0.005755649744459357,-0.25754618100381776,-0.004339585328524687,-0.2561301165878831,-0.25179053125935835,0,0
3_S01E02_324_u,-0.981336940505571,0.0001851555371104,0.0072075522631184,-0.250057851150632,negativa,neutra,neutra,neutra,B,-0.4907610480213407,-0.4942722463843447,-0.3656395446774695,-0.0035111983630040002,0.1251215033438712,0.1286327017068752,0,1
3_S01E02_461_u,-0.9428850614713156,-0.0074752017972059,-0.9834612090492816,-0.9655466555966996,negativa,neutra,negativa,negativa,B,-0.4677049298370548,0.020288073788983008,0.011330797062692022,0.4879930036260378,0.4790357268997468,-0.008957276726290986,0,0
3_S01E03_021_u,0.0018815378516592,-0.055895389883517,-4.7530408401904526e-05,-0.6742198671912776,neutra,neutra,neutra,negativa,B,0.028888463867588098,0.0009645341300305523,0.3380507025214684,-0.027923929737557546,0.30916223865388026,0.33708616839143785,0,0
3_S01E03_024_u,0.0002859538053598,0.9738726401010354,0.0002961607688311,-0.864274710106353,neutra,positiva,neutra,negativa,B,-0.4867933431478378,-5.103481735649996e-06,0.4322803319558564,0.48678823966610213,0.9190736751036942,0.43228543543759207,1,0
3_S01E03_056_u,0.3870663356210571,-0.0064458073593414,0.975945460239877,-0.2390588986687363,neutra,neutra,positiva,neutra,B,0.19675607149019925,-0.29443956230941,0.3130626171448967,-0.49119563379960923,0.11630654565469746,0.6075021794543067,0,0
3_S01E03_122_u,-0.0997740764032641,0.9978466575375932,-5.459194153284327e-07,-0.6717202487401666,neutra,positiva,neutra,negativa,B,-0.5488103669704286,-0.04988676524192439,0.28597308616845124,0.49892360172850425,0.8347834531388798,0.3358598514103756,1,0
3_S01E03_249_u,-0.2725109513630741,-0.0019332997471792,-0.0007073677218451,-0.6050243965815755,neutra,neutra,neutra,negativa,B,-0.13528882580794746,-0.13590179182061451,0.16625672260925067,-0.0006129660126670501,0.30154554841719816,0.3021585144298652,0,0
3_S01E03_359_u,-0.99736474353449,-0.0623204296935,0.0,-0.2257596665993334,negativa,neutra,neutra,neutra,B,-0.467522156920495,-0.498682371767245,-0.3858025384675783,-0.03116021484675,0.0817196184529167,0.1128798332996667,0,1
3_S01E03_517_u,0.996997698872292,0.0021979358270982,0.998035703076268,-0.3889027093769983,positiva,neutra,positiva,neutra,B,0.4973998815225969,-0.0005190021019880198,0.6929502041246451,-0.4979188836245849,0.19555032260204824,0.6934692062266331,0,0
3_S01E04_009_u,0.99801865921836,0.5812074001732981,0.0001021534264721,-0.1957619276234053,positiva,positiva,neutra,negativa,B,0.20840562952253094,0.4989582528959439,0.5968902934208826,0.290552623373413,0.3884846638983517,0.0979320405249387,2,0
3_S01E04_327_u,0.4255730710101488,-0.0425355191109702,2.675888908523436e-05,-0.3374363386537881,neutra,neutra,neutra,neutra,A,0.2340542950605595,0.2127731560605318,0.3815047048319684,-0.02128113900002772,0.14745040977140894,0.16873154877143665,0,1
3_S01E04_342_u,0.0328156413215765,0.5581934663205175,-6.953446229584305e-05,0.0263249662006272,neutra,positiva,neutra,positiva,B,-0.26268891249947046,0.016442587891936172,0.0032453375604746502,0.27913150039140666,0.26593425005994514,-0.013197250331461522,0,0
3_S01E04_356_u,-0.8072972721274709,-0.9968903148110256,0.9992209819944828,-0.1270049788523465,negativa,negativa,positiva,neutra,B,0.09479652134177735,-0.9032591270609769,-0.3401461466375622,-0.9980556484027543,-0.43494266797933956,0.5631129804234146,2,0
3_S01E05_417_u,0.1254992290560039,0.1359950935202505,-1.2712368548493237e-08,-0.645834293193184,neutra,neutra,neutra,negativa,B,-0.00524793223212329,0.06274962088418623,0.38566676112459397,0.06799755311630952,0.39091469335671725,0.3229171402404077,0,0
3_S01E05_456_u,0.0001488869588683,0.0910232319220085,-0.0019668396566259,-0.4686287995427848,neutra,neutra,neutra,negativa,B,-0.045437172481570094,0.0010578633077471,0.23438884325082654,0.0464950357893172,0.2798260157323966,0.23333097994307944,0,0
3_S01E05_520_u,0.1359845204333396,0.0017382301198267,-9.496817879650014e-05,-0.9851410698494876,neutra,neutra,neutra,negativa,B,0.06712314515675645,0.06803974430606806,0.5605627951414136,0.0009165991493116001,0.4934396499846571,0.49252305083534553,0,0
3_S01E06_054_u,-0.9767321671679384,-0.0944605125114321,0.4013348641828232,-0.3949375720927494,negativa,neutra,positiva,neutra,B,-0.4411358273282532,-0.6890335156753808,-0.2908972975375945,-0.24789768834712766,0.15023852979065863,0.3981362181377863,1,0
3_S01E06_266_u,-0.0252897148311603,-0.9816960128227948,-0.999809133832824,-0.0057135774055496,neutra,negativa,negativa,positiva,B,0.4782031489958173,0.48725970950083186,-0.00978806871280535,0.009056560505014577,-0.48799121770862264,-0.4970477782136372,2,0
3_S01E08_422_u,0.9060858383309096,-0.9979974256275456,-0.9839464128850004,-0.5746701630414466,positiva,negativa,negativa,negativa,B,0.9520416319792275,0.945016125607955,0.7403780006861781,-0.007025506371272583,-0.2116636312930495,-0.2046381249217769,3,0
3_S02E01_050_u,0.0003045488770112,0.9688620127544708,-0.4120722715811341,-0.417873868555762,neutra,positiva,neutra,negativa,B,-0.48427873193872983,0.20618841022907264,0.2090892087163866,0.6904671421678025,0.6933679406551164,0.002900798487313949,1,0
3_S02E01_096_u,-0.0017926150630955,-0.1356975744711235,-0.2731159508608312,-0.5887094463687391,neutra,neutra,neutra,negativa,B,0.066952479704014,0.13566166789886783,0.2934584156528218,0.06870918819485385,0.2265059359488078,0.15779674775395397,0,0
3_S02E01_413_u,0.9978462959843456,-0.8331909630651353,1.7242729033473268e-07,-0.7517266315757298,positiva,negativa,neutra,negativa,B,0.9155186295247404,0.49892306177852763,0.8747864637800378,-0.4165955677462128,-0.04073216574470273,0.3758634020015101,2,0
3_S02E02_081_u,0.3358532178754103,-0.993005169520984,-0.5570521880489214,-0.3120416100893636,neutra,negativa,negativa,neutra,B,0.6644291936981972,0.4464527029621659,0.3239474139823869,-0.21797649073603131,-0.34048177971581023,-0.12250528897977891,0,0
3_S02E03_218_u,-0.0005429506118161,-0.0005127217609697,0.0556076132367104,-0.252382568921894,neutra,neutra,neutra,neutra,A,-1.5114425423200023e-05,-0.02807528192426325,0.12591980915503895,-0.02806016749884005,0.12593492358046213,0.1539950910793022,0,1
3_S02E03_229_u,-0.0029119080354576,-0.9806373696901574,-0.984559139137932,-0.698538462119177,neutra,negativa,negativa,negativa,B,0.4888627308273499,0.4908236155512372,0.3478132770418597,0.001960884723887335,-0.14104945378549016,-0.1430103385093775,0,0
3_S02E03_244_u,0.0757678821446461,0.5677351550875755,0.990032674673592,-0.2936473936541007,neutra,positiva,positiva,neutra,B,-0.24598363647146473,-0.45713239626447294,0.1847076378993734,-0.21114875979300823,0.4306912743708381,0.6418400341638464,0,0
3_S02E03_370_u,-7.759824620734435e-05,-0.983851896424312,-0.0004376773016956,-0.1533139047853184,neutra,negativa,neutra,neutra,B,0.49188714908905234,0.00018003952774412783,0.07661815326955553,-0.4917071095613082,-0.41526899581949683,0.07643811374181139,0,1
3_S02E03_561_u,8.829869329929352e-06,0.2134965118202672,-0.1024735468225672,-0.4600502440705897,neutra,neutra,neutra,negativa,B,-0.10674384097546863,0.05124118834594856,0.2300295369699598,0.1579850293214172,0.33677337794542844,0.17878834862401125,0,0
3_S02E04_162_u,-0.9986433305675746,0.9955257725086994,-0.0001819748575027,-0.1146805601776578,negativa,positiva,neutra,neutra,B,-0.997084551538137,-0.49923067785503594,-0.4419813851949584,0.4978538736831011,0.5551031663431786,0.057249292660077555,1,1
3_S02E04_395_u,3.705888047988992e-06,-0.0182980047939054,-0.4168415243893687,-0.0034731896109103,neutra,neutra,neutra,neutra,A,0.009150855340976694,0.20842261513870836,0.0017384477494791445,0.19927175979773165,-0.00741240759149755,-0.2066841673892292,0,1
3_S02E05_179_u,0.0020063034085069,-0.9053920008918794,-0.856475439614157,-0.4656899142079056,neutra,negativa,negativa,neutra,B,0.4536991521501932,0.42924087151133195,0.23384810880820625,-0.02445828063886124,-0.2198510433419869,-0.19539276270312567,0,0
3_S02E05_378_u,0.9968148245116026,0.0027049195969084,0.0001230658360194,-0.1136807056868242,positiva,neutra,neutra,neutra,B,0.4970549524573471,0.4983458793377916,0.5552477650992134,0.0012909268804445,0.0581928126418663,0.0569018857614218,0,1
3_S02E05_466_u,-0.4875672622583806,-0.7460060954326764,-0.9998622075048365,-0.6154674901044929,neutra,negativa,negativa,negativa,B,0.1292194165871479,0.2561474726232279,0.06395011392305613,0.12692805603608004,-0.06526930266409176,-0.1921973587001718,0,0
3_S02E07_256_u,0.9934616464070132,0.9984330264023812,0.0451630494532427,-0.0877502117626137,positiva,positiva,neutra,neutra,B,-0.002485689997684004,0.47414929847688525,0.5406059290848134,0.47663498847456925,0.5430916190824975,0.0664566306079282,0,1
3_S02E10_133_u,-0.995279107017268,0.0294160757621284,-0.9842610799043218,-0.2060293108224869,negativa,neutra,negativa,neutra,B,-0.5123475913896982,-0.005509013556473097,-0.39462489809739054,0.5068385778332251,0.11772269329230765,-0.38911588454091744,0,0
3_S03E01_185_u,-0.0689754998893477,-0.0004470807834877,-0.4108793876770307,-0.6702640353702011,neutra,neutra,neutra,negativa,B,-0.034264209552930004,0.1709519438938415,0.3006442677404267,0.2052161534467715,0.3349084772933567,0.1296923238465852,0,0
3_S03E01_409_u,0.0052836007107543,-0.0719293853035196,-0.2372222470840223,-0.7507736174273306,neutra,neutra,neutra,negativa,B,0.03860649300713695,0.12125292389738829,0.37802860906904245,0.08264643089025134,0.33942211606190553,0.25677568517165417,0,0
3_S03E01_431_u,0.9989356661735656,0.7639546982536558,0.9999999978286858,0.1873492798651567,positiva,positiva,positiva,neutra,B,0.11749048395995487,-0.0005321658275601049,0.4057931931542044,-0.11802264978751498,0.28830270919424955,0.40632535898176453,0,0
3_S03E02_062_u,0.3462329959875205,0.9781922342799588,-0.1198071521331101,0.0211652593861797,neutra,positiva,neutra,neutra,B,-0.3159796191462192,0.2330200740603153,0.1625338683006704,0.5489996932065344,0.47851348744688954,-0.0704862057596449,0,1
3_S03E02_111_u,6.205221689015161e-05,0.1220492827196721,0.1361047961436238,-0.2704260878497735,neutra,neutra,neutra,neutra,A,-0.06099361525139097,-0.06802137196336683,0.13524407003333183,-0.007027756711975856,0.1962376852847228,0.20326544199669866,0,1
3_S03E03_012_u,-0.3345405544750974,-0.986583335317846,-0.009204265971522,-0.0495844123470307,neutra,negativa,neutra,neutra,B,0.32602139042137435,-0.1626681442517877,-0.14247807106403335,-0.488689534673162,-0.46849946148540766,0.02019007318775435,0,1
3_S03E03_111_u,-0.001189303457977,0.0006016387296767,-0.0928248537012067,-0.1422850411385298,neutra,neutra,neutra,neutra,A,-0.0008954710938268499,0.04581777512161485,0.0705478688402764,0.0467132462154417,0.07144333993410325,0.02473009371866155,0,1
3_S03E03_126_u,-0.0011436735876486,0.9350304378313012,-2.110879946704632e-05,-0.0781663631089032,neutra,positiva,neutra,neutra,B,-0.4680870557094749,-0.0005612823940907768,0.0385113447606273,0.46752577331538414,0.5065984004701022,0.03907262715471808,0,1
3_S03E03_316_u,-0.9904571856059192,-0.6624048919475172,-0.6586891899397275,0.057944101456087,negativa,negativa,negativa,neutra,B,-0.16402614682920102,-0.16588399783309588,-0.5242006435310032,-0.0018578510038948504,-0.36017449670180207,-0.3583166456979072,0,0
3_S03E03_511_u,-0.1896787282894365,0.967418531421572,-0.2747606136771217,-0.0262969090836123,negativa,positiva,neutra,neutra,B,-0.5785486298555043,0.04254094269384259,-0.0816909096029121,0.6210895725493468,0.4968577202525921,-0.1242318522967547,1,1
3_S03E04_437_u,0.9971239016740584,0.98891876781272,-0.6080656614461455,-0.8033328502468068,positiva,positiva,negativa,negativa,B,0.0041025669306691825,0.802594781560102,0.9002283759604326,0.7984922146294328,0.8961258090297635,0.09763359440033065,4,0
3_S04E01_575_u,0.0178220345151203,0.0207704313397698,-0.0412616221219014,-0.5270047944271938,neutra,neutra,neutra,negativa,B,-0.0014741984123247502,0.029541828318510852,0.2724134144711571,0.031016026730835602,0.27388761288348185,0.2428715861526462,0,0
3_S04E02_217_u,-0.6833044162431179,-0.0002990151479025,-7.414003197958347e-05,-0.1779233601759188,negativa,neutra,neutra,negativa,B,-0.3415027005476077,-0.34161513810556915,-0.25269052803359954,-0.00011243755796145827,0.08881217251400815,0.08892461007196961,0,0
3_S04E02_326_u,0.3445790809055324,-0.3745943154644919,-0.9966250567355774,-0.2014428877970204,positiva,neutra,negativa,neutra,B,0.35958669818501215,0.670602068820555,0.2730109843512764,0.31101537063554274,-0.08657571383373575,-0.3975910844692785,1,0
3_S04E04_363_u,-0.0002027199516305,0.0013159583877495,-0.2311303329028309,0.2669525504112243,neutra,neutra,negativa,neutra,B,-0.0007593391696899999,0.1154638064756002,-0.1335776351814274,0.1162231456452902,-0.1328182960117374,-0.24904144165702757,0,0
3_S04E05_313_u,-0.9911059119240236,-0.9974360026608338,-0.1894097860031975,-0.7382193442201244,negativa,negativa,neutra,negativa,B,0.0031650453684050617,-0.4008480629604131,-0.12644328385194964,-0.40401310832881815,-0.1296083292203547,0.27440477910846345,0,0
3_S04E05_320_u,0.0020126587014601,-0.990601305704331,0.0134778517272952,-0.5767355815507472,neutra,negativa,neutra,neutra,B,0.49630698220289554,-0.00573259651291755,0.28937412012610364,-0.5020395787158131,-0.2069328620767919,0.2951067166390212,0,1
3_S04E05_485_u,0.003885163472205,-0.997118271272484,-0.012963965567398,-0.9899461504537616,neutra,negativa,neutra,negativa,B,0.5005017173723445,0.0084245645198015,0.4969156569629833,-0.492077152852543,-0.0035860604093612136,0.4884910924431818,0,0
3_S04E05_497_u,-0.0046096357418718,0.9962500507608638,-0.440928608319772,-0.962290700885933,neutra,positiva,neutra,negativa,B,-0.5004298432513679,0.2181594862889501,0.47884053257203063,0.7185893295403178,0.9792703758233985,0.26068104628308053,1,0
3_S04E06_526_u,-6.684774962195661e-05,-0.1083688001654081,-0.2142863814213529,-0.183399198204279,neutra,neutra,neutra,neutra,A,0.054150976207893074,0.10710976683586547,0.09166617522732852,0.052958790627972395,0.037515199019435445,-0.01544359160853695,0,1
3_S04E07_292_u,0.0006131119066594,-0.7743919478962198,-0.1779320733320317,-0.379616340994835,neutra,negativa,neutra,neutra,B,0.3875025299014396,0.08927259261934556,0.1901147264507472,-0.298229937282094,-0.1973878034506924,0.10084213383140164,0,1
3_S04E10_120_u,0.9922443227624173,0.124101207293279,-0.7884516978606786,-0.1753654374208835,positiva,neutra,negativa,neutra,B,0.4340715577345691,0.890348010311548,0.5838048800916504,0.4562764525769788,0.14973332235708126,-0.30654313021989754,1,0
3_S05E01_120_u,0.4920811034826329,0.9980529917884268,-2.778624502296821e-05,-0.0989709972403944,positiva,positiva,neutra,neutra,B,-0.25298594415289694,0.24605444486382794,0.29552605036151364,0.4990403890167249,0.5485119945144106,0.04947160549768572,0,1
3_S05E02_072_u,0.9951480441941384,-0.014928480337403,0.999993038042638,-0.0839235664810986,positiva,neutra,positiva,neutra,B,0.5050382622657706,-0.002422496924249784,0.5395358053376185,-0.5074607591900204,0.0344975430718478,0.5419583022618683,0,0
3_S05E02_532_u,-0.9790171173772252,-0.1436604366645042,-0.0415096712455358,-0.1222162297409442,negativa,neutra,neutra,neutra,B,-0.4176783403563605,-0.4687537230658447,-0.42840044381814046,-0.0510753827094842,-0.01072210346178,0.0403532792477042,0,1
3_S05E03_098_u,0.0011346922315169,0.9850755927000135,0.2572123583898976,-0.0995987326372415,neutra,positiva,neutra,positiva,B,-0.49197045023424835,-0.12803883307919034,0.0503667124343792,0.36393161715505795,0.5423371626686275,0.17840554551356955,0,0
3_S05E05_119_u,-0.9972108502115588,-0.2488824085594387,-0.0169860809255065,-0.4895481531508269,negativa,neutra,neutra,neutra,B,-0.37416422082606005,-0.49011238464302614,-0.25383134853036593,-0.1159481638169661,0.1203328722956941,0.2362810361126602,0,1
3_S05E06_207_u,0.993906322048133,0.045763596861434,-2.780720929196649e-05,-0.1589036462362857,positiva,neutra,neutra,neutra,B,0.4740713625933495,0.4969670646287125,0.5764049841422093,0.02289570203536298,0.10233362154885985,0.07943791951349687,0,1
3_S06E01_317_u,0.9927629883786722,-0.9990747573392582,0.0031410452407762,-0.3497059931396508,positiva,negativa,neutra,neutra,B,0.9959188728589652,0.494810971568948,0.6712344907591614,-0.5011079012900173,-0.3246843820998037,0.17642351919021348,1,1
3_S06E01_417_u,0.0003424826982154,0.5365574404677318,0.9979260798259408,-0.4894146761274898,neutra,positiva,positiva,negativa,B,-0.2681074788847582,-0.49879179856386274,0.2448785794128526,-0.23068431967910452,0.5129860582976108,0.7436703779767153,2,0
3_S06E01_460_u,-0.0009120385984715,-0.5885792350236443,-0.0080749080689297,-0.592981055949349,neutra,negativa,neutra,negativa,B,0.29383359821258637,0.0035814347352290995,0.29603450867543873,-0.2902521634773573,0.002200910462852368,0.29245307394020964,0,0
3_S06E02_152_u,0.7629941869599861,-0.0422817945327551,-0.0118948948287426,-0.3303226172924042,positiva,neutra,neutra,negativa,B,0.40263799074637063,0.38744454089436436,0.5466584021261951,-0.015193449852006252,0.14402041137982455,0.1592138612318308,1,0
3_S06E02_171_u,0.0365935953832377,0.0001030212151817,-0.1771302072991204,-0.6857133932760917,neutra,neutra,neutra,negativa,B,0.018245287084028,0.10686190134117905,0.3611534943296647,0.08861661425715105,0.3429082072456367,0.25429159298848564,0,0
3_S06E02_398_u,-0.9526046195278468,-0.0072997670467884,-0.9708416074900198,-0.5836353135295214,negativa,neutra,negativa,negativa,B,-0.4726524262405292,0.009118493981086495,-0.18448465299916272,0.4817709202216157,0.2881677732413665,-0.19360314698024922,0,0
3_S06E03_366_u,-0.0010706747300446,0.3941251322830794,0.0003381510056519,0.2210629088105632,neutra,neutra,neutra,positiva,B,-0.19759790350656198,-0.00070441286784825,-0.1110667917703039,0.19689349063871375,0.08653111173625809,-0.11036237890245565,0,0
3_S06E05_355_u,-0.1681054359196423,0.9324213029867678,0.0003832970170006,-0.5686906214628835,neutra,positiva,neutra,negativa,B,-0.5502633694532051,-0.08424436646832145,0.2002925927716206,0.46601900298488363,0.7505559622248257,0.28453695923994204,1,0
3_S06E06_143_u,0.0004745936821564,-0.8396634618693497,-6.250152292514358e-05,-0.2369943041121588,neutra,negativa,neutra,neutra,B,0.42006902777575306,0.0002685476025407718,0.1187344488971576,-0.41980048017321225,-0.30133457887859544,0.11846590129461683,0,1
3_S06E07_272_u,-0.0048469329558429,-0.2311706455802777,-0.0699043671930564,-0.7177459550264758,neutra,neutra,neutra,negativa,B,0.1131618563122174,0.03252871711860675,0.3564495110353164,-0.08063313919361065,0.24328765472309904,0.3239207939167097,0,0
