KEY,SENTENCE,angry,disgust,fear,happy,neutral,sad,surprise,emocao_predominante,text_valence,text_intensity
1_10004_u,"And of those few months, how long have you been a demented sex pervert?",0.0001590693864272,0.0002068918402073,0.0001309474173467,0.0002816281921695,0.9991297125816344,1.859905569290277e-05,7.308896601898596e-05,neutral,-0.0002338795075047,0.0007971358918436028
1_10009_u,"Let the dead man talk. So, why do you think that?",0.0009334993665106,1.666098069108557e-05,2.174083419959061e-05,0.000123773352243,0.9988279938697816,1.0216414921160322e-05,6.604015652555972e-05,neutral,-0.0008583442440794,0.0011058909485654365
1_1001_u,"What else? Sell it on eBay as ""slightly used.""",0.0017857808852568,4.787721991306171e-05,6.905222835484892e-05,0.0001606107980478,0.9978746175765992,1.096204050554661e-05,5.1125338359270245e-05,neutral,-0.0017530615759824,0.002074283172078057
1_1003_u,"Good idea, sit with her. Hold her, comfort her. And if the moment feels right, see if you can cop a feel.",1.5012638868938666e-05,7.2273987825610675e-06,7.4553495323925745e-06,0.9948101043701172,0.0050924215465784,5.329614577931352e-05,1.456511836295249e-05,happy,0.994727112837154,0.9948930959030804
1_10190_u,"Well, now that I've given up string theory, I'm struggling to find my next area of focus. So, in your professional opinion, which of these areas do you think is the most promising?",0.0004803810443263,0.0001134137855842,0.0177827291190624,0.0337017141282558,0.8781968951225281,0.0696078762412071,0.0001169794559245,neutral,-0.0542826860619243,0.1216861143184358
1_10462_u,"You know, if you're really serious about that, I hear there are some exciting opportunities in home care for the old and fat.",2.517117354727816e-05,0.0001135817656177,0.0003874133399222,0.9881623387336732,0.0107210464775562,0.0001198618483613,0.0004705052997451,happy,0.9875163106062246,0.9888083668611217
1_10495_u,"And if it turns out you don't... - you and I could live together. - You and... Oh, sure.",2.259022585349157e-05,9.67622472671792e-05,3.609384293667972e-05,0.3447649776935577,0.6546450257301331,4.180930409347639e-05,0.0003927233046852,neutral,0.3445677220734069,0.3449622333137085
1_10496_u,"- You and... Oh, sure. And while we're at it, why don't we get engaged, too? Why don't we get a little house, start a family? Enjoy our sunset years together? Do you hear yourself, woman?!",0.0001487484259996,2.3897546270745806e-05,4.588934825733304e-05,0.4359729588031769,0.5635461211204529,9.205232345266268e-05,0.000170274550328,neutral,0.4356623711591965,0.4362835464471572
1_105_u,I'm just inferring this is a couch because the evidence suggests the coffee table is having a tiny garage sale.,0.0001055852917488,4.954907126375474e-05,0.0001285951875615,7.746614573989064e-05,0.9991707801818848,0.000399240409024,6.88101863488555e-05,neutral,-0.0006055038138583,0.0007604361053379454
1_10748_u,"There they go, fighting again. You'd never hear her talk that way to Sauvignon Blanc.",0.3783586621284485,9.765127470018342e-05,0.0003446890623308,0.0004318267747294,0.6191261410713196,0.0011154125677421,0.0005256582517176,neutral,-0.3794845882584923,0.380348241807951
1_10797_u,"I'm with him three years, nothing. She's with two minutes, and he's taking his pants off.",1.6404022971983068e-05,8.377520134672523e-05,2.464450335537549e-05,0.0008518882095813,0.9987366795539856,2.0546724044834264e-05,0.000265921378741,neutral,0.0007065177578624,0.0009972586613002181
1_10810_u,I'll give you a plan right now. Step one: open comic book store. Step two: start rumor this comic book store gives you genital warts.,0.000748211343307,2.893815872084815e-05,7.07260551280342e-05,0.0001583476405357,0.9989814162254332,3.929669219360221e-06,8.425846317550167e-06,neutral,-0.0006934575858394,0.0010101528669109426
1_10829_u,"On the bright side, that Oxford study was right. One friend down. I wonder who you're going to lose next.",8.545130549464375e-05,0.0009511128882877,0.0024839765392243,0.1463834941387176,0.3201644420623779,0.0880047231912612,0.4419268071651459,surprise,0.0548582302144495,0.23790875806298545
1_10849_u,That's how much buying a comic book store means to me.,0.0005079698748886,0.000289825577056,1.0084244422614574e-05,0.2153786867856979,0.7715731859207153,0.0116258738562464,0.0006144050857983,neutral,0.2029449332330841,0.22781244033831152
1_10853_u,"Okay, sit down. Listen, Emily, what happened between me and Raj was a long time ago. It was,",0.0012701246887445,3.614031811594032e-05,0.0027357549406588,0.0337445139884948,0.9553788900375366,0.0064541846513748,0.0003804083389695,neutral,0.0232483093896007,0.044240718587388844
1_10857_u,It's true-- you're both gorgeous. Kind of says something about the man who could bed you both.,2.5085337256314236e-05,1.7709493477013893e-05,1.6540738215553574e-05,0.9993053674697876,0.000485968805151,0.0001244972663698,2.495043918315787e-05,happy,0.9991215346344688,0.9994892003051062
1_10859_u,I don't need a reason-- it's my house.,0.3381220698356628,4.173531488049776e-05,0.0001455365709261,0.0001271509099751,0.6613397598266602,5.673708074027672e-05,0.0001670086348894,neutral,-0.3382389278922346,0.33849322971218476
1_10890_u,"Boy, when you met Bernadette, the field of robotics really took a hit.",2.768650665530004e-05,0.0001416281011188,3.215960168745369e-05,0.000883005792275,0.9972919821739196,2.063812462438364e-05,0.001602768083103,neutral,0.000660893458189,0.0011051181263609373
1_10977_u,Let's not talk about this in front of our friends.,0.2253425419330597,8.407402492593974e-05,0.0012710796436294,0.0001084904724848,0.7716715335845947,0.0014437853824347,7.850743713788688e-05,neutral,-0.228032990511565,0.22824997145653453
1_11006_u,Maybe it's a good thing we came here. It's like a lesson in what not to do.,0.0016531228320673,3.203273081453517e-05,0.0003593003202695,0.0571189559996128,0.9402902722358704,0.0001980036904569,0.0003483445907477,neutral,0.0548764964260044,0.059361415573221034
1_11021_u,"Same as all of us, getting out of a car without underwear.",2.0920731913065534e-05,0.0001144071866292,0.0002518558467272,0.0062918802723288,0.9922377467155457,0.0005858851945959,0.0004973817849531,neutral,0.0053188113124633,0.0072649492321941655
1_11042_u,"Because no one wants to see Neil deGrasse Tyson in a wet T-shirt, bent over the hood of a Porsche.",0.0053301849402487,3.476441270322539e-05,0.0001209237234434,0.0008462802506983,0.964878261089325,0.028724918141961,6.481468881247565e-05,neutral,-0.0333645109676581,0.035057071469054624
1_11046_u,"Wow, he really went where no man has gone before.",7.896710303612053e-05,0.0003409412747714,0.0031109116971492,0.5382501482963562,0.0069595780223608,0.0005043252022005,0.4507550895214081,happy,0.5342150030191988,0.5422852935735133
1_11051_u,"Well, he said it was a tribble. It could be a toupee, but either way, it's pretty cool.",1.0393941920483483e-05,9.200161730404945e-05,2.5945571906049736e-05,0.9370890259742736,0.0626687109470367,1.4952368474041576e-05,9.896168194245548e-05,happy,0.9369457324746692,0.9372323194738782
1_11055_u,"Ah, that's a good question. Apparently someone was being awfully flirty while not wearing their engagement ring, causing another someone to show up here thinking the first someone might be available.",9.938194853020832e-05,5.2008170314366e-05,2.705760198296048e-05,0.4893391728401184,0.5104122161865234,2.0326235244283453e-05,4.983013423043303e-05,neutral,0.4891403988840466,0.4895379467961902
1_11098_u,"Wow, you still have it? I just assumed it was balled up in the corner of a barn somewhere.",3.515496791806072e-05,0.0001843352220021,0.0006161889177747,0.006996963173151,0.0147702032700181,0.0008320168708451,0.9765651822090148,surprise,0.005329267194611,0.00866465915169096
1_11120_u,"Next time I might be in a rush, it's good to have a few in the bank.",0.0001936654298333,1.7257951185456477e-05,4.366975917946547e-05,0.4339983761310577,0.5656862854957581,1.8236689356854185e-05,4.25849029852543e-05,neutral,0.4337255463015026,0.43427120596061275
1_11177_u,I'm listening to you snore. I'm wondering how I'll ever sleep without it.,0.0001810275425668,0.0004843065107706,0.1095856428146362,0.0006276261992752,0.1474672257900238,0.0050040064379572,0.7366501688957214,surprise,-0.1146273571066558,0.115882609505206
1_11201_u,"He probably got a new one. Finish your breakfast. Look, there's an entire section of my dashboard that doesn't have any syrup on it.",0.0001230856432812,1.624483229534235e-05,1.0232120985165238e-05,0.0202593002468347,0.9795432090759276,3.831781214103103e-05,9.748167940415442e-06,neutral,0.0200714198381319,0.02044718065553744
1_11224_u,And here I am in the trap. You just keep talking. I'm gonna chew my leg off.,0.8961732387542725,4.88361984025687e-05,0.0026705805212259,0.000118024967378,0.0995559766888618,0.0013554678298532,7.783013279549778e-05,angry,-0.9001300983363762,0.9003661482711321
1_11232_u,"And I love that I work and do all the cleaning, and you're okay with that.",0.00012687096023,8.564018207835034e-05,3.455724072409794e-05,0.9984338879585266,0.0001883549557533,0.0004746243648696,0.0006559038301929,happy,0.9977121952106244,0.9991555807064286
1_11236_u,"Oh, you're hardly out of the woods, no. You still run the risk of infection, a blood clot, the possibility that an inattentive surgeon let a barn spider lay eggs in your nose.",0.0010130167938768,8.741770216147415e-06,5.718568718293682e-05,0.0017794943414628,0.9970822930336,3.918958827853203e-05,2.005253736570012e-05,neutral,0.0006613605019083,0.002897628181017216
1_11242_u,"I love that you take pride in your looks, even when I have to pee in the morning, and you're in there spending an hour on your hair.",9.67169034993276e-05,5.9672907809726894e-05,3.1384832254843786e-05,0.9982255101203918,0.0009051396045833,0.0003089008096139,0.0003726746363099,happy,0.997728834667214,0.9987221855735696
1_11243_u,I love that you're too good to pee in the kitchen sink.,0.0036925000604242,0.0447053126990795,0.0015035888645797,0.8465355038642883,0.0005479092360474,0.0506491176784038,0.0523661710321903,happy,0.745984984561801,0.9470860231667755
1_11253_u,"So as they say, all good things must come to an end.",4.8172798415180296e-05,0.0001054948734235,0.0001170987234218,0.5186619758605957,0.4804620146751404,0.0001567913568578,0.0004484706150833,happy,0.5182344181084773,0.5190895336127139
1_11257_u,Doesn't Professor Abbott's family want any of this stuff?,0.0001219162077177,4.083821113454178e-05,5.47160416317638e-05,5.254658753983677e-05,0.9995203018188475,0.0001364443887723,7.330758671741933e-05,neutral,-0.0003013682617165,0.0004064614367961424
1_11306_u,"I guess the sad truth is, not everyone will accomplish something great. Some of us may just have to find meaning in the little moments that make up life.",9.634177695261316e-05,0.0001140788954216,0.0006771425832994,0.1702336817979812,0.002425049431622,0.8262670636177063,0.0001866462553152,sad,-0.6569209450753988,0.9973883086713611
1_11322_u,"You know what? That was almost on topic. I'm gonna say, ""Good job, Sheldon.""",0.0001005763551802,0.0001032227810355,7.343594188569114e-05,0.9991909861564636,0.0001992025354411,0.0001303457829635,0.0002023806446231,happy,0.9987834052953986,0.9995985670175285
1_11378_u,Are you sure a dummy like me can handle something as complicated as a blanket?,0.0032884303946048,2.4572544134571217e-05,0.0008940930129028,3.410974386497401e-05,0.9954720735549928,0.0002535204112064,3.32613053615205e-05,neutral,-0.0044265066189836,0.004494726106713545
1_11439_u,"No, you're right, we should do what you do. Have our mom send us pants from the Walmart in Houston.",3.6277568142395467e-05,1.898599111882504e-05,1.279427215195028e-05,0.9799289107322692,0.0199750009924173,1.6384343325626105e-05,1.1620855730143376e-05,happy,0.9798444685575304,0.980013352907008
1_1144_u,"Notify the editors of the Oxford English Dictionary. The word ""plenty"" has been redefined to mean ""two.""",0.0004698734555859,4.047845504828729e-05,5.690831312676892e-05,0.0017012634780257,0.9974946975708008,3.967618977185339e-05,0.0001969933800864,neutral,0.0010943270644929,0.0023081998915585097
1_11485_u,Is that why you had to take him to Office Depot last night?,3.6321853258414194e-05,4.667292887461372e-05,0.0001369075325783,0.0001100643203244,0.999518632888794,7.243088475661352e-05,7.898431795183569e-05,neutral,-0.0001822688791435,0.0004023975197923414
1_11526_u,"As you may know, I've been experimenting with elevated anxiety levels, and I thought, what better way to increase my discomfort than to subject myself to an evening of tasteless uncensored crotch talk?",0.0099242283031344,0.2023440450429916,0.1370869129896164,0.0016855644062161,0.6343739628791809,0.0135388132184743,0.0010463980725035,neutral,-0.3612084351480007,0.3645795639604328
1_11529_u,"And how difficult it is to do when she's bloated, cranky and crampy?",0.0364379361271858,0.0007416743901558,0.0002373169118072,0.0001818258751882,0.9589294195175172,0.0030492078512907,0.0004226252203807,neutral,-0.0402843094052514,0.04064796115562771
1_11609_u,"I've, uh, created some other user accounts so I can post positive comments about their paper.",3.999413092969917e-05,6.619971100008115e-05,8.998013981909025e-06,0.6126859784126282,0.3871555924415588,2.3997428797883916e-05,1.919180795084685e-05,happy,0.6125467891279186,0.6128251676973377
1_11697_u,The answer's in this puzzle box. Let's see if you can open it.,3.3023388823494315e-05,0.0001289798383368,0.0065649398602545,0.0016802141908556,0.9891077280044556,0.0001064954340108,0.0023785987868905,neutral,-0.00515322433057,0.008513652712281194
1_11699_u,"No, Stuart picked out those throw pillows all on his own.",0.0005732180434279,1.437634819012601e-05,1.0629983080434611e-05,0.0021305282134562,0.9972599744796752,2.644599362611189e-06,8.621741471870337e-06,neutral,0.0015296592393951,0.0027313971875172717
1_11723_u,"Not much, but he seemed to be in a pretty good place.",2.292239514645189e-05,0.0081441877409815,0.0001179036698886,0.8850449323654175,0.1042630672454834,0.0020530892070382,0.0003538563905749,happy,0.8747068293523625,0.8953830353784722
1_11736_u,"I don't know, perhaps somebody took it off the carousel by mistake?",0.0006687968270853,5.166033224668354e-05,0.0003281171666458,0.0002608198265079,0.998258888721466,0.0002607805363368,0.0001710193173494,neutral,-0.0010485350358067,0.0015701746888224836
1_11773_u,This is why I've been saying we should keep champagne on ice.,1.1168680430273524e-05,1.826626612455584e-05,8.890710887499154e-06,0.0179934911429882,0.9819011092185974,1.299801078857854e-05,5.413529288489372e-05,neutral,0.0179421674747572,0.01804481481121911
1_1180_u,"Oh, please. The only way she could make a contribution to science would be if they resumed sending chimps into space.",0.0413467437028884,6.405547901522368e-05,7.700650166952983e-05,0.0002969735942315,0.958126664161682,4.730936416308396e-05,4.1284387407358736e-05,neutral,-0.0412381414535047,0.04183208864196774
1_1185_u,I think tonight was a very good start.,0.0003154785663355,0.0101396553218364,0.0050662364810705,0.9732017517089844,0.0022921992931514,0.0004065465473104,0.0085780834779143,happy,0.9572738347924314,0.9891296686255372
1_11885_u,"Yeah, turns out half a dozen menorahs really sets a mood.",2.682177728274837e-05,1.7320002370979637e-05,2.148213752661832e-05,0.1080695688724517,0.891535758972168,9.36439901124686e-05,0.0002354339958401,neutral,0.1079103009651589,0.10822883677974451
1_11889_u,"Yeah, we just want to have the kind of dinner that we've all had here so many times before.",4.617054219124839e-05,3.318341259728186e-05,7.62678319006227e-05,0.2957154512405395,0.7032222747802734,0.0005976820830255,0.0003089264209847,neutral,0.2949621473708248,0.29646875511025417
1_1189_u,"I'm sorry, I am not going back to the Renaissance fair.",0.000138040879392,8.187181083485484e-05,0.0003348239406477,0.0005456010112538,0.0025932970456779,0.9960535764694214,0.0002527926117181,sad,-0.9960627120890422,0.9971539141115497
1_11901_u,"Yeah, good for you, Leonard. That's a lovely little notion. Kind of like, I wish I could talk to my uncle in Chicago. Yeah, now stand back while I invent the telephone. Hello? Oh, hold on. Leonard, it's your uncle. He says you just got burned.",0.0001775816926965,3.36672346747946e-05,2.917476558650378e-05,0.883922815322876,0.1157639622688293,1.6166057321242988e-05,5.656549183186144e-05,happy,0.8836662255725969,0.8841794050731551
1_11913_u,It's why my people wandered the desert for 40 years. Took that long to walk it off.,0.0015685791149735,0.0004078259808011,0.0034626249689608,0.0002763594093266,0.8752880096435547,0.1181856021285057,0.0008110502385534,neutral,-0.1233482727839145,0.1239009916025677
1_11924_u,"All right, Amy's in charge of pricing and being 75.",9.14411575649865e-05,0.009623110294342,0.0008877199143171,0.0014046124415472,0.8712255954742432,0.000370620371541,0.1163968667387962,neutral,-0.0095682792962179,0.012377504179312285
1_11928_u,"And if I had a friend, they might have told me that.",2.453995330142789e-05,0.0001598328672116,0.000122963116155,0.0001370801910525,0.9991932511329652,0.0002558254054747,0.0001064895113813,neutral,-0.0004260811510903,0.0007002415331952279
1_12002_u,Then buckle up; you're in for a cranky night.,0.9010534882545472,0.0001059371134033,0.0001857269380707,0.0506177544593811,0.0479394309222698,5.440863242256455e-05,4.327715214458294e-05,angry,-0.8507818064790627,0.952017315397825
1_12083_u,"Oh, just put it in your mouth and pop it like a zit.",0.0032571176998317,4.3194388126721606e-05,0.0001244411978404,0.0005970409256406,0.9959635734558104,1.1438106412242632e-05,3.1492882044403814e-06,neutral,-0.0028391504665705,0.004033232317851664
1_12202_u,"No need to. As soon as she flies into California airspace, I'll feel a disturbance in the Force.",0.037816185504198,0.0001677448017289,0.0026935436762869,0.0001173039199784,0.9589053988456726,0.000118987110909,0.0001808073429856,neutral,-0.0406791571731446,0.0409137650131012
1_12275_u,"Uh, no. I overheard Bernadette tell Howard she was making him a meat loaf, and you don't have to not ask me twice.",0.7185790538787842,8.432657341472805e-05,0.0002371176378801,0.0001393409474985,0.280319482088089,0.0004742856544908,0.0001663220318732,angry,-0.7192354427970713,0.7195141246920683
1_12320_u,"Oh, yes, we've got the moon and the trees and... Elizabeth McNulty, who apparently died when she was the same age I am.",0.0001625416480237,0.0002180867450078,0.0018497250275686,0.0034352052025496,0.9836702346801758,0.0088564595207571,0.0018077465938404,neutral,-0.0076516077388077,0.014522018143906799
1_12331_u,"Wow, there's a Denny's in Vegas you can actually get married in.",0.000116912604426,0.0004215149965602,0.0013301447033882,0.0785383284091949,0.0150125492364168,0.0002688096428755,0.9043117165565492,surprise,0.0764009464619448,0.0806757103564448
1_1262_u,You were very clear. As was everyone else at the table.,6.46475818939507e-05,2.550275166868232e-05,5.361274816095829e-06,0.073314756155014,0.926562249660492,7.003398877714062e-06,2.058566315099597e-05,neutral,0.0732122411477576,0.07341727116227044
1_1296_u,"They gave him an assistant? If I want a new pen, I have to go to the bank with wire cutters.",0.0034004542976617,2.770361243165098e-05,9.76979499682784e-05,6.443321763072163e-05,0.9962041974067688,1.1539026672835462e-05,0.0001940614893101,neutral,-0.0034729616691038,0.0036018281043651867
1_1466_u,"Maybe when I publish it, I'll include an inhaler.",8.833072570268996e-06,1.8327489669900388e-05,7.003462087595835e-05,0.0048262155614793,0.9950502514839172,9.942850738298148e-06,1.634113687032368e-05,neutral,0.0047190775276249,0.004933353595333726
1_1470_u,I don't know. It just died. I'm getting a bunch of static.,0.0013228743337094,0.0001188952955999,0.0017165213357657,0.0001374254643451,0.8906911611557007,0.1038021445274353,0.0022109393030405,neutral,-0.1068230100281653,0.1070978609568554
1_1478_u,"Sadly, Mrs. Giselle Wolowitz is sensitive to chlorine. Lucky for her I like my fashion models pruny and bug-eyed.",0.0001729696377879,0.0003226180851925,0.0004086588451173,0.0146887628361582,0.6973932385444641,0.2868983447551727,0.0001153732664533,neutral,-0.2731138284871122,0.30249135415942857
1_1484_u,The big deal is that nobody touches food on my plate.,0.3424590229988098,0.0011319085024297,0.0029129553586244,2.273868813063018e-05,0.6495441198348999,0.0034060413017868,0.0005231763352639,neutral,-0.3498871894735202,0.34993266684978136
1_1549_u,On a dusty highway just outside Bakersfield. Where do you think? On Mars!,0.0002705558727029,1.1786284630943555e-05,0.000394655187847,8.737618190934882e-05,0.9990540146827698,0.000149779356434,3.185190143994987e-05,neutral,-0.0007394005197056,0.0009141528835241923
1_1560_u,How nice. Maybe they can carpool when they visit you in federal prison.,1.3896781638322864e-05,5.999760833219625e-05,2.0279832824599e-05,0.989719033241272,0.0100578228011727,3.840817225864157e-05,9.047694766195492e-05,happy,0.9895864508462182,0.9898516156363257
1_162_u,"Sheldon, if you were a robot, and I knew and you didn't...",0.0001371184043819,1.1656410606519785e-05,5.065960431238637e-05,0.0004160173120908,0.9993413090705872,6.442611720558489e-06,3.6837900552200153e-05,neutral,0.0002101402810694,0.0006218943431121647
1_1627_u,"What do you think I did? I discreetly slipped off the other earring, put it in my pocket and then got the hell out of there!",0.0041184951551258,5.301992496242747e-05,0.0001054406020557,0.3647749423980713,0.6307445764541626,0.0001201285849674,8.336616883752868e-05,neutral,0.3603778581309598,0.3691720266651826
1_1638_u,The blunt instrument that will be the focus of my murder trial?,0.0010330473305657,0.0001544256374472,0.0003726816503331,5.001780300517567e-05,0.9982380867004396,0.0001201941122417,3.154706791974604e-05,neutral,-0.0016303309275826,0.0017303665335928757
1_1666_u,Would it work if I just punched you in the face?,0.0003697179199662,4.663623258238658e-05,5.897042865399271e-05,0.0004353167023509,0.9990185499191284,3.270924207754433e-05,3.8026522815926e-05,neutral,-7.27171209291555e-05,0.0009433505256310237
1_1678_u,Answering the question once and for all why Wolowitz bailed out of medical school.,4.086587796336971e-05,3.731003744178452e-05,0.0009196159662678,0.0004351163806859,0.9946592450141908,0.00321228755638,0.0006955142598599,neutral,-0.0037749630573671,0.004645195818738854
1_1722_u,My aunt Marion gave them to me for my 12th birthday.,2.075415432045702e-05,0.0001068818819476,3.3189433452207595e-05,0.0170325543731451,0.9827415347099304,2.80351159744896e-05,3.71594142052345e-05,neutral,0.0168436937874503,0.017221414958839856
1_1732_u,You were right. Your larynx is terribly inflamed. I've never seen anything like it.,0.0004433266294654,0.0002998771087732,0.0102757113054394,0.9718295335769652,0.0026374997105449,0.0136267626658082,0.0008872944163158,happy,0.947183855867479,0.9964752112864514
1_175_u,"If you're compiling a mix CD for a double suicide. Oh, I hope that scratching post is for you.",0.0002341162617085,7.158837979659438e-05,7.257136894622818e-05,0.9945569038391112,0.0043597314506769,0.0006978933233767,7.179913609434152e-06,happy,0.9934807345052832,0.9956330731729393
1_1772_u,"""Dave."" Sounds like Leonard's got a new BFF.",5.7883040426531807e-05,3.634220774983987e-05,2.7501850127009675e-05,0.2139066159725189,0.7857250571250916,5.819876605528407e-05,0.0001884327939478,neutral,0.2137266901081602,0.21408654183687756
1_1798_u,"If you don't like this stuff, let's go next door and build her a bear.",0.0004607728042174,0.0005845593404956,0.000109584594611,0.0001705411559669,0.9982170462608336,0.0004431956913322,1.4227051906345878e-05,neutral,-0.0014275712746893,0.0017686535866231
1_1803_u,"- Maybe I heard you wrong. A lot of words sound like ""yoga.""",0.0002862587862182,1.5211318896035664e-05,0.0022808997891843,0.000881626503542,0.9950141310691832,0.0014338577166199,8.803170931059867e-05,neutral,-0.0031346011073765,0.004897854114460435
1_182_u,No. The dark crescent-shaped patterns under your arms conceal it nicely.,0.0937787368893623,0.0001523643441032,0.0001140758904512,0.0045977411791682,0.9012725949287416,7.568744331365451e-05,8.903793968784157e-06,neutral,-0.0895231233880622,0.09871860574639856
1_1931_u,Why don't you just lie down on the floor and swim there?,3.7818415876245126e-05,0.0001675769599387,0.0001453363365726,0.0015352529007941,0.9980717301368712,1.2095181773474906e-05,3.0219865948311053e-05,neutral,0.001172426006633,0.00189807979495512
1_1973_u,I hope I'm a waitress at the Cheesecake Factory for my whole life.,9.510965901426972e-05,6.93900728947483e-05,0.0041488823480904,0.6589128971099854,0.3364632427692413,0.0002558578853495,5.4623291362077e-05,happy,0.6543436571446364,0.6634821370753343
1_1987_u,"When I didn't pay my bill, the Department of Water and Power thought I would enjoy the ambience.",0.0182837322354316,4.372993134893477e-05,5.477993909153156e-05,0.0003622668737079,0.9812173843383788,3.162483699270524e-05,6.523111096612411e-06,neutral,-0.0180516000691568,0.01877613381657267
1_2075_u,There's no hurry. Tell them more about their secret love for each other.,1.5009284652478527e-05,0.0001337021967628,3.8347585359588265e-05,0.0024399934336543,0.9967004656791688,0.0001559218362672,0.0005165808834135,neutral,0.0020970125306121,0.0027829743366963667
1_2119_u,"Kind of makes you feel more alive, doesn't it?",1.0742784979811404e-05,2.100594792864285e-05,1.830758628784679e-05,0.09514731913805,0.9046010375022888,7.307484338525683e-05,0.0001284385798498,neutral,0.0950241879754685,0.09527045030063155
1_213_u,"How's this? ""Pleased to meet you, Dr. Gablehauser. ""How fortunate for you that the university's ""chosen to hire you, despite the fact ""that you've done no original research in 25 years, ""and instead have written a series of popular books ""that reduce the great concepts of science ""to a series of anecdotes, ""each one dumbed down to accommodate the duration ""of an average bowel movement.",0.0149136073887348,0.0002776486508082,0.0014183016028255,0.7261600494384766,0.2551233172416687,0.0017116273520514,0.0003954097919631,happy,0.7078388644440565,0.7444812344328965
1_2198_u,"Assuming I can keep up this pace, three hours, 11 minutes. Plus however long it takes to conclude this fairly pointless conversation.",4.998921576770954e-05,1.0707631190598477e-05,4.331919990363531e-05,0.0013756203697994,0.9984567165374756,4.581217581289821e-05,1.78404625330586e-05,neutral,0.0012257921471245,0.0015254485924742415
1_2216_u,"Excuse me, but what about me? Why don't I get a shot?",1.3675781701749656e-05,2.980810313601978e-05,0.0002055282529909,0.0037776017561554,0.9942547678947448,0.0015273280441761,0.0001912999141495,neutral,0.0020012615741507,0.005553941938160169
1_2354_u,"So? Do cocaine smugglers write ""cocaine"" on the box?",0.0001629355683689,7.454982551280409e-05,0.0022575308103114,0.0001431315031368,0.9967634677886964,0.0001052392326528,0.000493059924338,neutral,-0.0024571239337092,0.0027433869399827037
1_2361_u,Thank you so much for giving me the opportunity to help.,4.1923372918972746e-05,0.0001011213680612,6.97224895702675e-05,0.9988382458686828,0.0006813940126448,0.0001408675016136,0.0001266659819521,happy,0.9984846111365188,0.9991918806008467
1_2420_u,You know this can go on all night. Why don't you just come with us?,6.567066975549096e-06,5.289470936986618e-05,6.705214036628604e-05,0.0379712097346782,0.9617775082588196,7.600228127557784e-05,4.874395017395727e-05,neutral,0.0377686935366909,0.03817372593266548
1_2423_u,Provided he has already read and is familiar with the reestablishment of the DC multiverse.,1.0432710041641258e-05,1.2189421795483211e-05,1.9595014236983843e-05,0.0239834859967231,0.975947916507721,1.047683872457128e-05,1.5984735000529326e-05,neutral,0.0239307920119244,0.02403617998152178
1_2464_u,"You think ""coffee,"" means coffee. That is so sweet.",0.0002881107502616,8.727759268367663e-05,1.2136149962316267e-05,0.9227649569511414,0.0767433047294616,8.73936151037924e-05,1.681662797636818e-05,happy,0.92229003884313,0.9232398750591527
1_2575_u,"You don't really believe in that superstition, do you?",0.0001346625940641,4.956724296789616e-05,1.8699925931287e-05,0.0003784658329095,0.9993075132369996,1.628593417990487e-05,9.482796303927898e-05,neutral,0.0001592501357663,0.000597681530052688
1_2580_u,"Okay, here's an idea. What if I change my name and go live with my cousin and her husband, Avi, in Israel?",5.600626900559291e-05,3.1634488550480455e-05,0.0003191504802089,0.0287546943873167,0.9707778692245485,5.22729278600309e-05,8.29552755021723e-06,neutral,0.0282956302216916,0.029213758552941706
1_2614_u,Hardly a day goes by when I don't think about it.,0.0001967547868844,0.0001117476713261,0.0002962807775475,0.0031726341694593,0.9847450852394104,0.0086083319038152,0.0028691771440207,neutral,-0.006040480970114,0.012385749309032499
1_2616_u,"Sure, maybe a tableau of me trying to pummel you to death.",9.118940943153576e-05,1.2771264664479531e-05,1.7495165593572892e-05,0.0043169292621314,0.9955472946166992,1.034119395626476e-05,4.032831384392921e-06,neutral,0.0041851322284856,0.004448726295777253
1_2664_u,"Terrific, it's just that... I don't think Penny wants me to go.",0.0068299798294901,0.0003108752716798,0.0019005176145583,0.8937606811523438,0.0963913649320602,0.0001491186412749,0.0006573458085767,happy,0.8845701897953404,0.9029511725093469
1_2669_u,What did you mean when you said you were going to miss me?,0.0003634310851339,0.0001396615843987,0.0036644344218075,0.0002876334183383,0.3377076685428619,0.6566903591156006,0.0011467685690149,sad,-0.6605702527886024,0.661145519625279
1_276_u,"Yeah, my parents felt that naming me Leonard and putting me in Advanced Placement classes wasn't getting me beaten up enough.",0.0001209538168041,4.940298094879836e-05,0.0006781088304705,0.000128710977151,0.0059396903961896,0.9930281043052672,5.508778485818766e-05,sad,-0.9937478589563398,0.9940052809106417
1_2778_u,"Ooh, big talk from a man who was once treed by a chicken.",0.0014012143947184,1.759419137670193e-05,8.616702871222515e-06,0.0103064281865954,0.9881121516227722,0.000105586295831,4.844208524446003e-05,neutral,0.008773416601798,0.011839439771392724
1_2792_u,"No, I mean, we can always go back to being friends.",3.757855301955715e-05,4.1515104385325685e-05,8.200074262276758e-06,0.853726327419281,0.1461238265037536,1.4218785509001464e-05,4.829292811336927e-05,happy,0.8536248149021048,0.8538278399364572
1_2797_u,It's an iCal download. She can put it right in her phone.,0.0003141115012113,1.1706071745720692e-05,1.7491318430984393e-05,0.0001885110250441,0.9994480013847352,9.34046238398878e-06,1.0786277016450184e-05,neutral,-0.0001641383287278,0.0005411603788160939
1_2819_u,"You know, I've always wanted to go to a Goth nightclub.",4.813074338017032e-05,1.988205076486338e-05,7.1419206506107e-05,0.0010785115882754,0.9987438321113586,2.408117870800197e-05,1.422115383320488e-05,neutral,0.0009149984089162,0.0012420247676345427
1_2830_u,"No, I'm behind on my Wiki-reading. I'm kind of on a John Grisham kick right now.",0.0049157538451254,6.321325145108858e-06,4.049730705446564e-05,0.0004908298142254,0.993743360042572,0.0007397945155389,6.352433410938829e-05,neutral,-0.0052115371786385,0.0061931968070892745
1_2837_u,"- Chocolate? - No, I don't want any chocolate!",0.3684870302677154,7.163603731896728e-05,0.0005518157267943,0.0006729813176207,0.6296647191047668,0.0004914282471872,6.037929415469989e-05,neutral,-0.3689289289613953,0.37027489159663657
1_2842_u,"Oh, you know, Goth stuff. Goth magazines, Goth music.",8.503420394845307e-05,2.890961513912771e-05,6.373992800945416e-05,0.0006553623825311,0.9989043474197388,0.0002452552726026,1.724002868286334e-05,neutral,0.0002324233628314,0.001078301402230735
1_2853_u,"Obviously, waitressing at The Cheese Cake Factory is a complex socio-economic activity that requires a great deal of analysis and planning.",0.0012879815185442,0.004282159730792,0.0017712938133627,0.0045915856026113,0.9877939224243164,0.0002126088802469,6.0353671869961545e-05,neutral,-0.0029624583403347,0.0121456295455571
1_3064_u,When I have enough to destroy all the human toast on the Battlestar known as Galactica.,0.0001526502746855,7.293048838619143e-05,0.0005125466268509,0.001065268763341,0.998155415058136,1.1516675840539392e-05,2.959308221761603e-05,neutral,0.0003156246975777,0.001814912829104131
1_3069_u,Seems like an awful lot of trouble to go through for intercourse.,0.3552592098712921,0.0014285794459283,0.0026990300975739,0.0001818031159928,0.6345295906066895,0.0058386297896504,6.31911025266163e-05,neutral,-0.3650436460884521,0.36540725232043747
1_3125_u,"But if she dumps you, she'll have a new boyfriend by tomorrow morning and you'll have a new girlfriend when you figure out how to build one.",0.000142874152516,1.4003117939864753e-05,9.088804290513508e-06,0.005133144557476,0.9946374297142028,4.504008757066913e-05,1.838680327637121e-05,neutral,0.0049221383951589,0.005344150719793048
1_3177_u,"Not a great movie, but look at that beautiful desert.",0.007107590790838,8.941573469201103e-05,0.0004879408515989,0.9656638503074646,0.0001017063259496,0.0264522433280944,9.714793122839184e-05,happy,0.9315266596022412,0.9998010410126879
1_3204_u,Right. That was so good! Sweety and meaty at the same time.,6.126309745013714e-05,6.221438525244594e-05,2.9105754947522652e-05,0.9991627931594848,0.0002109453780576,0.0003590119304135,0.0001146483409684,happy,0.9986511979914212,0.9996743883275484
1_3256_u,"I'm sorry, fiddling with yourself in the bathtub is a real class act.",0.0022341648582369,4.350926974439062e-05,4.671408169087954e-05,0.0058788154274225,0.0050486661493778,0.9867026805877686,4.537608765531331e-05,sad,-0.9831482533700182,0.9949058842248633
1_3259_u,"No, I mean Princess Leia. Of course I mean Bernadette. She's a wonderful girl and she really likes you.",0.0043525388464331,4.5357322960626334e-05,6.080673847463913e-05,0.9205190539360046,0.0748787149786949,3.087577715632506e-05,0.0001127381983678,happy,0.91602947525098,0.9250086326210293
1_3287_u,"Oh, sure. And while we're at it, why don't we put our hands behind our backs, have an old-fashioned eating contest?",1.6549896827200428e-05,4.811669714399613e-05,8.126827196974773e-06,0.0045585087500512,0.9951422214508056,9.20518687053118e-06,0.0002171754313167,neutral,0.0044765101420125,0.004640507358089903
1_3293_u,Leonard's work is nearly as amazing as third graders growing lima beans in wet paper towels.,6.672807649010792e-05,0.0002471010957378,0.0015497310087084,0.989831268787384,0.0052465805783867,0.0001213828727486,0.002937190933153,happy,0.9878463257336988,0.9918162118410689
1_3333_u,"Okay, I got a bone to pick with you.",0.0051699806936085,2.261187728436198e-05,5.226768917054869e-05,0.0023902524262666,0.9922857284545898,3.702402318594977e-05,4.211566556477919e-05,neutral,-0.0028916318569827,0.00767213670951596
1_3348_u,"Raj, you should've seen Leonard's experiment. The interference pattern was so cool when the electron beam was on.",3.075495260418393e-05,2.645837412273977e-05,7.726178591838107e-05,0.971782386302948,0.0277142357081174,7.443114736815915e-05,0.0002943098661489,happy,0.9715734800429344,0.9719912925629615
1_3371_u,"I was going to ask Leonard to do it, but he seemed a bit emotionally unstable and you don't want someone like that operating heavy machinery.",0.0053506293334066,4.314453690312803e-05,0.0019165149424225,6.443069287342951e-05,0.9922624826431274,0.0003397175169084,2.3076278012013063e-05,neutral,-0.0075855756367673,0.007714437022514058
1_340_u,"Sure, cut the foreigner in half. There's a billion more where he came from.",0.0002695922739803,1.884360426629428e-05,9.015774594445247e-06,0.0183676816523075,0.9813116192817688,1.4508113963529468e-06,2.183271135436371e-05,neutral,0.01806877918807,0.018666584116544892
1_3419_u,"Oh, we don't need to talk about that anymore. Leonard covered it pretty well in the car.",0.3657176196575165,0.0003256910422351,0.0007585336570627,0.1247052326798439,0.4652981460094452,0.0363503955304622,0.0068444344215095,neutral,-0.2784470072074327,0.5278574725671203
1_3476_u,Don't you think looking for a new city to live in is a bit of an overreaction?,0.0016442718915641,1.65918972925283e-05,1.2645270544453524e-05,0.01189851667732,0.9863567352294922,6.307218427537009e-05,8.198559044103604e-06,neutral,0.0101619354336435,0.013635097920996452
1_3545_u,"I understand your point, but given a choice, Jews always go with Chinese food.",2.1870064301765524e-05,2.2679003450321037e-05,1.0281446520821191e-05,0.9876418113708496,0.0122738415375351,1.3569529073720332e-05,1.589093153597787e-05,happy,0.987573411327503,0.9877102114141962
1_3573_u,"Well, I always figured it was to study us, discover our weaknesses, and report back to your alien overlords.",0.0003126562805846,1.085109033738263e-05,3.116324296570383e-05,0.0014306087978184,0.9981933236122132,1.7983755242312327e-05,3.485927436486236e-06,neutral,0.0010579544286883,0.0018032631669483987
1_3599_u,Why don't you keep that stuff in the bathroom?,0.0019497398752719,0.0002555301180109,9.486088674748316e-05,4.53060565632768e-05,0.9973813891410828,0.0001792598486645,9.383202268509194e-05,neutral,-0.0024340846721315,0.00252469678525806
1_3649_u,"Oh, no, no, I said I'm inviting you to come with me to Stan Lee's house.",0.0011967555619776,0.0003879818541463,0.0017043426632881,0.0018591681728139,0.9823625683784484,0.0035000981297343,0.0089891161769628,neutral,-0.0049300100363325,0.008648346381960199
1_3660_u,There a new girlfriend in there? 'Cause you might need one.,7.903209188953042e-05,1.8970305973198265e-05,2.0663444956880998e-05,0.0001968825090443,0.9995378255844116,1.3010539078095462e-05,0.0001336972054559,neutral,6.52061271466664e-05,0.00032855889094200513
1_3707_u,"Oh, I'm so glad you asked it like that. You.",0.0001446137757739,4.502584124566056e-05,1.060511658579344e-05,0.7473629713058472,0.252067893743515,3.604985249694437e-05,0.0003327307058498,happy,0.7471266767197449,0.7475992658919495
1_3766_u,Can we please talk about something else? Maybe something vaguely related to life as we know it on this planet?,0.068497247993946,5.992717706249096e-05,0.000597835285589,0.0008905006689019,0.926527202129364,0.0032774577848613,0.0001497613120591,neutral,-0.071541967572557,0.07332296891036069
1_3837_u,"Excuse me, I'm thirsty, so I'm going to go to the refrigerator and get myself a refreshing beverage.",4.463225559447892e-05,7.097968773450702e-05,6.169180414872244e-05,0.944235384464264,0.0552652515470981,3.16653422487434e-05,0.0002904136490542,happy,0.9440264153745376,0.9444443535539905
1_3840_u,"I read a study online that walking after a meal not only aids in digestion, but increases serotonin, and you know me, if there's one thing I like more than a refreshing beverage, it's serotonin. Bye-bye.",1.97312419913942e-05,7.331751839956269e-05,0.0003666517732199,0.3341637551784515,0.6639193892478943,0.0001625344011699,0.0012945582857355,neutral,0.3335415202436707,0.33478599011323223
1_3842_u,"So what, you're just gonna walk up and down the stairs?",0.0001169454117189,2.8691329134744592e-05,2.19136036321288e-05,0.000258734478848,0.9994966983795166,2.702065557969036e-06,7.427253149216995e-05,neutral,8.848206880429643e-05,0.0004289868888917424
1_3911_u,"That's very thoughtful, but I think I'll finish my coffee first.",0.0001071408041752,3.668617137009278e-05,1.1939278920181096e-05,0.6423574090003967,0.3574274182319641,1.9895751393050887e-05,3.950412428821437e-05,happy,0.6421817469945381,0.6425330710062552
1_4031_u,"In 1917, when Albert Einstein established the theoretic foundation for the laser in his paper <i>""Zur Quantentheorie der</i> <i>Strahlung,""</i> his fondest hope was that the resultant device be bitchin'.",0.0001769074879121,4.580343738780357e-05,3.101442052866332e-05,0.8082240223884583,0.1914279758930206,5.9536756452871487e-05,3.473880860838108e-05,happy,0.8079107602861768,0.8085372844907397
1_410_u,"Leonard, may I present, live from New Delhi, Dr. and Mrs. V. M. Koothrappali.",2.9420998544082977e-05,0.0001132251345552,0.0004477539041545,0.0028557789046317,0.9963043928146362,0.0001029346894938,0.0001464436063542,neutral,0.002162444177884,0.003549113631379283
1_4145_u,A lot of people are working on that research. So what is all this?,5.485296787810512e-05,4.375162097858265e-05,0.0001762741449056,0.0001064390526153,0.9992522597312928,8.559462730772793e-05,0.0002807610726449,neutral,-0.0002540343084547,0.0004669124136853157
1_427_u,"Well, I'm sorry, too, but there's just no room for you in my wallet.",0.0029887489508837,5.602028249995783e-05,7.710727368248627e-05,0.0003719910455401,0.0014398846542462,0.9949878454208374,7.840216858312488e-05,sad,-0.9977377308823634,0.9984817129734437
1_4281_u,It was the kind of thing that makes it kind of hard to face her now.,0.0010088891722261,0.0010636509396135,0.0006365722510963,0.0008033989579416,0.5447162985801697,0.4510740339756012,0.0006971284165047,neutral,-0.4529797473805956,0.4545865452964787
1_4286_u,"All right, all right. He can buy his own desk.",0.0002283305657329,6.421525176847354e-05,1.4203966202330776e-05,0.1969753503799438,0.8026425242424011,8.528546459274366e-06,6.684038089588284e-05,neutral,0.1966600720497808,0.19729062871010677
1_4290_u,I just have a question. Does Bernadette ever talk about me?,4.054826058563776e-05,3.785501030506566e-05,0.0027773147448897,0.0008246690849773,0.9957369565963744,0.0005021088290959,8.045579306781292e-05,neutral,-0.002533157759899,0.0041824959298536035
1_430_u,"I've got some feelers out. In the meantime, listen to this.",4.969655947206775e-06,1.6662646885379218e-05,2.264927388750948e-05,0.1141155883669853,0.8857466578483582,3.248110442655161e-05,6.095338176237419e-05,neutral,0.1140388256858386,0.11419235104813194
1_4352_u,He does it all the time. He's a cornucopia of social awkwardness.,0.0060348003171384,3.4511962439864874e-05,0.0001153143675765,0.0002574686950538,0.0044474294409155,0.9890885949134828,2.180589581257664e-05,sad,-0.9950157528655836,0.9955306902556913
1_4477_u,I just want to ask you a few questions about Howard Wolowitz.,6.98927033226937e-05,3.9055194065440446e-05,0.0022531142458319,0.0006491428939625,0.9966922998428344,3.835597817669623e-05,0.0002580419823061,neutral,-0.0017512752274342,0.0030495610153592305
1_4544_u,"Yes. In fact, our menses are synchronized. Penny. Bernadette tells me you're planning a girls' night.",2.3198128474177796e-05,0.0002877876686397,0.0002261360787088,0.8018501996994019,0.1916814595460891,0.0009560299222357,0.0049751861952245,happy,0.8003570479013433,0.8033433514974602
1_4552_u,"...so anyway, to make a long story short, turns out I have an unusually firm cervix.",0.0002108525659423,2.317192775080912e-05,0.0003120276087429,0.0139104779809713,0.9854924082756042,3.436635233811103e-05,1.6708332623238675e-05,neutral,0.0133300595261971,0.014490896435745419
1_4576_u,"Bernadette dared me to tell a dirty story. ""The Miller's Tale"" by Chaucer is the dirtiest story I know. It would have been hidden in sock drawers if people in the 14th century had worn socks.",0.0318868681788444,0.0012372261844575,0.5339673757553101,0.0058480310253798,0.4242906272411346,0.0024010424967855,0.0003688839206006,fear,-0.5636444815900177,0.5753405436407772
1_4603_u,Is it possible that she was going for your cheek and you moved and she accidentally got lip? That happens with me and my mom all the time.,5.23553135280963e-05,4.865745268034516e-06,3.2366842788178474e-05,0.0001378347951686,0.999674916267395,8.565697498852387e-05,1.2089300980733242e-05,neutral,-3.741008140423219e-05,0.00031307967174143316
1_4639_u,"Well, I'm just glad you finally found yourself a keeper.",0.0002334479795536,5.934758883086033e-05,1.745191912050359e-05,0.9988129138946532,0.0003415757091715,0.0004523757961578,8.287338278023526e-05,happy,0.9980502906109904,0.9995755371783159
1_467_u,That woman looks exactly like the pictures of Princess Panchali in the book. How often does one see a beloved fictional character come to life?,0.0001985871786018,7.617668597958982e-05,0.0179519318044185,0.4747530817985534,0.4978904724121094,0.0076685789972543,0.0014611054211854,neutral,0.448857807132299,0.5006483564648075
1_4743_u,"Oh, and the science dudes want to talk science with you. What do you want to talk about-- rocks, dinosaurs, our friend the beaver?",5.7569890486774966e-05,1.1887383152497932e-05,0.0001552039466332,0.0001058569541783,0.999494194984436,3.42772327712737e-05,0.00014098486281,neutral,-0.0001530814988655,0.00036479540722204656
1_4760_u,"In the bedrooms of ten-year- old girls, where they belong.",0.0012234671739861,0.0008129540365189,5.554202653001994e-05,0.0015329415909945,0.9935546517372132,0.0020663572940975,0.0007540687220171,neutral,-0.002625378940138,0.005691262122127019
1_4789_u,"I don't know. Somebody bigger and... Yeah, sure. Why not you?",3.4284748835489154e-05,1.1549927876330912e-05,1.8971213648910638e-05,0.0093860113993287,0.9904910326004028,7.229304173961282e-06,5.1025792345171794e-05,neutral,0.009313976204794,0.009458046593863392
1_4792_u,"Obviously, we're no longer a Justice League. We have no choice but to switch to our Muppet Baby costumes.",3.542461490724236e-05,0.0003557419986464,0.0013607178116217,0.0005882557015866,0.9932342171669006,0.0039296806789934,0.0004959670477546,neutral,-0.0050933094025822,0.006269820805755342
1_4850_u,I understand. Your loyalty is admirable. But what if I were to up the ante?,1.587212500453461e-05,0.0001000335614662,1.877077920653392e-05,0.902485191822052,0.0972873494029045,2.6262234314344823e-05,6.648659473285079e-05,happy,0.9023242531220604,0.9026461305220436
1_4949_u,"Certainly. I'd like to raise two points. Number one, I think they <i>are</i> talking about penises. And number two, these mimosas are kicking my little brown ass.",0.0035301209427416,8.505363803124055e-05,0.0019615609198808,0.0117555959150195,0.9818853735923768,0.0005622638273052,0.0002200943563366,neutral,0.0056165965870604,0.01789459524297834
1_4967_u,We might be starting to zero in on your problem.,2.7913458325201645e-05,1.8815890143741854e-05,0.0001665890158619,0.0004310875083319,0.9992096424102784,6.466966442530975e-05,8.12801081337966e-05,neutral,0.0001530994795757,0.0007090755370880533
1_4995_u,"Hey, you taught me something. Who would have thought it?",2.8628155632759444e-05,0.0002767040568869,0.00089293444762,0.0241731740534305,0.8183029294013977,0.0003787187451962,0.1559470444917678,neutral,0.0225961886480945,0.02575015945876636
1_5058_u,"An entire dinner to talk about your research? Where you going, the drive-thru at Jack in the Box?",4.3005864426959306e-05,5.9851249716302846e-06,3.4869019145844504e-05,0.0005916406516917,0.999278724193573,8.336360224348027e-06,3.7463050830410793e-05,neutral,0.0004994442829229,0.0006838370204604821
1_506_u,Not to mention you'd have to power down on saturdays.,0.000464405195089,7.174033271439839e-06,9.661858712206596e-06,0.000189832644537,0.9992893934249878,1.605263059900608e-05,2.349447640881408e-05,neutral,-0.0003074610731346,0.0006871263622086525
1_507_u,"Well, there's always the possibility that a trash can spontaneously formed around the letter but Occam's rasor would suggest that someone threw it out.",2.7073805540567264e-05,1.8320433810004037e-05,1.2807422535843216e-05,0.0065112332813441,0.993410050868988,9.253830285160802e-06,1.1244334928051105e-05,neutral,0.0064437777891726,0.006578688773515675
1_5109_u,"Yeah, but you were just sleeping, because I forboded you to have sex.",0.0019719030242413,0.2985056340694427,0.1809342056512832,0.0003647347621154,0.2843022048473358,0.218570202589035,0.0153511418029665,disgust,-0.699617210571887,0.7003466800961176
1_5134_u,"Oh, yeah, yeah. It's real great. Today I drove to Van Nuys for an audition I thought was going to be for a cat food commercial. Turned out to be porn.",0.0002593788085505,7.166538125602528e-05,5.0770369853125885e-05,0.9991822838783264,0.0001315745612373,0.0001925164106069,0.000111782879685,happy,0.9986079529080598,0.999756614848593
1_5156_u,"That's got to be fun for you, huh? Watching Hofstadter suck the saliva out of your sister's mouth?",2.7656818929244764e-05,6.729775486746803e-05,1.4706786714668851e-05,0.8632851243019104,0.1361705958843231,0.0001834272261476,0.0002511623606551,happy,0.8629920357152514,0.8635782128885694
1_5166_u,"Yeah, it's a great time to be alive, isn't it?",2.3846143449191004e-05,4.349662049207837e-05,2.434955604257993e-05,0.997554361820221,0.0021661852952092,3.807373286690563e-05,0.0001497022167313,happy,0.9974245957673702,0.9976841278730717
1_5169_u,I'm not saying that you're not fun. You're the most fun person I know.,0.0166174583137035,4.181416443316266e-05,4.025135422125459e-05,0.9447101950645448,0.0384299121797084,7.310882938327268e-05,8.731208799872547e-05,happy,0.9279375624028036,0.961482827726286
1_5211_u,"Saying that while holding a snowflake is a bit heavy-handed, don't you think?",4.044535671710037e-05,9.35326170292683e-06,1.5482148228329606e-05,0.0002434888447169,0.9996508359909058,3.2894069590838626e-05,7.467246632586466e-06,neutral,0.0001453140084777,0.0003416636809560954
1_5212_u,"I'm sorry, Sheldon bought a loom and learned how to weave?",8.933693607104942e-05,0.0001407924864906,0.0001841543125919,0.0179964434355497,0.032639991492033,0.9482834935188292,0.0006656746263615,sad,-0.9307013338184332,0.9666942206895325
1_533_u,"Technically, yes. But, if you'll notice... It's reversible!",2.632261021062732e-05,4.935071046929807e-05,1.1781117791542783e-05,0.3486862182617187,0.6511381268501282,1.598416201886721e-05,7.2286362410523e-05,neutral,0.3485827796612284,0.34878965686220903
1_536_u,Just the latest copy of Applied Particle Physics quarterly.,1.0925584319920745e-05,5.062438867753372e-05,7.955778710311279e-05,0.0135811259970068,0.9862019419670104,3.2125619327416644e-05,4.374729178380221e-05,neutral,0.0134078926175789,0.013754359376434783
1_537_u,"Oh, you know, that is so weird that yours came and mine didn't.",0.0101918410509824,0.0015201453352347,0.0010046608513221,0.0026906689163297,0.8136546611785889,0.0195285715162754,0.1514095067977905,neutral,-0.0295545498374849,0.0349358876701443
1_5496_u,"Okay, Amy, you're being silly. I'm not concerned about who hangs out with who. And I certainly don't have a problem with Leonard's new girlfriend who wears way too much makeup. Ooh, these are cute. Of course if I buy them, I'll have to rent my womb out to a gay couple.",0.0009526356589049,0.0001404400682076,7.275721145560965e-05,0.9744555950164796,0.0240767300128936,0.0002143882884411,8.7363448983524e-05,happy,0.9730753737894702,0.9758358162434888
1_5571_u,"Yes, I'd like a seven-day course of penicillin, some, uh, syrup of ipecac-- to induce vomiting-- and a mint.",0.0002996555122081,0.0408631861209869,0.0014151439536362,0.0311689898371696,0.9256393909454346,0.0004508532583713,0.0001627248420845,neutral,-0.011859849008033,0.0741978286823721
1_5572_u,"He drank from Leonard's glass. ""He drank from Leonard's glass""-- the words they'll be carving into my tombstone.",0.009858701378107,0.0002713239227887,0.0012575922301039,0.0001753169344738,0.6208828687667847,0.3667231500148773,0.0008310116827487,neutral,-0.3779354506114032,0.3782860844803507
1_5580_u,"Right, right, whereas Jewish mothers take a casual, la-di-da approach to their sons.",2.511321144993417e-05,4.001924025942572e-05,2.435818714729976e-05,0.3442400991916656,0.6554657816886902,0.0001419434556737,6.259389920160174e-05,neutral,0.3440086650971352,0.34447153328619595
1_5581_u,I gargled with tequila and may have swallowed a teeny bit.,0.000943993916735,2.9753275157418105e-05,0.0004844117502216,0.0001635739172343,0.9983484745025636,2.300099913554732e-05,6.820839644205989e-06,neutral,-0.0013175860240153,0.0016447338584838656
1_5617_u,Thanks for clearing that up,4.315320256864652e-05,5.217755096964538e-05,3.768012538785115e-05,0.9986340403556824,0.0009144268115051,0.0002865942078642,3.205785105819814e-05,happy,0.998214435268892,0.9990536454424728
1_5627_u,"Your girlfriend and your ex-girlfriend are hanging out together? Oh, yeah, that can only be good for you.",0.0001050977734848,0.0001474393357057,9.536685865896288e-06,0.2813856899738312,0.7181345820426941,0.0001421855995431,7.550895679742098e-05,neutral,0.2809814305792315,0.28178994936843066
1_5679_u,"I'd like to respond to that sarcastically: Yes, I relish the thought of a stranger covering my body with oil and rubbing it.",0.1329202651977539,0.0001117745996452,0.0002577636623755,0.0037149700801819,0.862869381904602,2.735306406975724e-05,9.858242992777376e-05,neutral,-0.1296021864436625,0.13703212660402628
1_5699_u,"Congratulations and welcome temporarily aboard. Here's your I.D. card, your key and your lapel pin. Which Leonard was too cool to wear.",1.495619198976783e-05,2.5674988137325272e-05,9.4462011475116e-06,0.998493194580078,0.001361460192129,6.11221112194471e-05,3.404914968996309e-05,happy,0.998381995087584,0.9986043940725721
1_5751_u,Of course you do. You're a cutie pie! Any girl would be lucky to have you!,9.306632273364812e-05,3.284216290921904e-05,1.0999749065376818e-05,0.9682583808898926,0.0315727554261684,1.2468843124224804e-05,1.954655090230517e-05,happy,0.96810900381206,0.968407757967725
1_5758_u,"Oh, I could so see you being the face of hemorrhoids.",4.223450014251284e-05,7.154587365221232e-05,3.522214319673367e-05,0.1880870908498764,0.81174236536026,1.2013343621219974e-05,9.602988029655536e-06,neutral,0.1879260749892637,0.18824810671048908
1_5786_u,"All right, so technically it's not a dinner date. I suppose you could call it a, uh, dinfast date. But if you did, you'd open yourself to peer-based mocking, such as, ""Hey, Leonard, how was your dinfast with Priya last night?""",0.0001000997581286,2.1856736566405743e-05,3.2370906410505995e-05,0.038211278617382,0.9614986181259156,1.114973292715149e-05,0.0001247289037564,neutral,0.0380458014833493,0.038376755751414665
1_5880_u,"When you're done copping a feel, that goes on my wrist.",0.0001793324627215,1.0779698641272262e-05,3.1328068871516734e-05,0.0001096213527489,0.9996532201766968,1.1498174899315927e-05,4.301826720620738e-06,neutral,-0.0001233170523846,0.0003425597578825049
1_5919_u,"Because you don't have a girlfriend? Well, good Lord, if that becomes a reason not to play Dungeons & Dragons, this game's in serious trouble.",0.0211017169058322,6.022485831636004e-05,0.0003526386863086,0.0001353948464384,0.0352313928306102,0.9424110651016236,0.0007075251196511,sad,-0.9637902507056424,0.9640610403985193
1_5953_u,Here's some other fun news on the Raj/Emily front. He gave her a pair of diamond earrings and leased her a car.,1.3002451851207296e-05,1.8479398931958716e-05,9.481229062657805e-05,0.9970434308052064,0.0023231592494994,0.0003408785560168,0.0001661218266235,happy,0.9965762581077796,0.997510603502633
1_5964_u,Smart. Whisper so the deaf chick can't hear you.,1.875238558568526e-05,3.261142774135806e-05,1.4531517081195489e-05,0.9972971081733704,0.0023251015227288,0.000297921069432,1.4056262443773448e-05,happy,0.99693329177353,0.9976609245732107
1_60_u,It's just a privilege to watch your mind at work.,2.031093572441023e-05,5.7230234233429655e-05,1.7938684322871268e-05,0.9936569333076476,0.0059278928674757,0.0001843671052483,0.0001353714324068,happy,0.9933770863481186,0.9939367802671766
1_6020_u,You just got off the list. Would you like back on it? This'll just take a moment. It's on a five and a quarter inch floppy.,8.630370757600758e-06,1.4011868188390508e-05,4.398860255605541e-05,0.0209248960018157,0.978935182094574,5.893396883038804e-05,1.4395885045814794e-05,neutral,0.0207993311914833,0.021050460812148133
1_6032_u,"You see betrayal in others, but not yourself.",0.0310260634869337,4.875338709098287e-05,0.0005541246500797,5.149119169800542e-05,0.9680137634277344,0.000283338536974,2.2512260329676792e-05,neutral,-0.0318607888693804,0.03196377125277639
1_6039_u,I don't know what I'm going to do. I don't want to break up over this.,0.0003349068283569,8.880650420906022e-05,0.0092039369046688,0.0008210334344767,0.8255980610847473,0.1622372567653656,0.0017160029383376,neutral,-0.1710438735681236,0.17268594043707705
1_6065_u,"Frankly, Mom, I'm encouraged to see how advanced your group has become-- willing to sail out into the ocean without fear of falling off the edge.",5.906389924348332e-05,8.988947229227051e-05,0.0270634312182664,0.9698140025138856,0.0004072560986969,0.0015326279681175,0.0010337333660572,happy,0.9410689899559656,0.9985590150718052
1_6092_u,"We don't say that, either. I'll make you a list. Oh, that would be mighty white of you.",0.2731166779994964,3.904972618329339e-05,8.130299102049321e-05,0.0001450393174309,0.7265108823776245,4.300166619941592e-05,6.400768324965611e-05,neutral,-0.2731349930654687,0.2734250717003305
1_6113_u,"So, this spring, I get to go to the International Space Station. Oh, my word, a trip to the heavens.",0.0001469385169912,0.0003802084829658,0.0920754820108413,0.00983078032732,0.0220086947083473,0.0013134573819115,0.8742444515228271,surprise,-0.0840853060653898,0.1037468667200298
1_6134_u,"No, I'm just allergic to people who get Nobel Prizes for no good reason.",0.9363104701042176,0.0002700554032344,0.0004129885346628,8.738973701838404e-05,0.0624917559325695,0.0001709726057015,0.0002563552407082,angry,-0.937077096910798,0.9372518763848348
1_6165_u,"Yes, there's nothing quite like the slightly widened eyes of mildly startled.",0.0139401452615857,0.0001361122995149,0.2098862081766128,0.5773882269859314,0.1970242857933044,0.0001214714502566,0.0015034939860925,happy,0.3533042897979612,0.8014721641739015
1_6183_u,You have a thing of paper clips right there.,0.006228266749531,8.811512088868767e-05,0.0005929752369411,4.452389839570969e-05,0.9929705262184144,2.539693559810985e-05,5.020131357014179e-05,neutral,-0.0068902301445632,0.006979277941354608
1_6188_u,"Oh, my God, that's where I know you from.",4.618777893483639e-05,0.002682628808543,0.0006641051149927,0.0003116199222858,0.0728569328784942,0.0020895642228424,0.9213489890098572,surprise,-0.0051708660030271,0.005794105847598737
1_6211_u,"No. You mean this was all a ruse? Oh, how could I be so stu...",0.0016680749831721,0.0007896142778918,0.0018899727147072,0.0018578585004433,0.2350306659936905,0.2327058166265487,0.52605801820755,surprise,-0.2351956201018765,0.2389113371027631
1_6221_u,"Well, if you don't mind looking like an orange traffic cone, great.",5.730284101446159e-05,5.913846689509228e-05,4.783162876265124e-05,0.9875630140304564,0.0122164599597454,3.696244311868213e-05,1.930588587129023e-05,happy,0.9873617786506655,0.9877642494102473
1_6355_u,"said horrible things about each other in public... all in all, a pretty magical night.",0.0150797227397561,0.0009819319238886,0.235293835401535,0.7361840605735779,0.0061218040063977,0.0036734659224748,0.0026652559172362,happy,0.4811551045859232,0.9912130165612324
1_6370_u,"Oh, of course he is. She's very interesting. Did you know, when she was 14, she severed the webbing between her own toes?",1.9835504645016044e-05,3.2017687772167847e-05,2.257385858683847e-05,0.3202179670333862,0.6796495914459229,1.8925635231425986e-05,3.90292116208002e-05,neutral,0.3201246143471508,0.3203113197196216
1_6426_u,"You know, the holidays are just around the corner. Maybe he wants to see if he can lodge the other testicle up there.",2.119056625815574e-05,2.601016058179084e-05,4.307357085053809e-05,0.0007160487002693,0.9991256594657898,2.253958155051805e-05,4.548949800664559e-05,neutral,0.0006032348210283,0.0008288625795103027
1_6427_u,Hmm. That's too bad. We could have spent New Year's Eve waiting for the ball to drop.,0.0001850920380093,6.791734631406143e-05,0.0008912446792237,8.660862658871338e-05,0.017189672216773,0.9811049103736876,0.0004745348996948,sad,-0.9821625558106462,0.9823357730638234
1_6428_u,Sure. You want to see what all the scientists are wearing this year.,2.3134534785640423e-05,1.253299615200376e-05,1.602025622560177e-05,0.0119997458532452,0.987882137298584,4.995532890461618e-06,6.15275275777094e-05,neutral,0.0119430625331915,0.012056429173298907
1_6472_u,You'd think a winner could make a decent cup of cocoa.,7.440035915351473e-06,0.0003580752818379,2.75879920081934e-05,0.7223166227340698,0.276725023984909,0.0002097408287227,0.0003555288421921,happy,0.7217137785955856,0.722919466872554
1_6504_u,"Oh, I see why you're confused. No, her news sounded important, but what you're forgetting is, it was an achievement in the field of biology. That's all about yucky, squishy things.",0.00062235747464,0.0001217347744386,0.0001730293733999,0.0003074711421504,0.9976702332496644,0.000696504546795,0.0004086747067049,neutral,-0.0013061550271231,0.0019210973114239
1_6534_u,"No, but maybe she wants a man with a pocket watch.",0.0011763153597712,5.714276630897075e-05,3.6816320061916485e-05,0.0001088443677872,0.9985806941986084,1.107518983189948e-05,2.910836337832734e-05,neutral,-0.0011725052681867,0.0013901940037611869
1_6627_u,"Well, yeah, sex with you is pretty great. Have you ever tried it?",1.3044922525295988e-05,6.56978809274733e-05,1.96885102923261e-05,0.9704593420028688,0.029341023415327,3.2930132874753326e-05,6.817076791776344e-05,happy,0.9703279805562488,0.9705907034494886
1_6645_u,"Well, that wady took high-wes pictures of my junk wast night for Cwaigswist.",0.0003543894854374,0.0017165897879749,0.0008901666733436,0.0001675391249591,0.992704689502716,0.001003160374239,0.0031634205952286,neutral,-0.0037967671960359,0.004131845445954
1_6648_u,You mean for a person whose neck massages feel like an eagle is trying to carry you to its nest?,0.0001531784510007,1.935726140800398e-05,0.0016394706908613,0.0008311116253025,0.997267484664917,1.63726454047719e-05,7.296267722267658e-05,neutral,-0.0009972674233722,0.002659490673977276
1_6683_u,"Yeah, terrific. The other astronauts would love to go hurtling through space with a guy named ""Crash.""",2.88965275103692e-05,5.793092714156956e-05,0.0001050899008987,0.9958580136299132,0.003733733901754,3.2377272873418406e-05,0.0001839254546212,happy,0.9956337190014892,0.9960823082583373
1_672_u,Do you think Penny will come here and take care of us?,2.5524203010718335e-05,0.0001344245683867,0.0046122353523969,0.0093984846025705,0.985401451587677,0.0002463772252667,0.0001815516588976,neutral,0.0043799232535093,0.01441704595163152
1_6766_u,Maybe that's because I'm not being challenged. It's the same reason Einstein failed math.,0.0010745315812528,5.849915396538563e-06,0.001391039812006,0.0001999657979467,0.9968354105949402,0.000472966232337,2.035995748883579e-05,neutral,-0.0027444217430456,0.003144353338939038
1_6769_u,"Hope your hands are steady. It's the width of a single hair. But this is just biology, so I'm sure it's no problem for a genius like you.",5.660027818521485e-05,1.1450501006038394e-05,0.0001016369278659,0.9992616772651672,0.0004918254562653,3.691775054903701e-05,3.988415846833959e-05,happy,0.999055071807561,0.9994682827227734
1_6835_u,"Oh, screw her. She's just lucky we let her hang out with us.",0.969919979572296,0.0001016632013488,6.50333022349514e-05,0.0013643986312672,0.0283459704369306,0.000174041633727,2.905117980844807e-05,angry,-0.9688963190783396,0.971625116340874
1_6860_u,"I'm sorry, it's the bad boy attitude that comes with this hair.",0.2987978458404541,9.90303815342486e-05,0.0001695437094895,0.0002975452516693,0.1960903853178024,0.504315197467804,0.0002304405788891,sad,-0.8030840721476125,0.8036791626509512
1_70_u,I don't think I'll be able to stop thinking about it.,5.059280738350935e-05,1.4595011634810362e-05,0.0001474371529184,0.0001893357984954,0.9992465972900392,0.0001579552335897,0.0001935108593897,neutral,-0.000181244407031,0.0005599160040218197
1_7047_u,"Also instead of just living in your mother's house, you could actually live inside her body.",0.0040763258002698,3.028277205885388e-05,2.7722173399524763e-05,0.009080315940082,0.9867292642593384,1.6620373571640812e-05,3.948657831642777e-05,neutral,0.0049293648207822,0.01323126705938182
1_7082_u,"...to all the good times we had, like, uh, when we went camping and spent that night telling each other all our secrets. I told him I'm addicted to pedicures and he told me he lost his virginity to his cousin.",2.4967459467006847e-05,5.575359682552517e-05,0.0013152812607586,0.9894968271255492,0.0036447511520236,0.0047154417261481,0.000746946898289,happy,0.98338538308235,0.9956082711687485
1_7089_u," Yeah, we, uh, made gift bags, had wine, and then went online and saw this.",0.000101711237221,1.080728088709293e-05,5.861257523065433e-05,0.0010571787133812,0.99867045879364,5.823037281516008e-05,4.296062979847193e-05,neutral,0.0008278172472273,0.0012865401795351073
1_7186_u,"Not exactly. Listen, if you don't mind, I'm not really up for chatting. I'm just going to sit here quietly and let my life flash before my eyes.",0.0241774711757898,2.7800902898889035e-05,0.0007691945065744,0.0369974374771118,0.8777163624763489,0.0601531527936458,0.0001586600556038,neutral,-0.0481301819017971,0.1221250568560207
1_7281_u,"Darn. If you weren't busy, I'd ask you to join us.",5.014219823351596e-06,3.244819163228385e-05,2.543770824559033e-05,0.0213710349053144,0.978279173374176,0.000224497372983,6.23349696979858e-05,neutral,0.0210836374126301,0.021658432397998625
1_7341_u,I am talking to a man in space. If you don't have the (walkie-talkie static) then he might as well be at the Coffee Bean over on Lake Street.,0.0001298029237659,6.393045623553917e-05,0.0006687514251098,6.791071791667491e-05,0.998278260231018,0.0001132638353738,0.0006780799012631,neutral,-0.0009078379225684,0.001043659358401714
1_7357_u,I'm starting to get a sense of it.,8.573790182708763e-06,6.013330857967958e-05,0.0002025436842814,0.0027419989928603,0.9945710301399232,0.0009261094382964,0.0014896192587912,neutral,0.0015446387715201,0.003939359214200488
1_7395_u,"Well, if that's all it takes, it's a good thing you don't have a dog.",0.0001024306038743,0.0002786834083963,2.487590245436877e-05,0.9979413151741028,0.001287572318688,5.5956854339456186e-05,0.0003091756370849,happy,0.9974793684050384,0.9984032619431672
1_7400_u,"Of course, it is... it's been in the news. And it's a very famous boson.",0.0002052797062788,0.0005666708457283,0.0001166536021628,0.6687638759613037,0.2756202816963196,0.0001664459996391,0.0545608401298522,happy,0.6677088258074946,0.6698189261151127
1_7402_u,I didn't know they gave Nobel prizes for making boom-boom in the potty.,0.0046881870366632,6.117727025412023e-05,0.0001142448163591,8.058728417381644e-05,0.9934855103492736,0.0001191943738376,0.001451150747016,neutral,-0.0049022162129404,0.005063390781287837
1_7442_u,"The original title was ""A Rederivation of Maxwell's Equations Regarding Electromagnetism"""" I dumbed it down because some of the more religious people in town were starting to say I was a witch.",0.0004337620630394,2.3925631467136554e-05,0.0001275792019441,0.0020381803624331,0.9972304701805116,0.0001419159816578,4.200326657155529e-06,neutral,0.0013109974843246,0.0027653632405415366
1_7443_u,We've kind of been involved in a five-year experiment.,3.701919195009396e-05,2.131952714989893e-05,1.6696554666850716e-05,0.0034694364294409,0.996387243270874,1.77380188688403e-05,5.057516318629496e-05,neutral,0.0033766631368052,0.003562209722076584
1_7445_u,My limbic system wants to take your pants off.,2.374572432017885e-05,6.761580152669922e-05,0.0017868523718789,0.0035751110408455,0.9942255616188048,0.0001396810839651,0.0001813607814256,neutral,0.0015572160591545,0.0055930060225363775
1_7449_u,"Okay, the NASA Web site says Howard's final descent has begun.",3.091395046794787e-05,8.860091475071386e-05,0.0009976048022508,0.0034372874069958,0.9951776266098022,4.241500937496312e-05,0.0002254837600048,neutral,0.0022777527301514,0.004596822083840225
1_7487_u,"Yeah, well, Bernadette's a little under the weather and my mom's kind of under my dentist.",2.2590395019506104e-05,0.000458255468402,0.0003228771674912,0.0507779866456985,0.9393126964569092,0.0008769030682742,0.0082287238910794,neutral,0.0490973605465114,0.052458612744885405
1_7490_u,"It's okay, you know, we space cowboys don't do what we do for glory and fame. We leave that to your rock stars and your athletes and your Howie Mandels.",0.0088329082354903,5.9671016060747206e-05,5.556723408517428e-05,0.8440779447555542,0.1461265683174133,0.0005781836807727,0.0002692043199203,happy,0.8345516145891452,0.8536042749219631
1_7494_u,that sounds a little funny to an American ear.,3.3406315196771175e-05,0.0029277054127305,0.0022176573984324,0.0077571077272295,0.0122074680402874,0.0002577505365479,0.9745989441871644,surprise,0.0023205880643217,0.013193627390137071
1_7504_u,"""To Stuart, your comic book store is out of this world. Just like the guy in this picture was.""",5.88850598433055e-05,0.0007828798843547,0.0003642573719844,0.8409820199012756,0.1290348023176193,0.0002772620355244,0.0284998845309019,happy,0.8394987355495687,0.8424653042529824
1_7575_u,"You're right, the party's fantastic. Please, tell me more. I haven't heard enough about it all week because hearing about that never gets old!",1.5627780157956295e-05,3.128411481156945e-05,2.6930785679724067e-05,0.9975569248199464,0.002107752719894,9.550469985697418e-05,0.0001659679110161,happy,0.99738757743944,0.9977262722004526
1_7593_u,"Amy, I can't just ask Wil Wheaton to leave. He's a minor celebrity. Once you explain who he is, many people recognize him.",0.0548788458108902,3.677579297800549e-05,0.0001867258106358,6.499679147964343e-05,0.9446936249732972,4.527020792011172e-05,9.377754759043456e-05,neutral,-0.0550826208309445,0.05521261441390376
1_7641_u,"She was just so sad all the time. Yeah, I was the only person who could cheer her up. Well, me and Ben and Jerry.",0.0001951788726728,0.0002499549009371,0.0006190030835568,0.2585790753364563,0.004334500990808,0.7355244755744934,0.0004978922079317,sad,-0.478009537095204,0.9951676877681164
1_7661_u,"Yeah, that was five weeks ago. How much longer is he gonna milk that cow?",8.055595571931917e-06,2.879278508771677e-05,6.76059935358353e-05,0.0006564749055542,0.9985509514808656,5.466391303343698e-05,0.0006335280486382,neutral,0.0004973566183252,0.0008155931927831209
1_7675_u,"Anyway, to this day, I still can't see a box of crayons without crossing my legs.",0.0047716270200908,2.5233070118702017e-05,4.079962309333496e-05,0.0009771569166332,0.9941440224647522,3.177347389282659e-05,9.310779205407016e-06,neutral,-0.0038922762705624,0.0058465901038288635
1_7722_u,Exactly what it was half an hour ago. It's like you're not even trying to get better.,0.0341790169477462,7.096050103427842e-05,0.0001305074983974,0.0003675809712149,0.9640601873397828,0.0007692526560276,0.0004224601725582,neutral,-0.0347821566319908,0.03551731857442038
1_7894_u,I did. The guy at the liquor store said this stuff tastes great in coffee.,4.360981620266102e-05,0.0001464868983021,7.735913095530123e-05,0.519155740737915,0.4804909527301788,1.4523794561682736e-05,7.130954327294603e-05,happy,0.5188737610978933,0.5194377203779368
1_7938_u,"Come on, let's just start walking. There's got to be a gas station or something nearby.",9.101177420234308e-05,3.4140419302275404e-05,0.0025218476075679,0.0569692440330982,0.9397713541984558,0.0004928996786475,0.0001194769647554,neutral,0.0538293445533781,0.060109143512818215
1_7953_u,Why don't you ask Scotty to beam you up?,4.996898042008979e-06,3.0556948331650347e-05,2.3742079065414146e-05,0.009562968276441,0.9903371334075928,9.069526640814727e-06,3.1572031730320305e-05,neutral,0.0094946028243612,0.009631333728520888
1_80_u,"Since it's not bee season, you can have my epinephrine.",0.0011780861532315,1.0047044270322658e-05,2.042638334387448e-05,0.0004223671276122,0.9983553290367126,5.96202789893141e-06,7.765946065774187e-06,neutral,-0.0007921544811324,0.0016368887363568286
1_8042_u,"No, just me, her and a couple of the big wigs. It's part of a bonus she got.",1.3849442439095585e-05,9.29128691495862e-06,5.495756340678781e-06,0.0031529937405139,0.9967759251594543,2.0068853700649925e-05,2.238771776319481e-05,neutral,0.0031042884011185,0.003201699079909283
1_8045_u,"Dumped her? What, did he use a forklift?",2.007303191930987e-05,5.1887036534026265e-05,3.09172501147259e-05,0.0001601084513822,0.9991393089294434,6.848389602964744e-05,0.0005292151472531,neutral,-1.1252763215452433e-05,0.0003314696659799095
1_8052_u,Like Burt and Ernie. You guys even teach me stuff about words and numbers.,1.985653943847865e-05,6.925889465492219e-05,0.0006840706919319,0.023305308073759,0.9736965298652648,0.0002429207524983,0.0019820265006273,neutral,0.0222892011952353,0.0243214149522826
1_8078_u,"Trust me, you're not Jewish. That's how they get you.",0.0012216261820867,3.694309634738602e-05,1.3967884115118068e-05,0.8645016551017761,0.1341741383075714,1.3240427506389096e-05,3.8480116927530617e-05,happy,0.8632158775117205,0.8657874326918317
1_8136_u,"Yeah, I'm really looking forward to it. In fact, there's no place I would rather be than here.",5.48830212210305e-06,6.600836786674336e-05,0.0001888874103315,0.9765570163726808,0.0219976790249347,6.76830968586728e-05,0.0011172186350449,happy,0.9762289491955016,0.9768850835498598
1_8159_u,And I'm cool with surprises. But nothing on a Jumbotron. I don't want to cry on a big screen like that.,0.0057035735808312,0.0004255163075868,0.0002241383335785,0.0244231447577476,0.0248920992016792,0.9288952946662904,0.0154362907633185,sad,-0.9108253781305392,0.9596716676460345
1_8185_u,We could go to Red Lobster and talk about it. We're all thinking it. I just had the decency to wait for him to leave.,1.8284334146301265e-05,5.68735731576453e-06,1.2804563084500842e-05,0.0034618710633367,0.9964727759361268,1.672546386544127e-05,1.1709196769515984e-05,neutral,0.0034083693449247,0.003515372781748708
1_8217_u,"Go out with me on one date, and I promise you, you'll see.",1.6129473806358874e-05,1.843579775595572e-05,2.33497703447938e-05,0.0165481530129909,0.9833049774169922,7.739024295005947e-05,1.1651931345113551e-05,neutral,0.0164128477281337,0.016683458297848067
1_8407_u,"Oh, sure, what a wonderful idea. And after that, I'll make up my own rules of oral hygiene. You know, instead of flossing, I'll rub pudding on my gums. I'm going to get the number of the SyFy Channel and give them what for.",0.000116391267511,9.957495785783976e-05,0.0002157600538339,0.9960564374923706,0.0032141241244971,1.9550221622921526e-05,0.0002780800859909,happy,0.9956051609915448,0.9965077139931963
1_8417_u,"Oh, I think we were looking at creepy in the rearview mirror when I put up that camera.",0.0088824452832341,0.1773892939090728,0.0488058626651763,0.0004384468484204,0.2709924578666687,0.1718253195285797,0.3216662108898163,surprise,-0.4064644745376427,0.4073413682344833
1_8452_u,I think I'm gonna go. Thank you for the burrito and the pork rinds and the 20-minute lecture on why monster trucks are better than regular trucks.,3.680244481074624e-05,3.232829112675972e-05,5.6259512348333374e-05,0.9987241625785828,0.0009843433508649,5.583580787060782e-05,0.000110218876216,happy,0.9985429365224264,0.9989053886347392
1_8505_u,"A lane frequented by liars. Like you, you big liar!",0.1168255135416984,0.0004696819523815,0.0003046001074835,0.0029145702719688,0.8787103891372681,1.6908234101720154e-05,0.0007583583937957,neutral,-0.1147021335636964,0.12053127410763392
1_8717_u,Because you're in the right lane behind a bus and you won't go around it? I'm sure she finds it charming.,0.0001633387728361,4.345214256318286e-05,1.10673008748563e-05,0.5095383524894714,0.4901911616325378,1.8863944205804728e-05,3.37137098540552e-05,happy,0.5093016303289915,0.5097750746499514
1_8746_u,"I enjoyed it. When you told me I was going to be ""losing my virginity,"" I didn't think you meant showing me "" Raiders of the Lost Ark "" for the first time.",0.0002089221379719,0.0023736602161079,0.0051240292377769,0.9777987599372864,0.0001979846856556,0.0095220757648348,0.0047744032926857,happy,0.9605700725805946,0.9950274472939777
1_8749_u,It was very entertaining... despite the glaring story problem.,0.0005534439114853,0.0001789439993444,5.840163794346154e-05,0.998271942138672,0.0002292761637363,0.0006581071647815,4.985395935364068e-05,happy,0.996823045425117,0.9997208388522266
1_8827_u,How do you not tear off his clothes and take him right here on this table?,4.609666211763397e-05,0.00082869885955,0.0037683274131268,0.0026988822501152,0.9805318713188172,0.0093514826148748,0.002774697728455,neutral,-0.011295723299554,0.016693487799784433
1_8837_u,"Not as relieved as I'm about to be. It's a brave new world, little lady.",7.814048149157315e-05,4.1770177631406114e-05,3.480878149275668e-05,0.7368380427360535,0.2628918290138244,2.818651046254672e-05,8.718822209630162e-05,happy,0.7366551367849752,0.7370209486871317
1_90_u,"Lois Lane is falling, accelerating at an initial rate of 32 feet per second per second. Superman swoops down to save her by reaching out two arms of steel. Miss Lane, who is now traveling at approximately 120 miles an hour, hits them and is immediately sliced into three equal pieces.",0.0002808165154419,9.182621579384433e-05,0.0162777677178382,0.0005399490473791,0.9813520312309264,0.0014009258011355,5.671639883075841e-05,neutral,-0.0175113872028305,0.018591285297588543
1_9003_u,"I'm not going to bother him, I'm going to talk to him.",0.143490731716156,0.0001704457972664,0.0003599298361223,0.0002408241707598,0.8548970222473145,2.66374245256884e-05,0.0008144677267409,neutral,-0.1438069206033105,0.1442885689448302
1_9009_u,"- No, no, no. I'm really good at this. All right, give me a hint. Does it involve difficulty initiating a stream of anything?",0.0233876463025808,5.66270828130655e-05,0.0031758844852447,0.5183565020561218,0.4543753266334533,0.0005607269122265,8.731491834623739e-05,happy,0.4911756172732566,0.545537386838987
1_9087_u,"Why? Because I got an ugly, itchy sweater, and my brother got a car? No, I was her favorite.",0.7483265399932861,0.0002920203551184,0.000214787243749,0.0012642233632504,0.233407437801361,0.016479056328535,1.596476067788899e-05,angry,-0.7640481805574382,0.7665766272839389
1_9245_u,Can we talk about something else? Do you know that I yodel?,3.26811641571112e-05,8.701908882358111e-06,6.115645373938605e-05,0.0037999898195266,0.9960793852806092,8.10875826573465e-06,1.0002605449699333e-05,neutral,0.003689341534482,0.0039106381045711895
1_9594_u,I can't believe we wasted all that time on our Hulk costumes.,0.1155484020709991,0.0011677276343107,0.0176431387662887,0.0001348376681562,0.1658890694379806,0.0475855991244316,0.6520312428474426,surprise,-0.1818100299278739,0.1820797052641863
1_9668_u,"People usually start a meeting with a joke, but you go ahead-- end with one.",7.117811037460342e-05,5.072357089375146e-05,0.0003275725175626,0.3440452814102173,0.6552385091781616,4.483003795030527e-05,0.0002219114685431,neutral,0.3435509771734359,0.34453958564699855
1_971_u,"- Now?! - No, after my tongue has swollen to the size of a brisket!",0.0032216806430369,3.239761645090766e-05,0.0006545488140545,0.0001864663499873,0.9945384860038756,0.0010182844707742,0.000348071771441,neutral,-0.0047404451943293,0.005113377894303809
1_9963_u,What do you think I was gonna do at home?,0.2901507019996643,0.0017233628313988,0.0082287713885307,6.896626291563734e-05,0.6983674764633179,0.0004340769373811,0.0010266789468005,neutral,-0.3004679468940594,0.30060587941989053
1_9971_u,I was gonna say we pick up a cake or a pie. But an insult to her faith is always thoughtful.,0.0018182679777964,5.185392365092412e-05,6.264875537453918e-06,0.0026205291505903,0.9952115416526794,0.0002723930228967,1.918129055411555e-05,neutral,0.0004717493507087,0.004769308950471778
1_9972_u,"Ooh, I'm gonna check the fridge, and see if there are any clues inside a beer.",3.025876503670588e-05,2.0359575501061045e-05,3.60738740710076e-05,0.0066873407922685,0.9930508136749268,1.144148609455442e-05,0.0001637109235161,neutral,0.0065892070915651,0.006785474492971829
1_9993_u,"Well, my beer isn't flat and my rack's not saggy. So far, the future's great.",7.26297075743787e-05,9.667466656537728e-05,2.3944910935824737e-05,0.8834918737411499,0.1162694469094276,1.4958827705413569e-05,3.047680365853012e-05,happy,0.8832836656283689,0.8837000818539309
1_S09E01_027_u,Whatever. Put us on the Internet. I've always wanted a wedding with a comment section.,6.553534331033006e-05,6.12275289313402e-06,1.1130805432912894e-05,0.0022529861889779,0.9976512789726256,5.901505574001931e-06,6.98081612426904e-06,neutral,0.0021642957817675,0.002341676596188279
1_S09E01_368_u,"Wow! Well, marriage must agree with you. Well, you are just glowing.",0.0004482586809899,0.0001809660316212,0.0002855136117432,0.9564357399940492,0.0021111906971782,0.0014517155941575,0.0390864834189415,happy,0.9540692860755372,0.9588021939125609
1_S09E01_379_u,Oh. That's so sweet of you.,3.188632399542257e-05,5.124348172103055e-05,9.510647942079233e-06,0.9918577075004578,0.0079658981412649,4.912027725367807e-05,3.460271182120778e-05,happy,0.9917159467695456,0.99199946823137
1_S09E01_403_u,That's ridiculous.,0.0017532735364511,0.9866849780082704,0.0008188341744244,0.0002268711687065,0.0039936411194503,0.0005442026886157,0.0059781861491501,disgust,-0.989574417239055,0.9900281595764681
1_S09E01_439_u,I don't know. Sounds pretty bad. Penny's back in her apartment all by herself.,0.7817318439483643,0.0106596127152442,0.0074853291735053,0.0001693378289928,0.1630056053400039,0.0307891480624675,0.0061590643599629,angry,-0.8304965960705886,0.830835271728574
1_S09E02_002_u,"How am I supposed to sleep? I've been married less than 24 hours, and my wife isn't speaking to me.",0.0082428250461816,4.279190761735663e-05,0.0031445384956896,0.0004061919753439,0.0374696962535381,0.9505597352981568,0.000134128407808,sad,-0.9615836987723014,0.9623960827229893
1_S09E02_064_u,Because we're broken up.,0.000145735204569,0.000248883938184,0.0005565352621488,0.0002136894327122,0.057730708271265,0.9406610131263732,0.0004434114089235,sad,-0.9413984780985628,0.9418258569639871
1_S09E02_078_u,"Well, if you want to see less of me, maybe we should go out again.",1.2952599718119018e-05,4.684055602410808e-05,4.7830264520598575e-05,0.4541930556297302,0.5454652905464172,0.0001588546147104,7.520044164266437e-05,neutral,0.4539265775947569,0.45445953366470343
1_S09E02_178_u,"Oh, of course. Wouldn't want to intrude.",5.432467150967568e-05,3.283295518485829e-05,2.755661989795044e-05,0.0593149252235889,0.9384905695915222,0.0020417927298694,3.798728357651271e-05,neutral,0.0571584182471269,0.06147143220005079
1_S09E02_215_u,"Yeah, well, maybe she has interest in you.",3.7940193578833714e-05,7.304339669644833e-05,3.2804142392706126e-05,0.1778030693531036,0.8219966292381287,7.976379492902197e-06,4.862376590608619e-05,neutral,0.1776513052409427,0.1779548334652645
1_S09E02_271_u,"Dude, just because we're best friends doesn't mean that I have to tell you everything that goes on.",0.9916714429855348,6.79274380672723e-05,9.74120557657443e-05,0.0007474421872757,0.0063730678521096,0.0009408827172592,0.0001018368639051,angry,-0.9920302230093512,0.9935251073839028
1_S09E02_371_u,"Okay, that is the lamest excuse you could've possibly come up with.",0.8910537362098694,0.0003920974268112,6.132778071332723e-05,0.0201353840529918,0.0424968525767326,0.0457863137125968,7.438204193022102e-05,angry,-0.917158091076999,0.9574288591829825
1_S09E02_386_u,That sounds nice.,6.04487031523604e-05,0.0007697388646192,0.0001820712641347,0.9972944855690002,0.0007279676501639,0.0003386565367691,0.000626646389719,happy,0.9959435702003248,0.9986454009376756
1_S09E02_392_u,"Oh. Oh, my God, that is the most beautiful thing anyone's ever said to me. Yeah?",0.0004902982618659,0.0004206238372717,0.0001217329045175,0.9904189705848694,0.0003892574459314,0.0011471023317426,0.0070120324380695,happy,0.9882392132494716,0.992598727920267
1_S09E02_424_u,She watched it.,4.824119241675362e-05,0.0005138224805705,0.0001652135833865,8.275450818473473e-05,0.9978959560394288,0.0001176234945887,0.0011764037190005,neutral,-0.0007621462427778,0.0009276552591471884
1_S09E03_056_u,It runs on syphilis?,4.87845936731901e-05,0.0004296271363273,0.0001281142031075,0.0001940234942594,0.9980990290641784,4.290968718123622e-05,0.001057538553141,neutral,-0.0004554121260298,0.0008434591145486263
1_S09E03_072_u,India.,0.0002331160067114,0.0034670347813516,0.0006345857982523,0.000363514496712,0.993433952331543,0.0001216723321704,0.0017461997922509,neutral,-0.0040928944217739,0.0048199234151977
1_S09E03_120_u,We don't have any of those.,0.1294061541557312,0.0006445489125326,0.000935326970648,4.187231752439402e-05,0.8635640144348145,0.003002964425832,0.0024050751235336,neutral,-0.1339471221472195,0.1340308667822682
1_S09E03_125_u,"If there was a hidden compartment, don't you think you'd be stuffed in it by now?",2.3981230697245337e-05,0.0011110643390566,0.0019446782534942,0.0002461276890244,0.9940192699432372,0.0004395675205159,0.0022152822930365,neutral,-0.0032731636547396,0.0037654190327883453
1_S09E03_135_u,You guys still aren't living together?,1.8805001673172228e-05,1.830632027122192e-05,1.3872841918782797e-05,0.0019062358187511,0.9978251457214355,0.0001701461151242,4.753703615278937e-05,neutral,0.0016851055397637,0.002127366097738477
1_S09E03_143_u,"Fine, I guess. I've been focusing on me.",0.0004004215297754,4.45540135842748e-05,1.7722953998600133e-05,0.6766229271888733,0.3228797018527984,2.175516237912234e-05,1.2881297152489424e-05,happy,0.6761384735291358,0.6771073808486107
1_S09E03_170_u,"I've done it, like, a dozen times.",1.979568332899362e-05,0.0003801177081186,5.816078555653803e-05,0.4275741875171661,0.5696583986282349,0.0002274406142532,0.0020819150377064,neutral,0.4268886727259087,0.4282597023084234
1_S09E03_233_u,How long do you think you can keep it from him?,1.126786992244888e-05,3.290771201136522e-05,6.013048187014647e-05,0.000295333971735,0.9994723200798036,5.81017739023082e-05,6.995670264586806e-05,neutral,0.0001329261340288,0.00045774180944126874
1_S09E03_241_u,Every self-respecting gentleman should know how in case he comes across a damsel in distress by the side of the road.,4.897181497653946e-05,0.0001815777504816,0.0018699520733207,0.0076337452046573,0.9891495108604432,0.0010453475406393,7.08408115315251e-05,neutral,0.004487896025239,0.010779594384075438
1_S09E03_359_u,"I'll bet there's something around here that could be a ""lehver.""",9.787792805582283e-06,3.671054219012149e-05,1.155336940428242e-05,0.0051938104443252,0.9946904182434082,8.699966201675124e-06,4.907313996227458e-05,neutral,0.0051270587737235,0.005260562114926861
1_S09E03_476_u,We got a flat and couldn't get the tire off.,0.0008516132365912,4.346040077507496e-05,0.0060046180151402,7.027688843663782e-05,0.9915054440498352,0.0015000889543443,2.454262539686169e-05,neutral,-0.0083295037184143,0.008470057495287413
1_S09E04_015_u,"now that Leonard and I are married, it kind of makes sense that we actually live together.",0.0002176177513319,0.0016814375994727,4.772164538735524e-05,0.3370352983474731,0.6602818965911865,0.0002956641837954,0.0004404066130518,neutral,0.3347928571674856,0.33927773952746043
1_S09E04_053_u,"Well, why don't you look at this as an opportunity? You had other roommates before Leonard. Maybe this is a chance to find someone new.",3.490090603008866e-05,5.086834426037967e-05,3.022671808139421e-05,0.3085232973098755,0.6910017728805542,1.825742765504401e-05,0.0003406644100323,neutral,0.3083890439138486,0.3086575507059024
1_S09E04_074_u,How could Archie defeat Predator?,0.0001881741627585,0.000705282727722,0.1184275299310684,0.0046471883542835,0.8741561770439148,0.0003960979520343,0.0014794919406995,neutral,-0.1150698964192997,0.1243642731278667
1_S09E04_088_u,"Well, it could be fun to try a little acoustic thing.",8.701418664713856e-06,4.432653804542497e-05,1.602971497050021e-05,0.9689825773239136,0.03085583075881,1.7446083802497014e-05,7.510989235015586e-05,happy,0.9688960735684304,0.9690690810793967
1_S09E04_106_u,Footprints on the Moon.,0.0004507483972702,2.7331541787134483e-05,0.0008061764528974,0.0002683834172785,0.9984049201011658,7.058833034534473e-06,3.542284684954211e-05,neutral,-0.0010229318077108,0.001559698642267769
1_S09E04_207_u,"But I met with 11 people, and they all walked out.",0.0018077732529491,8.956716192187741e-05,0.0024903842713683,1.758470716595184e-05,0.9932665824890136,0.0021715054754167,0.0001566453138366,neutral,-0.0065416454544902,0.00657681486882193
1_S09E04_230_u,"Well, it's Thai food night.",7.728208402113523e-06,3.498893420328386e-05,4.581264511216432e-05,0.0112275751307606,0.9881529211997986,0.0001054798340192,0.0004256120882928,neutral,0.0110335655090239,0.011421584752497362
1_S09E04_267_u,"No, of course not. I-I just feel bad. Well, so do I,",0.0004796121211256,8.86770649231039e-05,0.0003668348654173,0.0010407184017822,0.0676310211420059,0.93029522895813,9.789061004994436e-05,sad,-0.9301896346078138,0.9322710714113782
1_S09E04_288_u,You really should've gone on the Internet and checked how long that kind of thing lives,0.0001557125651743,1.3274513548822142e-05,1.307612910750322e-05,0.0001443091896362,0.999455749988556,3.997881503892131e-05,0.0001779421290848,neutral,-7.77328332333127e-05,0.00036635121250574667
1_S09E04_342_u,Who cares? I thought the whole point of Footprints on the Moon was to write songs that make people think.,0.0131222447380423,7.408021701849066e-06,0.0001023049699142,0.0003645226242952,0.9863394498825072,3.018467577931005e-05,3.386421303730458e-05,neutral,-0.0128976197811425,0.01362666502973286
1_S09E04_351_u,I still love it. I just think there's room for improvement.,3.434737300267443e-05,5.592179513769224e-05,5.762133514508605e-05,0.9993002414703368,0.0001793693663785,0.0001222339342348,0.0002502851712051,happy,0.9990301170328166,0.9995703659078571
1_S09E04_382_u,"How can you say that? Amy's gone, and you two are married now, so it's only a matter of time before you're gone, too.",0.0128321619704365,0.0002572910452727,0.0004058370832353,0.0002021689579123,0.9855711460113524,0.0004387872468214,0.0002925203880295,neutral,-0.0137319083878537,0.0141362463036782
1_S09E05_022_u,What are you saying? We're not coordinated enough to play sports?,0.0184930469840765,2.502030110917985e-05,0.0002295975427841,2.8132018996984694e-05,0.9811028838157654,3.551967165549286e-05,8.588413038523868e-05,neutral,-0.0187550524806283,0.018811316518622258
1_S09E05_213_u,"Why? You never thought you'd end up in a relationship, and then you met Amy. Maybe there's someone else out there for you.",6.263155228225514e-06,1.8196646124124527e-05,1.5609783076797612e-05,0.0016509140841662,0.9980534315109252,9.54199131228961e-05,0.0001601181720616,neutral,0.0015154245866142,0.0017864035817182437
1_S09E05_222_u,Whoa! Walking up to a strange woman in a bar usually doesn't work.,0.0362977944314479,0.0021909205242991,0.0025996565818786,0.039932794868946,0.0113471653312444,0.6346771121025085,0.2729545533657074,sad,-0.6358326887711883,0.7156982785090802
1_S09E05_258_u,What can it hurt?,0.0001810090034268,4.445997910806909e-05,8.183858881238848e-06,0.0070122200995683,0.9927372336387634,4.919978437101236e-06,1.198282370751258e-05,neutral,0.006773647279715,0.007250792919421509
1_S09E05_278_u,I'm doing all right. I tried fencing today.,5.31875866727205e-06,9.083873010240497e-05,0.0002777831396088,0.9278908371925354,0.0703268870711326,0.0001487003610236,0.0012596492888405,happy,0.9273681962031332,0.9284134781819374
1_S09E05_284_u,"Actually, he already did.",2.500502159819007e-05,9.179094195133076e-05,1.3378414223552682e-05,0.616457462310791,0.3832946419715881,2.2047543097869493e-05,9.56941075855866e-05,happy,0.6163052403899201,0.616609684231662
1_S09E05_291_u,I've been told it's a good way to move on.,2.223844967375044e-05,1.803325540095102e-05,7.476890459656715e-06,0.0444402322173118,0.9554688930511476,3.0033552320674065e-05,1.3097022019792348e-05,neutral,0.0443624500694568,0.04451801436516683
1_S09E06_055_u,Sounds like you on Cinco de Mayo.,1.4474958334176335e-05,4.076859113411047e-05,2.71718054136727e-05,0.2605474293231964,0.7392793297767639,1.6075733583420515e-05,7.470176933566108e-05,neutral,0.260448938234731,0.2606459204116618
1_S09E06_168_u,"Uh, he's Indian. We've already got one of those.",0.0015186873497441,1.393333513988182e-05,8.977122888609301e-06,0.0001391276018694,0.9982813596725464,2.194526678067632e-05,1.607213926035911e-05,neutral,-0.0014244154726839,0.0017026706764226673
1_S09E07_054_u,And I'm laughing like I did the first time I heard it.,1.293060904572485e-05,2.4481114451191388e-05,8.33869034977397e-06,0.9973661303520204,0.0024432532954961,8.339616761077195e-05,6.148825923446566e-05,happy,0.9972369837705628,0.9974952769334778
1_S09E07_135_u,When is your visa up?,1.7526112060295418e-05,2.6531466573942453e-05,0.0001400857436237,0.0002415013877907,0.9995031356811525,2.8063119316357188e-05,4.314243051339872e-05,neutral,2.9294946216396056e-05,0.0004537078293649951
1_S09E07_285_u,"Fine, I'll leave. But it sounds like somebody needs a fresh diaper.",0.0022430720273405,4.6307544835144654e-05,1.297415656154044e-05,0.002958993660286,0.9947163462638856,1.924285425047856e-05,3.114504579571076e-06,neutral,0.0006373970772983,0.005280590243273663
1_S09E08_255_u,"No, pinch me!",0.0074324021115899,8.12805665191263e-05,6.910201773280278e-05,9.361976117361336e-05,0.9922338724136353,1.3635428331326692e-05,7.622949487995356e-05,neutral,-0.0075028003629995,0.007690039885346769
1_S09E10_065_u,"I told you if we were patient, he'd figure it out for himself.",7.31819409338641e-06,1.5686886399635114e-05,2.1458534320117902e-05,0.0155330272391438,0.9842604994773864,1.7274562196689658e-05,0.0001447801478207,neutral,0.015471289062134,0.015594765416153629
1_S09E10_208_u,Nobody knows. That's why he's number one.,2.315568235644605e-05,5.738918480346911e-05,6.007696720189415e-05,0.2038348615169525,0.7955293655395508,4.320471998653375e-05,0.0004518951463978,neutral,0.2036510349626041,0.20401868807130083
1_S09E11_045_u,"Oh, that's nice. Put that on her cake.",1.0938239029201212e-05,0.0001091032318072,4.828055534744635e-05,0.7575371861457825,0.2421405166387558,2.357703124289401e-05,0.0001304375909967,happy,0.7573452870883557,0.7577290852032093
1_S09E12_184_u,(CHUCKLES) Yeah. A grown man moving into his own apartment. It's crazy times. See ya!,0.0002326512767467,2.2891757907927968e-05,1.5885885659372434e-05,0.7686526775360107,0.230690062046051,0.0003112409322056,7.456391176674515e-05,happy,0.768070007683491,0.7692353473885303
1_S09E12_369_u,"Yeah, he's as real as the fine I get when I use too much toilet paper.",0.0008313650032505,3.665744952741079e-05,0.0005603627650998,0.1337624490261078,0.864639163017273,5.706680167349987e-05,0.0001128319418057,neutral,0.1322769970065564,0.135247901045659
1_S09E13_024_u,Glad to hear it.,0.000534044986125,0.000131670050905,4.955354597768746e-05,0.9982008934020996,0.0003795471566263,0.0006403664592653,6.386412860592827e-05,happy,0.9968452583598264,0.9995565284443726
1_S09E14_045_u,Really? The old Asian man is not your Meemaw?,4.2654686694731936e-05,0.0004441631608642,0.0003732875920832,0.0027072909288108,0.8891358375549316,0.001248467946425,0.1060482487082481,neutral,0.0005987175427435,0.004815864314877932
1_S09E14_455_u,"He never disappoints, does he?",4.893908771919087e-05,6.313312769634649e-05,2.795084037643392e-05,0.0495456345379352,0.9450005292892456,0.0052512791007757,6.251900049392134e-05,neutral,0.0441543323813675,0.05493693669450287
1_S09E16_101_u,"Relax, there's room for two babies in this group.",5.806114131701179e-06,0.0003179074265062,0.0001057715999195,0.3080105781555176,0.6857125759124756,6.296443461906165e-05,0.0057844370603561,neutral,0.307518128580341,0.30850302773069405
1_S09E16_189_u,Maybe you should get a new doctor.,0.3794637024402618,4.9351412599207833e-05,0.0001299689756706,0.0008514256333,0.6194040775299072,2.266466981382109e-05,7.879777695052326e-05,neutral,-0.3788142618650454,0.3805171131316454
1_S09E18_033_u,Oh. Is the impression that your first name is Pee-Wee?,3.022638338734396e-05,0.0103549715131521,0.0004499757487792,0.0003986157535109,0.9620090126991272,0.0006231787847355,0.0261340271681547,neutral,-0.0110597366765432,0.011856968183565044
1_S09E18_147_u,"Great, so they own my idea for a T-shirt that says ""Dumb as a Bag of Geologists.""",0.0006151787820272,0.0001599525858182,8.592007361585274e-05,0.9986180067062378,0.0002299386396771,0.0001422255736542,0.0001486379042034,happy,0.9976147296911222,0.9996212837213533
1_S09E18_357_u,Is there a switch on the back of his neck we don't know about?,3.96884061046876e-05,1.0999599908245727e-05,1.824129140004516e-05,0.0001572447363287,0.9997316002845764,7.542983894381905e-06,3.465919144218788e-05,neutral,8.077245502136066e-05,0.0002337170176360604
1_S09E19_044_u,so we brought you some lunch and we are gonna go look for 'em.,1.918873022077605e-05,1.7134048903244548e-05,2.2749791241949424e-05,0.0111688934266567,0.9887253642082214,3.019876567122992e-05,1.644291478442028e-05,neutral,0.0110796220906195,0.0112581647626939
1_S09E20_029_u,You may need this more than I do.,1.1641714991128538e-05,5.793907985207625e-05,0.0002546756004448,0.2605782449245453,0.7387757897377014,0.000119974152767,0.0002017868391703,neutral,0.2601340143764901,0.26102247547260027
1_S09E20_127_u,I'm surprised he let us conceive without him.,1.3116487025399692e-05,0.0005413534818217,0.0002965690509881,0.0001212629722431,0.0007307212799787,0.0001525038242107,0.998144507408142,surprise,-0.0008822798718028,0.0011248058162889997
1_S09E20_156_u,Astronauts saw him carrying that.,7.72592375142267e-06,6.548217061208561e-05,0.0001036246903822,0.0102919284254312,0.989400327205658,1.240757956111338e-05,0.0001185834044008,neutral,0.0101026880611243,0.01048116878973802
1_S09E20_179_u,No. You'll wish it would kill you.,0.1896039545536041,6.513561675092205e-05,0.0002988009073305,0.0028297633398324,0.807155430316925,3.528097659000196e-05,1.1644310689007398e-05,neutral,-0.1871734087144432,0.19283293539410792
1_S09E20_237_u,She's trying to think of something She's never done before. This could take a while.,8.143379091052338e-06,2.084708830807358e-05,2.153731657017488e-05,0.0054975734092295,0.9942196607589722,0.000112084999273,0.0001202048151753,neutral,0.0053349606259871,0.005660186192471801
1_S09E20_354_u,"No, I do, and that's why I hid it.",0.0018179793842136,6.391157512553036e-05,2.5807788915699348e-05,0.0003798072866629,0.9975638389587402,3.320840551168658e-05,0.0001154771016445,neutral,-0.0015610998671036,0.0023207144404294162
1_S09E21_024_u,You mean like through their window from behind a bush?,0.0001718981366138,1.1981435818597674e-05,0.0001214754520333,0.0001536337513243,0.9994195699691772,2.704477810766548e-05,9.436584514332937e-05,neutral,-0.0001787660512491,0.00048603355389766317
1_S09E21_255_u,Interesting. Maybe my male cycle synced up with raj's actual period.,3.5978293453808874e-05,5.548140688915737e-05,1.0668361937860029e-05,0.3572275042533874,0.6425690650939941,2.857850631698966e-05,7.26970101823099e-05,neutral,0.3570967976847896,0.3573582108219852
1_S09E21_401_u,Better than watching a guy in a fur cloak Ride a girl's bike? Nope.,0.1423302590847015,0.0007611000328324,0.0003436660044826,0.0003251265734434,0.8558751940727234,0.0003214259631931,4.322267341194674e-05,neutral,-0.1434313245117664,0.144081577658653
1_S09E22_015_u,I'm sure that would pair nicely with your fried nuggets of chicken.,1.0861767805181444e-05,0.0004838700988329,0.0002026554284384,0.7909467220306396,0.2072423696517944,5.851864261785522e-05,0.0010549777653068,happy,0.7901908160929452,0.791702627968334
1_S09E22_075_u,Funny how that worked out.,2.42784390138695e-05,0.0001067896810127,2.2855951101519167e-05,0.9971747398376464,0.0022269473411142,0.0002336900943191,0.0002106238534906,happy,0.9967871256721992,0.9975623540030936
1_S09E23_017_u,"I thought to myself, ""Venn is he gonna stop talking about this diagram?""",0.0001253689697477,0.0001474505261285,0.0050218543037772,0.0012492305831983,0.986262023448944,0.001038575079292,0.006155434064567,neutral,-0.0050840182957472,0.0075824794621437
1_S09E23_102_u,Wow. (clears throat) Didn't even make it out of the parking lot.,0.0001805295032681,0.0004174934583716,0.0005168463103473,0.0126462383195757,0.0051618032157421,0.0012216112809255,0.9798554182052612,surprise,0.010309757766663,0.014982718872488199
1_S09E23_270_u,"So, when the aliens brought you back, they just left the probe in?",3.0598592275055125e-05,2.330896495550405e-05,0.0001283783203689,0.0001336126879323,0.9996198415756226,2.0096500520594415e-05,4.4069020077586174e-05,neutral,-6.876969018776435e-05,0.0003359950660523536
1_S09E23_420_u,Thank you.,0.0003875181428156,0.000130587228341,0.0001627307501621,0.9983075857162476,0.000623297819402,0.0003236886113882,6.464031321229413e-05,happy,0.9973030609835404,0.9993121104489545
1_S09E24_014_u,Did she think you were choking or...,0.0001213636569445,1.363896626571659e-05,9.97373863356188e-05,4.5936874812468886e-05,0.9996670484542848,2.32291149586672e-05,2.9058026484563012e-05,neutral,-0.0002120322496921,0.00030390599931697144
1_S09E24_152_u,Sure you do.,6.70548397465609e-05,6.603288784390315e-05,1.732655437081121e-05,0.0987064316868782,0.901071310043335,7.054928573779762e-06,6.482224125647917e-05,neutral,0.0985489624763431,0.09886390089741326
1_S10E01_075_u,It was nice of her to show us playing dumb with an example.,0.0001201499690068,0.0001581395918037,1.2280731425562408e-05,0.9839012026786804,0.0156261138617992,0.000157520364155,2.466334444761742e-05,happy,0.9834531120222892,0.9843492933350714
1_S10E01_197_u,"Yeah, special, like that.",9.89959080470726e-05,2.340454921068158e-05,1.140020049206214e-05,0.0025160054210573,0.9973098039627076,3.951322469220031e-06,3.652426312328316e-05,neutral,0.0023782534408383,0.0026537574012763365
1_S10E01_225_u,"Well, he probably buys his illegal drugs from a local vendor.",2.0888770450255837e-05,0.000230957797612,2.956985736091156e-05,0.5911922454833984,0.4083758890628814,6.602908979402855e-05,8.443259866908193e-05,happy,0.5908447999681812,0.5915396909986156
1_S10E01_381_u,They're practicing for what's coming later.,2.9432887458824556e-05,3.414811726543121e-05,0.0007286794134415,0.0007105997065082,0.998315691947937,2.7295160180074163e-05,0.0001542436366435,neutral,-0.0001089558718376,0.00153015528485403
1_S10E01_474_u,Is he? I never noticed.,3.4467779187252745e-05,1.280940523429308e-05,1.9794768377323635e-05,0.0001163856941275,0.9996600151062012,0.0001364923518849,2.011889955610968e-05,neutral,-8.717861055629328e-05,0.00031994999881126946
1_S10E02_101_u,"Why? Because I'm Jewish? That's like me saying, ""Hey, you're Indian. Doesn't your cousin work in a call center?""",0.0222040712833404,3.263722101110034e-05,4.374179115984589e-05,0.0002307265967829,0.9773662090301514,5.710731420549564e-05,6.553489220095798e-05,neutral,-0.0221068310129339,0.022568284206499742
1_S10E02_123_u,"Oh, my God, it was me, it was me! I'm the one who blabbed she was pregnant!",0.0030875606462359,0.0011040073586627,0.0037070701364427,0.0029411374125629,0.2563866674900055,0.2173197865486145,0.5154538154602051,surprise,-0.222277287277393,0.2281595621025187
1_S10E02_327_u,"But I'm mad at him, too, so lemon bars it is.",0.0009756881627254,2.2243391867959872e-05,1.1848977010231463e-05,0.0005954393418505,0.9981061220169068,0.0002453043416608,4.334919140092097e-05,neutral,-0.0006596455314138,0.0018505242151148913
1_S10E02_372_u,Would you stop? We're just gonna be on the other side of campus.,0.1048253253102302,0.0001523852261016,0.0002138241688953,6.898013816680759e-05,0.8945733904838562,7.766088674543425e-05,8.853890176396817e-05,neutral,-0.1052002154538058,0.10533817573013934
1_S10E03_144_u,"Oh, I was gonna start at the end. Thank God you're here.",9.012565715238452e-05,2.88569244730752e-05,2.01845723495353e-05,0.9983721375465392,0.0013840574538335,7.577017822768539e-05,2.8976774046896026e-05,happy,0.9981572002143366,0.9985870748787419
1_S10E03_154_u,"This was the husband and this was the wife. They'd go out on adventures together. Cruises, skiing, horseback riding. That was really me just duct taping them to our dog.",4.104600884602405e-05,1.8355722204432823e-05,3.3297499612672254e-05,0.0014516272349283,0.9984112977981568,3.358574031153694e-05,1.0775817827379797e-05,neutral,0.0013253422639536,0.001577912205902966
1_S10E03_177_u,"Gentlemen, I am ready to work. To quote The Martian, ""Let's science the feces out of this!"" That's The Martian the book and The Martian the movie, not Marvin the Martian.",0.0012513061519712,2.0219677026034333e-05,0.0001339509763056,0.6888488531112671,0.3096802830696106,2.4839811885613017e-05,4.046699541504495e-05,happy,0.6874185364940786,0.6902791697284556
1_S10E03_224_u,My head hurts and I'm more tired than ever.,0.0001402702182531,0.0003493458789307,0.0062099681235849,0.0005038754898123,0.0003104093193542,0.988274097442627,0.0042119650170207,sad,-0.9944698061735836,0.995477557153208
1_S10E03_260_u,"I think you were mean before you were pregnant, but it's fine.",0.0036650088150054,0.1054830178618431,0.0017732825363054,0.8756942749023438,0.0103655848652124,0.0011346599785611,0.0018843028228729,happy,0.7636383057106286,0.9877502440940588
1_S10E03_282_u,Sorry! Sorry!,0.0004182356933597,0.0003481682797428,0.0013839949388056,0.000277800601907,0.0057304194197058,0.9879927635192872,0.0038486656267195,sad,-0.9898653618292884,0.9904209630331023
1_S10E03_311_u,"But let's say you do. And don't say you do, because you don't! Now, wouldn't you think that throwing yourself into your work would be the best way to deal with it?",2.7975762350251895e-05,1.1039325727324469e-05,1.0021998605225235e-05,0.0090467818081378,0.9908522963523864,1.062057890521828e-05,4.1268365748692304e-05,neutral,0.0089871241425498,0.00910643947372582
1_S10E04_007_u,"Oh, so nothing. Great.",0.0009832507930696,0.0005031509790569,6.407403998309746e-05,0.9966729879379272,0.0014448453439399,0.0002291472192155,0.000102366982901,happy,0.994893364906602,0.9984526109692524
1_S10E04_021_u,"And we live with Sheldon, so the word ""inconvenience"" has really lost all meaning.",0.0422817729413509,2.281062916154042e-05,4.1426967072766274e-05,0.0001361000031465,0.957120418548584,0.0003853973757941,1.21261118692928e-05,neutral,-0.0425953079102328,0.042867507916525806
1_S10E04_043_u,I don't know. What if living together kills the romance?,0.0003240286023356,1.3311527254700197e-05,4.248677214491181e-05,0.0001465365348849,0.9992552399635316,0.0001584410492796,5.9906524256803095e-05,neutral,-0.0003917314161299,0.000684804485899712
1_S10E04_057_u,Don't try luring me in with sexy talk.,0.9931725859642028,0.0001321491727139,0.0041752005927264,9.451428923057392e-05,0.0022822695318609,5.248676461633295e-05,9.084618795895948e-05,angry,-0.9974379082050292,0.9976269367834899
1_S10E04_082_u,That's a good question. Maybe just don't come over.,6.262659007916227e-05,0.0001135514612542,8.893524500308558e-05,0.8510713577270508,0.14848293364048,3.75603158317972e-05,0.0001430995180271,happy,0.8507686841148825,0.8513740313392191
1_S10E04_105_u,I'm the son of a gynecologist. I could be helpful.,1.5007243746367749e-05,0.0010677360696718,0.0004981912206858,0.2422417402267456,0.7553393244743347,0.0001000331758405,0.0007379850721918,neutral,0.240560772516801,0.2439227079366901
1_S10E04_158_u,I'm trying to think of an answer,0.0001177078229375,2.076539385598153e-05,0.0002556474064476,7.067120895953849e-05,0.999303102493286,6.848068733233958e-05,0.0001636010711081,neutral,-0.0003919301016139,0.0005332725195329596
1_S10E04_177_u,"Oh, excited, concerned, a little scared. All the same emotions",0.000172113024746,0.000157465430675,0.9597538709640504,0.0259885415434837,0.0093229552730917,0.0008591608493588,0.0037458830047398,fear,-0.9349540687253466,0.9869311518123138
1_S10E04_194_u,"I've never lived with someone, either. This is a lot for me, too.",0.0021496843546628,0.0005355623434297,7.811227987986058e-05,0.0020398721098899,0.9644513726234436,0.0180534161627292,0.0126919047906994,neutral,-0.0187769030308118,0.02285664725059146
1_S10E04_238_u,"Well, Sheldon, I really appreciate that, but these things mean more to you than they do to me, so whatever you want.",1.8790822650771588e-05,1.733548015181441e-05,1.2506598068284802e-05,0.9871504306793212,0.0127561222761869,2.796712033159565e-05,1.6839661839185283e-05,happy,0.9870738306581188,0.9872270307005236
1_S10E04_262_u,What if we do this?,3.418871347093955e-05,9.188442345475778e-05,7.991740858415142e-05,0.0003744596615433,0.9993727803230286,1.0350235243095083e-05,3.647385165095329e-05,neutral,0.0001581188807904,0.0005908004422962438
1_S10E04_277_u,I was disappointed to see the man I was engaged to pulling rainbow scarves out of his fly.,0.0121958963572978,5.228635927778669e-05,0.0002342699444852,0.00125104165636,0.0924746617674827,0.8937352299690247,5.659134330926463e-05,sad,-0.9049666409737256,0.9074687242864454
1_S10E04_307_u,"Okay, well, I am sorry. I'm just worried that my sensitivity to temperature could make this a rough night.",6.774851499358192e-05,7.926037505967543e-05,0.0007436525775119,0.0507655218243598,0.0006186485406942,0.9475240111351012,0.0002011846954701,sad,-0.8976491507783066,0.9991801944270262
1_S10E04_343_u,"Well, now I don't know if I want to know!",0.000323547195876,7.234134955069749e-06,3.561611083569005e-05,0.000573537487071,0.9989930987358092,1.397463165631052e-05,5.300827615428716e-05,neutral,0.0001931654137479,0.0009539095603940703
1_S10E04_361_u,Wait. Wrong number.,6.059574661776424e-05,0.0001135005004471,0.0001255209062946,0.0015989560633897,0.9782779216766356,0.0183737501502037,0.0014496977673843,neutral,-0.0170744112401735,0.020272323366952866
1_S10E04_398_u,"Well, I didn't, and it's your fault.",0.0708260238170623,0.0008877569925971,0.0006862406735308,0.0001810912508517,0.4105369746685028,0.5155719518661499,0.001309961779043,sad,-0.5877908820984885,0.5881530646001918
1_S10E04_403_u,The kind who almost put a pillow over your face last night.,0.0001136523496825,0.0002336591860512,0.0012177970493212,0.0001150448151747,0.9959756731987,0.0014684266643598,0.0008757842006161,neutral,-0.00291849043424,0.0031485800645894
1_S10E05_079_u,"Okay. Well, for starters, there's nothing wrong with keeping our toothbrushes in the same holder.",0.0002015697828028,0.0001530510780867,3.092025144724175e-05,0.2564108967781067,0.743172824382782,8.514291039318778e-06,2.22635662794346e-05,neutral,0.2560168413747306,0.25680495218148275
1_S10E05_110_u,The only thing I hate more than you right now is that book!,0.9974409341812134,0.0001210345217259,0.0005646529025398,0.0007578323129564,0.0007892536814324,0.0003055520646739,2.065177977783605e-05,angry,-0.9976743413571968,0.9991900059831094
1_S10E05_120_u,How 'bout we stay here? We don't even have to tell anyone. It'll be like a secret vacation at home.,6.0940205003134906e-05,2.8795171601814214e-05,9.205952665070072e-05,0.0237412489950656,0.9759368896484376,5.92885771766305e-05,8.06872412795201e-05,neutral,0.0235001655146334,0.02398233247549788
1_S10E05_288_u,"I'm in a hot tub with you, so pretty bad.",0.0293732732534408,0.0138089321553707,0.001993193058297,0.0001049238999257,0.0090673770755529,0.9413099884986876,0.0043423511087894,sad,-0.9863804630658706,0.9865903108657218
1_S10E05_319_u,"No. No, if we both like it, I'll spend the rest of my life opening the freezer and going, ""Aw, no strawberry.""",0.0026060440577566,4.052531585330144e-05,0.0001068968194886,0.0265348590910434,0.9697535634040833,0.0008118031546473,0.0001463316584704,neutral,0.0229695897432975,0.030100128438789203
1_S10E06_003_u,I got asked to sign autographs there.,6.932213636900997e-06,0.0001066755648935,8.778968185652047e-05,0.2339215129613876,0.7651576995849609,0.0001434935838915,0.0005758881452493,neutral,0.2335766219171091,0.23426640400566603
1_S10E06_062_u,I felt a kick. There's a baby in there.,5.157066698302515e-05,0.0001055582251865,0.0008714215364307,0.7733602523803711,0.2154291570186615,0.000189376893104,0.0099926460534334,happy,0.7721423250586668,0.7745781797020754
1_S10E06_091_u,Are you kidding? I once paid $20 for Theo Sassler's signature.,0.0003526175860315,5.535815580515191e-05,1.77389429154573e-05,0.2720722556114197,0.7253606915473938,0.0006672624149359,0.0014740797923877,neutral,0.2709792785117315,0.2731652327111077
1_S10E06_166_u,I feel like I'm selling candy so our team can get new uniforms.,1.7615320757613517e-05,0.0007401386974379,0.0002500936971046,0.0775388032197952,0.8310028910636902,0.0002408228319836,0.0902095437049865,neutral,0.0762901326725113,0.07878747376707891
1_S10E06_255_u,"Imagine this: you've got the baby in one hand, groceries in the other, and you're thinking, ""How am I gonna open this trunk?""",0.0102864122018218,0.00019318741397,0.1067399382591247,0.0013138308422639,0.8717361688613892,0.0076945079490542,0.0020360331982374,neutral,-0.1236002149817068,0.1262278766662346
1_S10E07_069_u,"(chuckling): Aw, you think you have an audience, that's funny.",0.0002241070906165,6.786736776120961e-05,1.1174342034792062e-05,0.9976029992103576,0.001711664837785,0.0003450911026448,3.7126093957340345e-05,happy,0.9969547593073004,0.9982512391134148
1_S10E07_110_u,"Oh. Well, j-just out of curiosity, what registers as odd to you",0.0001185003129648,7.993223334779032e-06,6.3699008023832e-05,0.0008775113965384,0.9988191723823548,2.7433310606284067e-05,8.576324034947902e-05,neutral,0.0006598855416086,0.001095137251468095
1_S10E07_140_u,"Oh my God, that's who you look like.",6.471117376349866e-05,0.0077777877449989,0.0007931675063446,0.0569893456995487,0.0017467475263401,0.0009721270762383,0.9316560626029968,surprise,0.0473815521982032,0.066597139200894
1_S10E07_163_u,"I'll take that as a ""Yes."" She's secretly been moving your collectibles into storage a little at a time and you haven't noticed.",6.204707460710779e-05,7.2584562076372094e-06,1.2891239748569204e-05,0.0106917871162295,0.9891965389251708,2.5405863652849803e-06,2.685796789592132e-05,neutral,0.0106070497593009,0.010776524473158099
1_S10E07_187_u,So why don't they just get more drywall?,0.0001266948383999,2.235471401945688e-05,2.029817915172316e-05,5.037506343796849e-05,0.9997310042381288,9.60804391070269e-06,3.959368405048736e-05,neutral,-0.0001285807120439,0.00022933083891975121
1_S10E07_198_u,"Oh, don't worry, I won't.",5.708994285669178e-05,5.9392004914116114e-05,7.346568600041792e-05,0.8827838897705078,0.1167324036359787,1.4247909348341636e-05,0.0002794919419102,happy,0.8825796942273882,0.8829880853136274
1_S10E07_247_u,"Uh, she's enjoyed living with you. It's called being in love.",4.177782102487981e-05,5.992471415083856e-05,6.614127869397635e-06,0.9979128241539,0.0018114959821105,0.0001316094712819,3.565858060028404e-05,happy,0.997672898019573,0.998152750288227
1_S10E07_267_u,I told you Penny was hiding his things?! It just came up because we-we were talking about secrets and...,0.0026852237060666,0.0002655682619661,0.0023066864814609,6.417828262783587e-05,0.91737699508667,0.0645395293831825,0.0127618741244077,neutral,-0.0697328295500483,0.06986118611530394
1_S10E08_063_u,You think it would be more difficult than that?,7.813955016899854e-05,3.552588532329537e-05,0.0001054153326549,0.000131803608383,0.9995593428611756,7.860808182158507e-06,8.191110100597143e-05,neutral,-9.51379679463571e-05,0.00035874518471235245
1_S10E08_131_u,The last green thing I saw you eat was a Skittle.,9.350756590720266e-05,4.199710019747727e-05,3.382794602657668e-05,0.0005791229777969,0.9992244243621826,2.023656816163566e-05,6.908706382091623e-06,neutral,0.000389553797504,0.0007686921580897923
1_S10E08_140_u,"No, she's right. As long as I've known you, you've always been self-conscious",5.497146776178852e-05,7.390479004243389e-05,0.0001605300058145,0.9236752390861512,0.0171677377074956,0.0587990581989288,6.855058018118143e-05,happy,0.8645867746236036,0.9827637035486988
1_S10E09_021_u,"Oh, good, maybe he can build a nicer bridge to live under.",4.7176119551295415e-05,6.553528510266915e-05,6.960707196412841e-06,0.9875351190567015,0.0122918467968702,3.139305772492662e-05,2.1918773200013675e-05,happy,0.9873840538871264,0.9876861842262769
1_S10E09_066_u,"You know what, I've met Bert. Isn't he an indicator of life on other planets?",1.2255264664418064e-05,0.000600783561822,0.0007121167727746,0.0033441430423408,0.9668293595314026,0.0001268932974198,0.0283744279295206,neutral,0.0018920941456599,0.004796191939021618
1_S10E09_081_u,Say hello to everybody's little friend-- remote control Stephen Hawking!,5.65936898055952e-05,7.177781299105845e-06,6.011642835801467e-05,0.0013318576384335,0.9985137581825256,1.168353537650546e-05,1.8830294720828533e-05,neutral,0.0011962862035943,0.0014674290732727211
1_S10E09_100_u,It's like scrolling through the emojis on my phone.,0.0003336611844133,2.7878048058482815e-05,0.0002558073902036,6.451160152209923e-05,0.998992383480072,0.0003020210133399,2.366353692195844e-05,neutral,-0.0008548560344934,0.0009838792375373821
1_S10E09_169_u,"I wet the bed until college, but I don't think",0.001624311087653,0.0010891940910369,0.0012855406384915,0.0001068874480552,0.9645441770553588,0.0299237798899412,0.0014261667383834,neutral,-0.0338159382590674,0.034029713155177804
1_S10E09_186_u,Let it fly.,8.174331014743075e-06,2.5030441975104623e-05,1.606055593583733e-05,0.0185425151139497,0.9813526272773744,8.804620847513434e-06,4.678474215324968e-05,neutral,0.0184844451641765,0.018600585063722898
1_S10E09_194_u,with his other foot. Wha--?,5.13704726472497e-05,0.0016407610382884,0.0007780818268656,0.001065396470949,0.9784057140350342,0.0005702766939066,0.0174884870648384,neutral,-0.0019750935607589,0.00410588650265685
1_S10E09_258_u,What is going on? Did you upgrade his software last night?,2.666179534571711e-05,0.0001880171330412,0.00045207090443,0.0003000233264174,0.9899515509605408,0.0002226352517027,0.0088590113446116,neutral,-0.0005893617581023,0.0011894084109370171
1_S10E09_324_u,I think I hate all of you nerds.,0.9626245498657228,0.0012039836728945,0.0016152791213244,0.0021776165813207,0.000641293823719,0.0314087495207786,0.000328491179971,angry,-0.9946749455993996,0.999030178762041
1_S10E10_009_u,"You know, I have always thought that this couch would look fantastic on the curb in front of the building.",6.42890518065542e-05,0.0001245091407326,2.6332591005484574e-05,0.2091776132583618,0.7904296517372131,8.03480579634197e-05,9.72510242718272e-05,neutral,0.2088821344168536,0.20947309209986983
1_S10E10_090_u,"Hang on, maybe it's not the worst idea. I mean, he did do a good job taking care of my mother.",9.183167276205496e-05,7.999601075425744e-05,2.8872484108433127e-05,0.7708410620689392,0.2288194447755813,2.8546071916935037e-05,0.0001101935922633,happy,0.7706118158293975,0.7710703083084809
1_S10E10_158_u,I would like to keep... the official flag of our apartment.,1.920042632264085e-05,0.0003393692022655,2.8260397812118757e-05,0.0097601125016808,0.9894771575927734,4.9477788707008585e-05,0.0003265017294324,neutral,0.0093238046865735,0.01019642031678807
1_S10E10_269_u,"Oh, yeah, I read about that on WhoGivesACrap.com",2.5304027076344937e-05,2.458334347466007e-05,3.169280898873694e-05,0.0477611124515533,0.9521241784095764,1.294610137847485e-05,2.025585126830265e-05,neutral,0.0476665861706351,0.04785563873247152
1_S10E10_376_u,"Well, for me, too. It's not the same with you gone.",0.0231408178806304,5.0511232984717935e-05,9.492486424278468e-05,0.0036391024477779,0.287715345621109,0.685250997543335,0.0001083480674424,sad,-0.704898149073415,0.7121763539689707
1_S10E11_321_u,How many times do I have to say I'm sorry?,0.0001439682237105,0.0001432309218216,0.0020048327278345,0.0007498585619032,0.1874592453241348,0.8088481426239014,0.0006506895297206,sad,-0.8103903159353649,0.8118900330591712
1_S10E12_115_u,Cause at the end I assumed there'd be nurses.,2.10269517992856e-05,8.720280675333925e-06,1.0460016710567288e-05,0.0009599149343557,0.9988717436790466,0.0001182612177217,9.908058018481825e-06,neutral,0.0008014464674488,0.0011183834012625869
1_S10E13_095_u,"I've been seeing him for years, I'm still not convinced he's real.",9.112137195188552e-05,2.293535362696275e-05,2.9552973501267843e-05,0.0119856093078851,0.9816967844963074,0.0061079757288098,6.60600999253802e-05,neutral,0.0057340238799952,0.018237194735775016
1_S10E13_135_u,"Oh, no. Good game.",0.0391513556241989,0.0128848860040307,0.0022228863090276,0.9225549101829528,0.0009382994612678,0.0170377623289823,0.005210000090301,happy,0.8512580199167132,0.9938518004491923
1_S10E14_032_u,"So, normal. Yeah--",7.211400952655822e-05,0.0001128338408307,1.1962818462052384e-05,0.0032098512165248,0.996314823627472,0.0001126830902649,0.0001656653184909,neutral,0.0029002574574406,0.0035194449756090103
1_S10E14_056_u,And you think we can get those guys to reprogram Sheldon? Cool.,1.5930976587696932e-05,1.9308683476992883e-05,2.618250982777681e-05,0.0911726355552673,0.9087094664573668,6.452935394918313e-06,4.996264760848135e-05,neutral,0.0911047604499799,0.09124051066055469
1_S10E14_094_u,"Well, when you get the machine, you can find out.",3.1405874324264005e-05,2.917377605626825e-05,3.505791391944513e-05,0.0821818858385086,0.9175556898117064,6.138428034319077e-06,0.0001607188751222,neutral,0.0820801098461743,0.0822836618308429
1_S10E14_476_u,"Oh, so all we need to do is get Sheldon knocked up.",7.008315606071847e-06,3.131287667201832e-05,3.1738753023091704e-05,0.0045779049396514,0.9952789545059204,1.4622765775129665e-05,5.846346175530925e-05,neutral,0.0044932222285751,0.0046625876507277115
1_S10E16_009_u,"Aw, look at you watching sports.",2.2212880139704797e-05,4.233449726598337e-05,1.3092695553496014e-05,0.1934956908226013,0.80457603931427,0.0016730547649785,0.0001776443386916,neutral,0.1917449959846635,0.19524638566053898
1_S10E17_032_u,"Wait, wait, not shopping for clothes, right? Because look.",0.0005992469377815,0.0001822868653107,0.0001305514015257,0.0004891316057182,0.9241815209388732,0.0027318256907165,0.0716854482889175,neutral,-0.0031547792896162,0.0041330425010526
1_S10E17_096_u,"No. Which will make me miserable, which is usually Sheldon's job.",0.9962932467460632,0.0001462214713683,0.0002129688073182,6.940405000932515e-05,0.0007053621229715,0.0025288735050708,4.399909084895626e-05,angry,-0.9991119064798112,0.99925071457983
1_S10E17_125_u,You could charge people money to punch you.,0.0001606090081622,2.3632534066564403e-05,1.4320316950033884e-05,0.0109895793721079,0.9887986779212952,2.2083233943703817e-06,1.097978929465171e-05,neutral,0.0107888091895347,0.011190349554681067
1_S10E17_146_u,"Oh, dear god, you're cheating on me with raj.",0.0012311935424804,0.0068268566392362,0.0103803146630525,3.83397527912166e-05,0.0020104926079511,0.0354401133954525,0.944072723388672,surprise,-0.0538401384874305,0.05391681799301282
1_S10E17_287_u,"Yeah, that's working out great for me.",1.0324050890631042e-05,0.0001953046448761,8.479897951474413e-05,0.9969005584716796,0.0023663155734539,0.0001060698123183,0.0003365646407473,happy,0.9965040609840798,0.9972970559592793
1_S10E18_164_u,Maybe we should take them both to the park and let them run around together.,1.1519103281898424e-05,5.845477426191792e-05,0.0003611877618823,0.2083159685134887,0.7904995679855347,6.568612297996879e-05,0.0006875921390019,neutral,0.2078191207510826,0.20881281627589476
1_S10E18_266_u,Do you actually pay for that haircut?,1.0671669770090377e-05,8.191212691599503e-05,3.720028689713217e-05,0.0004920627106912,0.9983000159263612,5.664916898240335e-05,0.0010215275688096,neutral,0.0003056294581256,0.000678495963256821
1_S10E18_323_u,(sighs) I'll say it again. India.,0.0002422643447062,2.8357257178868167e-05,0.000286994734779,8.355815225513652e-05,0.985079824924469,0.0141864065080881,9.25864587770775e-05,neutral,-0.014660464692497,0.014827580997007305
1_S10E18_391_u,"Oh, great, it'll be easier for you to look up at the stars without a roof over your head.",1.0844270946108736e-05,6.273977487580851e-05,4.9338988901581615e-05,0.998633086681366,0.0007506476249545,9.735098865348846e-05,0.0003958306915592,happy,0.998412812657989,0.998853360704743
1_S10E18_423_u,More reasons for you to stay.,1.2809632607968524e-05,1.4746104170626497e-05,4.484260352910496e-05,0.0009536621510051,0.9989315867424012,1.3812843462801538e-05,2.8551383365993388e-05,neutral,0.0008674509672346,0.0010398733347756015
1_S10E19_015_u,Sure. You're living here for free. I guess I owe you.,3.5220047720940784e-05,1.7344307707389817e-05,6.295251296251081e-06,0.9861509203910828,0.0136566283181309,7.010465196799487e-05,6.346275040414184e-05,happy,0.9860219561323902,0.9862798846497753
1_S10E19_252_u,You sure you don't fit in? You sound like a catty bitch to me.,0.6624204516410828,6.259802466956899e-05,0.0001139275846071,0.0007703207666054,0.3365372121334076,6.018804924678989e-05,3.525450301822275e-05,angry,-0.6618868445330008,0.6634274860662117
1_S10E21_151_u,"Hey, I already set up Howard and Bernadette. It's your turn to ruin some poor girl's life.",0.0330809466540813,3.476796337054111e-05,0.0001444323861505,0.0001157745646196,0.964991569519043,0.0016045175725594,2.7899513952434063e-05,neutral,-0.0347488900115422,0.03498043914078135
1_S10E21_200_u,"What'd you do, delete your photo?",3.109206954832189e-05,7.491176802432165e-05,5.3141026000957936e-05,0.0001118431464419,0.998808979988098,0.0007998159271664,0.0001202706407639,neutral,-0.0008471176442981,0.0010708039371819015
1_S10E23_165_u,"Oh, sweetie, you might not live that long.",0.0073993066325783,3.827627369901165e-05,2.9312894184840843e-05,0.0013139414368197,0.9884710311889648,0.0025880595203489,0.0001601097610546,neutral,-0.0087410138839914,0.011368896757630753
1_S11E01_100_u,"Okay, you can stop leading with that part of the story.",0.0002876732323784,1.989258271350991e-05,2.124470120179467e-05,0.0510704852640628,0.9485878348350524,4.091180471732514e-06,8.845727279549465e-06,neutral,0.0507375835672974,0.05140338696082824
1_S11E01_222_u,"Well, you came to the wrong place.",0.9211949706077576,4.088822242920287e-05,3.57290446117986e-05,0.0009625113452784,0.0707997530698776,0.0069366479292511,2.9586513846879825e-05,angry,-0.9272457244587712,0.929170747149328
1_S11E01_337_u,"I'm sorry, what?",0.0008744008955545,5.2544772188412026e-05,7.550595910288393e-05,0.0096287215128541,0.95114004611969,0.038040030747652,0.0001888200931716,neutral,-0.0294137608616438,0.048671203887351897
1_S11E01_400_u,"Well, Bernadette has to grow a baby inside of her, and Amy has to marry one. My life is great.",0.0001419594482285,3.017672679561656e-05,1.9514094674377706e-05,0.9968949556350708,0.0028416363056749,4.447323226486333e-05,2.7174743081559427e-05,happy,0.9966588321331074,0.9971310791370341
1_S11E01_446_u,"H-Hey, her eyes are up there.",1.3130161278240848e-05,1.7567785107530653e-05,9.544728527544066e-06,0.0070006870664656,0.9929214119911194,2.4449491320410743e-05,1.3119961295160463e-05,neutral,0.0069359949002318,0.007065379232699326
1_S11E02_008_u,"Yeah, I'm still mad at you. (clears throat)",0.098357006907463,3.8593774661421776e-05,4.37238413724117e-05,0.001802681828849,0.8994973301887512,0.0001206005399581,0.0001400359033141,neutral,-0.096757243234606,0.10036260689230395
1_S11E02_030_u,Really? You?,4.9513739213580266e-05,0.0024729957804083,0.0010997267672792,0.0016298168338835,0.284304678440094,0.0012335702776908,0.709209680557251,surprise,-0.0032259897307085,0.0064856233984753806
1_S11E02_049_u,Thank you for having me. Whoa... (chuckles) Could never get used to hearing myself in headphones. Is that really how I sound?,2.094202318403404e-05,4.784610791830346e-05,6.328462768578902e-05,0.9987252354621888,0.0002791425795294,0.0005420102970674,0.0003214704629499,happy,0.9980511524063332,0.9993993185180443
1_S11E02_127_u,Fingers crossed.,1.269962467631558e-05,9.630047861719504e-05,0.0002768827253021,0.1224210709333419,0.877004086971283,6.434386887121946e-05,0.0001246008032467,neutral,0.1219708442358751,0.12287129763080873
1_S11E02_205_u,"Well, that's why I brought the bottle.",1.8238397387904115e-05,2.6785197405843064e-05,8.435798008576967e-06,0.0031578438356518,0.996768593788147,3.335600695208996e-06,1.672838698141277e-05,neutral,0.0031010488421543,0.003214638829149333
1_S11E02_299_u,Tell me about it. Howie texts me every time his dog levels up in Warcraft.,5.684663483407349e-05,4.410554993228288e-06,1.495303604315268e-05,0.001668402343057,0.9982158541679382,1.2695827535935678e-05,2.676230542419944e-05,neutral,0.0015794962896507,0.00175730839646339
1_S11E03_006_u,I thought we agreed on June 15.,9.902881720336154e-05,1.021862044581212e-05,5.340762072592042e-05,0.0001549652515677,0.9986721277236938,0.0009706383571028,3.964736970374361e-05,neutral,-0.0009783281639101,0.0012882586670455941
1_S11E03_067_u,I'm not setting her up with Raj.,0.3820840120315552,8.334544691024348e-05,0.0003100166213698,0.0001814405550248,0.617229163646698,1.639277979847975e-05,9.568687528371812e-05,neutral,-0.3823123263246089,0.3826752074346585
1_S11E03_169_u,"Me, either. What a small world.",1.974370388779789e-05,5.825086918775924e-05,1.5818704923731275e-05,0.4023864865303039,0.596744179725647,0.0001127909490605,0.0006627297261729,neutral,0.4021798823032441,0.4025930907573637
1_S11E03_220_u,"Honey, that's you.",1.849558248068206e-05,3.5312150430399925e-05,7.712128535786178e-06,0.0616432800889015,0.9382475018501282,3.2458996429340914e-05,1.530325425846968e-05,neutral,0.0615493012310253,0.06173725894677771
1_S11E03_250_u,Why should I bow out?,3.305130303488113e-05,4.221234485157765e-05,4.589839227264747e-05,0.0002636234567034,0.9995480179786682,4.5132670493330806e-05,2.208336445619352e-05,neutral,9.73287460510619e-05,0.0004299181673558371
1_S11E03_321_u,What's to worry about?,0.0002793445892166,6.458639836637303e-05,0.0004710463981609,0.0001799078017938,0.998941957950592,2.033028067671694e-05,4.271086800144985e-05,neutral,-0.0006553998646268,0.0010152154682143899
1_S11E03_365_u,"Oh, my God, what happened?!",5.0281705625820905e-05,0.0021211465355008,0.0018457386177033,7.084051321726292e-05,0.0053253932856023,0.0036027948372066,0.9869837760925292,surprise,-0.0075491211828193,0.0076908022092537845
1_S11E04_005_u,"Oh, that's sweet, but today is all about you.",4.654266376746818e-05,0.0001417955209035,1.938807326951064e-05,0.6031944751739502,0.3965400159358978,1.680467903497629e-05,4.091397931915708e-05,happy,0.6029699442369747,0.6034190061109257
1_S11E04_016_u,"Well, it's a boy.",5.957314351690002e-05,6.714585470035672e-05,6.343369932437781e-06,0.1599651426076889,0.8398494124412537,1.0681599633244332e-05,4.163487392361276e-05,neutral,0.1598213986399059,0.16010888657547184
1_S11E04_024_u,I already have a little version of Howard.,4.270408317097463e-05,0.0002216985885752,0.0002945584419649,0.0003590446431189,0.9989213943481444,6.992727139731869e-05,9.069884981727228e-05,neutral,-0.0002698437419894,0.0009879330282272932
1_S11E04_067_u,"Nah, it's worth it.",9.204450179822744e-05,4.990232264390215e-05,1.697182233328931e-05,0.0999833345413208,0.8998315930366516,7.262452982104151e-06,1.885127858258784e-05,neutral,0.0998171534415632,0.10014951564107832
1_S11E04_137_u,"""Daddy's little girl""?",1.0237788046651984e-05,4.5787332055624574e-05,1.9954626623075452e-05,0.0078702243044972,0.9916547536849976,7.508581620641053e-05,0.0003239251091144,neutral,0.0077191587415654,0.008021289867428963
1_S11E04_162_u,It's more of a tradition.,4.076579352840781e-05,0.000159411036293,3.0387507649720646e-05,0.2829099893569946,0.7168061137199402,2.8516273232526142e-05,2.477305315551348e-05,neutral,0.2826509087462909,0.28316906996769825
1_S11E04_273_u,"Thanks for trying, but you're not gonna be able to cheer me up.",0.0001389349490636,5.193739343667403e-05,3.723814006661996e-05,0.9966300129890442,0.0002560215361882,0.0028416386339813,4.4150339817861095e-05,happy,0.993560263872496,0.9996997621055924
1_S11E04_298_u,"No, I'm fine.",2.4912964363466017e-05,0.0003980040200985,2.3293077902053483e-05,0.8621971011161804,0.1370684504508972,1.7928157831192948e-05,0.0002703916979953,happy,0.8617329628959851,0.8626612393363756
1_S11E04_315_u,Okay... I'm pretty sure they're not best friends.,0.0006736065261065,6.628580740652978e-05,2.356664481339976e-05,0.9979941844940186,0.0010714017553254,7.722226291662082e-05,9.37178119784221e-05,happy,0.9971535032527754,0.9988348657352616
1_S11E04_347_u,What about people distracted by irritating passengers?,0.0060395849868655,4.7028624976519495e-05,3.760589606827125e-05,0.0004163651319686,0.9934450387954712,5.613233497570036e-06,8.887004696589429e-06,neutral,-0.0057134676094392,0.006546197873376461
1_S11E05_005_u,"Yeah, which is why it's okay.",1.6494044757564552e-05,0.0001107201096601,1.8952383470605128e-05,0.9659879207611084,0.03372173756361,1.7070546164177358e-05,0.0001270836655749,happy,0.965824683677056,0.9661511578451608
1_S11E05_060_u,Wha... No!,0.417924553155899,0.0007039798656478,0.0006009133649058,0.000518751097843,0.5693773627281189,0.0006265582051128,0.010247922502458,neutral,-0.4193372534937225,0.4203747556894084
1_S11E05_099_u,"Based on that ring on your finger, I'd say you're pretty good at controlling robots.",1.3354153452382889e-05,7.602008554385975e-05,0.0004841561894863,0.997757852077484,0.0005174033576622,7.805146742612123e-05,0.0010732143418863,happy,0.9971062701815754,0.9984094339733927
1_S11E05_156_u,My ride home with you was hellish.,0.6037219762802124,0.0037608193233609,0.1120605990290641,0.0003652141895145,0.2787231206893921,0.0012483517639338,0.000119908581837,angry,-0.7204265322070569,0.7211569605860857
1_S11E05_186_u,What do we do when he turns six? Take him to the zoo and leave him there.,0.0023999910335987,8.656630961922929e-05,0.0001623880380066,4.2400330130476505e-05,0.997186005115509,1.7425270925741643e-05,0.000105210179754,neutral,-0.0026239703220198,0.0027087709822807473
1_S11E05_193_u,I thought his work wife was standing in my kitchen.,0.001839744974859,0.0650413259863853,0.0431219302117824,7.330463995458558e-05,0.105983056128025,0.0129628833383321,0.7709777355194092,surprise,-0.1228925798714044,0.1230391891513134
1_S11E05_253_u,Maybe there's something in the book that will help.,1.4406488844542764e-05,6.351822958094999e-05,0.000123751713545,0.1602219343185424,0.8378685116767883,0.0001767571666277,0.0015310662565752,neutral,0.1598435007199441,0.1606003679171406
1_S11E05_306_u,"I used to make it appear in my pants, but HR said I had to stop doing that.",0.0003887915227096,0.0003956251603085,0.0005730842822231,0.0004110388690605,0.9941967725753784,0.0039461287669837,8.855378109728917e-05,neutral,-0.0048925908631645,0.0057146686012854
1_S11E05_343_u,"At least he can still clean the oven, so that's something.",1.3086160834063776e-05,9.216282342094928e-05,1.7497060980531387e-05,0.1042364090681076,0.895232617855072,2.3435191906173717e-05,0.000384696497349,neutral,0.1040902278309658,0.10438259030524932
1_S11E05_370_u,"Leonard, what are you doing?",7.616135553689674e-05,0.0046750959008932,0.0032114386558532,7.074412133079022e-05,0.026322241872549,0.0021727588027715,0.9634715914726256,surprise,-0.0100647105937241,0.010206198836385587
1_S11E05_402_u,"Oh, my God, you're still here?",1.1447392353147734e-05,0.0014818350318819,0.0003631651052273,0.0001465175300836,0.0007867040694691,0.0003430421056691,0.9968672394752502,surprise,-0.0020529721050479,0.002346007165215048
1_S11E05_429_u,"Yeah, Bernadette texted earlier. Raj is really getting on her nerves.",5.974332452751696e-05,8.421186066698283e-06,0.0007928128470666,0.0070352521724998,0.9915229082107544,0.0005395463085733,4.126539352000691e-05,neutral,0.0056347285062656,0.008435775838733915
1_S11E05_448_u,"In the book this is based on, that man's the killer.",0.0003584626829251,1.7709249732433818e-05,5.245391730568372e-05,0.0003454246325418,0.9992087483406068,1.3664838661497924e-05,3.6116066439717534e-06,neutral,-9.686605608294484e-05,0.0007877153211665155
1_S11E06_003_u,"I'm not allowed to eat for 12 hours before my surgery, and I only got two more minutes.",0.0001976823987206,6.784764264011756e-05,0.001287225051783,0.0002793580933939,0.9979933500289916,8.299899491248652e-05,9.152616985375062e-05,neutral,-0.0013563959946623,0.001915112181450104
1_S11E06_019_u,"He was cremated, and his remains were put in a baking soda volcano.",0.0001343350013485,0.0001882874785223,0.0001182642081403,0.0005684558418579,0.9989207983016968,6.287520955083892e-05,7.050145541143138e-06,neutral,6.469394429586828e-05,0.0010722177394198388
1_S11E06_060_u,Gift shop.,1.6991312804748304e-05,8.712126145837829e-05,1.4632488273491616e-05,0.0035702479071915,0.996109664440155,0.0001593418710399,4.204484139336273e-05,neutral,0.0032921609736149,0.003848334840768018
1_S11E06_102_u,"No, he is saying how can these prices be so low?",0.0069276918657124,3.983093483839184e-05,9.735912317410111e-05,6.1524857301265e-05,0.9927398562431335,1.3497557119990232e-05,0.0001202891071443,neutral,-0.0070168546235436,0.007139904338146148
1_S11E06_187_u,"You want to lie down, watch a movie?",9.094628694583662e-06,2.5951261704904027e-05,0.0001221920247189,0.0023179692216217,0.9973081350326538,6.696081982227042e-05,0.0001497272314736,neutral,0.002093770486681,0.002542167956562358
1_S11E06_249_u,"Well, you're... I can get the baby.",1.7919466699822806e-05,0.0001219387340825,2.0753430362674408e-05,0.371638536453247,0.6278318166732788,3.07589907606598e-05,0.0003381848800927,neutral,0.3714471658313414,0.3718299070751527
1_S11E06_391_u,How irresponsible do you all think I am?,0.002555115846917,7.217805978143588e-05,0.0011788085103034,0.0001171756812254,0.9652858376502992,0.0307332873344421,5.76319289393723e-05,neutral,-0.0344222140702186,0.03465656543266934
1_S11E06_410_u,"You were a terrible waitress, and we still asked you to get us a snack.",0.0019121030345559,0.977822482585907,0.0069549684412777,0.0003439663851168,0.0119597660377621,0.0004746912745758,0.0005320205236785,disgust,-0.9868202789511996,0.9875082117214332
1_S11E06_448_u,"Well, don't worry. He's now on my enemies list forever. He's totally cut off.",0.0004264595627319,3.312216358608566e-05,0.0001987168652703,0.9975146055221558,0.0016908621182665,5.002131729270332e-05,8.617097773822024e-05,happy,0.9968062856132748,0.9982229254310367
1_S11E07_026_u,"It does, but it's still geology.",0.0011385154211893,2.8749605917255398e-05,6.443021447921637e-06,0.0134765598922967,0.98533034324646,6.773124823666876e-06,1.2575989785545971e-05,neutral,0.0122960787189185,0.014657041065674843
1_S11E07_112_u,It doesn't even matter how many all-rounders you have.,0.0001356227294309,1.8765755157801323e-05,3.236123302485794e-05,0.0002960978890769,0.9991014003753662,7.021515193628147e-05,0.0003454817051533,neutral,3.913301952707116e-05,0.0005530627586267407
1_S11E07_153_u,"Just a minute, I want to make sure Leonard can't hear us.",0.0001213095893035,5.370494363887701e-06,9.751935431268066e-05,0.000245578965405,0.9994389414787292,1.5632751455996186e-05,7.56358276703395e-05,neutral,5.746775968873408e-06,0.00048541115484106455
1_S11E07_161_u,I don't know. Poor Bert?,0.0012382910354062,1.3574373951996677e-05,4.352689938968979e-05,0.0002322441432625,0.9981430768966676,0.0002875878999475,4.159006493864581e-05,neutral,-0.001350736065433,0.0018152243519578863
1_S11E07_220_u,I should get a haircut; this thing's going south fast.,0.0001701236178632,4.5621949539054185e-05,6.249504804145545e-05,0.002930786460638,0.9897233247756958,0.0070334123447537,3.421765359234996e-05,neutral,-0.0043808664995594,0.010242439420835409
1_S11E07_265_u,"Sheldon, that was pretty rude.",0.9731374382972716,0.0097458809614181,0.0024141443427652,0.0002190935629187,0.0008287284872494,0.0126979760825634,0.0009567158995196,angry,-0.9977763461210998,0.9982145332469371
1_S11E07_271_u,No! Get out of here!,0.9892625212669371,0.0007440931512974,0.0043032383546233,0.0010784463956952,0.0038767477963119,0.0002763132506515,0.0004586643481161,angry,-0.9935077196278144,0.9956646124192046
1_S11E07_381_u,Bert asked for my help.,2.1956000637146644e-05,6.897107959957793e-05,0.0001188118330901,0.0008112333598546,0.9987877011299132,2.2506423192680813e-05,0.0001687912736088,neutral,0.0005789880233351,0.0010434786963741053
1_S11E07_405_u,And she still doesn't.,0.0330914966762065,5.956912355031818e-05,0.0001137321305577,0.0001122671965276,0.9656943082809448,0.0007428603130392,0.0001857253519119,neutral,-0.0338953910468262,0.034119925439881314
1_S11E07_415_u,Give him a chance. He's gonna get this.,8.161331606970634e-06,3.674955587484874e-05,6.722583202645183e-05,0.503666341304779,0.4961127042770386,3.229799767723307e-05,7.64894430176355e-05,happy,0.5035219065875935,0.5038107760219646
1_S11E08_005_u,"Well, according to his text, he was on the second floor, then he stopped to tie his shoe.",6.01303945586551e-05,2.195742490584962e-05,4.822516348212957e-05,0.0002881344698835,0.99952232837677,4.9453370593255386e-05,9.823903383221476e-06,neutral,0.0001083681163436,0.0004679008234233897
1_S11E08_113_u,"Yeah, just turn off your brain and let your uterus do its magic.",1.2755573152389845e-05,1.72308264154708e-05,0.0001264258753508,0.8634011745452881,0.136338010430336,4.941422594129108e-05,5.499920371221378e-05,happy,0.8631953480444281,0.8636070010461481
1_S11E08_137_u,I don't know. Target practice?,0.0010113904718309,2.1869771444471556e-05,5.02406655868981e-05,0.000101482750324,0.9987074136734008,3.486072091618553e-05,7.274957897607237e-05,neutral,-0.0010168788794544,0.001219844380102455
1_S11E08_142_u,Great. I want answers and he'd better give them to us.,0.0056129982694983,7.857517630327493e-05,4.9716836656443775e-05,0.932706654071808,0.0614465363323688,2.419158408883959e-05,8.124364103423432e-05,happy,0.926941172205261,0.9384721359383549
1_S11E08_195_u,I know. It was when I stubbed my toe.,6.687064160360023e-05,0.0001487545523559,0.0017663186881691,0.0003671259910333,0.9486323595046996,0.0480748824775218,0.0009436547406949,neutral,-0.0496897003686171,0.0504239523506837
1_S11E08_217_u,"You know what, you like to think that you're just like Tesla, but the truth is you're exactly like Edison.",0.0001627504534553,0.0002282360946992,0.0067102955654263,0.7959991693496704,0.1867610067129135,0.0004508958663791,0.0096875671297311,happy,0.7884469913697103,0.8035513473296304
1_S11E08_283_u,Get to the point! Oh.,0.0001170958785223,0.0001422709610778,3.1684088753536344e-05,0.0054788179695606,0.987349569797516,4.81924980704207e-05,0.0068324222229421,neutral,0.0051395745431364,0.005818061395984657
1_S11E08_305_u,Be even better if he swapped out the helium for xenon.,6.169703283376293e-06,5.31901532667689e-05,3.408802149351686e-05,0.1595131158828735,0.840286910533905,2.677503835002426e-05,7.974194886628538e-05,neutral,0.1593928929664798,0.1596333387992672
1_S11E08_351_u,Yes. Why don't you run get me a can of Pringles.,3.220401777070947e-05,3.301783726783469e-05,0.0001078989225788,0.0375210531055927,0.9621692299842834,6.4751757236081176e-06,0.0001301998563576,neutral,0.0373414571522516,0.03770064905893365
1_S11E08_428_u,"Well, that doesn't help at all.",0.9771664142608644,6.323257548501715e-05,0.0001191055052913,4.392880873638205e-05,0.0209647007286548,0.0014618530403822,0.0001808468077797,angry,-0.9787666765732864,0.9788545341907592
1_S11E10_009_u,"(knocking) Hey, you had unprotected sex with Howard. You deserve to be miserable.",0.9544527530670166,0.0023450253065675,0.0016283335862681,4.948368223267608e-05,0.031846173107624,0.0096485568210482,2.9777593226754107e-05,angry,-0.968025185098668,0.9681241524631331
1_S11E10_062_u,Why not hexadecimal?,2.2927408281248063e-05,2.31872054428095e-05,1.5151577827055007e-05,0.0020318024326115,0.9978874325752258,3.78428740077652e-06,1.5707797501818277e-05,neutral,0.0019667519536596,0.002096852911563389
1_S11E10_143_u,Stop apologizing!,0.984264612197876,3.48187968484126e-05,0.0002739037154242,6.276601925492287e-05,0.0150621272623538,0.0002834531478583,1.8335658751311712e-05,angry,-0.984794021838752,0.9849195538772618
1_S11E10_228_u,"while we're apart, can I see other needy Indian men?",4.57529749837704e-05,0.0002732244611252,9.889420471154152e-05,0.0007453032885678,0.9968886971473694,0.001935901120305,1.2244508980074896e-05,neutral,-0.0016084694725577,0.003099076049693312
1_S11E10_240_u,"I forget, which mental hospital are you guys registered at?",4.655057637137361e-05,9.687673809821716e-06,0.0001647950120968,0.0001330716477241,0.99955815076828,6.363813736243173e-05,2.4120106900227256e-05,neutral,-0.0001515997519163,0.00041774304736452706
1_S11E10_249_u,"(sighs) Well, what's it gonna take? You want half my sandwich?",0.000432820757851,1.7440663214074448e-05,5.064457218395546e-05,8.671906834933907e-05,0.9976717829704284,0.0016995893092826,4.099554644199088e-05,neutral,-0.0021137762341822,0.0022872143708809693
1_S11E10_297_u,"Oh, okay. Sorry. I wasn't ready for it. Try again.",5.449132731882855e-05,9.174909064313395e-05,0.0026595576200634,0.0135720446705818,0.0007939317729324,0.982475757598877,0.0003524457279127,sad,-0.9717095109663204,0.9988536003074842
1_S11E10_309_u,Then you never saw any other people?,3.1867744837654755e-05,9.638167830416931e-05,2.9633918529725637e-05,0.000292683893349,0.9994269609451294,5.44594440725632e-05,6.800708797527477e-05,neutral,8.034110760490876e-05,0.0005050266790931129
1_S11E10_337_u,"Wow, this conversation got mean fast.",1.199339112645248e-05,0.0001602812117198,0.0006812314968556,0.0114190122112631,0.0004791597602888,0.0001016169044305,0.9871467351913452,surprise,0.0104638892071307,0.012374135215395451
1_S11E10_432_u,I'll catch up with you guys. Okay.,9.9829318060074e-05,1.990084638237022e-05,0.0002092944341711,0.912693202495575,0.0861042290925979,0.0007375114364549,0.0001360050082439,happy,0.9116266664605064,0.9137597385306434
1_S11E10_461_u,"Decaf, genius. (clears throat)",0.0002608208742458,5.715416045859456e-05,1.2282617717573883e-05,0.9936798810958862,0.0058850734494626,8.568718476453796e-05,1.90349601325579e-05,happy,0.9932639362586996,0.9940958259330728
1_S11E11_024_u,Why are you smoking meat?,0.0002465251309331,0.0001925530377775,5.713338759960607e-05,0.0001057227855199,0.999106466770172,1.2963690096512435e-05,0.0002785350079648,neutral,-0.0004034524608869,0.0006148980319266185
1_S11E11_055_u,"I have an extra ticket to the opening of The Last Jedi tonight. It was gonna be Howard's, but you can have it.",3.6244407965568826e-05,9.489099284110123e-06,9.314519411418588e-05,0.1489275991916656,0.8505054712295532,0.0002800631627906,0.0001480606733821,neutral,0.1485086573275111,0.14934654105582007
1_S11E11_077_u,I don't know.,0.0024526487104594,0.0001161834225058,0.0001824359496822,6.624099478358403e-05,0.9962385892868042,6.659965583821759e-05,0.0008773017325438,neutral,-0.0027516267437022,0.0028841087332692017
1_S11E11_098_u,"Aw, the people's pajamas have little horses on them, and the horses' have little people.",2.9467100830515847e-05,3.687025673571043e-05,9.618969670555089e-06,0.5379191637039185,0.4619350135326385,4.5553962991107255e-05,2.4288310669362545e-05,happy,0.5377976534136906,0.5380406739941463
1_S11E11_127_u,Great. Can you bring a few things?,4.034423182019964e-05,4.603484921972267e-05,0.0001976422499865,0.9569084644317628,0.0427215993404388,4.6066030336078256e-05,3.982992711826228e-05,happy,0.9565783770704002,0.9572385517931253
1_S11E11_182_u,"Oh, fun. Can I help?",3.776211542572128e-06,8.267271186923608e-05,3.720885797520168e-05,0.0847544744610786,0.91475111246109,0.0001070957732736,0.0002637156285345,neutral,0.084523720906418,0.08498522801573921
1_S11E11_217_u,"Great, 'cause it's tomorrow, and I need you to plan it.",5.157769555808045e-05,0.0001734822581056,0.0004568448057398,0.9522994756698608,0.0463086515665054,3.544116043485701e-05,0.0006745572318322,happy,0.9515821297500224,0.9530168215896992
1_S11E11_301_u,"No, the fern. The one in the bathroom.",0.0271027106791734,5.311393761076033e-05,0.0002295786252943,4.275161336408928e-05,0.9724198579788208,3.6090292269364e-05,0.0001159321982413,neutral,-0.0273787419209838,0.027464245147711914
1_S11E11_343_u,"Oh, grow up.",0.7917985320091248,0.0001728714560158,0.0001570213353261,0.000151530461153,0.2074945569038391,8.426061685895547e-05,0.0001412820856785,angry,-0.7920611549561727,0.7923642158784787
1_S11E11_403_u,"Ooh, I want to see the birthday girl.",1.081314530892996e-05,3.015675065398682e-05,1.0934745660051703e-05,0.1573708653450012,0.8424569368362427,3.155750164296478e-05,8.879806409822777e-05,neutral,0.1572874032017353,0.15745432748826713
1_S11E12_038_u,That's funny. I always thought Howard was nature's way of saying  the Wolowitz line ends here,1.5126808648346923e-05,5.224039705353789e-05,1.0714908967202064e-05,0.971962869167328,0.0278200712054967,6.245020631467924e-05,7.657931564608589e-05,happy,0.971822336846344,0.9721034014883118
1_S11E12_237_u,Why can't Amy drive you?,7.580094006698346e-06,4.819172318093479e-05,1.7583482986083254e-05,0.0063370340503752,0.9935593605041504,1.493165018473519e-05,1.5274159522959962e-05,neutral,0.0062487471000167,0.006425321000733651
1_S11E12_279_u,"Yeah, did Sheldon send it to you?",8.211524800572079e-06,9.494875848758966e-05,0.0002854977792594,0.00113608664833,0.996967613697052,3.934689084417187e-05,0.0014683493645861,neutral,0.0007080816949383,0.0015640916017217337
1_S11E12_290_u,I don't think they're acting.,0.0683443546295166,3.939361340599135e-05,0.0001263286685571,7.456618914147839e-05,0.9309635162353516,0.000142798438901,0.0003090113750658,neutral,-0.0685783091612393,0.06872744153952216
1_S11E13_001_u,Newspapers? Did you find a portal back to the 1990s?,2.7895559469470758e-05,1.1684393030009232e-05,5.625607809633948e-05,0.0005047087906859,0.9992863535881042,1.4389918760571165e-05,9.870292706182228e-05,neutral,0.0003944828413295,0.0006149347400422906
1_S11E13_211_u,"Wow, I didn't think anything could top last night's spelling bee, but here comes math.",0.0006005833856761,6.34281022939831e-05,0.0012282036477699,0.7752764821052551,0.1962383091449737,0.0014586962061002,0.0251342691481113,happy,0.7719255707634147,0.7786273934470953
1_S11E13_362_u,Did it work?,5.659858288709074e-06,3.5861070500686765e-05,8.894256461644545e-05,0.0031143671367317,0.9964839220046996,0.0001519278011983,0.0001193058124044,neutral,0.0028319758421275,0.0033967584313358413
1_S11E16_170_u,You're right. That's so much better.,1.416655049979454e-05,4.45887453679461e-05,1.589061866980046e-05,0.99895441532135,0.0008129387861117,9.834425145527348e-05,5.95704150327947e-05,happy,0.9987814251553572,0.9991274054873428
1_S11E18_206_u,I didn't know that came in a boys' medium.,4.055117824464105e-05,0.0001231674541486,0.0001267150073545,0.0007978955982252,0.9836328625679016,0.0004445810627657,0.0148342847824096,neutral,6.28808957117144e-05,0.0015329103007386412
1_S11E19_030_u,"Except for you, Sheldon. You're eating crow.",0.0002050364419119,9.59747649176279e-06,1.1749455552489962e-05,0.0002203131298301,0.9992173910140992,0.0002865030255634,4.941773659083992e-05,neutral,-0.0002925732696894,0.0007331995293496528
1_S11E19_143_u,The drone or your stupid robot show,0.8327449560165405,0.0008213819819502,0.001284874160774,4.046829417347908e-05,0.1641621440649032,0.0007196872029453,0.0002264369250042,angry,-0.8355304310680367,0.8356113676563837
1_S11E20_143_u,"Oh, just about who you're marrying.",0.0005013518966734,1.3396656868280845e-05,2.5527509933453985e-05,0.0001084651739802,0.9993139505386353,5.789569513581228e-06,3.149606345687061e-05,neutral,-0.0004376004590085,0.000654530806968916
1_S11E20_332_u,And alive?,4.044972229166888e-05,0.003985927440226,0.0004255146195646,0.0016950815916061,0.4720342457294464,0.0004449522530194,0.5213738679885864,surprise,-0.0032017624434956,0.006591925626707769
1_S11E21_080_u,Is it your teen years?,1.3364518054004291e-05,0.0002542214642744,0.0009851187933236,0.0005832373863086,0.997562289237976,0.000197199784452,0.0004046016547363,neutral,-0.0008666671737955,0.002033141946412604
1_S11E21_201_u,"I'll go to dinner, and you can stay home with the Internet and have romance.",2.1918152924627066e-05,1.4042782822798472e-05,2.4586081053712405e-05,0.0042401165701448,0.9955950379371644,4.439624262886355e-06,9.992619015974924e-05,neutral,0.0041751299290808,0.004305103211208824
1_S11E22_069_u,"Mm. Well, I've got a push-up bra I can loan you that always gets me free drinks.",4.2814954213099554e-05,1.4346070202009288e-05,9.428314115211832e-06,0.0728478953242302,0.9270593523979188,4.699252258433262e-06,2.1290317818056792e-05,neutral,0.0727766067334414,0.07291918391501895
1_S11E22_149_u,"If there's someone more relentless than you, I'd like to meet them.",0.0506080836057662,4.231168713886291e-05,6.369558832375333e-05,0.0008815205655992,0.9483160972595216,1.2581434930325486e-05,7.5728734373115e-05,neutral,-0.04984515175056,0.051608192881758344
1_S11E22_205_u,No. I'm just sitting here at my desk typing on my computer for nothing.,0.9957488179206848,3.862676749122329e-05,0.000171763531398,0.0001122085741371,0.0037561303470283,0.0001344883494311,3.811767237493768e-05,angry,-0.995981487994868,0.9962059051431422
1_S11E22_260_u,Step one is flunk out of art school.,5.1316688768565655e-05,2.3746830265736207e-05,7.50146500649862e-05,0.0002571419754531,0.999338686466217,0.0002414842165308,1.2649272321141323e-05,neutral,-0.0001344204101769,0.000648704361083188
1_S11E23_048_u,"Ooh, now it's starting to sound like a good wedding.",9.006960681290366e-06,5.006361971027218e-05,1.83845404535532e-05,0.9981629252433776,0.0014472965849563,8.845905540511012e-05,0.0002238892484456,happy,0.9979970110671276,0.9983288394196278
1_S11E24_338_u,"Oh, science? Shocking!",1.2779316421074329e-05,0.0004806345677934,0.0017734813736751,0.0001487043482484,0.0004347313661128,0.0001012193315546,0.9970484375953674,surprise,-0.0022194102411958,0.002516818937692574
1_S12E01_111_u,This is the news. And that was a woman torn between two hunky vampires.,2.140276410500519e-05,7.418671157211065e-05,1.4480150639428755e-05,0.0277300979942083,0.971771001815796,2.7859998226631436e-05,0.0003610976273193,neutral,0.0275921683696651,0.027868027618751477
1_S12E01_139_u,You happy? You smell like Amy's dad.,5.068046448286623e-05,3.940905662602745e-05,1.8921822629636157e-05,0.0031721924897283,0.9966314435005188,6.25447355560027e-05,2.4823093554005027e-05,neutral,0.0030006364104337,0.0033437485690228324
1_S12E01_150_u,You want to say it? You can say it.,3.175192614435218e-05,6.038411083864048e-05,3.410036879358813e-05,0.0060243397019803,0.9937398433685304,3.5505993309925543e-06,0.0001060318973031,neutral,0.0058945526968727,0.006154126707087874
1_S12E01_248_u,"You know, I cut you a lot of slack cause you come from another country, but you've been here a long time.",4.705165338236839e-05,3.298717274446972e-05,0.0001956132473424,0.0013327742926776,0.9963716268539428,0.0018941386369988,0.0001257421681657,neutral,-0.0008370164177904,0.0035025650031456383
1_S12E01_268_u,What are you gonna do? He's from another country.,0.0009750315803103,0.0001417856983607,0.0037076044827699,3.719028245541267e-05,0.993183434009552,0.0007162427064031,0.0012386875459924,neutral,-0.0055034741853887,0.005577854750299413
1_S12E01_274_u,Just let it go.,0.0001551390450913,1.5219953638734296e-05,2.007859802688472e-05,0.0002814291801769,0.9994383454322816,7.03669575159438e-05,1.926055301737506e-05,neutral,2.062462590401992e-05,0.0005422337344497628
1_S12E01_297_u,for a successful day of ballbusting.,0.0059944889508187,0.0006336192600429,0.0003360770933795,0.9862000942230223,0.002806318225339,0.0035924215335398,0.0004369642410892,happy,0.9756434873852412,0.9967567010608032
1_S12E01_325_u,You called him Mike Tyson's little sister.,0.0024319957010447,6.17943805991672e-05,0.0001486953260609,5.414014231064357e-05,0.9971781969070436,1.509365210949909e-05,0.0001100371227948,neutral,-0.0026034389175038,0.0027117192021249097
1_S12E01_332_u,"Oh, please, you're just the right amount of bearing.",1.141225584433414e-05,0.0002719991607591,4.050138522870839e-05,0.4621629118919372,0.5369314551353455,3.184947127010673e-05,0.0005498685059137,neutral,0.4618071496188349,0.46251867416503945
1_S12E01_339_u,"Me, too.",3.773799107875675e-05,0.0001310140796704,1.1556047866179142e-05,0.055016566067934,0.9446009397506714,2.7030582714360207e-05,0.0001751931849867,neutral,0.0548092273666043,0.0552239047692637
1_S12E02_006_u,"I told you, I'm not okay with it.",0.9577282667160034,4.614588033291511e-05,0.0001395905565004,9.562769264448434e-05,0.0398773252964019,0.0020642064046114,4.874157821177505e-05,angry,-0.9598825818648038,0.9600738372500925
1_S12E02_105_u,Are you sure she wasn't trying to breathe life back into him?,1.4068352356844116e-05,2.729437983362004e-05,1.9791386876022443e-05,0.0084954630583524,0.9914076924324036,7.961599294503685e-06,2.775298708002083e-05,neutral,0.0084263473399914,0.00856457877671339
1_S12E02_118_u,Is she into you or does she just hate her parents?,0.0049110343679785,1.640118716750294e-05,2.441861579427496e-05,0.0002314849989488,0.9947781562805176,2.828290053003002e-05,1.0284284144290725e-05,neutral,-0.0047486520725215,0.005211622070419108
1_S12E02_204_u,Of course he knows what it is. He's the smartest man in the world.,0.0006632175063714,4.820644971914589e-05,2.2910151528776623e-05,0.9975977540016174,0.0013320496072992,0.0001242751604877,0.0002115808892995,happy,0.9967391447335104,0.9984563632697245
1_S12E02_228_u,"If you're asking if you and Amy should spend the next couple days running all over town searching for the next clue, I'm gonna have to say yes.",2.395967749180272e-05,6.050406955182552e-05,0.000273350480711,0.9956654906272888,0.001864108024165,0.0001073595558409,0.0020052338950335,happy,0.9952003168436931,0.9961306644108843
1_S12E02_262_u,Riveting.,3.703022593981586e-05,0.0002982471196446,7.420570182148367e-05,0.683648943901062,0.3143413066864013,0.0014802621444687,0.0001200768238049,happy,0.6817591987091873,0.6855386890929366
1_S12E02_274_u,"Or you can ask me, the geologist who won the MacArthur Genius Grant.",3.16322548314929e-05,3.223022213205695e-05,0.0002355328761041,0.0011792604345828,0.9976145029067992,3.0098823117441494e-05,0.0008766878745518,neutral,0.0008497662583977,0.0015087546107678913
1_S12E02_358_u,Wow. Gentile moms are tough.,0.00034011376556,0.0003910774830728,0.0009364865836687,0.1535080373287201,0.0099322376772761,0.0007114433101378,0.8341805338859558,surprise,0.1511289161862805,0.15588715847115941
1_S12E02_385_u," And if not, swing by the chocolate factory and see if they're hiring.",7.447948519256897e-06,5.263137427391485e-05,7.390739483525977e-05,0.5853207111358643,0.4140975177288055,0.0002868121955543,0.0001610447943676,happy,0.5848999122226815,0.585741510049047
1_S12E02_433_u,- We wrote you a special thank you note. - Oh.,1.118417003453942e-05,2.778357156785205e-05,2.7707605113391764e-05,0.9933932423591614,0.0059779291041195,0.0003911949461326,0.0001709729549475,happy,0.992935372066313,0.9938511126520098
1_S12E02_443_u,I'm no longer happy.,0.0047646188177168,5.770937059423886e-05,0.0001827323867473,6.499711162177846e-05,0.0020969812758266,0.99264657497406,0.0001863268553279,sad,-0.9975866384374968,0.9977166326607401
1_S12E02_466_u,Do your 63 other crayon friends know you're out?,3.3767111744964495e-05,3.189486596966162e-05,9.624713129596783e-05,7.350320083787665e-05,0.9996806383132936,5.305952072376385e-05,3.099246896454133e-05,neutral,-0.0001414654288964,0.00028847183057223447
1_S12E02_471_u,"Yeah, I'm in the mood for orange chicken.",5.236634933680762e-06,2.603398206701968e-05,1.7776197637431324e-05,0.9986586570739746,0.0011064943391829,8.243275806307793e-05,0.0001034417728078,happy,0.9985271775012734,0.9987901366466758
1_S12E03_061_u,You'’re the one who said you wanted to read more.,6.222247611731291e-05,8.619354775873944e-05,7.43081618566066e-05,0.0004893684526905,0.9988239407539368,9.705364209366962e-05,0.0003669580619316,neutral,0.0001695906248642,0.0008091462805168286
1_S12E03_095_u,He sent us that Indian marriage questionnaire.,0.0037514583673328,8.461732068099082e-05,0.0055913706310093,7.278951670741662e-05,0.9904181361198424,5.660911483573727e-05,2.508083707652986e-05,neutral,-0.0094112659171514,0.009556844950566246
1_S12E03_101_u,"Great, so your church is Our Lady of the Stretchy Pants.",2.479648173903115e-05,5.42813322681468e-05,2.307577233295888e-05,0.9988162517547609,0.0009075903799384,0.000105984880065,6.8138942879159e-05,happy,0.9986081132883556,0.999024390221166
1_S12E03_118_u,"Well, I did take care of Sheldon for 15 years, and he only bite me once",1.9807317585218694e-05,6.539698370033875e-05,0.0003202732186764,0.1678262203931808,0.8315447568893433,0.000118334974104,0.0001051958170137,neutral,0.1673024078991147,0.16835003288724673
1_S12E03_174_u,I get that.,0.000132307948661,4.507647463469766e-05,1.5442448784597218e-05,0.2721450328826904,0.7275630831718445,8.020827954169363e-05,1.8843735233531334e-05,neutral,0.2718719977310684,0.27241806803431234
1_S12E03_195_u,"You'’re right, you'’ve got Leonard. What more do you need?",8.57190098031424e-05,0.0001240957499248,0.000307760114083,0.6130767464637756,0.3852927386760711,5.356382825993933e-05,0.0010594646446406,happy,0.6125056077617046,0.6136478851658465
1_S12E03_239_u,"I told him it was dumb, and now he'’s mad at me.",0.7711678147315979,0.0011487588053569,0.002340777311474,3.593561996240169e-05,0.0201219599694013,0.2017506510019302,0.0034339786507189,angry,-0.9763720662303969,0.9764439374703214
1_S12E03_263_u,"No. No. No, no. No, no, no, no, no, no, no, no.",0.0111606623977422,0.0002561638248153,7.635392103111371e-05,0.0003435162652749,0.987841784954071,0.0001047903933795,0.0002167312632082,neutral,-0.0112544542716932,0.011941486802243013
1_S12E03_286_u,"Grape Nuts for breakfast, quiet car ride, things are really breaking my way today.",4.200680268695578e-05,5.609645086224191e-05,0.0001158268787548,0.9525062441825868,0.0409797765314579,0.0044535035267472,0.0018466030014678,happy,0.9478388105235354,0.957173677841638
1_S12E03_310_u,Although that cinnamon roll does smell good if you'’re open to halfsies.,1.998495281441137e-05,0.0001116924904636,0.0002087239845423,0.8116562962532043,0.1876191943883896,0.000115955772344,0.0002682485210243,happy,0.81119993905304,0.8121126534533687
1_S12E03_337_u,They will find other friends.,5.116231841384433e-05,2.1618434402626008e-05,7.742201887595002e-06,0.0037533671129494,0.9961405396461488,2.018668237724341e-05,5.3871431191510055e-06,neutral,0.0036526574758681,0.0038540767500307087
1_S12E03_338_u,"Oh, sure, '’cause Sheldon'’s DNA plus my DNA equals a kid who knows how to make friends. Grow up!",0.5003330111503601,0.0002543936134316,0.0001264175662072,0.0155816553160548,0.4833999574184418,0.0001803083141567,0.0001241741847479,angry,-0.4853124753281008,0.5164757859602105
1_S12E03_380_u,Really? We'’re joking about this now?,0.0001455809397157,0.0022049767430871,0.0043793986551463,0.1036652848124504,0.4167091846466064,0.0061192894354462,0.4667762517929077,surprise,0.0908160390390548,0.11651453058584571
1_S12E03_410_u,Oh. We can'’t use that. That was the theme of my parents'’ divorce.,0.8224255442619324,0.0033217903692275,0.0100489966571331,7.904271478764713e-05,0.1447799652814865,0.0083769997581839,0.0109676755964756,angry,-0.8440942883316893,0.8442523737612646
1_S12E03_449_u,"Oh, my God. You bought me the Batmobile?!",2.2130621800897643e-05,0.000199109519599,0.0002803693641908,0.0003896346024703,0.0015106548089534,0.0001168611706816,0.9974812865257264,surprise,-0.000228836073802,0.0010081052787425976
1_S12E04_003_u,"Wait, I'm still in them, right?",2.3391112335957587e-05,2.601816049718764e-05,3.675529660540633e-05,0.0001859839539974,0.999065101146698,0.000395377195673,0.0002673210692591,neutral,-0.0002955578111141,0.0006675257191089516
1_S12E04_027_u,"I didn't just drink the crazy milk, I bought the crazy cow.",0.0070810201577842,2.633285112096928e-05,5.923241769778542e-05,0.0622525960206985,0.9304768443107604,1.2930808225064538e-05,9.094615961657836e-05,neutral,0.0550730797858705,0.06943211225552652
1_S12E04_040_u,Tell us the truth. Did she get you pregnant?,8.822957170195878e-06,5.324456651578657e-05,5.368556594476104e-05,0.0073862937279045,0.9924314022064208,2.7625972506939437e-05,3.885486876242794e-05,neutral,0.0072429146657668,0.007529672790042183
1_S12E04_046_u,"Well, it's hard to say, not knowing much about her. Does she have fingers?",0.0003634050663094,3.434953396208584e-05,3.212991214240901e-05,0.0001348886144114,0.9991125464439392,0.0002129058848368,0.0001096743289963,neutral,-0.0005079017828393,0.0007776790116620948
1_S12E04_055_u,"Yeah, so did the koala.",1.951522790477611e-05,5.943302676314488e-05,4.0450449887430295e-05,0.3137054741382599,0.686040461063385,1.1399883078411222e-05,0.0001232608919963,neutral,0.3135746755506261,0.31383627272589365
1_S12E04_070_u,"Okay, listen, I'm really worried about this whole Raj thing.",0.0007575920899398,3.4954729926539585e-05,0.899287223815918,0.0012573446147143,8.252550469478592e-05,0.098438486456871,0.0001418602187186,fear,-0.997260912477941,0.9997756017073697
1_S12E04_076_u,"I looked online. She doesn't have an Instagram, which means she's either 80 or something's wrong with her.",0.0002440514508634,0.0007111605373211,0.000868264643941,0.0002549525524955,0.9696354269981384,0.0153213171288371,0.0129648577421903,neutral,-0.0168898412084672,0.0173997463134581
1_S12E04_102_u,this is a safe space-- it's okay to be vulnerable.,9.294367373513523e-06,8.679390157340094e-05,0.0001747765927575,0.9922372698783876,0.0070812013000249,0.0002880455285776,0.0001226701424457,happy,0.9916783594881052,0.9927961802686697
1_S12E04_195_u,"She can get into any restaurant, but the best husband she can find is Raj?",9.769759344635531e-06,0.00011996403191,6.410462810890749e-05,0.0003772538038901,0.9992772936820984,2.121851321135182e-05,0.0001304255565628,neutral,0.0001621968713152,0.0005923107364649949
1_S12E04_204_u,"Oh, I've been trying to get in touch with him, but I never heard back. Is he okay?",4.004055153927766e-05,0.0003685624687932,0.0019902507774531,0.0007784016197547,0.8264257907867432,0.1688973605632782,0.001499583129771,neutral,-0.1705178127413091,0.17207461598081847
1_S12E04_233_u,How did I betray you?,0.0156246861442923,0.0005026788567192,0.0063715260475873,2.721701821428724e-05,0.973220705986023,0.002379409270361,0.0018738362705335,neutral,-0.0248510833007458,0.02490551733717409
1_S12E04_242_u,Were there no other kids in Texas?,3.658662535599433e-05,5.199655788601376e-05,4.617596277967096e-05,0.0003198194317519,0.9994547963142396,4.450602500583045e-05,4.609843381331302e-05,neutral,0.0001405542607244,0.0004990846027794095
1_S12E04_249_u,"You know, I was curious to find out what Tam had done wrong.",0.0001391184632666,1.691414217930287e-05,0.0001320170413237,0.0001719955907901,0.9987347722053528,2.75254096777644e-05,0.0007776566199027,neutral,-0.0001435794656572,0.0004875706472374673
1_S12E04_276_u,"So, what do you want to know?",3.4746102755889297e-05,1.6555655747652054e-05,0.0001102073219954,0.0002627797075547,0.9993484616279602,4.103527680854313e-05,0.000186230012332,neutral,6.0235350247239694e-05,0.00046532406486218445
1_S12E04_456_u,All I see is a yellow smudge.,9.96903472696431e-05,0.0004659655096475,0.0017240875167772,7.673879736103117e-05,0.99201762676239,0.0055155800655484,0.0001003585639409,neutral,-0.0077285846418817,0.007882062236603773
1_S12E05_030_u,"Hmm, yeah, but somehow, you manage.",7.439148248522542e-06,0.0001031584688462,2.05611577257514e-05,0.825022280216217,0.1741968393325805,7.722749433014542e-05,0.0005725144874304,happy,0.8248138939470664,0.8252306664853677
1_S12E05_054_u,"Oh, the helmet will sense that and stop the experiment.",5.3749001381220296e-05,9.501052772975528e-06,7.465363887604326e-05,0.0003772422787733,0.999448835849762,1.2976617654203436e-05,2.3003220121609047e-05,neutral,0.0002263619680888,0.0005281225894577425
1_S12E05_083_u,And it's gone.,0.0018958874279633,0.0009976676665246,0.0036275156307965,0.0001129164666053,0.9173375368118286,0.0599891021847724,0.0160393547266721,neutral,-0.0663972564434516,0.0666230893766621
1_S12E05_110_u,Yeah. I already got a man for that.,1.2209153283038177e-05,2.2991185687715188e-05,7.704462404944934e-06,0.9496396780014038,0.0502678975462913,3.469771763775498e-05,1.4711258700117469e-05,happy,0.9495620754823904,0.9497172805204173
1_S12E05_134_u,"First of all, I've totally done karaoke with a rock star.",0.0001060468202922,0.0007622479461133,8.07687101769261e-05,0.171750009059906,0.810132622718811,8.398047793889418e-05,0.0170842297375202,neutral,0.1707169651053846,0.1727830530144273
1_S12E06_010_u,Did you know the Michael Myers mask from the film was actually a Captain Kirk mask turned inside out?,2.659852361830417e-05,1.44270261444035e-05,0.0003423653542995,0.0004034659650642,0.9991389513015748,2.1676825781469237e-05,5.257810698822141e-05,neutral,-1.6017647794797083e-06,0.0008085336949078769
1_S12E06_016_u,Says the man with a giant belt buckle and a dickey.,0.0004007216484751,1.4429444490815513e-05,2.9872711820644327e-05,0.0003724321140907,0.9991559982299804,8.040291504585184e-06,1.841436642280314e-05,neutral,-8.063198220042977e-05,0.000825496210381845
1_S12E06_027_u,All the time? I only remember being invited to one.,5.068305836175568e-05,5.56285476704943e-06,9.850983587966766e-06,0.0003648140118457,0.9995371103286744,7.112204457371263e-06,2.4958128051366657e-05,neutral,0.0002916049106715,0.00043802311301984316
1_S12E06_088_u,Maybe he's cranky because he's off his bathroom schedule.,0.0037957071326673,1.2422958207025658e-05,1.3757086890109347e-05,0.0002479701361153,0.995854377746582,3.4704524296103045e-05,4.112610258744098e-05,neutral,-0.0036086215659452,0.004104561838175838
1_S12E06_111_u,"You get that I'm wearing a corset because of you, not because I'm tired of breathing?",0.0002447537262924,0.0001350379025097,0.0006968642119318,3.178227780153975e-05,0.9933739900588988,0.0004866330418735,0.0050310879014432,neutral,-0.001531506604806,0.0015950711604089396
1_S12E06_171_u,"Oh, come on. It was all in good fun.",3.0412162232096307e-05,0.0001772117539076,4.066706969751976e-05,0.8861294388771057,0.1134154200553894,3.496988574624993e-05,0.0001719225692795,happy,0.8858461780055222,0.8864126997486892
1_S12E06_229_u,Really? We're still doing this?,3.188493792549707e-05,0.0001377177977701,0.0002173044777009,0.0012031873920932,0.9758467674255372,0.0043465001508593,0.0182165559381246,neutral,-0.0035302199721627,0.005936594756348997
1_S12E06_248_u,And I don't understand what's going on because I went to MIT.,0.0001237299293279,1.834185422922019e-05,0.0002054632204817,0.0001010688574751,0.9972623586654664,0.0019879671745002,0.0003011735680047,neutral,-0.0022344333210639,0.0024365710360141203
1_S12E06_287_u,It was. And I'm sorry about earlier.,0.0002558213309384,8.162587619153783e-05,0.0005975553649477,0.0005906207370571,0.2166391909122467,0.7814964652061462,0.0003387387550901,sad,-0.7818408470411669,0.783022088515281
1_S12E06_316_u,"Hmm. Look at you, improving on perfection. How so?",9.03718246263452e-05,3.966151416534558e-05,4.98631525260862e-05,0.192493051290512,0.8071221113204956,1.839723699958995e-05,0.0001865361264208,neutral,0.1922947575621947,0.19269134501882937
1_S12E06_367_u,"What do you want, Sheldon?",3.822280268650502e-05,0.0001047094629029,0.0001757494464982,0.0001110560478991,0.9983866214752196,0.0001631937193451,0.0010204793652519,neutral,-0.0003708193835336,0.000592931479331805
1_S12E06_412_u,That's what you said about the butterfly pavilion at the zoo.,3.556741285137832e-05,3.636339897639118e-05,8.88014164956985e-06,0.0009392510983161,0.9989027976989746,4.352983887656592e-05,3.3608685043873265e-05,neutral,0.0008149103059622,0.0010635918906700052
1_S12E07_005_u,"I'm gonna hook up the garden hose, so it has running water.",0.0001494511816417,0.0001355451677227,0.0007257309625856,0.0009500152082182,0.9979798197746276,1.8078273569699377e-05,4.13702946389094e-05,neutral,-7.879037730162963e-05,0.0019788207937378993
1_S12E07_060_u,You sound like my wife just before she asked me to go to Coachella.,9.02562023838982e-05,1.2804091966245323e-05,0.0002107378095388,0.0921518057584762,0.9074350595474244,3.391108475625515e-05,6.554060382768512e-05,neutral,0.091804096569831,0.0924995149471214
1_S12E07_092_u,a little swagger in your step?,0.0001475173485232,4.989412263967097e-05,0.000104624305095,0.00120367819909,0.9978525638580322,1.3337258678802756e-05,0.0006283808033913,neutral,0.0008883051641532,0.0015190512340266737
1_S12E07_105_u,"Should we form a line, or just do it like we're bobbing for apples?",0.0001643763534957,1.868975959951058e-05,0.0003012427187059,7.713516970397905e-05,0.99936443567276,6.850560021121055e-05,5.548606623051455e-06,neutral,-0.0004756792623084,0.0006299496017163001
1_S12E07_147_u,"Hmm. But you're not, are you?",0.0001336209534201,1.6284124285448343e-05,7.467498107871506e-06,0.000637263234239,0.9991555213928224,1.2076360690116417e-05,3.780586848733947e-05,neutral,0.0004678142977354,0.0008067121707425363
1_S12E07_169_u,"You know, if it's that easy, then why does Leonard have to drive you to work every day?",5.062249329057522e-05,0.0001109324875869,0.000719345815014,0.0009647283004596,0.9947918057441713,5.699759640265256e-05,0.0033055297099053,neutral,2.682990816538222e-05,0.0019026266927537278
1_S12E07_179_u,"Yeah, sure. You slept with your husband.",0.1756343990564346,0.0001391908153891,0.0002064181317109,0.0024364998098462,0.8214161992073059,9.354548092233016e-05,7.372162508545443e-05,neutral,-0.1736370536746108,0.17851005329430314
1_S12E07_264_u,(whining): It's just so hard!,0.0001237780816154,9.786564623937012e-05,0.0003117168962489,0.0004391638503875,0.9469891786575316,0.0516874194145202,0.0003508505469653,neutral,-0.0517816161882365,0.05265994388901137
1_S12E07_424_u,What was the case?,4.4494187022792175e-05,0.0021834024228155,0.00069963716669,0.0002491223858669,0.993364691734314,0.0007186349248513,0.0027400145772844,neutral,-0.0033970463155128,0.0038952910872464925
1_S12E07_443_u,I have no idea.,0.0010519986972212,6.11081050010398e-05,0.0001527414860902,6.27286426606588e-05,0.9978094696998596,6.921108433743939e-05,0.0007927657570689,neutral,-0.0012723307299893,0.001397788015310538
1_S12E08_006_u,"Well, how would you guys feel about going to India for my wedding?",2.0639223293983378e-05,3.679005749290809e-05,0.0007910227286629,0.0094692213460803,0.9891581535339355,0.0004645820590667,5.950241757091135e-05,neutral,0.0081561872775637,0.01078225541459679
1_S12E08_023_u,"Yeah. And my mom loves Penny, which is weird, because I never knew she could love.",0.0002567539631854,0.0019906868692487,0.0005102565046399,0.0042752986773848,0.0058962139301002,0.0033224595244973,0.9837483167648317,surprise,-0.0018048581841867,0.0103554555389561
1_S12E08_071_u,It doesn't have to be tonight.,0.1228314191102981,7.774495315970853e-05,0.0001761693856678,4.974718831363134e-05,0.8762702941894531,0.0004466853861231,0.0001479715283494,neutral,-0.1234822716469352,0.12358176602356233
1_S12E08_098_u,"Yeah, you're gonna need to show your work on that.",1.949512807186693e-05,6.124336323409807e-06,6.836036391177913e-06,0.0014051030157133,0.9985443353652954,8.331861863553058e-06,9.799196050153114e-06,neutral,0.0013643156530633,0.0014458903783633077
1_S12E08_103_u,Which is perfect.,3.667483906610869e-05,6.610732089029625e-05,1.2606531527126208e-05,0.9865682125091552,0.0132166491821408,8.45696558826603e-05,1.518286171631189e-05,happy,0.9863682541617892,0.9867681708565214
1_S12E08_135_u,"He's our friend. What's up, pal?",1.018025795929134e-05,7.67353194532916e-05,2.251150544907432e-05,0.7265272736549377,0.2732132971286773,8.709300891496241e-05,6.297091022133827e-05,happy,0.7263307535631611,0.7267237937467144
1_S12E08_258_u,You can do that but you still can't get my bra off.,0.2553514540195465,0.0001032231812132,0.0009025986655615,0.0004181745171081,0.7431045770645142,2.202561699959915e-05,9.799030522117393e-05,neutral,-0.2559611269662127,0.25679747600042896
1_S12E08_445_u,(chuckles) Couldn't think of a single reason not to.,3.170170384692028e-05,5.77364226046484e-05,1.4037939763511533e-05,0.6246572136878967,0.3750764429569244,4.84689480799716e-05,0.0001143285844591,happy,0.6245052686736017,0.6248091587021918
1_S12E09_005_u,"How about that? There is an ""I"" in ""team.""",0.0002426115534035,3.5583809221861884e-05,2.7144331397721544e-05,0.0003019162686541,0.9993537068367004,2.6322604753659107e-06,3.640171416918747e-05,neutral,-6.055685844330583e-06,0.0006098882231525493
1_S12E09_081_u,"Well, I am shocked, Sheldon, because I totally believed that the woman you reported for being stingy with the peas couldn't keep her hands off you.",0.0001305196637986,0.0008932705968618,0.0002044378343271,0.0014175233663991,0.0016735099488869,0.0002713751746341,0.9954093098640442,surprise,-8.207990322262049e-05,0.0029171266360207004
1_S12E09_090_u,You mean the last two minutes or the last 20 years?,0.0012536518042907,7.664004078833386e-05,0.0003771009796764,6.125031359260902e-05,0.9939159750938416,0.0001545599952805,0.0041608805768191,neutral,-0.0018007025064434,0.001923203133628543
1_S12E09_103_u,It just got more fun.,1.1402491509215906e-05,2.6760195396491326e-05,2.94625606329646e-05,0.9988333582878112,0.0008523917640559,0.0001371572434436,0.0001093767423299,happy,0.998628575796829,0.9990381407787935
1_S12E09_175_u,"All right, great, can we go?",1.6064817828009836e-05,8.092791540548205e-05,0.0001885145611595,0.4764815866947174,0.5230100154876709,5.8356268709758297e-05,0.0001644527656026,neutral,0.4761377231316146,0.47682545025782014
1_S12E09_207_u,Okay.,2.1457855837070383e-05,0.000302205706248,9.317303192801774e-05,0.4922007620334625,0.5068867206573486,9.93221692624502e-05,0.0003963186463806,neutral,0.4916846032701869,0.49271692079673807
1_S12E09_307_u,"What, the alphabet?",2.6141009584534917e-05,0.0013480617199093,0.0003070337406825,0.0003920764429494,0.9838624596595764,0.0001285285252379,0.0139358034357428,neutral,-0.0014176885524648,0.0022018414383636353
1_S12E09_369_u,"All right, well, they're already dead. There's nothing we can do.",0.000136509159347,5.147340198163874e-05,0.0007601046236231,0.0007568419678136,0.0074042994529008,0.990546941757202,0.0003438052372075,sad,-0.9907381869743404,0.9922518709099674
1_S12E09_413_u,Like I don't care at all.,0.9507134556770324,6.546132499352098e-05,0.0002626390778459,4.103717947145924e-05,0.0485242530703544,0.0003201702202204,7.294295937754214e-05,angry,-0.951320689120621,0.9514027634795635
1_S12E10_076_u,You or the steak?,0.0011346868705004,3.081615795963444e-05,9.407071775058284e-05,7.706446194788441e-05,0.9986245632171632,7.859517609176692e-06,3.096522414125502e-05,neutral,-0.0011903688018719,0.0013444977257676784
1_S12E10_195_u,Why is it all in the living room?,0.0001226441818289,0.0025702971033751,0.0004291307122912,9.897534619085492e-05,0.991072118282318,0.0002566845505498,0.0054500778205692,neutral,-0.0032797812018543,0.0034777318942358546
1_S12E10_245_u,"And when I was little and my dog died, my mom sat me down and very gently told me that she wished the truck had hit my dad instead.",0.0009670234285295,3.170175841660239e-05,0.0002634974371176,0.001705793547444,0.7354491949081421,0.2615339159965515,4.889924093731679e-05,neutral,-0.2610903450731712,0.26450193216805923
1_S12E11_002_u,- A waste of champagne?,4.056768739246763e-05,6.144798680907115e-05,0.0001568273873999,0.0004173630150035,0.9981902241706848,0.0009485686314292,0.0001849478721851,neutral,-0.0007900486780272,0.001624774708034139
1_S12E11_072_u,"No offense, worker bees.",0.0008855107589624,3.57876269845292e-05,9.470504664932378e-06,0.000213431805605,0.9976919889450072,0.0011246181093156,3.9247934182640165e-05,neutral,-0.0018419551943225,0.0022688188055324616
1_S12E11_190_u,"Well, you really managed to capture my voice.",6.0035454225726426e-05,0.0010204006684944,0.00059189327294,0.8908989429473877,0.0454071611166,0.0128234382718801,0.0491981841623783,happy,0.8764031752798473,0.9053947106149279
1_S12E11_199_u,"""Pretty well""?",1.9247119780629877e-05,4.1307994251837954e-05,1.1036405339837074e-05,0.0081558432430028,0.991551399230957,1.751066702126991e-05,0.0002036858932115,neutral,0.0080667410566093,0.008244945429396374
1_S12E11_216_u,Maybe she doesn't have tip money?,0.0003370289341546,1.2471063200791832e-05,2.0764631699421443e-05,0.0001543503312859,0.9990082383155824,0.000453409156762,1.378794877382461e-05,neutral,-0.0006693234545309,0.0009780241171027132
1_S12E12_030_u,"Yeah, so impressive how you manage to bounce back after having no babies.",4.56579182355199e-05,7.924942474346608e-05,7.891584391472861e-05,0.9955428242683412,7.42736374377273e-05,0.0018869222840294,0.0022921788040548,happy,0.993452078797418,0.9976335697392643
1_S12E12_043_u,"I open the door and say, ""Hey, Raj.""",0.000129412888782,2.3856497136875987e-05,0.0001994097838178,0.0003487880458123,0.9965476393699646,0.0026792145799845,7.163644477259368e-05,neutral,-0.0026831057039089,0.003380681795533476
1_S12E12_086_u,Leonard was just saying how he was hoping to have dinner with one of your ex-boyfriends on his expensive boat.,5.6203582062153146e-05,0.0056124120019376,0.0004789838276337,0.0100914230570197,0.970063090324402,0.0066157286055386,0.0070821703411638,neutral,-0.0026719049601524,0.022854751074191753
1_S12E12_266_u,You went to college.,2.135507747880183e-05,7.96370513853617e-05,6.4799067331478e-05,0.0016467333771288,0.9946423768997192,4.879111656919122e-05,0.0034963893704116,neutral,0.001432151064364,0.0018613156898936328
1_S12E12_281_u,but... thank you for saying it out loud.,0.0005020812386646,0.0003131630946882,5.633207911159843e-05,0.997822403907776,0.0004575714701786,0.000604388769716,0.0002440815296722,happy,0.9963464387255954,0.9992983690899564
1_S12E12_371_u,They wanted you?,1.4140648090688046e-05,0.0001737675629556,0.0001230220368597,0.000672890280839,0.9967371821403505,3.347338497405872e-05,0.0022454236168414,neutral,0.0003284866479589,0.0010172939137190469
1_S12E13_088_u,"Well, I know how to do the dishes. Just, sometimes I'm tired.",1.3111231055518148e-05,3.346088124089874e-05,2.9975810321047905e-05,0.0830729678273201,0.9160019159317015,0.0001836249430198,0.0006648949347436,neutral,0.0828127949616828,0.08333314069295736
1_S12E13_224_u," Yeah, who remembers the guy who was trying to find India and discovered America instead?",0.0001007403116091,1.4960121916374192e-05,0.0003397931868676,0.0010077630868181,0.9984641075134276,9.84863163466798e-06,6.274902261793613e-05,neutral,0.0005424208347903,0.0014731053388458424
1_S12E14_125_u,"including the rare ""DayQuilt"" misprint from 1996.",0.000324528577039,0.0011718887835741,0.0001697468251222,0.0029448065906763,0.9952291250228882,0.0001135707352659,4.639814505935647e-05,neutral,0.0011650716696749,0.0047245415116774995
1_S12E14_152_u,It's nice they found each other.,2.929680340457708e-05,8.965675806393847e-05,1.53429700731067e-05,0.994350254535675,0.00515080941841,0.0002501608396414,0.0001145043352153,happy,0.993965797164492,0.994734711906858
1_S12E15_013_u,"Yeah, and we don't find it weird at all.",0.0005750688724219,0.0007660673581995,0.0003117845335509,0.4491316974163055,0.5473065376281738,0.0001146739159594,0.0017941680271178,neutral,0.4473641027361736,0.4508992920964372
1_S12E15_064_u,"Oh, yeah, I would have forgotten, except for those nonrefundable airline tickets to India I bought.",0.0077987476252019,9.417720139026642e-05,0.001489623915404,9.123007475864142e-05,0.963741660118103,0.0263144355267286,0.0004701376019511,neutral,-0.0356057541939662,0.03578821434348341
1_S12E15_154_u,"Well, it is important for you two to keep the spark alive.",2.816486266965512e-05,4.932040610583499e-05,2.5138318960671316e-05,0.6082589626312256,0.3915750980377197,2.0458135622902773e-05,4.286608600523323e-05,happy,0.6081358809078665,0.6083820443545847
1_S12E15_273_u,"I told you, if we left pizza on the counter,",0.0017551616765558,6.023014793754555e-05,0.0014016294153407,2.9361808628891595e-05,0.9955487251281738,0.0008885481511242,0.000316430843668,neutral,-0.0040762075823295,0.004134931199587137
1_S12E15_351_u,"Well, I took a nap next to Hot Dog on a Stick. What do you think?",5.238124504103325e-05,3.500278398860246e-05,0.0001858350151451,0.0004848105600103,0.9992042183876038,2.8945054509676996e-05,8.851305210555438e-06,neutral,0.0001826464613259,0.0007869746586947127
1_S12E15_420_u,"Really? Well, I did not see that coming.",2.553737249400001e-05,0.0010945202084258,0.0008954430813901,0.0098621966317296,0.0880849137902259,0.0083195269107818,0.891717791557312,surprise,-0.0004728309413621,0.0201972242048213
1_S12E16_140_u,"Oh, no, this is the rest of our lives.",0.0001333301916019,0.011098762974143,0.0046905223280191,0.0002234962885268,0.3927622139453888,0.008237337693572,0.5828543901443481,surprise,-0.0239364568988094,0.0243834494758628
1_S12E17_085_u,Was one of the options the option to never come back?,5.279925971990451e-05,9.967373443942051e-06,3.589399057091214e-05,0.0004444661317393,0.99944406747818,8.29975488159107e-06,4.442839326657122e-06,neutral,0.0003375057531229,0.0005514265103556497
1_S12E17_124_u,"What do you call that, Bishops Be Crazy?",0.0496167428791523,5.189119838178158e-05,0.0001033432345138,0.0019346261397004,0.9482478499412536,1.4110139090917071e-05,3.143859430565499e-05,neutral,-0.0478514613114384,0.0517207135908392
1_S12E17_195_u,Maybe she's basing that on your poor husbanding skills.,0.0103303873911499,3.104119605268352e-05,4.195013389107771e-05,0.0016721268184483,0.9872758984565736,0.0006405258318409,8.140739737427793e-06,neutral,-0.0093717777344863,0.012716031371382861
1_S12E17_336_u,"No, by opening the door to a hangar and letting the airplane fly in.",0.3964142203330993,0.0001609225291758,0.0012455004034563,0.0001059528658515,0.6018801927566528,4.386511500342749e-05,0.0001493796007707,neutral,-0.3977585555148835,0.39797046124658636
1_S12E18_030_u,"Yeah, you should've seen her take down John Krasinski last week. Got him to admit he loved his wife. It was brutal.",0.0003158447798341,1.1462644579296466e-05,3.6509562050923705e-05,0.9887683391571044,0.0107081551104784,0.0001406469382345,1.895531204354484e-05,happy,0.9882638752324056,0.9892728030818032
1_S12E18_159_u,"Honey, remember, she's my child, too.",0.0002263285132357,8.362560038222e-05,2.646925531735178e-05,0.0009581493213772,0.9977606534957886,0.0007832419360056,0.0001614845969015,neutral,-0.0001615159835637,0.002077814626318072
1_S12E18_198_u,"And I'm supposed to be living on my own at this age, but here we are.",0.0064106760546565,0.0003243073297198,0.0011860373197123,0.0007116498309187,0.5351337194442749,0.4452140927314758,0.0110194953158497,neutral,-0.4524234636046458,0.4538467632664831
1_S12E18_225_u,"No. ""Unfortunately, Sheldon..."" that's all you got to say.",0.7297072410583496,0.0001456603495171,0.0004457531904336,3.6387315049069e-05,0.250821977853775,0.0185966566205024,0.0002464366552885,angry,-0.7488589239037537,0.7489316985338518
1_S12E18_290_u,But the time machine thing is probably more likely.,1.4605508113163523e-05,1.222447826876305e-05,2.2136511688586324e-05,0.0107335364446043,0.9891507625579834,5.208820221014321e-05,1.4592310435546096e-05,neutral,0.0106324817443237,0.010834591144884956
1_S12E18_303_u,No. (chuckles) It's great. I just don't want anyone to ever see it or read it or know it exists.,0.002962653292343,7.226618618005887e-05,2.808440513035748e-05,0.9954423904418944,0.0014010468730702,6.420692807296291e-05,2.9284179618116468e-05,happy,0.992315179630168,0.9985696012536208
1_S12E19_143_u,Numb your brain with alcohol and watch a reality show where wealthy people pick fake arguments with each other?,0.0124153112992644,1.1325705600029323e-05,0.0001342489413218,0.0003966883523389,0.9869967699050904,3.979784378316253e-05,5.918394890613854e-06,neutral,-0.0122039954376305,0.012997372142308292
1_S12E19_354_u,"Well, I don't see what else you could've done.",7.758776337141171e-05,1.0393629963800777e-05,1.1042372534575406e-05,0.000437417300418,0.9994137287139891,1.3565560038841795e-05,3.623684460762888e-05,neutral,0.0003248279745093,0.0005500066263266297
1_S12E20_378_u,I speak a little Russian. Will you take nyet for an answer?,0.0021182007621973,1.2280032024136744e-05,9.448890523344744e-06,0.0013309024507179,0.9965129494667052,1.036319554259535e-05,5.888182386115659e-06,neutral,-0.0008193904295694,0.0034811953310052764
1_S12E21_167_u,"Yes, but it may just be the Indian accent.",0.0002932042698375,9.02328174561262e-05,3.084028867306188e-05,0.2741303145885467,0.725386917591095,2.0364172087283805e-05,4.8174213588936254e-05,neutral,0.2736956730404927,0.27456495613660065
1_S12E21_261_u,Other than Bernadette? That does not sound right.,0.0018079957226291,0.0024827090092003,0.0048179551959037,6.334278441499919e-05,0.7897472381591797,0.0040251221507787,0.197055697441101,neutral,-0.013070439294097,0.0131971248629268
1_S12E21_285_u,You sure you're not thinking about your husband?,6.90590386511758e-05,1.3320704965735786e-05,4.8465211875736713e-05,0.0003459826402831,0.999484658241272,1.9279546904726885e-05,1.920456634252332e-05,neutral,0.0001958581378858,0.0004961071426804753
1_S12E22_004_u,Never? Isn't that usually when you go to the gym?,0.0001802126062102,1.1225113667023834e-05,2.221879367425572e-05,0.0001943209208548,0.999545156955719,8.264472853625193e-06,3.856802868540399e-05,neutral,-2.760006555035943e-05,0.0004162419072599047
1_S12E22_066_u,"Apparently, a guy who wants to have his feelings hurt.",0.0004289512580726,4.039000123157166e-05,6.440677680075169e-05,0.0001728538190945,0.9867851138114928,0.0124867726117372,2.1534717234317213e-05,neutral,-0.0128476668287476,0.013193374466936622
1_S12E22_188_u,"I can see why she would say that, but why do you?",0.000438797957031,1.3386792488745414e-05,2.094527189910877e-05,0.0001075978652806,0.999380350112915,2.34194340009708e-05,1.5319694284698926e-05,neutral,-0.0003889515901391,0.000604147320700425
1_S12E22_211_u,"So, you're an Indian giver?",8.206521670217626e-06,2.75377187790582e-05,3.431615186855197e-05,0.0008762589422985,0.998924195766449,2.94565597869223e-05,0.0001000253032543,neutral,0.0007767419901938,0.00097577589440325
1_S12E23_209_u,So not Mr. and Mrs. Wackadoodle?,3.390428173588589e-05,0.0001468737609684,2.4446204406558536e-05,0.0002753899025265,0.9985878467559814,2.580943146313075e-05,0.0009057855932042,neutral,4.435622395249084e-05,0.0005064235811004752
1_S12E23_350_u,maybe 300 tiny haircuts over a ten-year period.,0.0002908854512497,0.3476920127868652,0.0009628218831494,0.0006227473495528,0.5515739321708679,0.0064495145343244,0.0924081429839134,neutral,-0.354772487306036,0.35601798200514145
1_S12E23_389_u,"Heck, you've had sex almost as many times as I have fingers.",0.000142075747135,0.0001730926742311,2.890162431867793e-05,0.0006873893435113,0.9851385951042176,0.0002321975625818,0.0135977324098348,neutral,0.0001111217352445,0.001263656951777878
1_S12E23_470_u,"This might be the glue talking, but that was a very pleasurable 139 and a half hours.",1.004967725748429e-05,5.715180668630637e-05,8.644459740025923e-05,0.9986207485198976,0.0008538967813365,0.0002108225016854,0.0001607981976121,happy,0.998256279936868,0.998985217102927
1_S12E23_488_u,I stand by my statement.,2.1888436094741337e-05,9.63971542660147e-05,2.068726098514162e-05,0.4868798851966858,0.5126723647117615,0.0002003224217332,0.0001084786053979,neutral,0.4865405899236066,0.48721918046976487
1_S12E23_539_u,"It was her, right?",5.621809032163583e-05,0.0261178761720657,0.0003353078209329,0.001026447978802,0.960926115512848,0.0013525346294045,0.0101856077089905,neutral,-0.0268354887339228,0.028888384691526738
1_S12E23_576_u,Welcome to my life.,7.412594186462229e-06,7.8231816587504e-05,9.78414846031228e-06,0.997593104839325,0.0022124690003693,5.933896682108752e-05,3.971652768086642e-05,happy,0.9974383373132696,0.9977478723653803
1_S12E23_600_u,(quietly): I told you these tickets weren't free.,0.0101916585117578,0.0001181888219434,3.432409721426666e-05,2.9793065550620668e-05,0.9892409443855286,0.0002795940963551,0.000105455488665,neutral,-0.0105939724617201,0.010653558592821188
2_1_u,"Yes you can. You're thinking about time, you can't go back in time.",4.064717359142378e-05,2.4438884793198667e-05,1.5489107681787573e-05,0.0297814160585403,0.9700498580932616,3.633905407696147e-06,8.448812877759337e-05,neutral,0.0296972069870662,0.029865625130014405
2_102_u,No Blanche she is upset because they keep changing the taste of coke.,0.0001133409386966,0.0005676837754435,0.0008966639288701,0.0027920680586248,0.1938282549381256,0.7998653650283813,0.0019366970518603,sad,-0.7986509856127668,0.8042351217300163
2_103_u,"No, this is just part of a daredevil game that I play called wait until last moment before I burst and die",0.0006054901168681,5.876916475244798e-06,0.0002294270379934,0.0107762496918439,0.9883205890655518,4.595380232785829e-05,1.648366560402792e-05,neutral,0.0098895018181792,0.011662997565508502
2_104_u,Was that place the sun?,3.972799822804518e-05,0.0045531243085861,0.0011964015429839,0.0007023224025033,0.8899486660957336,0.0001955820043804,0.1033641397953033,neutral,-0.0052825134516751,0.006687158256681745
2_105_u,Why? You never look down in the shower?  Oh please I am allowed one joke in the monkey is penis genre.,0.0001201292325276,2.2673293642583303e-05,9.664689969213214e-06,0.0047900462523102,0.9950340986251832,8.474605238006916e-06,1.4953669051465113e-05,neutral,0.0046291044309327,0.004950988073687603
2_107_u,You'd better act surprised.,2.5429109882679768e-05,4.27783998020459e-05,2.3790858904249035e-05,0.0079904422163963,0.9892950654029846,1.8241675206809305e-05,0.0026041469536721,neutral,0.0078802021726005,0.008100682260192085
2_109_u,"I thought if I littered, that crying Indian might come by and save us.",1.550608067191206e-05,1.78861191670876e-05,0.0001353112747892,0.0029718473087996,0.996772825717926,7.505309622501954e-05,1.1534915756783448e-05,neutral,0.0027280907379463,0.0032156038796528194
2_11_u,His cappucino maker.,4.302815068513155e-05,0.0333312936127185,0.000331475835992,0.001170307630673,0.934123992919922,0.0006382573628798,0.0303615648299455,neutral,-0.0331737473316025,0.035514362592948434
2_111_u,What was that?!,0.006154934875667,0.0011146017350256,0.0027735505718737,0.0001953723112819,0.9251788854599,0.0007131074089556,0.0638695806264877,neutral,-0.0105608222802402,0.0109515669028038
2_112_u,I think this is probably why Damone smokes in his cell alone.,7.272771472344175e-05,5.31099212821573e-05,9.368965402245522e-05,0.001501720980741,0.998162567615509,9.361615957459436e-05,2.2563366655958816e-05,neutral,0.0011885775311384,0.0018148644303436485
2_113_u,"No, no the actual cartoon character .. Of course the baloon.",0.0150845712050795,9.433329978492112e-05,0.0007794099510647,0.0026171717327088,0.9810571670532228,0.0002130838984157,0.0001542173267807,neutral,-0.0135542266216361,0.018788570087053622
2_114_u,Spanish midgets wrestling Julie! Okay yes I see how they got there.,5.186110865906812e-05,3.234110772609711e-05,8.209065708797425e-05,0.005903807003051,0.9933919310569764,2.5182045646943152e-05,0.0005127724143676,neutral,0.0057123320839309,0.006095281922171083
2_115_u,"I am sorry, we donÕt have your sheep.",0.0001346490025753,7.018740870989859e-05,0.0004302988527342,0.0004390413232613,0.0020343167707324,0.9966666102409364,0.0002249094250146,sad,-0.9968627041816944,0.9977407868282171
2_118_u,"Seriously, it's moving!",4.505916513153352e-05,0.0006817386602051,0.0006856341497041,0.0087498454377055,0.5243125557899475,0.0003765248693525,0.4651486575603485,neutral,0.0069608885933121,0.010538802282098733
2_119_u,Yeah. What-what should I do?,9.443175258638805e-06,1.8707049093791284e-05,3.5832188586937264e-05,0.0200684405863285,0.9798111319541932,4.05962928198278e-05,1.578425508341752e-05,neutral,0.0199638618805693,0.020173019292087695
2_12_u,I studied for a year in Barcelona.,1.38872583193006e-05,1.031819647323573e-05,7.476094469893724e-05,0.0020465520210564,0.997748076915741,4.89647536596749e-05,5.735237209592015e-05,neutral,0.0018986208679052,0.0021944831742075487
2_120_u,"You know some might find it amusing, I myself find it regular.",5.991927991999546e-06,0.000408088642871,7.34003187972121e-05,0.9495927095413208,0.0473328717052936,9.599087206879632e-05,0.0024909928906708,happy,0.9490092377795918,0.9501761813030498
2_121_u,What was I doing? My ben gazara in person?,1.0737913726188708e-05,0.0063185994513332,0.000321454310324,6.207405385794118e-05,0.0055536497384309,0.0004898221814073,0.9872435927391052,surprise,-0.0070785398029329,0.00720268791064863
2_123_u,Nooo!,0.9928048253059388,0.000303261243971,0.0006167516112327,0.0001114785991376,0.0046484386548399,0.0012338904198259,0.0002812955935951,angry,-0.9948472499818308,0.995070207180106
2_124_u,I am so confused as to what we have been doing so far.,0.0011099624680355,1.869170591817237e-05,0.0005708739045076,5.609343497781083e-05,0.9979617595672609,0.0001695992832537,0.0001130252130678,neutral,-0.0018130339267372,0.001925220796692783
2_125_u,I mean if you hadn't initiated it I-I-I know I would've.,0.0002497113600838,1.076300577551592e-05,2.261710869788658e-05,0.0188958905637264,0.9807631969451904,3.452959208516404e-05,2.3284546841750853e-05,neutral,0.0185782694970839,0.019213511630368767
2_126_u,No I am upset because Joe Piscapo didn't get the lead role in rain man.,0.0025586530100554,1.0576804015727248e-05,0.0011158202541992,0.0003348787431605,0.0001062457522493,0.9958428740501404,3.103372364421375e-05,sad,-0.9991930453752502,0.9998628028615713
2_127_u,"When? Today? Some, not a lot.",2.032592055911664e-05,1.487139888922684e-05,2.7546271667233668e-05,0.0006354346405714,0.9992716908454896,1.497424909757683e-05,1.5098706171556842e-05,neutral,0.0005577168003583,0.000713152480784554
2_128_u,You building a post office?,1.0497762559680268e-05,2.240537287434563e-05,5.853613038198091e-05,0.0009193393052555,0.9986984729766846,7.598812226206064e-05,0.0002147792838513,neutral,0.0007519119171774,0.0010867666933335675
2_129_u,What are these? Claws?,7.188386371126398e-05,0.000532382458914,0.0012085450580343,0.0001589645980857,0.9961459636688232,0.0002079746918752,0.0016743501182645,neutral,-0.0018618214744492,0.002179750670620464
2_13_u,"All right, let's do it.",3.182276850566268e-05,0.0010479373158887,0.0006009184289723,0.244975596666336,0.749762237071991,0.0001262077857973,0.0034552696160972,neutral,0.243168710367172,0.24678248296549998
2_131_u,I really don't wanna sit with Allen Iverson over there .,0.8462879657745361,0.0001627526944503,0.1388981789350509,0.0002195237757405,0.0003151179407723,0.0139953810721635,0.0001209964466397,angry,-0.9991247547004604,0.9995638022519414
2_134_u,Paper cut!,0.0002120933495461,3.6414443457033485e-05,1.479462480347138e-05,0.0001924686075653,0.998969316482544,0.0004318200517445,0.0001430932607036,neutral,-0.0005026538619858,0.0008875910771164049
2_135_u,"No, she I supset because Jimmy Swaager can't cover his motel bill",0.0005636082496494,0.0005129704950377,0.0007732976227998,0.0001436790480511,0.9046157002449036,0.0780790671706199,0.0153117319568991,neutral,-0.0797852644900558,0.0800726225861579
2_137_u,"Okay, but If he asks, I am not going to lie.",0.0001200051920022,5.437006620923057e-05,4.091889786650427e-05,0.6755954027175903,0.3241396844387054,1.7557038518134505e-05,3.206212568329647e-05,happy,0.6753625515229942,0.6758282539121864
2_140_u,Sarcastic? Us? Nooo.,0.091617152094841,4.468954284675419e-05,1.849273940024432e-05,0.001971943071112,0.9063060283660888,1.993838850467e-05,2.1742298486060463e-05,neutral,-0.0897283296944806,0.09367221583670467
2_141_u,We think it was trying to spell out monkey.,1.94343756447779e-05,2.049076465482358e-05,2.43802151089767e-05,0.0113190868869423,0.9885945320129396,1.4905059288139457e-05,7.350859959842637e-06,neutral,0.0112398764722456,0.011398297301639018
2_144_u,Lords of Arabia,0.0014859766233712,5.845677151228301e-05,0.0011835602344945,0.0002760361530818,0.9969357252120972,1.2105532732675783e-05,4.812587576452643e-05,neutral,-0.0024640630090289,0.0030161353151924586
2_146_u,"So Ross, how umm, how did it go with Bonnie?",0.0001290524232899,7.669974365853705e-06,0.0003020022995769,0.0009457177948206,0.9984914064407348,8.749437256483361e-05,3.665772601380013e-05,neutral,0.000419498725023,0.0014719368646180873
2_147_u,"Well, we're trying to find someone to perform our wedding and they're all either boring or annoying or y'know, can't stop staring at the ladies.",0.9820665121078492,2.5332534278277308e-05,0.0005542744183912,1.9135846741846763e-05,0.0123211797326803,0.0050052818842232,8.421823622484226e-06,angry,-0.987632265098,0.9876705367914838
2_148_u,"Hey, that's Joincidence with a C",8.549941412638873e-05,0.0001217925091623,6.494707486126572e-05,0.4916549324989319,0.5078936815261841,1.7908545487443916e-05,0.0001611787447473,neutral,0.4913647849552944,0.49194508004256926
2_149_u,Thank you.,0.0003875181428156,0.000130587228341,0.0001627307501621,0.9983075857162476,0.000623297819402,0.0003236886113882,6.464031321229413e-05,happy,0.9973030609835404,0.9993121104489545
2_15_u,I'm sorry man there is never a good time to have to .. Stop catching on fire.,0.0174193531274795,1.8847342289518565e-05,6.956588913453743e-05,0.000438322284026,0.0037224560510367,0.9782859086990356,4.558480577543378e-05,sad,-0.9953553527739132,0.9962319973419652
2_150_u,"Take your shirt off, and let's see what we're dealing with here.  What are you doing?",0.0001984622358577,6.990231486270204e-05,0.000133941299282,4.268082557246089e-05,0.9988725781440736,9.231023432221264e-05,0.0005901133990846,neutral,-0.0004519352587522,0.0005372969098970755
2_151_u,"Yeah, I mean, it would be rude to them for us to leave now.",0.0481133721768856,3.386469325050712e-05,1.748397698975168e-05,0.0010878066532313,0.9507167339324952,2.1150790416868404e-05,9.506073183729312e-06,neutral,-0.0470980649843113,0.049273678290774024
2_152_u,Your makeup?,3.271820969530381e-05,0.0021979685407131,0.0004905053065158,0.0003897636488545,0.9637277126312256,0.0003932681574951,0.0327680520713329,neutral,-0.0027246965655649,0.003504223863273804
2_154_u,"Okay, does this look like a garbage can to you?",0.0021351636387407,0.0001321905147051,0.0008622087188996,0.0002731337735895,0.9965103268623352,5.7567864132579416e-05,2.9318585802684535e-05,neutral,-0.0029139969628886,0.003460264510067479
2_155_u,Great! Now we can do laundry all night. All night laundry!,4.880230699200183e-05,1.4849383660475723e-05,7.199951505754143e-05,0.9994903802871704,0.0002214953128714,7.298179843928665e-05,7.93455183156766e-05,happy,0.9992817472830212,0.9996990132913197
2_158_u,A bucket of chicked. I hope you like it extra flat and crispy,0.0001932374871103,5.708086973754689e-05,6.151217530714348e-05,0.9988318085670472,0.0001447105314582,0.0006319469539448,7.980509690241888e-05,happy,0.9978880310809471,0.999775586053147
2_160_u,"Because his penis was too big. I am sorry, thatÕs the kind of thing I do.",0.0227463636547327,0.0011772157158702,0.0011869376758113,9.698618669062852e-05,0.0007595897186547,0.9737294316291808,0.0003034710243809,sad,-0.9987429624889046,0.9989369348622856
2_161_u,I can see it from right here. It'll cost you one husband.,0.000173752894625,9.84321923169773e-06,8.873301339917816e-06,0.0017134191002696,0.9980675578117372,1.065830383595312e-05,1.5775282008689828e-05,neutral,0.001510291381237,0.0019165468193021687
2_162_u,"Ow, ow, ow, ow, leg cramp, leg cramp, leg cramp.",0.0012434649979695,0.0003170300333295,0.0053421962074935,7.333002577070147e-05,0.981680691242218,0.0106131024658679,0.0007301762234419,neutral,-0.0174424636788899,0.017589123730431103
2_163_u,"Oh boy, I just can't watch. It's too scary!",0.0008532108040526,0.0002758343471214,0.9918935298919678,0.0003015715046785,7.167058356571943e-05,0.0031333318911492,0.0034708615858107,fear,-0.9958543354296124,0.9964574784389695
2_166_u,But I'm the host!,0.0005292854621075,7.536079920100747e-06,9.044848411576822e-06,0.0001583692355779,0.9992720484733582,9.677358320914207e-06,1.4027624274604024e-05,neutral,-0.0003971745131821,0.0007139129843379918
2_168_u,Did I wake you?,4.758046998176724e-05,2.388185566815082e-05,9.055781993083656e-05,0.0001592937042005,0.9995648264884948,5.805912223877385e-05,5.574914393946528e-05,neutral,-6.0785563618992455e-05,0.0003793729720200285
2_169_u,"Hes not right for the part, and if I suggest him my bosses are going to think I am an idiot. And thatÕs something they should learn on their own.",0.9928291440010072,5.143012458574958e-05,0.0010411601979285,7.747095878585242e-06,0.0044238488189876,0.0015730529557913,7.36215224605985e-05,angry,-0.995487040183434,0.9955025343751914
2_170_u,The British are coming?,6.078405931475572e-05,2.836924250004813e-05,6.113927520345896e-05,0.0003906612400896,0.9993749260902404,4.617185368260834e-06,7.946508412715048e-05,neutral,0.0002357514777031,0.0005455710024761236
2_171_u,What is the matter with your face?!,0.0719646513462066,0.5885545611381531,0.0154231060296297,0.0001224218431161,0.1755393594503402,0.0222620721906423,0.126133844256401,disgust,-0.6980819688615156,0.6983268125477478
2_172_u,The whole thing! Can we go?,3.997907242592191e-06,0.000125040707644,9.39973397180438e-05,0.0047655124217271,0.9943572878837584,0.0001369937672279,0.0005171321099624,neutral,0.0044054826998944,0.005125542143559636
2_173_u,We- we had our first fight this morning.,0.0514446794986724,4.501294461078942e-05,0.0001960830413736,5.067325764684938e-05,0.9481812715530396,5.982065704301931e-05,2.2483591237687502e-05,neutral,-0.051694922884053,0.05179626939934666
2_174_u,Oh! Satan's minions at work again?,0.0002681835903786,0.0011764582013711,0.0084586907178163,0.0002644978230819,0.9292880296707152,0.011327750980854,0.0492163971066474,neutral,-0.0209665856673382,0.0214955813135019
2_176_u,I'm the ruptured spleen.,0.0055364533327519,0.0003329728206153,0.0014784071827307,2.1427324099931863e-05,0.991668701171875,0.0007691201171837,0.000192905878066,neutral,-0.0080955261291819,0.008138380777381531
2_177_u,I can show you an ID if you want?,4.826315489481203e-05,2.7404612410464324e-05,0.0004367605724837,0.0003243176324758,0.9989111423492432,2.8063990612281486e-05,0.000223999202717,neutral,-0.0002161746979254,0.0008648099628770578
2_178_u,"This is so good, that I am gonna enjoy it in the balcony. I can enjoy my view, whilst I enjoy my desert.",2.8042495614499785e-05,0.0007464222726412,0.000166913610883,0.9952905178070068,0.0002405170234851,0.0002785375108942,0.0032490601297467,happy,0.9940706019169738,0.9965104336970397
2_180_u,That oughta do it.,1.966082891158294e-05,8.050083124544472e-05,3.012532033608295e-05,0.0741654932498931,0.9256150126457214,1.2020614121865948e-05,7.721877045696601e-05,neutral,0.0740231856552782,0.07430780084450808
2_181_u,Yeah! Look!,1.8297510905540548e-05,0.000214020095882,4.652663847082295e-05,0.0977112054824829,0.8990287780761719,7.857666059862822e-05,0.0029026148840785,neutral,0.0973537845766259,0.0980686263883399
2_182_u,The liberarche marquee at Caesar's palace,0.0005258599994704,3.8763322663726285e-05,0.0003346721059642,0.0001331843232037,0.998815417289734,0.0001151404649135,3.704953996930272e-05,neutral,-0.0008812515698082,0.0011476202162155262
2_183_u,"No, rabies.",0.0792140662670135,0.0014377773040905,0.0006797881214879,0.0001281975128222,0.9182393550872804,2.8326881874818355e-05,0.0002724888327065,neutral,-0.0812317610616446,0.08148815608728892
2_186_u,"Excellent hole, Joe.",5.446163049782626e-05,0.0001044772507157,6.797997775720432e-05,0.999037265777588,0.0001181525149149,0.0005529245827347,6.47573615424335e-05,happy,0.9982574223358824,0.9998171092192935
2_187_u,That's so funny because you look more like Joey Tribbiani man slash woman.,3.0700564821017906e-05,3.654564352473244e-05,7.210020703496411e-05,0.9993554949760436,0.0003350600600242,0.0001305859914282,3.949103847844526e-05,happy,0.9990855625692348,0.9996254273828525
2_188_u,You had no relationship!!,0.0009202774381265,0.0003121996414847,6.43141902401112e-05,6.270189624046907e-05,0.9970263838768004,0.0002112968213623,0.0014028378063812,neutral,-0.0014453861949732,0.0015707899874540803
2_189_u,"Yeah okay, I was just talking to the guys. Just look at them I mean, is it okay if they come visit?",8.737267307878938e-06,3.5464647226035595e-05,2.0136354578426108e-05,0.0244669951498508,0.9752784371376038,1.6060745110735297e-05,0.0001741379528539,neutral,0.0243865961356277,0.024547394164073876
2_190_u,Well scott I am sure we are all really really looking forward to hear your story.,2.6801966669154357e-05,1.00080787888146e-05,0.000206605400308,0.9985861778259276,0.0010319877183064,6.090127499192022e-05,7.751368684694171e-05,happy,0.9982818611051698,0.9988904945466855
2_191_u,"So, you're just Bing?",1.4741732229595073e-05,2.1122014004504308e-05,2.75918409897713e-05,0.0012436073739081,0.9984821677207948,1.0559128895692991e-05,0.000200240756385,neutral,0.0011695926577885,0.0013176220900276638
2_193_u,"Yeah, a slice of cheesecake and-and a date if you're given'  'em out.",1.9959637938882224e-05,0.000462467491161,0.0001231728674611,0.0156056825071573,0.9528625011444092,0.0001155041391029,0.0308107789605855,neutral,0.0148845783714932,0.01632678664282118
2_194_u,"And it came out, ""Squatternut buash?""",4.902568980469368e-05,6.703714461764321e-05,3.114173887297511e-05,0.0002111630747094,0.9992651343345642,0.0001289791252929,0.000247484218562,neutral,-6.502062387880869e-05,0.00048734677329761197
2_196_u,What?,5.860359669895843e-05,0.0036360116209834,0.00266317371279,0.0010522814700379,0.1572016030550003,0.0012851733481511,0.8341031670570374,surprise,-0.0065906808085856,0.008695243748661359
2_197_u,Ah your own brand of vigilante justice.,5.561112629948184e-05,1.609164974070154e-05,1.1644213373074308e-05,0.0008045576978474,0.9990472197532654,2.641549872350879e-05,3.8432670407928526e-05,neutral,0.0006947952097107,0.0009143201859841665
2_198_u,"Yeah, she's fired.",0.3063118457794189,0.0018646992975845,0.0002170828374801,0.0017303243512287,0.6137827634811401,0.0703999921679496,0.0056932442821562,neutral,-0.3770632957312045,0.3805239444336618
2_2_u,"ThatÕs a good one too Pheebs, now all that I have to do is find a plane load of people whose resolution is to plummet to their deaths",3.202064544893801e-05,2.214568667113781e-05,0.0001676117972237,0.9959484934806824,0.0036913196090608,9.658771159593016e-05,4.183937926427461e-05,happy,0.9956301276397426,0.9962668593216221
2_20_u,My duties?  All right.,2.458858944009989e-05,0.0044142617844045,0.001028171274811,0.0026241191662847,0.8327620029449463,0.0006548184319399,0.1584920734167099,neutral,-0.0034977209143107,0.0087459592468802
2_202_u,Yeah?,1.1120339877379593e-05,0.0004321736632846,0.0001395233266521,0.0069684744812548,0.9804821014404296,0.0001499483041698,0.0118165500462055,neutral,0.0062357088472708,0.0077012401152386795
2_203_u,It's not funny!,0.8884276747703552,0.0001661906135268,0.0002092571958201,0.0002743762161117,0.1105985343456268,0.000118883610412,0.0002048859896603,angry,-0.8886476299740025,0.8891963824062259
2_204_u,"Oh Oh, I am convinced!",1.5765988791827112e-05,7.8848737757653e-05,1.6122006854857318e-05,0.9428836703300476,0.0562294423580169,0.0001238553377334,0.0006522577023133,happy,0.94264907825891,0.9431182624011853
2_205_u,"I did not mean to touch that,I mean",0.0026232108939439,0.0002922156418208,0.0107762366533279,0.0001158870509243,0.8326336741447449,0.1524686366319656,0.0010901151690632,neutral,-0.1660444127701339,0.1662761868719825
2_206_u,A tshirt that says - I don't belong here.,0.911834180355072,4.210456972941756e-05,0.0027961190789937,0.000199411282665,0.084891140460968,0.0002266795781906,1.0456496966071429e-05,angry,-0.9146996722993208,0.9150984948646507
2_208_u,It's that whole sensitive thing.,0.000219888970605,2.453107481414918e-05,0.0001074763713404,0.0001400190085405,0.999121367931366,0.00034553342266,4.126673229620792e-05,neutral,-0.0005574108308792,0.0008374488479600492
2_209_u,Really?,5.195351695874706e-05,0.0017943768762052,0.0017826503608375,0.0059363902546465,0.8930575847625732,0.0011252871481701,0.0962517336010932,neutral,0.0011821223524748,0.010690658156818047
2_210_u,When are you coming home?,1.4167880181048533e-05,6.421045691240579e-05,0.0002158407151,0.0001903485390357,0.9990720748901368,0.0002954252704512,0.0001478305202908,neutral,-0.0003992957836089,0.0007799928616803542
2_213_u,"Wait, wait, Chandler, this is what you're havin' for Thanksgiving dinner?",0.0001492058945586,0.0008574365638196,0.0010221652919426,0.0003458906721789,0.893803596496582,0.0148437228053808,0.0889779403805732,neutral,-0.0165266398835228,0.0172184212278805
2_217_u,Ohhh!!!!,0.0001852271088864,0.0006983138737268,0.0006863338639959,0.0025345182511955,0.6688486933708191,0.0011613516835495,0.3258855044841766,neutral,-0.0001967082789633,0.0052657447813541
2_218_u,"Hey, does somebody wanna hand me one of those tiles.",3.4002019674517214e-05,5.5883650929899886e-05,0.0011416525812819,0.0001989176380448,0.9962833523750304,0.0020175159443169,0.0002688126114662,neutral,-0.0030501365581585,0.0034479718342480172
2_221_u,See Joe that's why your parents told you not to jump on your bed!,0.000712041684892,4.663514846470207e-05,0.0007028229301795,0.0005644579068757,0.9978746175765992,3.072791878366843e-05,6.871324876556173e-05,neutral,-0.0009277697754441,0.0020566855891955703
2_222_u,"The little man who lives in there, who turns the light on and off will tell you.",0.0004350504896137,1.4458410078077575e-05,0.0001470617426093,0.0004494250460993,0.9988538026809692,4.90831007482484e-05,5.1081980927847326e-05,neutral,-0.0001962286969501,0.001095078789148626
2_223_u,"I guess he wants to do a little dance, you know, make a little love. Well pretty much get down to that.",0.0001380020403303,7.852620183257386e-05,0.000161821662914,0.0007810541428625,0.9985987544059752,0.0001477764017181,9.412078361492604e-05,neutral,0.0002549278360675,0.001307180449657474
2_225_u,"I don't know, something girlie.",0.0039571868255734,4.709612767328508e-05,0.0001899498456623,0.0001060671784216,0.9953719973564148,0.0001517656637588,0.000175937107997,neutral,-0.0042399312842462,0.004452065641089385
2_226_u,"These people find out that a spelling game is going over there, there will be nobody left at our party.",0.3173621892929077,0.0001985432463698,0.001092470716685,0.000208188444958,0.6809250712394714,6.208530976437032e-05,0.0001514629111625,neutral,-0.3185071001207689,0.3189234770106849
2_227_u,You sure he is going to be able to crack that code?,3.413310332689434e-05,2.658996163518168e-05,0.0002523006696719,0.0005018499796278,0.9989268183708192,1.736814738251269e-05,0.0002408838481642,neutral,0.0001714580976113,0.0008322418616442887
2_228_u,Then we went to this bar and he hooked us up with all these women!,0.0002250406396342,4.949119102093391e-05,2.970149762404617e-05,0.8921653628349304,0.1072844937443733,0.0001069204445229,0.0001390318648191,happy,0.8917542090621282,0.8925765166077325
2_230_u,"Okay, Janice. Janice. You gotta give me Janice. That wasn't about being picky.",0.0001668206095928,1.023875483951997e-05,9.549760761728976e-06,0.0012712595053017,0.9984455704689026,8.336526661878452e-05,1.3201109140936753e-05,neutral,0.0010012851134888,0.0015412338971145336
2_231_u,"No, no, no, it's flattery.",0.1120718345046043,8.202814206015319e-05,0.0001098701977753,0.0619761385023593,0.8255986571311951,3.250613735872321e-05,0.0001290583459194,neutral,-0.0503201004794391,0.17427237748415778
2_232_u,"Well, umm, my Mom's friend, Phoebe, is actually my birth Mom.",0.0005526848253794,6.226517871255055e-05,4.389852256281301e-05,0.0002179499424528,0.9979009628295898,0.0012124999193474,9.597463758836966e-06,neutral,-0.0016533985035493,0.0020892983884549634
2_234_u,"See, there you go, the cleansing works!",2.7104897526442077e-05,5.035732829128392e-05,0.0001258019183296,0.4994572699069977,0.4999266266822815,3.8174272049218416e-05,0.0003746529109776,neutral,0.499215831490801,0.49969870832319424
2_235_u,You can't make this stuff up!,0.0004162335535511,6.520382157759741e-05,5.261165642878041e-05,0.0011901232646778,0.9945811629295348,0.0007862405618652,0.002908477326855,neutral,-0.0001301663287449,0.002510412858100478
2_236_u,"Gee, if only she were one and had no idea what a birthday was.",1.406913361279294e-05,2.687355845409911e-05,2.7073250748799182e-05,0.0004268656775821,0.999366581439972,2.2670606995234263e-05,0.0001159029998234,neutral,0.0003361791277711,0.0005175522273930255
2_24_u,"Uh, okay. The fifth dentist caved and now they're all recommending Trident?",0.0086552621796727,8.51391268952284e-06,2.033360033237841e-05,0.0002909850736614,0.99099999666214,1.4528677638736552e-05,1.0346900126023684e-05,neutral,-0.0084076532966719,0.008989623443994739
2_240_u,No!,0.8400630354881287,0.0024214147124439,0.0015838085673749,0.000175849723746,0.1550686359405517,0.0001469943672418,0.0005403300747275,angry,-0.8440394034114433,0.8443911028589353
2_241_u,"Oh I do. Oh no, wait a minute, I took it out of my shirt when I put it on this morning.",2.1926523913862184e-05,3.587682294892147e-05,4.606358561431989e-05,0.0733323320746421,0.925963580608368,3.193148586433381e-05,0.000568292394746,neutral,0.0731965336563007,0.07346813049298354
2_242_u,Are you still enjoying your nap?,6.317672614386538e-06,0.0001532087917439,0.0001070698490366,0.1538621932268142,0.8455210328102112,0.0001044306045514,0.0002457038790453,neutral,0.1534911663088678,0.15423322014476049
2_243_u,"Look I never should have kissed your girlfriend, but I'm",0.0110791828483343,0.0029189747292548,0.0009362790733575,0.0003473724354989,0.1571265757083892,0.8259307146072388,0.001660939422436,sad,-0.8405177788226865,0.8412125236936843
2_245_u,"Well ah, I've been doing a lot of thinking, and I look at my life",0.0001397486630594,7.197545528470073e-06,2.139484422514215e-05,0.0248047187924385,0.9748803973197936,7.66985904192552e-05,6.981814658502117e-05,neutral,0.0245596791492062,0.02504975843567077
2_246_u,"Well, it will probably slow me down at first. But once I am used to the extra weight, I ll get back on track.",1.0444328836456409e-05,3.272886897320859e-05,0.0005257119773887,0.9974201917648317,0.0008789061103016,0.0005318485200405,0.000600166444201,happy,0.9963194580695928,0.9985209254600705
2_247_u,Uh yes! Thank you.,0.0001141461107181,8.384553802898154e-05,5.4140058637131006e-05,0.99863463640213,0.0009464760660193,0.0001183002459583,4.8455640353495255e-05,happy,0.9982642044487876,0.9990050683554725
2_248_u,"I mean, you and I we're just, y'know, we're nothing, we're goofin' around.",1.6402625988121144e-05,4.362768595456146e-05,1.1764539522118866e-05,0.8481316566467285,0.1515192091464996,0.0001168908929685,0.0001604061544639,happy,0.8479429709022952,0.8483203423911618
2_250_u,"Oh, you say someone's name enough, they turn around.",9.754962229635566e-05,4.718026048067259e-06,1.7379132259520702e-05,0.000155183894094,0.9996882677078248,2.5317616746178828e-05,1.1700523828039875e-05,neutral,1.021949674395728e-05,0.00030014829144412244
2_251_u,No!! You have been screwing us all day!,0.995152235031128,3.6526773328660056e-05,0.0002184005425078,2.897538615798112e-05,0.0040027732029557,0.0004753152607008,8.578134293202311e-05,angry,-0.9958535022215074,0.9959114529938232
2_253_u,Yeah!,6.1083687796781305e-06,5.173656973056495e-05,2.136978946509771e-05,0.9922842383384703,0.0073838885873556,6.050077718100511e-05,0.0001922721712617,happy,0.992144522833314,0.9924239538436267
2_254_u,"Yeah. Yeah, that's what you need a good .. pill.",0.0003740385000128,0.0149831650778651,0.0005184361943975,0.7462276220321655,0.004301989916712,0.0015296220080927,0.2320651262998581,happy,0.7288223602517974,0.7636328838125337
2_255_u,It's a musical Rose,3.46107262885198e-05,5.611363667412661e-05,3.518685480230488e-05,0.1264037191867828,0.8734250068664551,2.1311663658707403e-05,2.4103470423142422e-05,neutral,0.1262564963053591,0.12655094206820647
2_257_u,"Oh, hey, look, I found coffee! Okay, let's skedaddle.",1.319442981184693e-05,4.559936496661976e-05,4.435162554727867e-05,0.0247891414910554,0.9737025499343872,0.0005087255267426,0.0008964180015027,neutral,0.0241772705439871,0.025401012438123743
2_258_u,"I am telling you, when she leaned back, I could see her brain",0.0018817995442077,6.398559889930766e-06,0.0001392537669744,0.0004187004233244,0.9974576830863952,4.408160748425871e-05,5.2058461733395234e-05,neutral,-0.0016528330552318,0.002490233901880689
2_259_u,"I wasn't by myself. I had a doctor, a nurse, and a helper guy. So, did you see who won the game?",8.424783118243795e-06,1.7621056031202897e-05,2.9989694667165168e-05,0.0027573681436479,0.996896743774414,8.093230462691281e-06,0.0002817651547957,neutral,0.0026932393793686,0.002821496907927203
2_260_u,"Okay, are you aware unagi  is an eel?",1.0024428775068372e-05,1.7143604054581374e-05,2.2608954168390483e-05,0.0044692452065646,0.9954452514648438,5.744283043895848e-06,3.0078808777034283e-05,neutral,0.0044137239365227,0.004524766476606536
2_261_u,"Oh, no, no. I just meant hypothetically.",0.0005122278816998,0.0001689658820396,0.0004408628155943,0.0009081555763259,0.9668424129486084,0.0247668903321027,0.0063604512251913,neutral,-0.0249807913351105,0.0267971024877623
2_263_u,Wow! Imagine what our kids would look like!,3.424390888540074e-05,0.0002663521445356,0.0011519072577357,0.3423560261726379,0.0145870512351393,0.0004456952738109,0.6411586403846741,surprise,0.3404578275876702,0.3442542247576054
2_264_u,Okay?,2.482953277649358e-05,0.0013903727522119,7.919252675492316e-05,0.2545057535171509,0.7424347400665283,0.0009862219449132,0.0005789395072497,neutral,0.2520251367604942,0.2569863702738074
2_267_u,Really!?,8.507321763318032e-05,0.0009735852945595,0.0008259316091425,0.0057647582143545,0.8256076574325562,0.0011571237118914,0.1655859351158142,neutral,0.0027230443811276,0.00880647204758108
2_268_u,"A lonely grey couch. "" O look "" cried Ned. And then the kingdom was his. The End.",0.0032732484396547,0.0193675272166728,0.0060758693143725,0.356410413980484,0.2356144785881042,0.2705970704555511,0.1086614578962326,happy,0.0570966985542327,0.6557241294067351
2_27_u,"No no, you don't have to fly back, really.",0.9959940910339355,7.551701128249988e-05,0.0006255384651012,6.387304165400565e-05,0.0018562077311798,0.0008954658987931,0.0004891633288934,angry,-0.9975267393674584,0.9976544854507663
2_270_u,Hey.,2.45942865149118e-05,8.075900404946879e-05,9.997745655709878e-05,0.00107217207551,0.9986369013786316,2.786153891065624e-05,5.771305222879164e-05,neutral,0.0008389797894778,0.0013053643615421357
2_271_u,Sarcasm? Noo.,0.0843611359596252,6.037646744516678e-05,3.64122424798552e-05,0.0001240505516761,0.9153181314468384,6.29817004664801e-05,3.685509000206366e-05,neutral,-0.0843968558183405,0.0846449569216928
2_272_u,Weā€™re not peeking?,8.063202403718606e-05,0.0076971701346337,0.0013622060650959,3.72978684026748e-05,0.0076886666938662,0.0002336130710318,0.9829004406929016,surprise,-0.0093363234263961,0.009410919163201262
2_278_u,: Yeah.,7.159451342886314e-05,0.0005455510690808,0.0005169278592802,0.7088578343391418,0.2886049449443817,0.0003908601647708,0.0010122361127287,happy,0.707332900732581,0.7103827679457024
2_279_u,Sounds like she has got the whole package!,1.2936609891767148e-05,4.6332112106028944e-05,9.397493158758152e-06,0.9948728680610656,0.0049593388102948,6.024168396834284e-05,3.886151171172969e-05,happy,0.9947439601619408,0.9950017759601905
2_28_u,"Carol called me to thank me for the lasagna, I asked, she told me.",4.27694249083288e-05,3.998611282440834e-05,6.725027924403548e-05,0.9974204301834106,0.0002070936752716,0.0018315500346943,0.0003908159851562,happy,0.9954388743317396,0.9994019860350817
2_280_u,"Joey ate my last stick of gum, so I killed him. Do you think that was wrong?",0.9668256640434264,0.0021689049899578,0.0246691741049289,0.0005072588683106,0.0054322513751685,0.0003034475957974,9.325603605248034e-05,angry,-0.9934599318658002,0.994474449602421
2_281_u,"Ofcourse no Ma, I am referring to Carrey Grant, he is living in the broom closet.",0.0007031388231553,0.0002044720458798,0.0021458875853568,0.0009204705711454,0.9783506989479064,0.017067864537239,0.0006074517732486,neutral,-0.0192008924204856,0.021041833562776297
2_282_u,What-wh-what so we'll just stay married forever?,2.926027445937507e-05,7.6045675996283535e-06,1.571764914842788e-05,0.0020310461986809,0.997862994670868,9.1744695964735e-06,4.429269029060379e-05,neutral,0.001969289237877,0.002092803159484805
2_283_u,Dee. The sarcastic sister from What's Happening.,0.0142192905768752,0.0001959707151399,0.0001707714691292,0.0002413032052572,0.9851171970367432,3.14927201543469e-05,2.395117553533055e-05,neutral,-0.0143762222760415,0.014858828686555846
2_284_u,What?  Why?,1.23977397379349e-05,0.00035064513213,0.0002147440536646,0.0016418617451563,0.9915286302566528,0.0002464787394274,0.0060051879845559,neutral,0.0008175960801963,0.0024661274101162346
2_286_u,"And sometimes I would want you to steal third, and I'll go like this.",9.799641702556984e-06,7.757460844004527e-05,0.0001101595917134,0.0061370027251541,0.9935106635093688,1.246283409273019e-05,0.0001424125221092,neutral,0.0059270060492053,0.006346999401102832
2_287_u,"Oh I am sorry, do you need a break?",6.650667637586594e-05,0.0001799916935851,0.0004059538478031,0.0293750073760747,0.0917289555072784,0.8778196573257446,0.0004239202244207,sad,-0.8490971021674341,0.9078471169195834
2_288_u,Maybe he was nervous.,3.127877789665945e-05,0.0002996219263877,0.0133725255727767,0.0039256759919226,0.9772257208824158,0.0002354723983444,0.0049097263254225,neutral,-0.010013222683483,0.01786457466732806
2_289_u,"Nooo! No, that's not true. No, best time ever! Yeah, you rocked my world!",0.0151926428079605,6.63400933262892e-05,0.0002091723581543,0.9832898378372192,0.0002743955119512,0.0007967678830027,0.0001709495845716,happy,0.9670249146947754,0.999554760979663
2_29_u,It was like months ago.,3.2202311558648944e-05,0.0001119933222071,0.0007776583079248,0.0815853625535965,0.9155704975128174,0.0007286362815648,0.0011936045484617,neutral,0.079934872330341,0.08323585277685185
2_291_u,"Umm, would you please excuse me for a moment?",3.0013834475539625e-05,8.68224014993757e-05,0.0006880437722429,0.0060970354825258,0.9919025301933287,0.0003958236775361,0.0007996300701051,neutral,0.0048963317967718,0.007297739168279716
2_292_u,"No, she is going to sit here where itÕs a 112 degrees and eat enchiladas.",0.8440173268318176,0.0005727933021262,0.0043599801138043,0.0001316933194175,0.15056774020195,5.43392488907557e-05,0.000296155718388,angry,-0.8488727461772214,0.8491361328160565
2_293_u,No,0.0062065529637038,0.0009814786026254,0.0003691641031764,0.0002106645697494,0.991813898086548,0.0002912626659963,0.0001271305518457,neutral,-0.0076377937657525,0.0080591229052513
2_294_u,"Oh, um, I don't care!",0.0037346198223531,6.644907989539206e-05,1.3250834854261484e-05,0.0086073586717247,0.9875009059906006,4.579365850077011e-06,7.289663335541263e-05,neutral,0.0047884595687719,0.01242625777467753
2_295_u,Nobody sees the king!,0.0003225650289095,4.883612564299256e-05,0.0001644367875996,0.0011373747838661,0.9974072575569152,0.0006607074174098,0.0002588476636447,neutral,-5.917057569604367e-05,0.0023339201434279923
2_297_u,"I am sorry, it was a one time thing. I was very drunk and it was someone else's subconscious",8.192562381736934e-05,3.27072266372852e-05,0.0006729618762619,0.0005987411132082,0.0065542752854526,0.9919026494026184,0.000156800771947,sad,-0.9920915030161268,0.9932889852425432
2_299_u,What would you give to a kid if he wanted a ticket to play with?,8.418415382038802e-05,0.0002011008764384,0.0001669294433668,9.44805215112865e-05,0.9993304014205932,5.228020381764509e-05,7.070192805258557e-05,neutral,-0.000410014155932,0.0005989751989545196
2_3_u,And I think my testicles may be in here too,0.0055156317539513,0.0001378930173814,9.549067181069404e-05,0.0003381567366886,0.9938004612922668,4.743283716379665e-05,6.503711483674124e-05,neutral,-0.0054582915436185,0.006134605016995791
2_30_u,So how'd it go?,1.9962917576776817e-05,1.898842310765758e-05,5.174708348931745e-05,0.0008473173948004,0.998304009437561,0.0006902012974023,6.774447683710605e-05,neutral,6.641767322435044e-05,0.0016282171163764518
2_300_u,I don't think you could ever do that.,0.9445326328277588,0.000699684373103,0.0010731006041169,8.668013470014557e-05,0.0514952912926673,0.00061217561597,0.0015004969900473,angry,-0.9468309132862488,0.9470042735556489
2_301_u,"Hey, do you know a six-letter word for red?",2.22816233872436e-05,8.338677616848145e-06,1.5531215467490256e-05,0.0024659091141074,0.9974606037139891,8.396147677558474e-06,1.8885622921516187e-05,neutral,0.0024113614499583,0.0025204567782565403
2_302_u,I know but it's so hard! Nothing rhymes with your stupid name!,0.9960623383522034,2.266674709971994e-05,0.0004012819845229,7.168116280809045e-05,0.002568268449977,0.0008556792745366,1.7997001123148948e-05,angry,-0.9972702851955546,0.9974136475211707
2_303_u,No thanks Josephine!,0.0125725781545043,0.0001566498976899,2.6059880838147365e-05,0.0041307881474494,0.9826834797859192,0.0003940931637771,3.636670589912683e-05,neutral,-0.00901859294936,0.017280169244258847
2_305_u,Take a couple deep breaths.,1.3377833056438249e-05,4.4092510506743565e-05,5.216860517975874e-05,0.0834141075611114,0.91640704870224,2.739691080932971e-05,4.173906199866906e-05,neutral,0.0832770717015591,0.08355114342066366
2_306_u,"No, no no, I just mediate the gorup. I just give up every Tuesday of my life to help these screwups for the good of my health",0.0001490913709858,1.2662244444072712e-05,2.32759521168191e-05,0.0125369504094123,0.98712420463562,2.7047070034313947e-05,0.0001267408806597,neutral,0.0123248737718313,0.012749027046993306
2_31_u,"Even if people are on it!""",0.000335306423949,0.0084862960502505,0.0010993211762979,6.353692879201844e-05,0.9380788803100586,0.0017389341956004,0.0501977354288101,neutral,-0.011596320917306,0.011723394774889819
2_310_u,Well thank God your livelihood doesn't depend on it.,0.0001253105001524,7.852229464333504e-05,1.7396951079717837e-05,0.9962149262428284,0.003458809107542,2.612829666759353e-05,7.886143430368975e-05,happy,0.9959675682002852,0.9964622842853714
2_312_u,Sarcasm? At a sarcasmoholics meeting?,5.295190931065008e-05,1.8589056708151475e-05,1.137723847932648e-05,0.0086384061723947,0.991181492805481,2.312344804522581e-05,7.393048872472718e-05,neutral,0.0085323645198513,0.008744447824938054
2_313_u,"Oh sure, go with the sissy.",0.0125730894505977,0.0002326171525055,4.155152055318467e-05,0.3576376140117645,0.6294740438461304,1.695217906672042e-05,2.4124832634697668e-05,neutral,0.3447734037090413,0.37050182431448764
2_314_u,Am I out of control?,0.0003329952305648,0.0005074179498478,0.0191733576357364,0.0001729794457787,0.939958393573761,0.0367310307919979,0.0031238140072673,neutral,-0.0565718221623683,0.0569177810539256
2_315_u,"I guess you'd know that, being one of the two of us, though, right?",6.516870780615136e-05,0.0002763771335594,3.4402106393827125e-05,0.0004885176895186,0.9954922199249268,0.000717255519703,0.0029261359013617,neutral,-0.0006046857779438,0.0015817211569809785
2_316_u,"Yeah, I'm fine.",3.919352820958011e-05,0.0111774504184722,0.0003462340100668,0.9484840035438538,0.0179368611425161,0.0002402406244073,0.0217759255319833,happy,0.9366808849626976,0.9602871221250097
2_317_u,"Ah, oh, hang on a second. Come in, come in. All right, so think about it, and call me back.",0.000218876521103,1.5598179743392393e-05,0.0001150330135715,0.0152577068656682,0.984153926372528,6.302700057858601e-05,0.0001759138249326,neutral,0.0148451721506717,0.015670241580664677
2_318_u,Was it not pain-free?,0.0005666359211318,0.0239007957279682,0.000870132818818,0.000199021960725,0.9729202389717102,0.0011591248912736,0.0003840143035631,neutral,-0.0262976673984667,0.026695711319916597
2_319_u,No.,0.0026951255276799,0.0658053904771804,0.0009309939923696,0.001240670797415,0.9276984333992004,0.0007846606895327,0.0008447646978311,neutral,-0.0689754998893477,0.0714568414841776
2_322_u,"Hey, my father's house does that.",6.585029041161761e-05,2.890665564336814e-05,5.716672239941545e-05,0.0001581741817062,0.999487280845642,0.0001533628092147,4.920767241856083e-05,neutral,-0.0001471122959628,0.00046346065937530117
2_323_u,That monkey has got a Ross on its ass!,0.0013751469086855,4.031827484141104e-05,9.446443436900154e-05,0.0010714521631598,0.997109830379486,1.771616007317789e-05,0.0002911224437411,neutral,-0.0004561936148093,0.0025990979411288904
2_326_u,Stick to the list.,4.074932803632692e-05,2.5610926968511197e-05,8.048252311709803e-06,0.0014379689237102,0.998415470123291,3.4951379348058254e-05,3.711769386427477e-05,neutral,0.0013286090370456,0.0015473288103748063
2_33_u,"This-this, no, oh no, no-no-no, this is not,that's-that's not what it is.",0.0086441095918416,0.0063316999003291,0.0042272568680346,0.0007649253238923,0.5058939456939697,0.0060342755168676,0.46810382604599,neutral,-0.0244724165531806,0.026002267200965202
2_334_u,"When they're hungry enough, they'll come in.",5.696733296645107e-06,6.293589103734121e-05,1.816270196286496e-05,0.0165915451943874,0.9832496047019958,1.530137160443701e-05,5.660311944666319e-05,neutral,0.0164894484964861,0.01669364189228869
2_337_u,"Uh, listen, I need that broiling pan that Joey borrowed the other day.",0.0372291728854179,3.462415043031797e-05,0.0005773432785645,0.0001722518645692,0.9562040567398072,0.0057114106602966,7.114461914170533e-05,neutral,-0.0433802991101401,0.043724802839278515
2_338_u,And I am sure every person here really really wants you to join our group.,3.110977922915481e-05,6.18494232185185e-05,6.730262248311192e-05,0.5928271412849426,0.4069284200668335,4.281957808416337e-05,4.135120252612978e-05,happy,0.5926240598819277,0.5930302226879576
2_339_u,Thank you.,0.0003875181428156,0.000130587228341,0.0001627307501621,0.9983075857162476,0.000623297819402,0.0003236886113882,6.464031321229413e-05,happy,0.9973030609835404,0.9993121104489545
2_34_u,Is it me or the greetings gone downhill around here?,5.98271144554019e-05,4.697120311902836e-05,0.0002237985609099,0.0005220571183599,0.996052861213684,0.0030456914100795,4.880563574261032e-05,neutral,-0.002854231170204,0.00389834540692373
2_340_u,Oh! Oop!,7.477435428882018e-05,0.010004173964262,0.0007209612522274,0.0007340376032516,0.2719539403915405,0.0088151358067989,0.7076969742774963,surprise,-0.0188810077743255,0.02034908298082872
2_341_u,"Well, I'd gotten Judy pregnant. I still don't know how that happened.",0.0012273896718397,6.641275831498206e-05,0.0002064993313979,1.730107942421455e-05,0.9972543120384216,0.0003666262491606,0.0008614124380983,neutral,-0.001849626931289,0.0018842290901373965
2_342_u,"In what Blanche, dog years?",6.904033944010735e-05,1.4679460946354084e-05,3.3958138374146074e-05,0.0002416121133137,0.9995914101600648,8.11642257758649e-06,4.127079228055664e-05,neutral,0.0001158177519755,0.000367406474651894
2_343_u,"So to sum up, I'm Professor Geller.",6.405547901522368e-05,8.264255302492529e-05,0.0019120052456855,0.0029696791898459,0.9947456121444702,2.986986692121718e-05,0.0001961397210834,neutral,0.0008811060451989,0.005058252334492766
2_344_u,A hand puppet Rose.,3.889125582645647e-05,0.0001275260874535,2.758324080787133e-05,0.0010022021597251,0.9987611770629884,3.329808168928139e-05,9.342210432805588e-06,neutral,0.0007749034939479,0.001229500825502209
2_345_u,Oh I left them in my bulldozer .. I don't have tools!,0.0011897761141881,0.0001190236362162,0.1597257703542709,0.0001495459873694,0.0452704690396785,0.7917878031730652,0.0017575696110725,sad,-0.9526728272903712,0.9529719192651098
2_347_u,Well what are you gonna do when he finds out he wasn't even asked?!,0.0018260325305163,1.2976148354937322e-05,2.688548556761816e-05,7.453335274476558e-05,0.9978898167610168,9.00411541806534e-05,7.967311830725521e-05,neutral,-0.0018814019658748,0.0020304686713642746
2_35_u,Oh no donÕt go. I have scared you. I have said too much. I am hopeless and awkward and desperate for love.,0.0002694379654712,0.0001014797016978,0.6193528771400452,0.0004741871089208,0.0002007135626627,0.3787200152873993,0.0008813214953988,fear,-0.9979696229856928,0.9989179972035342
2_350_u,"No Rose, I am nervous because Sonny Bono gets elected mayor of Palm Springs, he is gonna make all the postmens wear leather bell bottoms and a fur vest.",0.0010254245717078,8.827803685562685e-05,0.993104875087738,0.0005519877886399,0.0048120049759745,0.0002457140071783,0.0001716179831419,fear,-0.99391230391484,0.9950162794921197
2_351_u,"No Rose, she is depressed because Marvel had manners on only once a week",0.0001267930056201,0.0001328898360952,0.0003208641719538,0.0020815609022974,0.0021365121938288,0.9947552680969238,0.0004461677162908,sad,-0.9932542542082956,0.9974173760128904
2_352_u,"No Rose, it stands alone.",0.000271342403721,0.0114657329395413,0.0007220521220006,0.0001806881773518,0.9853178262710572,0.0015550471143797,0.0004873113066423,neutral,-0.0138334864022908,0.0141948627569944
2_353_u,"Nothing. It's just old and dingy, that's all.",0.0313116014003753,0.0069368300028145,0.0006489261868409,0.0013438055757433,0.8471701145172119,0.1119546368718147,0.0006341399275697,neutral,-0.1495081888861023,0.1521958000375887
2_356_u,Yeah.,5.190010142541723e-06,0.0001400524633936,7.874015136621892e-05,0.911277174949646,0.0878843963146209,8.396606426686049e-05,0.0005304013029672,happy,0.9109692262604768,0.9115851236388152
2_357_u,"Stating the obvious, but thank you. And it's not weird is it.",0.0001948369317688,8.970779890660197e-05,2.2326159523800012e-05,0.9986397624015808,0.0009168767137452,0.0001058730194927,3.0553197575500235e-05,happy,0.9982270184918888,0.9990525063112727
2_358_u,"I do not always have to be,okay, okay.",0.00022097438341,0.0030081691220402,0.0025457476731389,0.0021796748042106,0.7948526740074158,0.0004382784827612,0.1967545300722122,neutral,-0.0040334948571398,0.008392844465560899
2_359_u,"You know once you are inside, you don't have to knock anymore.",8.390018592763226e-06,2.180338924517855e-05,4.293459278414957e-05,0.0273878294974565,0.9724785685539246,2.61276654782705e-05,3.4442960895830765e-05,neutral,0.0272885738313561,0.02748708516355686
2_36_u,"The big deal is I don't want naked, greasy strangers in my apartment when I want to kick back with a puzzle,beer! Cold beer.",0.9756659269332886,0.0001981260284082,0.0007556698401458,3.5950157325714827e-05,0.0223490707576274,0.0004994824994355,0.0004959467914886,angry,-0.9770832551439526,0.9771551554586038
2_361_u,Nooo,0.1467066407203674,5.643293479806744e-05,9.382935240864754e-05,0.000381661375286,0.8526493310928345,6.922938337083906e-05,4.285986869945191e-05,neutral,-0.1465444710156589,0.14730779376623096
2_365_u,"Nope. Op, wait! There he goes.",0.0077520529739558,0.0001675948005868,5.2991807024227455e-05,8.296719170175493e-05,0.9893698692321776,0.0009287078864872,0.0016459103208035,neutral,-0.0088183802763524,0.008984314659755783
2_367_u,"Well, don't  'cha wanna?",0.0015029358910396,0.0040079434402287,0.0007629248430021,0.0009296459611505,0.9857285618782043,0.0006006036419421,0.0064673675224184,neutral,-0.005944761855062,0.007804053777363
2_369_u,"I just have to do one thing, really quickly, its not a big thing  ...  GET UP||",0.0002175734698539,3.437515624682419e-05,0.0002011521573876,0.001007278333418,0.9984666109085084,2.1092075257911347e-05,5.197155769565143e-05,neutral,0.0005330854746716,0.0014814711921642353
2_370_u,You have to stop the Q-Tip when there is resistance,1.2434310519893188e-05,3.577949610189535e-05,2.9641343644470908e-05,0.0421392321586608,0.9577108025550842,1.2320743735472206e-05,5.98531223658938e-05,neutral,0.0420490562646591,0.04222940805266253
2_371_u,I-I'm really sorry. It's just that I,8.935132791521028e-05,0.0001393730635754,0.0008866136195138,0.0006944835186004,0.0084260627627372,0.9887104630470276,0.0010537457419559,sad,-0.9891313175394316,0.9905202845766324
2_372_u,Actually I yesterday I was smoking again. Today I am smoking still.,0.0001658562105149,8.29720520414412e-05,0.0001327811623923,0.0112526575103402,0.9881340861320496,0.000134167363285,9.748482989380136e-05,neutral,0.0107368807221064,0.01176843429857384
2_373_u,I was making a coconut phone with a professor.,0.0001200115730171,4.885291491518728e-05,0.0002334468299522,0.0004228538600727,0.9990355968475342,5.675671218341449e-06,0.00013346648484,neutral,1.4866870969854062e-05,0.0008308408491755287
2_374_u,Janice? Janice?,0.0001488192792749,0.0027226509992033,0.002940273610875,0.0012837939430028,0.972413182258606,0.0014190342044457,0.0190723277628421,neutral,-0.0059469841507961,0.0085145720368017
2_375_u,I was thkinking about maybe going into the Robot.,0.0002106053143506,3.769842805922963e-05,0.0002739115152508,0.0001370969694107,0.9991896748542786,0.0001129985321313,3.795209340751171e-05,neutral,-0.0004981168203812,0.0007723107592026296
2_376_u,Me? I am gonna die alone!,0.0002216122520621,0.0001267350889975,0.0159036107361316,0.0001492956653237,0.0061841164715588,0.9760369062423706,0.0013776932610198,sad,-0.9921395686542382,0.9924381599848855
2_377_u,Yeah either that or gloria estefan was right eventually the rhythm is going to get you,2.5055169317056425e-05,8.31640591059113e-06,0.0002615341800265,0.9907594919204712,0.0088099054992198,5.137409243616276e-05,8.432283357251436e-05,happy,0.9904132120727808,0.9911057717681615
2_378_u,"No Blanche, with a venus fly trap",7.93700892245397e-05,0.0002885021094698,0.0004221573763061,0.0002498249814379,0.9988678693771362,5.255807627690956e-05,3.9808899600757286e-05,neutral,-0.0005927626698394,0.0010924126327152492
2_38_u,It's not a real game! I made it up!,0.0047231633216142,3.527037551975809e-05,0.0001528998545836,0.0001509390422143,0.9937663078308104,0.000231204816373,0.0009401510469615,neutral,-0.0049915993258764,0.005293477410304858
2_380_u,Oh just like give a minute to wake up for this  ...  Ha ha! You lost the ring. You are the worst best man ever!,0.0334802940487861,0.0001912146253744,0.0001655161031521,0.959322452545166,0.0012717498466372,0.0054043973796069,0.0001643912983126,happy,0.9200810303882464,0.9985638747020854
2_381_u,Noo..,0.0003848689666483,0.0002714492147788,0.0002765220997389,0.0015588039532303,0.9971014857292176,0.0001272576046176,0.0002795482578221,neutral,0.0004987060674466,0.0026189018390138995
2_385_u,"No, I know, but I,he just went on.",3.309429303044453e-05,6.893794488860294e-05,9.755473729455844e-05,0.0012481219600886,0.9974008798599244,5.589753345702775e-05,0.0010955609614029,neutral,0.0009926374514179,0.0015036064687592337
2_387_u,"Yes, I know, but her friend sounds like such a...",0.0036335666663944,0.0002490922634024,3.922272662748583e-05,0.0069862753152847,0.988778829574585,0.0002350355789531,7.793023542035371e-05,neutral,0.0028293580799072,0.011143192550662087
2_388_u,"Yeah, she couldn't live without the Chan Love.",1.8825703591573983e-05,4.703610466094688e-05,1.76188514160458e-05,0.7759900093078613,0.2237667292356491,9.785054135136306e-05,6.194996240083128e-05,happy,0.7758086781068414,0.7761713405088813
2_389_u,Huh! Whats dufus speled backwards?,0.8291170001029968,0.0003634040476754,0.0002876078069675,9.718981164041908e-05,0.169515386223793,0.0004635494842659,0.0001558697404107,angry,-0.8301343716302654,0.830328751253546
2_39_u,"Oh hurry up, I want to sign that.",6.639059574808925e-05,1.1043623089790344e-05,4.802590410690755e-06,0.0051683974452316,0.9947399497032166,2.785254764603451e-06,6.730023869749857e-06,neutral,0.0050833753812185,0.005253419509244774
2_390_u,"No, I am depressed becaues Phillis George left the morning news.",0.0001003565339487,0.0001365662465104,0.0007634060457348,0.0015138058224692,0.0002317643957212,0.9963083863258362,0.0009456181433051,sad,-0.995794909329561,0.9988225209744993
2_392_u,Ah you see perfect might be a problem. Had you said co-dependent or self-destructive.,0.5472860336303711,2.5174465918098576e-05,6.025228867656551e-05,0.0003349257167428,0.4518557786941528,0.0004075313045177,3.026715239684563e-05,angry,-0.5474440659727406,0.5481139174062262
2_393_u,Pheebs?,8.580485882703215e-05,3.314611967653036e-05,3.0363406040123664e-05,9.853357914835216e-05,0.99964702129364,2.9345454095164317e-05,7.584516424685717e-05,neutral,-8.012625949049834e-05,0.00027719341778720263
2_397_u,You still love me?,1.9187978978152387e-05,7.283828017534688e-05,0.0003529864188749,0.9394564628601074,0.0571890100836753,0.0025098393671214,0.0003995967272203,happy,0.9365016108149576,0.9424113149052572
2_398_u,"Rose, you should sit here and watch her hack herself to death",0.0007505816756747,0.0003330552426632,0.0019658294040709,5.342286385712214e-05,0.9918054342269896,0.0037880465388298,0.001303641940467,neutral,-0.0067840899973816,0.006890935725095722
2_400_u,"Anyway, I should go, one of the lifeguards was just about to dismantle a nuclear device.",0.0004864094080403,0.0012918964494019,0.687882125377655,0.0018589360406622,0.2655633389949798,0.0009030090877786,0.042014256119728,fear,-0.6887045042822137,0.6924223763635381
2_405_u,I'm supposed to teach a graduate seminar there in ten minutes.,0.9961918592453004,1.6662219422869384e-05,0.0006153734284453,3.853682574117556e-05,0.0018655871972441,0.0012370767071843,3.4839533327613026e-05,angry,-0.9980224347746116,0.9980995084260941
2_406_u,For what? For letting you throw me out of your office?,0.2662723660469055,0.0001086078191292,0.0014548329636454,5.255924770608544e-05,0.7284669280052185,0.0034353600349277,0.0002093139191856,neutral,-0.2712186076169018,0.2713237261123139
2_407_u,Hey!,1.4174346688378137e-05,0.0006681531085632,0.0006200462230481,0.0035513851325958,0.9909157156944276,0.0001975923223653,0.0040328465402126,neutral,0.0020514191319307,0.005051351133260778
2_408_u,"Okay, but if you are not coming back soon, there is pretty much nothing I can do about it",0.0019111188594251,0.0001640837435843,0.0006124518695287,0.2198930531740188,0.2191644161939621,0.5579725503921509,0.0002823149552568,sad,-0.3407671516906703,0.7805532580387078
2_409_u,I'll catch you guys later.,3.1373550882562995e-05,1.6715654055587947e-05,0.0001774531265255,0.8845609426498413,0.1150086149573326,0.000139590280014,6.53152383165434e-05,happy,0.8841958100383636,0.884926075261319
2_410_u,If you wanna put a label on it.,0.0007143522379919,1.0378469596616924e-05,2.759248309303075e-05,0.0001231846981681,0.9990806579589844,1.954953040694818e-05,2.4321896489709616e-05,neutral,-0.0006486880229203,0.0008950574192565958
2_413_u,Some guy bought it. I'm sorry. I tired to stop it but they put me in jail!,0.0002247759111924,6.719581870129332e-05,0.0053814672864973,4.835836443817243e-05,0.0036124500911682,0.9903151392936708,0.0003506368957459,sad,-0.9959402199456237,0.9960369366744999
2_415_u,"Chloe, switch with me, there's some guys here that got a crush on you.",4.707357220468111e-05,1.8465703760739416e-05,0.0022579205688089,0.0194145571440458,0.977807879447937,0.0003999602049589,5.417009379016236e-05,neutral,0.0166911370943125,0.022137977193779017
2_416_u,Were you so late because you were burying this woman?,1.065828291757498e-05,3.9422622648999095e-05,9.86609811661765e-05,0.0001178073944174,0.9993780851364136,0.0002135499962605,0.0001418058382114,neutral,-0.0002444844885758,0.00048009927741065055
2_419_u,Uh-huh!,2.873256744351238e-05,0.0004329156363382,2.187434984080028e-05,0.1186511367559433,0.8801218867301941,0.0001760274462867,0.0005673794075846,neutral,0.1179915867560339,0.1193106867558525
2_42_u,"Look, please, please don't go anywhere, okay?",0.0004192597989458,4.8757709009805694e-05,0.0003866556216962,0.3940629363059997,0.6034713983535767,0.0015178822213783,9.307804430136456e-05,neutral,0.3916903809549694,0.3964354916570298
2_420_u,"No you are not Chandler, we still love you Chandler",0.0002340199134778,1.76090525201289e-05,1.8775494027067907e-05,0.9913490414619446,0.0082181645557284,0.0001455916208215,1.6747448171372525e-05,happy,0.990933045381098,0.9917650375427911
2_421_u,Joey's got a really bad hernia but its nothing that a laser eye surgery wont fix,5.105034870211966e-05,0.0003699352382682,0.02343693934381,0.6225505471229553,0.3249345123767853,0.0214211028069257,0.0072359484620392,happy,0.5772715193852491,0.6678295748606613
2_422_u,"Well, I like it. Here you go.",6.098971789469943e-05,7.152425678214058e-05,1.519634315627627e-05,0.999077320098877,0.0006166637176647,0.0001188399401144,3.9410901081282645e-05,happy,0.9988107698409294,0.9993438703568245
2_423_u,Like I have nothing better to do!,0.0410384610295295,3.219427162548527e-05,0.0001178645616164,0.0002151294029317,0.9583747386932372,7.871369598433375e-05,0.0001429669209755,neutral,-0.041052104155824,0.041482362961687426
2_425_u,And did he?,2.4063991077127863e-05,3.789466791204177e-05,3.463440225459635e-05,0.0004654148360714,0.9992489218711852,1.7653272152529098e-05,0.0001713782548904,neutral,0.0003511685026751,0.0005796611694676951
2_426_u,"Are you kidding? I love that guy!  Morning's here! Morning is here,",5.384865653468296e-05,3.1436196877621114e-05,1.6152102034538984e-05,0.9990965127944946,0.0006638387567363,6.961611506994814e-05,6.853348895674571e-05,happy,0.9989254597239778,0.9992675658650114
2_427_u,"Oh-oh, that's a risky little game!",0.1016905605792999,0.0007553381146863,0.000546341529116,0.2157946825027465,0.0576067864894866,0.6184573769569397,0.0051489137113094,sad,-0.5056549346772954,0.9372442996827883
2_428_u,His legs flail about as if independent from his body,0.0003074374981224,3.087395816692151e-05,0.0008081694249995,0.0002449705789331,0.9982739686965942,0.0003201887593604,1.4246545106288975e-05,neutral,-0.0012216990617162,0.0017116402195823215
2_429_u,"I really, really enjoyed it. Very exotic.",7.367236685240641e-05,0.0002753860899247,0.0002510630001779,0.9948185086250304,7.905805250629783e-05,0.0006540799513459,0.0038483075331896,happy,0.9935643072167296,0.9960727100333313
2_43_u,"Well, y'know I'm 29. I mean who needs a savings account.",0.0014899692032486,1.021032949211076e-05,1.7874046534416266e-05,0.0002186033379985,0.9981464147567748,6.81312449160032e-05,4.878262188867666e-05,neutral,-0.0013675814861926,0.0018047881621896303
2_430_u,I guess you would know that or else we would be in a predicament room,0.0003804503940045,0.0026408126577734,0.0005921453121118,0.0001845563092501,0.954697608947754,0.0007092212908901,0.0407951958477497,neutral,-0.0041380733455298,0.0045071859640299005
2_431_u,I'm never gonna get to meet her anyway.,0.0003065365599468,7.684271986363456e-05,0.0008232922409661,7.481659122277051e-05,0.0061738500371575,0.9924737215042114,7.09842424839735e-05,sad,-0.9936055764337652,0.9937552096162108
2_433_u,I was saying the actual words,0.0007455768063664,5.308903564582579e-05,0.0007079403148964,0.0069945105351507,0.9886137247085572,0.0019283308647572,0.0009568972163833,neutral,0.0035595735134847,0.010429447556816527
2_434_u,We can? Ok I am trying that.,1.598075141373556e-05,5.52904348296579e-05,6.828094774391502e-05,0.653482973575592,0.3463029265403747,1.503920884715626e-05,5.958671681582928e-05,happy,0.6533283822327576,0.6536375649184265
2_435_u,"Me too! There's a game on Tuesday, do you wanna go?",6.918603503436316e-06,1.9799754227278758e-05,8.740426710573956e-05,0.055077239871025,0.9446430802345276,5.668892481480725e-05,0.0001088597127818,neutral,0.0549064283213738,0.055248051420676264
2_437_u,"Oh yeah. First off all, chasing the Churo guy isn't jogging.",0.9767616987228394,7.613174238940701e-05,0.0002472412306815,4.773703039973043e-05,0.0227188300341367,7.072395965224132e-05,7.777506107231602e-05,angry,-0.9771080586251628,0.9772035326859623
2_438_u,Really? Struck down in the prime of life.,0.0001086505726561,0.0011489962926134,0.0187062490731477,0.0093996068462729,0.5290002822875977,0.1416373997926712,0.2999988198280334,neutral,-0.1522016888848156,0.1710009025773613
2_439_u,"Twenty-one hours, you're a hero.",5.972740473225713e-05,8.094954682746902e-05,3.633819142123684e-05,0.9979105591773988,0.0005851960740983,0.0003254607145208,0.0010017827153205,happy,0.9974080833198968,0.9984130350349005
2_44_u,"Whoa, maybe I was!",2.8567601475515403e-05,0.0031107242684811,0.0001894669112516,0.0595720186829566,0.0900490209460258,0.0003253032336942,0.8467248678207397,surprise,0.0559179566680541,0.06322608069785901
2_440_u,"No its not big, not at all. Kind of the same lines as, I don't know, having a third nipple!",0.9265673756599426,2.850376222340856e-05,7.20075549907051e-05,0.0005135864485055,0.0726779550313949,9.697125642560422e-05,4.366658322396688e-05,angry,-0.9262512717850768,0.9272784446820879
2_441_u,"He's right, even if it's to say something complementary.",4.167745646554977e-05,0.0001446299138478,8.083698048721999e-06,0.9859331250190736,0.0138024482876062,5.538870027521625e-05,1.4669617485196795e-05,happy,0.985683345250436,0.9861829047877109
2_442_u,No itÕs the rose in the kitchen thing.,0.2696553766727447,0.0011514371726661,0.0311435125768184,0.0003406614705454,0.6935187578201294,0.0025829346850514,0.0016073489096015,neutral,-0.3041925996367354,0.304873922577826
2_443_u,"Dear god, this parachute is a knapsack",0.0011291054543107,0.0044925990514457,0.0485254898667335,0.0001591817999724,0.5828636884689331,0.0077179856598377,0.3551119565963745,neutral,-0.0617059982323553,0.06202436183230001
2_444_u,"Ross-Ross, you have no idea what this means to me!",0.0007079815259203,3.137769817840308e-05,3.788538015214726e-05,0.2645973265171051,0.7320841550827026,0.0016979206120595,0.0008433595648966,neutral,0.2621221613007947,0.2670724917334154
2_445_u,Okay?,2.482953277649358e-05,0.0013903727522119,7.919252675492316e-05,0.2545057535171509,0.7424347400665283,0.0009862219449132,0.0005789395072497,neutral,0.2520251367604942,0.2569863702738074
2_446_u,"I'd love to show ya, but I just tucked her in.",1.1367868864908814e-05,4.308426287025213e-05,2.5448069209232926e-05,0.6092496514320374,0.3905771970748901,2.3251659513334744e-05,7.002155325608328e-05,happy,0.6091464995715796,0.6093528032924951
2_447_u,It was an accident. Not like I was across the street with a telescope and a box of donuts.,0.3000218272209167,0.0001307593629462,0.000382938364055,0.0002760881034191,0.6987081170082092,7.214658398879692e-05,0.0004081706574652,neutral,-0.3003315834284876,0.3008837596353258
2_448_u,Do you still wanna call  'em? I wanna call  'em.,1.9769959180848676e-05,6.078535079723224e-05,7.632244523847476e-05,0.0001917337358463,0.99943608045578,6.1845887103118e-05,0.0001533969334559,neutral,-2.6989906473318115e-05,0.00041045737816597366
2_449_u,"Oh no, now its not gonna make any sense",0.4128034114837646,0.0001977131614694,0.008832667954266,6.963236955925822e-05,0.0108277322724461,0.5657192468643188,0.001549610751681,sad,-0.9874834070942596,0.987622671833378
2_45_u,"Oh ma no, it was a little girl selling girl scout toilets.",0.0004485787067096,0.0108316456899046,0.0073955487459897,6.858333654236048e-05,0.0055563580244779,0.0107394633814692,0.9649598002433776,surprise,-0.029346653187531,0.029483819860615462
2_450_u,If only there was something in your head to control the things you say.,0.0006977640441618,3.157509854645468e-05,0.00194310862571,0.0001159857783932,0.9970120191574096,2.271334051329177e-05,0.0001768232759786,neutral,-0.0025791753305384,0.0028111468873247463
2_454_u,"Ross umm, there's something that I've got to tell you, there's-there's someone else.",0.0073384745046496,0.0011179655557498,0.0516186468303203,0.054203912615776,0.815200686454773,0.0131417857483029,0.0573785491287708,neutral,-0.0190129600232467,0.1274207852547986
2_456_u,And you are gonna make them all disappear.,0.009205088019371,0.0001879269111668,9.085818601306528e-05,0.0002665041538421,0.990167498588562,1.714904465188738e-05,6.499090522993356e-05,neutral,-0.0092345180073607,0.009767526315044852
2_457_u,"Yes, we all know how cruel a parent can be, about the flatness of a child's pillow.",0.0157357156276702,0.0005358390626497,0.000983505975455,0.750490665435791,0.2321621924638748,5.492911077453755e-05,3.718490188475698e-05,happy,0.7331806756592414,0.7678006552123404
2_458_u,What are you up too?,0.0001405271905241,0.0011337747564539,0.002358271041885,0.0001607848971616,0.9846184849739076,0.0009502625325694,0.0106378914788365,neutral,-0.0044220506242709,0.004743620418594
2_461_u,"Wow you look just like your son, Mrs. Tribbiani",7.712728984188288e-05,0.0001251529611181,0.0017651574453338,0.961090326309204,0.0013339216820895,0.0006892207311466,0.0349190197885036,happy,0.9584336678817637,0.9637469847366444
2_462_u,"No Rose, at a pie eating contest.",0.0001216352829942,0.0001214410222019,3.810114139923826e-05,6.513897824333981e-05,0.9995051622390748,6.584361108252779e-05,8.2554885011632e-05,neutral,-0.0002818820794345,0.00041216003592120585
2_463_u,Ok!,1.571125176269561e-05,0.0013154310872778,0.0001807239459594,0.4021089076995849,0.5918083190917969,0.0002959842677228,0.0042749620042741,neutral,0.4003010571468621,0.4039167582523076
2_464_u,"Oh, uh, no thanks. I just had an M&M.",0.0001460699713788,2.89477775368141e-05,1.0699356607801748e-05,0.0029296255670487,0.9966599941253662,0.0002210640377597,3.559905735528446e-06,neutral,0.0025228444237654,0.0033364067103318156
2_465_u,"No Rose, that you should do.",0.0276548955589532,0.0504844076931476,0.0006258895737119,0.0075901076197624,0.9125649333000184,0.0005104640731588,0.0005694405408576,neutral,-0.0716855492792092,0.0868657645187339
2_467_u,That is the coast guard!,9.687415513326414e-06,0.0003984147042501,7.78801113483496e-05,0.6113924384117126,0.3865927159786224,0.0003376289387233,0.0011912930058315,happy,0.6105688272418774,0.6122160495815476
2_471_u,Amazing.,0.0002174591645598,0.0003888190258294,0.0002234884450444,0.9966134428977966,0.0002364938263781,0.0013474087463691,0.0009728873847052,happy,0.9944362675159936,0.9987906182795994
2_472_u,And I just won a million dollars!,0.0004715861578006,0.0001003188663162,0.0001203004503622,0.979077398777008,0.0189793221652507,2.496648085070774e-05,0.0012261159718036,happy,0.9783602268216782,0.9797945707323377
2_473_u,I'm the supply manager.,1.1427712706790771e-05,2.37782733165659e-05,1.4154134987620637e-05,0.0010855353903025,0.9988245368003844,2.380806472501717e-05,1.6814768969197758e-05,neutral,0.0010123672045665,0.0011587035760384945
2_474_u,Lovely,0.0001528725697426,0.0001441685744794,5.042899283580482e-05,0.9965412020683287,0.00247014593333,0.0005784264067187,6.269649020396173e-05,happy,0.9956153055245522,0.9974670986121053
2_475_u,"Oh yeah ok, including the waffles last week, you now owe me, seventeen zillion dollars.",0.0090451734140515,0.0001120712186093,0.0001202034472953,0.0744891017675399,0.9159312844276428,3.766473673749715e-05,0.0002644351334311,neutral,0.0651739889508462,0.0838042145842335
2_477_u,"And then and then you clicked it again, she's dressed. She is a business woman, she is walking down the street and oh oh oh she's naked.",0.2466946393251419,0.0101941060274839,0.091967836022377,0.0020245811901986,0.4950864911079407,0.0264218896627426,0.1276104301214218,neutral,-0.3732538898475468,0.377303052227944
2_478_u,"Oh, wait a minute, I have no one.",0.0001103157555917,0.0003087488585151,0.0007962993113324,0.1725954264402389,0.6577707529067993,0.1585772782564163,0.0098411915823817,neutral,0.0128027842583833,0.33238806862209436
2_479_u,No I am worried she might be Phir Resuda's,0.0002810793812386,6.645044049946591e-05,0.9821255207061768,0.0001751522504491,0.0008274218416772,0.0163296461105346,0.0001948397257365,fear,-0.9986275443880004,0.9989778488888985
2_48_u,"Thanks, but I kinda have a problem to deal with here.",8.167974738171324e-05,5.236804281594232e-05,8.920839172787964e-05,0.99800306558609,0.0001282708253711,0.0015746294520795,7.082274532876909e-05,happy,0.996205179952085,0.999800951220095
2_481_u,All right.,9.517279249848798e-05,0.0198915041983127,0.00140648544766,0.2073249667882919,0.6430661082267761,0.000943679944612,0.1272721141576767,neutral,0.1849881244052085,0.2296618091713751
2_482_u,"Y'know you, you just stop being such a wuss and get those off and you come with us and watch naked girls dance around!!",0.0211131256073713,3.487330468487926e-05,0.0002052544004982,0.0139805199578404,0.9642723202705384,0.0002633536350913,0.0001305815239902,neutral,-0.0076360869898053,0.035597126905486075
2_484_u,Yes yes it is! In Prison!!,8.52889206726104e-05,5.394223626353778e-05,0.0001119546141126,0.845616340637207,0.1539186686277389,3.0535258702002466e-05,0.000183289128472,happy,0.8453346196074563,0.8458980616669578
2_485_u,You got off to a really good start with the group.,6.812712854298297e-06,2.308789589733351e-05,4.578196239890531e-05,0.998182773590088,0.0015886552864685,0.0001168333328678,3.60619742423296e-05,happy,0.9979902576860696,0.9983752894941064
2_486_u,"Anyway, they want to take us out Saturday night! What do you say?",1.39107023642282e-05,9.585546649759635e-06,0.0001186159424833,0.0007060224888846,0.9990131855010986,0.0001053512969519,3.320765608805232e-05,neutral,0.0004585590004353,0.0009534859773337878
2_487_u,"And Hornswoggle? What? Are you dating a character from ""Fraggle Rock""? Ahh.",4.3935335270361975e-05,0.0003504449559841,0.0015377681702375,0.0151248164474964,0.368199735879898,0.0009088588412851,0.6138345003128052,surprise,0.0122838091447192,0.01796582375027346
2_488_u,"Just a sec, give me a minute to wake up for this,Ah-ha-ha!!",2.8775670216418803e-05,0.0001745103800203,7.497728802263737e-05,0.102807730436325,0.8736823797225952,0.0002886413130909,0.0229430049657821,neutral,0.1022408257849747,0.10337463508767526
2_489_u,"No, its because I cannot make any sense of those commercials for obsession.",0.9831389784812928,3.569410546333529e-05,0.0043596145696938,2.637752913869917e-05,0.0059010982513427,0.0065014925785362,3.6696634197141975e-05,angry,-0.9940094022058474,0.9940621572641248
2_49_u,We got a box.,7.381797786365496e-06,1.895409332064446e-05,2.9649909265572205e-05,0.00059261493152,0.9992856383323668,1.5698051356594078e-05,4.998654912924394e-05,neutral,0.0005209310797908,0.0006642987832491763
2_490_u,"Maybe it's a contest, you know? Like ""Collect all five"".",3.149714393657632e-05,1.1969888873863964e-05,2.4750062948442064e-05,0.0004934553289785,0.9993337988853456,1.527785207144916e-05,8.92727475729771e-05,neutral,0.0004099603811482,0.0005769502768088315
2_491_u,"Let me think! Let me think! Oh, I don't care.",1.5232487385219429e-05,1.810799585655332e-05,2.111943467753008e-05,0.0016020031180232,0.9979641437530518,7.561756319773849e-06,0.0003718126390594,neutral,0.0015399814437841,0.0016640247922622767
2_492_u,"I'm sorry Sophia, but in Dorothy's defence, it sure sounds a lot like her.",0.0002807067940011,9.427514305571094e-05,6.771527114324272e-05,0.0031595812179148,0.0031323693692684,0.9931436777114868,0.0001216982709593,sad,-0.990426793701772,0.9967459561376016
2_493_u,Did you tell her about the magical night that starts with the flush of every toilet?,0.0001135841666837,1.733843055262696e-05,6.585827213712037e-05,0.000495204818435,0.9992863535881042,8.652526958030649e-06,1.2930520824738778e-05,neutral,0.0002897714221035,0.0007006382147664779
2_494_u,But younger than some buildings!,7.865764018788468e-06,2.330897950741928e-05,1.2430578863131814e-05,0.0382192358374595,0.9616336226463318,2.250517536594998e-05,8.106667519314215e-05,neutral,0.0381531253397042,0.03828534633521479
2_495_u,"Okay, you guys, just relax.  I doooo.",0.0001357014552922,2.133494126610458e-05,2.8459762688726187e-05,0.8052583932876587,0.1944511234760284,2.6543713829596527e-05,7.846685184631497e-05,happy,0.805046353414582,0.8054704331607353
2_498_u,"Uh, so how many cameras are actually on you.",0.0003229149151593,4.798411100637168e-05,0.0058947242796421,0.0001916395995067,0.9900566935539246,0.0008819983340799,0.002604077104479,neutral,-0.006955982040381,0.007339261239394372
2_499_u,The end.,9.163800859823824e-05,0.0051766168326139,0.0287818238139152,0.002936971373856,0.9119183421134948,0.0086383447051048,0.0424562618136405,neutral,-0.0397514519863761,0.04562539473408814
2_50_u,"Nope, that patch is no good.",0.9946010112762452,0.0007175991195254,0.0018642891664057,0.0003456005360931,0.0009663750533945,0.0013961201766505,0.0001089621146093,angry,-0.9982334192027338,0.9989246202749199
2_500_u,Oh my God I love that! - Really? - NO!,0.0002250840625492,0.0001140967578976,4.294063910492696e-05,0.9983465671539308,0.0002145224570995,0.0003568113606888,0.0006999502074904,happy,0.99760763433369,0.9990854999741713
2_502_u,I'm worried about whether Michael Jackson will be able to buy the remains of the elephant man.,0.0003415954706724,0.0042528305202722,0.9106395244598388,0.0003879453870467,0.001761089079082,0.055147785693407,0.0274691879749298,fear,-0.969993790757144,0.970769681531237
2_504_u,"All right, okay, well, apparently not!",0.8833613395690918,0.0004598173545673,0.000309593277052,0.070530965924263,0.0343503095209598,0.0107307685539126,0.000257095467532,angry,-0.8243305528303608,0.9653924846788868
2_505_u,To feed the cat Rose.,0.0002706508093979,4.152956535108388e-05,2.878650229831692e-05,0.0001226540189236,0.9994781613349916,1.4453878065978644e-05,4.3878517317352816e-05,neutral,-0.0002327667361896,0.0004780747740368794
2_506_u,"Oh my God!! Ohh, that is it! I'm leaving! You are just a horrible person!",0.0087479753419756,0.0565915331244468,0.9002447128295898,0.001238023629412,0.0001368758676107,0.0100722555071115,0.0229686722159385,fear,-0.974418453173712,0.9768945004325358
2_507_u,"No, I haven't taken her out of the trunk of the car yet.",0.0505457259714603,0.000124971193145,0.0005295250448398,9.8497184808366e-05,0.9477534294128418,0.0002998489362653,0.0006480632000602,neutral,-0.0514015739609021,0.05159856833051877
2_508_u,"Yes, the doctor's say if they remove it, he will die!",0.0002085508749587,3.1004587071947753e-05,0.0013895934680476,0.2172171026468277,0.7807252407073975,0.0003998634056188,2.8656022550421767e-05,neutral,0.2151880903111305,0.21924611498252472
2_509_u,Crazy bitch!,0.9837943911552428,0.0007363670738413,0.0013878346653655,0.0100071635097265,0.0013522102963179,0.0023716420400887,0.0003504444321151,angry,-0.978283071424812,0.9982973984442648
2_51_u,"Well, I believe the piece of furniture was fine until your little breakfast adventure with Angela Delvecchio",1.0381610991316848e-05,0.0001047732876031,1.7231817764695734e-05,0.9820824861526488,0.0177295431494712,3.110358738922514e-05,2.4340906747966077e-05,happy,0.9819189958489004,0.9822459764563971
2_511_u,"You said you spent all that money because those boots go with skirts, dresses and pants. What do you plan on wearing? A Chicken suit?",0.0001982092944672,1.1456030733825172e-05,0.0001502740196883,0.0001490242575528,0.9994117021560668,9.257597412215546e-06,7.007531530689448e-05,neutral,-0.0002201726847488,0.0005182211998543407
2_512_u,Because it wears a little sunbrella Rose.,4.50466868642252e-05,0.0025325876194983,0.0001687994081294,0.009609910659492,0.9821552634239196,3.078275403822772e-05,0.0054575107060372,neutral,0.0068326941909617,0.012387127128022155
2_514_u,What's going on?!  That's what's going on!!,0.0003705488052219,0.0013448311947286,0.0009143033530563,0.0009875191608443,0.8004858493804932,0.0025053871795535,0.1933915615081787,neutral,-0.0041475513717159,0.0061225896934046006
2_517_u,Yeah?,1.1120339877379593e-05,0.0004321736632846,0.0001395233266521,0.0069684744812548,0.9804821014404296,0.0001499483041698,0.0118165500462055,neutral,0.0062357088472708,0.0077012401152386795
2_518_u,Oh tons. I am quite the woodsman.,3.055458364542574e-05,8.826467819744721e-05,1.376941509079188e-05,0.8038238883018494,0.1959336996078491,5.910525578656234e-05,5.0691312935668975e-05,happy,0.8036321943691291,0.8040155822345696
2_521_u,Uh-huh!,2.873256744351238e-05,0.0004329156363382,2.187434984080028e-05,0.1186511367559433,0.8801218867301941,0.0001760274462867,0.0005673794075846,neutral,0.1179915867560339,0.1193106867558525
2_522_u,Yes it is.,7.459453627234325e-05,9.003149170894176e-05,2.325878813280724e-05,0.3934610784053802,0.6062636971473694,9.97761162579991e-06,7.730793731752783e-05,neutral,0.3932632159776403,0.3936589408331201
2_523_u,"Well, I'm a headhunter. I hook up out of work Soviet scientists with rogue third-world nations. Hi Rasputin!",0.0003269586595706,7.776157872285694e-06,2.5530665880069137e-05,0.0002419451775494,0.9993849992752076,5.913070708629675e-06,6.750413831468904e-06,neutral,-0.0001242333764821,0.0006081237315809845
2_524_u,"Yes and we are ""very"" excited about it.",0.0001615361106814,8.909690950531512e-05,4.28416024078615e-05,0.9986492991447448,0.0008745823870413,4.365584027254954e-05,0.0001390271208947,happy,0.9983121686818776,0.9989864296076119
2_525_u,"Y'know what I mean, like dubbies?",2.4792892872937955e-05,9.472339115745854e-06,2.2516822355100885e-05,0.0004441927885636,0.9994358420372008,4.053863085573539e-05,2.2643915144726637e-05,neutral,0.0003468721033641,0.0005415134737631201
2_526_u,"Ah well, this is the living room.",1.578489172970876e-05,9.73827118286863e-05,9.897377822198903e-06,0.0149059435352683,0.9848085641860962,0.0001294068060815,3.316007860121317e-05,neutral,0.0146534717478061,0.015158415322730394
2_527_u,We thought you were just here for the company. He is a sarcasmoholic Stewart.,0.0005591121735051,1.5503486793022603e-05,8.127581168082543e-06,0.0013288280460983,0.9980621933937072,5.947071258560754e-06,2.019723251578398e-05,neutral,0.0007401377333735,0.0019175183588230659
2_53_u,You're gonna have to tell me how you did that.,2.4244556698249653e-05,2.316657264600508e-05,7.075828034430742e-05,0.0003574610745999,0.9985009431838988,6.42398081254214e-05,0.0009590979898348,neutral,0.000175051856786,0.0005398702924138835
2_530_u,"Uh, I'm gonna kill myself!",0.0032614057417958,0.0014999383129179,0.1301608979701995,0.0001302129676332,0.1618394404649734,0.6898617744445801,0.0132462913170456,sad,-0.8246538035018602,0.8249142294371264
2_531_u,"Yeah well that's because uh .. I stayed in my room. Yeah, you don't want to look in my hamper.",0.5048080086708069,5.6492102885385975e-05,0.0001097651984309,0.0042015793733298,0.4596550762653351,0.0310406032949686,0.0001284869795199,angry,-0.531813289893762,0.5402164486404215
2_532_u,"The Jamestown colony of Virginia. You see King George is giving us the land, so.",3.2737007131800056e-05,6.811574712628499e-05,0.0001616532681509,9.272278839489444e-05,0.9994394183158876,8.586020703660324e-05,0.0001194219657918,neutral,-0.0002556434410507,0.00044108901784048276
2_534_u,"Oh, come on!",0.002973212627694,0.8622480630874634,0.0013981758384034,0.0003305112477391,0.0424501784145832,0.0101608103141188,0.0804390236735344,disgust,-0.8764497506199405,0.8771107731154186
2_535_u,"So, I'm sorry I just don't think we should go away together yet.",0.000309557741275,1.9293647710583173e-05,0.00052809267072,0.0001103196991607,0.0020701887551695,0.996898889541626,6.367696914821863e-05,sad,-0.9976455139021708,0.9978661533004922
2_536_u,What a baby.,4.821805487154052e-05,0.0005628376966342,6.295222556218505e-05,0.9909473061561584,0.0016746413893997,0.0029681124724447,0.0037359171546995,happy,0.9873051857066456,0.9945894266056711
2_537_u,What did you want to show us? Because all I can see is this bitchin van,0.3538562655448913,5.408532524597831e-05,0.0001840454497141,8.093687210930511e-05,0.6457357406616211,6.22196530457586e-05,2.6731646357802678e-05,neutral,-0.3540756791007879,0.35423755284500646
2_54_u,"That's easy for you to say, you weren't almost just killed.",0.8505733013153076,2.9227081540739164e-05,0.001014006556943,0.0075827576220035,0.1405684947967529,0.0001981874811463,3.401872527319938e-05,angry,-0.8442319648129342,0.8593974800569412
2_540_u,Okay?,2.482953277649358e-05,0.0013903727522119,7.919252675492316e-05,0.2545057535171509,0.7424347400665283,0.0009862219449132,0.0005789395072497,neutral,0.2520251367604942,0.2569863702738074
2_541_u,Oh yeah right. And what would my opening line be? Excuse me,5.077747846371494e-05,1.8595936126075685e-05,6.074139673728496e-05,0.0269385632127523,0.9727262258529664,1.883379081846215e-05,0.0001863180223153,neutral,0.0267896146106068,0.02708751181489784
2_542_u,"Uh, Rachel's here, so good luck man, let me know how it works out.",7.2057182478602044e-06,2.438806950522121e-05,1.861643795564305e-05,0.998733937740326,0.0010988917201757,8.033773337956518e-05,3.6505294701782987e-05,happy,0.9986033897812376,0.9988644856994143
2_546_u,"Oh sure, she was probably up all night excited about the party she knows is happening.",6.938717706361786e-05,3.846565232379362e-05,1.1571080904104749e-05,0.8650870323181152,0.1347018927335739,1.7260601453017443e-05,7.446116796927527e-05,happy,0.8649503478063707,0.8652237168298598
2_547_u,"Okay, now much have you won so far?",6.555648724315688e-06,3.09913739329204e-05,4.162926779827103e-05,0.0094735128805041,0.9900259971618652,2.923077227023896e-05,0.0003920547023881,neutral,0.0093651058177783,0.009581919943229846
2_548_u,"Almost! But first, we gotta start.",3.46796223311685e-05,1.7236936400877312e-05,0.0001755376142682,0.0014964817091822,0.998102366924286,2.2955275198910385e-05,0.0001507290726294,neutral,0.001246072260983,0.0017468911573813562
2_549_u,Really?,5.195351695874706e-05,0.0017943768762052,0.0017826503608375,0.0059363902546465,0.8930575847625732,0.0011252871481701,0.0962517336010932,neutral,0.0011821223524748,0.010690658156818047
2_55_u,"Oh hey, great, you're up. Rachel, this is my sister Krista. Krista, this is Rachel.",2.435878377582412e-05,0.0004762328171636,0.0007469525444321,0.8894096612930298,0.0921457484364509,8.700036414666101e-05,0.0171100497245788,happy,0.8880751167835115,0.890744205802548
2_550_u,All right I'll have one.,5.666096694767475e-05,5.681490802089684e-05,1.1740205991372932e-05,0.0384085215628147,0.9614450335502625,1.012215761875268e-05,1.1060955330322033e-05,neutral,0.038273183324236,0.038543859801393396
2_552_u,DANGER,0.004600788000971,0.0016497437609359,0.8189118504524231,0.0016256878152489,0.1717664450407028,0.0009050330845639,0.0005403990508057,fear,-0.8244417274836451,0.8276931031141428
2_553_u,"No just, nobody press on my stomach.",0.0005445357528515,2.519806548662018e-05,9.958048030966891e-05,0.0025486438535153,0.9967293739318848,4.148401421844028e-05,1.11909830593504e-05,neutral,0.0018378455406491,0.003259442166381529
2_555_u,Hey! It's starting to snow.,0.0001051204890245,4.32212145824451e-05,0.0001062848896253,0.0002948854817077,0.999351680278778,4.409923712955788e-05,5.465445065055974e-05,neutral,-3.840348654193804e-06,0.0005936113120695029
2_556_u,"Joey if I go first, I want to be looking for my keys",8.913120836950839e-05,1.3216838851803914e-05,0.0002647106302902,0.0001432572316844,0.9994016885757446,5.373862950364128e-05,3.4340901038376614e-05,neutral,-0.0002775400753307,0.0005640545386995535
2_557_u,"Oh my God, wh-what happened?",0.0002002518303925,0.0034950512927025,0.0127448868006467,0.0009833943331614,0.2342393398284912,0.0688482597470283,0.6794888377189636,surprise,-0.0843050553376087,0.0862718440039314
2_558_u,I can see it from right here. It'll cost you one husband.,0.000173752894625,9.84321923169773e-06,8.873301339917816e-06,0.0017134191002696,0.9980675578117372,1.065830383595312e-05,1.5775282008689828e-05,neutral,0.001510291381237,0.0019165468193021687
2_559_u,What?!?!,0.0003154603764414,0.0019354961114004,0.0009538504527881,0.0008966387249529,0.3032778799533844,0.0038457487244158,0.6887749433517456,surprise,-0.006153916940093,0.007947194389998599
2_56_u,"Uh-huh, well! But umm, still I'm-I'm mad at you.",0.959372580051422,0.0001427960523869,0.0001166092406492,0.020350681617856,0.0173428989946842,0.0022690463811159,0.000405263446737,angry,-0.9415503501077184,0.98225171334343
2_560_u,So now I have to go so he'll think that I'm totally ok with seeing him!,0.0003840459976345,2.3936594516271725e-05,0.0078892856836318,0.0819059684872627,0.8987972736358643,0.0109394304454326,6.009096614434384e-05,neutral,0.0626692697660473,0.10114266720847787
2_562_u,"Look now, Phoebe remember, hey, their just fulfilling their Christmas....",2.3099477402865887e-05,0.0007563276449218,0.0001346487406408,0.0052452581003308,0.971406638622284,0.0004622310807462,0.021971758455038,neutral,0.003868951156619,0.006621565044042466
2_564_u,"And, uh, I don't know if you got any of that, but I would really like a copy of the tape.",5.316154420142993e-05,2.191270687035285e-05,3.793006544583477e-05,0.0011274544522166,0.9981308579444884,0.0005605986225418,6.823323928983882e-05,neutral,0.0004538515131571,0.0018010573912760177
2_567_u,"Well yes Ross, pressing my third nipple opens the delivery entrance to the magical land of Narnia.",1.6035901353461668e-05,0.0001988047879422,0.0002470313338562,0.7410629391670227,0.2580951750278473,2.7984855478280224e-05,0.0003520064929034,happy,0.7405730822883925,0.7415527960456528
2_569_u,Chandler?,5.866466017323546e-05,0.0004196975205559,0.0003706836723722,0.0003519984020385,0.9951617121696472,0.0002044306456809,0.0034328950569033,neutral,-0.0007014780967438,0.0014054749008207354
2_570_u,"Oh my god, where are all the men?",0.0160234328359365,0.001030636834912,0.0033632202539592,0.0004551993333734,0.1866862922906875,0.7324236035346985,0.0600176192820072,sad,-0.7523856941261329,0.7532960927928796
2_572_u,No! I'm so happy for them!,0.00010580378148,2.3885366317699663e-05,7.088086931616999e-06,0.9980265498161316,0.0017563073197379,5.499009057530202e-05,2.532915277697612e-05,happy,0.9978347824908268,0.9982183171414362
2_573_u,"Oh I see, I thought you just really really liked your new couch.",6.387702887877822e-05,6.272495738812722e-06,4.552240625343984e-06,0.0123963188380002,0.9874861836433412,3.602909782784991e-05,6.883859441586537e-06,neutral,0.0122855879749295,0.012507049701070985
2_574_u,You can't do anything.,0.9304467439651488,0.000374624680262,0.0008818263886496,8.908526797313243e-05,0.067309558391571,8.231979154516011e-05,0.0008160229190252,angry,-0.9316964295576328,0.9318746000935787
2_575_u,Why? Because she can sing and play guitar and do both at the same time?,1.3864920219930356e-05,9.81867196969688e-05,0.0001748158683767,0.1863132268190384,0.8124880790710449,5.416364365373738e-05,0.0008577059488743,neutral,0.185972195667091,0.18665425797098573
2_576_u,And then for forgetting to invite you to it.,0.10126643627882,7.274279050761834e-05,0.0002380174846621,3.612690125009976e-05,0.8975429534912109,0.0007921434589661,5.14348030264955e-05,neutral,-0.1023332131117058,0.1024054669142059
2_577_u,"On the other hand in um, in about seven months you're gonna have something that you're gonna love more than any guy you've ever gone out with.",0.0001068793062586,8.432334288954735e-05,1.2385965419525746e-05,0.7897986173629761,0.2098022550344467,0.0001178442689706,7.771838136250153e-05,happy,0.7894771844794377,0.7901200502465143
2_579_u,No!,0.8400630354881287,0.0024214147124439,0.0015838085673749,0.000175849723746,0.1550686359405517,0.0001469943672418,0.0005403300747275,angry,-0.8440394034114433,0.8443911028589353
2_58_u,Why?,8.809688733890653e-05,0.0023480546660721,0.0010591002646833,0.0008185029728338,0.9917610883712769,0.001034932793118,0.0028901321347802,neutral,-0.0037116816383786,0.005348687584046106
2_581_u,"We were wondering what was taking so long with the gift, but now we understand you were doing this.",5.949210390099324e-06,4.374138006824069e-05,9.206723916577177e-05,0.0038620694540441,0.9941020607948304,0.0001759388542268,0.0017181015573441,neutral,0.0035443727701931,0.004179766137895012
2_583_u,And the bunny got away!,8.390883522224613e-06,3.4523833164712414e-05,4.6820412535453215e-05,0.0047174356877803,0.9945249557495116,3.659433787106536e-05,0.0006312598707154,neutral,0.0045911062206869,0.004843765154873755
2_585_u,"You and I, we're interfacing.",1.197608253278304e-05,2.496868182788603e-05,2.8407128411345184e-05,0.0006051830132491,0.9992294311523438,2.9919043299742043e-05,7.019971235422418e-05,neutral,0.0005099120771774,0.0007004539493208563
2_586_u,"See now that I see crying over, but Bambi, is a cartoon.",0.0008197407587431,0.00019671433256,0.0001976134808501,0.0040652817115187,0.8727714419364929,0.1218006387352943,0.0001485302491346,neutral,-0.1189494255959289,0.1270799890189662
2_587_u,"Oh yes Blanche, about a half hour ago. But now I have hidden her again so you can find her.",8.690387767273933e-05,1.3512945770344231e-05,6.581925845239311e-05,0.0090937623754143,0.990699589252472,1.0573166946414858e-05,2.972455695271492e-05,neutral,0.0089169531265724,0.009270571624256192
2_588_u,I talk to you and nothin'.,9.431751823285596e-05,0.0033050503116101,0.000173285981873,0.0002315792953595,0.9764476418495178,0.0010003687348216,0.0187477432191371,neutral,-0.0043414432511781,0.004804601841897056
2_589_u,Well why don't you check in one of my saddle bags while I chew on a bale of hay.,3.0177110602380708e-05,2.538701846788172e-05,0.0002481204573996,0.0713034570217132,0.9283025860786438,6.831021892139688e-05,2.205691816925537e-05,neutral,0.0709314622163219,0.07167545182710446
2_590_u,"Yeah, I don't think so Joe.",0.96470046043396,0.0001459208142478,0.0002068550529656,0.0002047948219114,0.0341815054416656,0.0001891679567052,0.0003711711033247,angry,-0.9650376094359672,0.9654471990797899
2_591_u,"How about stopping by new years eve with three naked women, throwing up in the pool, passing out in the punch bowl, and relieving yourself in the linen closet?",0.001393299549818,0.1187248826026916,0.0187037568539381,0.0012903899187222,0.788701057434082,0.067505344748497,0.0036813097540289,neutral,-0.2050368938362226,0.2076176736736669
2_594_u,I can't believe it.  Can I tell you something? I'm a little mad at him now.,0.0080421911552548,0.0014829515712335,0.0011900337412953,0.1395732760429382,0.0919134467840194,0.0007347557693719,0.7570633888244629,surprise,0.1281233438057825,0.15102320828009372
2_595_u,I'd miss you if I broke up with you. Just trying to be supportive.,1.9388418877497315e-05,4.6853736421326175e-05,2.8978727641515437e-05,0.9956172704696656,0.0014789710985496,0.0027715014293789,3.719771120813675e-05,happy,0.9927505481573462,0.9984839927819849
2_596_u,Noooo. Really?,7.197484956122935e-05,0.0004562042013276,0.0003211746516171,0.0061329808086156,0.9152011871337892,0.000958492513746,0.0768580138683319,neutral,0.0043251345923636,0.00794082702486753
2_598_u,"Our balcony? Seriously? That's so funny because I told Monica we should put lights on our balcony. - And she said - ""No no, its too cold, nobody will go out there.""  - I said ""Maybe if we put some lights out there they will"".",0.0001049310085363,4.306482514948584e-05,0.0007641541888006,0.995988428592682,0.0002970206842292,0.0003881162847392,0.0024142833426594,happy,0.9946881622854562,0.9972886948999076
2_599_u,No I am upset because crocodin turbs are wearing darker colors.,0.000131834342028,0.0001938901987159,0.0002027499867836,0.002604974200949,0.0025509281549602,0.9941210150718688,0.0001946204865816,sad,-0.9920445153984474,0.9972544638003453
2_602_u,No way!,0.9700146317481996,0.00086024828488,0.0017767596291378,0.0001967718853848,0.0245994795113801,0.0004133196489419,0.0021388628520071,angry,-0.9728681874257744,0.973261731196544
2_604_u,"No Rose, I am developing pictures from the magellan space probe",4.361957689980045e-05,0.0047640157863497,0.0070766531862318,0.0080420766025781,0.83858722448349,0.0001941000082297,0.1412921547889709,neutral,-0.0040363119551329,0.020120465160289102
2_607_u,Hey.,2.45942865149118e-05,8.075900404946879e-05,9.997745655709878e-05,0.00107217207551,0.9986369013786316,2.786153891065624e-05,5.771305222879164e-05,neutral,0.0008389797894778,0.0013053643615421357
2_608_u,"You are right, by saying nice, I am virtually licking her.",3.870420187013224e-05,0.0011443434050306,0.0021250296849757,0.9904110431671144,0.0007160002132877,0.0005096806562505,0.0050552911125123,happy,0.9865932852189871,0.9942288011152413
2_609_u,I just called a friend of mine.,2.5990366339101456e-05,5.318767580320127e-05,0.0002639755257405,0.0008594744722358,0.9979064464569092,3.3342643291689456e-05,0.0008575377869419,neutral,0.0004829782610613,0.0012359706834102922
2_611_u,Just tell me how.,3.78417425963562e-05,2.3703845727141012e-05,5.556156611419283e-05,0.0002123671874869,0.999588668346405,1.654672269069124e-05,6.530421524075791e-05,neutral,7.87133103585802e-05,0.0003460210646152813
2_612_u,"I don't know Rose, maybe Marry Poppins has an Italian cousin.",0.0003467167553026,5.848993623658316e-06,1.3762994967692066e-05,0.0005769312847405,0.9990345239639282,3.3304131648037583e-06,1.891246392915491e-05,neutral,0.0002072721276817,0.0009465904417992541
2_615_u,"Hi, Joey. Well well, look what you brought. Very nice.",0.0004125925188418,0.0002348108391743,0.0001565970160299,0.9917810559272766,0.0054423999972641,0.0002402398677077,0.0017324248328804,happy,0.9907368156855229,0.9928252961690304
2_617_u,And protected them from a tornado?,4.054078090121038e-05,0.0001512792805442,0.0003410714853089,0.0003460547304712,0.9973323345184326,2.6920972231891938e-05,0.0017618940910324,neutral,-0.000213757788515,0.0009058672494574023
2_622_u,"Pheebs, you may know this, you know strange things. What is the boiling point of brain?",0.0057732565328478,0.0321465656161308,0.0079521238803863,0.0004315264814067,0.2776630222797394,0.0007446323870681,0.6752888560295105,surprise,-0.0461850519350264,0.047048104897839706
2_623_u,What do you know? Its a treat for the eyes and the ears.,1.886309291876387e-05,0.0007262640283443,0.0002627994399517,0.022370221093297,0.0566351525485515,0.0005180518492124,0.9194687008857728,surprise,0.0208442426828696,0.023896199503724166
2_626_u,"Cause all I ever get to do now is pregnant stuff, it just bums me out.",9.202477667713538e-05,4.265642928658053e-05,0.0002735136076807,0.0015584188513457,0.0023604116868227,0.9955843091011048,8.863323455443606e-05,sad,-0.9944340850634036,0.9975509227660949
2_627_u,"Whoa, whoa, whoa.",0.000144124685903,0.0029301771428436,0.0006580501794815,0.025962283834815,0.565772533416748,0.0019133675377815,0.4026194810867309,neutral,0.0203165642888052,0.031608003380824604
2_65_u,It's my friends.,0.0001028097758535,0.0006716255447827,4.14985952374991e-05,0.0004692811053246,0.9976847171783448,1.8907454432337545e-05,0.0010111146839335,neutral,-0.0003655602649814,0.0013041224756306367
2_66_u,"Nice jon Joe, you are quite the craftsman!",0.0001715464459266,6.221704097697511e-05,0.000195950284251,0.9980903267860411,0.0001031789142871,0.001195014687255,0.0001816630538087,happy,0.9964655983276316,0.9997150552444508
2_69_u,Cover yourself up!,1.253953632840421e-05,7.652281055925414e-05,3.5695964470505714e-05,0.7800025939941406,0.219348132610321,0.000371052097762,0.0001534240582259,happy,0.7795067835850205,0.7804984044032608
2_7_u,I've never loved anybody as much as I love you.,0.0003126973169855,9.201282955473288e-05,0.0002341737708775,0.9946910738945008,6.426465552067384e-05,0.0041681705042719,0.0004375463468022,happy,0.9898840194728108,0.9994981283161904
2_71_u,"ThatÕs good, just keep rubbing your head. That will turn back time",0.0002228165103588,8.527474710717797e-05,0.0148495901376008,0.9792541265487672,0.0051130019128322,0.0001761994935804,0.0002989358617924,happy,0.9639202456601196,0.9945880074374144
2_72_u,Oh well. It probably would've been the most constructive solution.,4.294419704820029e-05,0.0001564986887387,1.4980200830905233e-05,0.9985664486885072,0.0008493631030432,0.0003012925444636,6.859596760477871e-05,happy,0.9980507330574256,0.9990821643195886
2_73_u,"Oh my god, you almost gave me a heart attack!",0.2360004782676696,0.0007645490113645,0.1865301430225372,0.5000580549240112,0.0038343262858688,0.0240517649799585,0.0487606413662433,happy,0.0527111196424812,0.947404990205541
2_74_u,Show them your slides of Hawaii,2.8414689950295724e-05,1.7111746274167672e-05,0.000148745952174,0.0016417012084275,0.998001992702484,0.0001327551581198,2.9321145120775327e-05,neutral,0.0013146736619091,0.0019687287549457633
2_77_u,"Umm, excuse me, we switched apartments. You can't eat are food anymore, that-that gravy train had ended.",0.0124665116891264,3.5246590414317325e-05,0.0001380823523504,6.87542706145905e-05,0.9803101420402528,0.00681047514081,0.000170703351614,neutral,-0.0193815615020866,0.019519070043315708
2_78_u,"I didn't know you and Carol were getting divorced, I'm sorry.",0.0001594866043888,0.0002822443493641,0.0007432568236254,0.0009123448398895,0.045560248196125,0.9507192969322203,0.0016230297042056,sad,-0.9509919398697092,0.9528166295494882
2_79_u,"I'm just gonna throw it out, it's probably just a bunch of shampoo and...",0.0028824470937252,6.733515328960493e-05,0.0012176680611446,0.0005740436608903,0.943903386592865,0.0512868016958236,6.837159162387252e-05,neutral,-0.0548802083430928,0.05602829566487331
2_8_u,"It's white plastic, with a handle, and it fits onto a stroller.",2.3905169655336067e-05,0.0001145784990512,4.912892109132372e-05,0.0055048135109245,0.994268536567688,2.9191460271249525e-05,9.860272257355971e-06,neutral,0.0052880094608553,0.005721617560993609
2_84_u,"If that doesn't keep kids in school, what will?",8.650212112115696e-05,7.882807040004991e-06,1.3859821592632215e-05,0.0003313414345029,0.9995436072349548,6.537931767525151e-06,1.0221209777228069e-05,neutral,0.0002165587529816,0.0004461241160242193
2_86_u,"Great! Okay, here.",9.261599916499108e-05,0.0001874026638688,0.0001290313521167,0.9984207153320312,0.0006001144647598,0.000401702709496,0.0001684271701378,happy,0.9976099626073848,0.9992314680566778
2_87_u,Yeah it would!,8.321837958646938e-05,4.174860441708006e-05,1.1222433386137707e-05,0.1725521832704544,0.8272857666015625,5.870421773579437e-06,1.9900997358490716e-05,neutral,0.1724101234312911,0.17269424310961767
2_88_u,Oh.,7.872616697568446e-05,0.0034195594489574,0.0013506674440577,0.0003016278205905,0.1548423320055008,0.0042132334783673,0.8357938528060913,surprise,-0.0087605587177677,0.009363814358948584
2_89_u,On the home shopping network,0.0015202877111732,3.65716296073515e-05,0.0001141294560511,0.0001558097137603,0.9981232285499572,4.286054900148884e-05,7.084461230988381e-06,neutral,-0.0015580396320729,0.0018696590595934403
2_9_u,"No Rose, go to the corner and open a stand",0.0025587449781596,1.6899830370675772e-05,5.463710112962872e-05,6.58085773466155e-05,0.9972238540649414,7.284220191650093e-05,7.225779881991912e-06,neutral,-0.0026373155342298,0.002768932688923021
2_91_u,"Alright, I'm gonna go pick up a few things for the trip.",1.2424521628418006e-05,1.770231028785929e-05,0.0001558900839881,0.9762063026428224,0.0235269032418727,2.549059354350902e-05,5.535262607736513e-05,happy,0.9759947951333744,0.9764178101522702
2_92_u,"No, no, I am just looking for a man to draw on me with chalk.",0.0005097989924252,2.966463762277272e-05,0.0001103355971281,0.0024218363687396,0.9968980550765992,2.521848728065379e-05,5.0974745136045385e-06,neutral,0.0017468186542828,0.0030968540831963266
2_94_u,"Can't do it, can you?",0.0129374517127871,0.0001417119347024,0.0001565964048495,0.0002856981591321,0.9861438274383544,7.68308382248506e-05,0.0002578346757218,neutral,-0.0130268927314318,0.01359828904969595
2_96_u,I don't think so. Hello?  When you get in there,0.9353978037834167,9.5870578661561e-05,0.0003895807021763,0.0001772438845364,0.0637974068522453,2.105133535224013e-05,0.0001209960246342,angry,-0.9357270625150704,0.9360815502841433
2_97_u,It would be nice to have a little guarantee though.,6.611004209844396e-05,8.780068310443312e-05,1.8513728718971837e-05,0.0382616892457008,0.9609200358390808,0.0004845315706916,0.000161330710398,neutral,0.0376047332210873,0.03891864527031425
3_S01E01_128_u,"Hey, did you hear what Peter Gregory is doing?",7.496887974411948e-06,1.6630321624688804e-05,4.490914579946548e-05,0.0033935483079403,0.996098518371582,7.718517736066133e-05,0.0003617527545429,neutral,0.0032473267751811,0.0035397698406995277
3_S01E01_226_u,"Oh. Look at me, I traveled back to 2009.",3.6495915992418304e-05,0.0002720190386753,0.0006729897577315,0.0187922045588493,0.8389415740966797,0.0014747316017746,0.1398099958896637,neutral,0.0163359682446753,0.02124844087302312
3_S01E01_255_u,It's an upside down cross.,1.8373428247286935e-05,0.001012009801343,0.0003377210814505,0.0028281877748668,0.989716112613678,0.0001737404818413,0.0059138308279216,neutral,0.0012863429819844,0.004370032567748886
3_S01E01_568_u,To his beneficence.,0.0001273483940167,0.0049727400764822,0.0005507028545252,0.0300991293042898,0.9553303718566896,0.0037395860999822,0.0051801847293972,neutral,0.0207087518792832,0.0394895067292961
3_S01E02_004_u,Hey. Sorry if I scared you. I know I have somewhat ghost-like features.,0.0001070919097401,3.0064429665799253e-05,0.972279727458954,0.0006824329611845,0.0004036320024169,0.0262585338205099,0.0002385025727562,fear,-0.9979929846576852,0.9993578505800543
3_S01E02_324_u,"Listen, we all love Big Head. But the truth is, he's not as good of a coder as I am, not as good at system architecture as Gilfoyle, not as good at being a prick as you, no offense.",0.9893665909767152,1.9610775780165568e-05,9.356009832117708e-05,0.0085640177130699,0.0015177093446254,0.0004211963678244,1.7449870938435197e-05,angry,-0.981336940505571,0.9984649759317109
3_S01E02_461_u,I was sleeping. I'm sorry for sleeping and for lying about it.,0.0001106233321479,0.0002159635623684,0.0043625799007713,0.0002502694551367,0.0520387403666973,0.9384461641311646,0.0045756236650049,sad,-0.9428850614713156,0.9433856003815888
3_S01E03_021_u,Like Jesus over Satan.,0.0001658375695114,9.849220077740029e-05,0.0001658881810726,0.0023162008728832,0.9972270131111144,4.44506986241322e-06,2.2150061340653338e-05,neutral,0.0018815378516592,0.0027508638941070138
3_S01E03_024_u,Is it a margarita machine?,1.3810247764922678e-05,4.739756695926189e-05,9.226102702086791e-05,0.0004589500313159,0.9990267753601074,1.9527384210960008e-05,0.000341352308169,neutral,0.0002859538053598,0.0006319462572719124
3_S01E03_056_u,"""Placeholder"" would honestly be a better name than Pied Piper.",0.0001497480552643,6.2900799093768e-05,5.615894770016894e-05,0.3873489797115326,0.6123557686805725,1.383628841722384e-05,1.260236240341328e-05,neutral,0.3870663356210571,0.38763162380200805
3_S01E03_122_u,Your borders are merely a construct. I prefer to think of myself as a citizen of the world.,0.1030253171920776,6.116256554378197e-05,4.810686732525937e-05,0.0035571344196796,0.8930575847625732,0.0001966241979971,5.412474638433196e-05,neutral,-0.0997740764032641,0.10688834524262333
3_S01E03_249_u,"We might as well have interns, we hire illegal aliens.",0.2722617089748382,0.0003122932102996,0.0003022931923624,0.0004324814362917,0.7266040444374084,6.713742186548188e-05,2.0129244148847647e-05,neutral,-0.2725109513630741,0.2733759142356574
3_S01E03_359_u,Hey! That is not Cherry Garcia.,0.9965031147003174,3.021701013494749e-05,0.0002012991317315,2.3933091142680496e-05,0.0025443527847528,0.0006540457834489,4.310134318075143e-05,angry,-0.99736474353449,0.9974126097167754
3_S01E03_517_u,He ate the whole bag of gold caps. Awesome!,0.0007796469726599,0.000144616162288,7.487090624636039e-05,0.998390793800354,0.0001234638621099,0.0003939608868677,9.277038770960644e-05,happy,0.996997698872292,0.999783888728416
3_S01E04_009_u,"Oh, yeah. No, she's... She's very pretty.",0.0001902302028611,0.0001014877416309,6.042934910510667e-05,0.9987194538116456,0.0001521274243714,0.0003486472996883,0.0004276219988241,happy,0.99801865921836,0.999420248404931
3_S01E04_327_u,You catch on slow. You'll fit right in here.,1.0914831364061683e-05,2.7176767616765574e-05,5.270574911264703e-05,0.4258055686950683,0.5739288330078125,0.000141700336826,3.312016269774176e-05,neutral,0.4255730710101488,0.42603806637998776
3_S01E04_342_u,"For which I forewent, yes, that's a real word, one million dollars.",0.0001864897058112,9.004122694022954e-05,3.008987368957605e-05,0.0331760607659816,0.9660576581954956,5.3798637964064255e-05,0.0004058632766827,neutral,0.0328156413215765,0.03353648021038667
3_S01E04_356_u,"is a perfect example of you having no vision, no balls and no game. Maybe he did blow him. Well, love and hate. It's all passion.",0.8336337208747864,0.000351809663698,0.0002745847450569,0.0272014793008565,0.138280764222145,0.0002386361447861,1.9071900169365108e-05,angry,-0.8072972721274709,0.8617002307291839
3_S01E05_417_u,"Anything to do with ""error"" sounds like your whole vibe.",0.0003889568906743,0.0002258554450236,7.707117038080469e-05,0.1269452273845672,0.8695115447044373,0.0007541148224845,0.002097280928865,neutral,0.1254992290560039,0.1283912257131304
3_S01E05_456_u,Maybe my leisurely pace is just a little faster than yours.,0.0015241466462612,2.2153308236738667e-05,1.6702002540114336e-05,0.0017164123710244,0.9966961145401,4.523455118032871e-06,1.99695768969832e-05,neutral,0.0001488869588683,0.003283937783180486
3_S01E05_520_u,"Take your time. There's no rush, Dinesh.",2.530108940845821e-05,2.3118005628930405e-05,3.1274754292098805e-05,0.1360745579004287,0.8637428283691406,1.0343617759644984e-05,9.27032742765732e-05,neutral,0.1359845204333396,0.13616459536751782
3_S01E06_054_u,"Yes, we are totally fucked.",0.9845812916755676,0.0002146969636669,0.0008011824684217,0.0113985780626535,0.0003835932002402,0.0025335741229355,8.706773951416835e-05,angry,-0.9767321671679384,0.9995293232932453
3_S01E06_266_u,She's attracted to ugliness.,0.0032389662228524,0.0200356543064117,0.0002917406091,0.0005751888384111,0.9735288619995116,0.0022985425312072,3.09506431221962e-05,neutral,-0.0252897148311603,0.0264400925079824
3_S01E08_422_u,At least it didn't happen in a public and brutally embarrassing way.,0.0019985635299235,0.0001088064236682,0.0001103579925256,0.952393114566803,0.0012075097765773,0.0440895482897758,9.20238671824336e-05,happy,0.9060858383309096,0.998700390802696
3_S02E01_050_u,"I get it. You hear the word ""chief,"" and you think ""Indian Chief."" but you're the other kind of Indian.",0.0001041514697135,5.372782197810011e-06,3.083833144046366e-05,0.0005044997087679,0.9992793202400208,5.958824840490706e-05,1.6365045667043887e-05,neutral,0.0003045488770112,0.0007044505405245807
3_S02E01_096_u,"Richard, tell him I'm CTO. Dinesh: You already told that fat guy that I'm the CTO.",0.0001698284468147,2.3254639017977752e-05,0.0019288144540041,0.0003870882792398,0.9973441958427428,5.780580249847844e-05,8.909901225706562e-05,neutral,-0.0017926150630955,0.0025667916215750563
3_S02E01_413_u,Oh. Wow. Thanks for the compliment.,2.7961843443335965e-05,9.166350355371831e-05,5.493469870998524e-05,0.9982095956802368,0.0007968129939399,0.0001887396501842,0.0006302900728769,happy,0.9978462959843456,0.998572895376128
3_S02E02_081_u,But the fact that you're so sorry makes it all better.,0.0001513776660431,0.0002778580528683,0.0001176455043605,0.4150516092777252,0.5056098103523254,0.0786515101790428,0.0001401064218953,neutral,0.3358532178754103,0.49425000068003994
3_S02E03_218_u,Do you want me to be honest or nice?,0.000539050262887,1.787218570825644e-05,8.579179848311469e-05,0.0001085130716091,0.9992300271987916,8.74943634698866e-06,9.996678272727875e-06,neutral,-0.0005429506118161,0.0007599767550344599
3_S02E03_229_u,Are you out of your mind?,0.0026898870710283,5.386449993238784e-05,8.596169209340587e-05,4.496025576372631e-05,0.996560037136078,0.0001271550281671,0.0004381692851893,neutral,-0.0029119080354576,0.0030018285469849203
3_S02E03_244_u,Sounds like ERLICH.,2.5320632630609907e-05,2.7263049560133368e-05,7.24165074643679e-05,0.0759288445115089,0.9238799214363098,3.596217720769346e-05,3.0204158974811435e-05,neutral,0.0757678821446461,0.0760898068783717
3_S02E03_370_u,Because we're negotiating against each other.,0.0001037306283251,2.233510349469725e-05,1.207350032927934e-05,7.199890387710184e-05,0.9997003078460692,1.1457917935331352e-05,7.821043254807591e-05,neutral,-7.759824620734435e-05,0.00022159605396150978
3_S02E03_561_u,Does it mean taking a stack of cash and lighting it on fire?,4.660206468543038e-05,6.508810474770144e-05,0.0002149746724171,0.0004044300003442,0.9991838335990906,6.893528916407377e-05,1.6063124348875135e-05,neutral,8.829869329929352e-06,0.0008000301313585056
3_S02E04_162_u,"I disagree, OJ. We should hire the best person for the job, period.",0.9950515627861024,9.1962814622093e-05,0.0003754158969968,0.0003314321220386,0.0006253913161344,0.003455821191892,6.844460585853085e-05,angry,-0.9986433305675746,0.9993061948116518
3_S02E04_395_u,"No, we all have equalized pay, remember?",0.0014214635593816,6.788191058149096e-06,1.992160287045408e-05,0.0014740122715011,0.9970486760139464,2.2133030142867938e-05,6.984974788792897e-06,neutral,3.705888047988992e-06,0.002944318654954171
3_S02E05_179_u,We build our own servers.,1.1758066648326349e-05,1.29229392769048e-05,1.9811590391327627e-05,0.0020557208918035,0.9978663325309752,4.924886980006704e-06,2.8557080440805294e-05,neutral,0.0020063034085069,0.0021051383751000655
3_S02E05_378_u,"I'm sure you were great at fingerpainting, also, Dinesh.",2.0756922822329216e-05,0.0003109886893071,0.0001474123419029,0.997490406036377,0.0013493539299815,0.0001964235707418,0.000484603253426,happy,0.9968148245116026,0.998165987561151
3_S02E05_466_u,"I'm not getting high on the job. I'm getting high at home. I live here, remember?",0.4874728620052337,6.625217793043703e-05,0.0001897596666822,0.0003357157984282,0.5116034150123596,0.0001741042069625,0.0001578416558913,neutral,-0.4875672622583806,0.4882386938552371
3_S02E07_256_u,That's very comforting.,3.484045737423003e-05,0.0001627975143492,2.656496690178756e-05,0.9938856959342957,0.0056308847852051,0.0001998465886572,5.933414649916813e-05,happy,0.9934616464070132,0.9943097454615781
3_S02E10_133_u,"Sorry, I couldn't remember your mother's name.",0.0002324184024473,7.01267781550996e-05,0.000266160670435,0.0009813155047595,0.0024485941976308,0.99569171667099,0.0003096476430073,sad,-0.995279107017268,0.9972417380267868
3_S03E01_185_u,No.,0.0026951255276799,0.0658053904771804,0.0009309939923696,0.001240670797415,0.9276984333992004,0.0007846606895327,0.0008447646978311,neutral,-0.0689754998893477,0.0714568414841776
3_S03E01_409_u,That's a bold statement.,9.967652658815496e-06,0.0002736168389674,0.0001481118524679,0.0057866158895194,0.992289125919342,7.131883467081934e-05,0.0014212236274033,neutral,0.0052836007107543,0.006289631068284335
3_S03E01_431_u,"(SIGHS) Great timing, guys. Thank you so much. Premium stuff, Dinesh.",4.566766074276529e-05,2.257529013149906e-05,4.2970041249645874e-05,0.999123513698578,0.0006542766932398,7.663453288841993e-05,3.4467553632566705e-05,happy,0.9989356661735656,0.9993113612235903
3_S03E02_062_u,"Gilfoyle: Yeah, compared to the shit shack we're used to, anything's an improvement.",0.0170957315713167,0.0004767153295688,0.0002387675194768,0.3716189563274383,0.602943480014801,0.0075747459195554,5.157794294063933e-05,neutral,0.3462329959875205,0.39700491666735604
3_S03E02_111_u,"Don't you guys call it ""Rock, Rock, Rock""?",4.208074460620992e-05,2.833199869201053e-05,3.049797669518739e-05,0.0001896985631901,0.9995936751365662,2.6735626306617636e-05,8.899976091925055e-05,neutral,6.205221689015161e-05,0.00031734490949012547
3_S03E03_012_u,I can't believe you suggested the idea of building a fucking appliance.,0.0006942849140614,0.3316155076026916,0.0022458357270807,9.909238724503666e-05,0.0002756209869403,8.401861850870773e-05,0.6649856567382812,surprise,-0.3345405544750974,0.33473873924958747
3_S03E03_111_u,"The more meetings I turn down, the more these recruiters send me.",0.0003567325184121,9.331420187663753e-06,6.58270000712946e-05,0.002732845256105,0.9933195114135742,0.003490257775411,2.5575202016625557e-05,neutral,-0.001189303457977,0.006654993970187058
3_S03E03_126_u,"But instead of that, you bought a chain?",5.5104152124840766e-05,0.0003864079189952,0.0011489643948152,0.0006096883444115,0.9786545634269714,0.0001628854661248,0.0189824271947145,neutral,-0.0011436735876486,0.0023630502764715408
3_S03E03_316_u,"Richard, look, I'm sorry, but I think the box is here to stay.",0.0001745322806527,4.316452032071538e-05,0.0001346380740869,0.0015792284393683,0.0062851528637111,0.991684079170227,9.913246321957558e-05,sad,-0.9904571856059192,0.9936156424846556
3_S03E03_511_u,This plan better fucking work with a sacrifice like this.,0.5870261192321777,0.0003781142877414,0.0002931166673079,0.3985020518302917,0.0132295563817024,0.0004834299325011,8.762701327214018e-05,angry,-0.1896787282894365,0.9866828319500198
3_S03E04_437_u,"Thank you, Jared.",0.0005573499947786,0.0001219551777467,0.0001434478908777,0.9982258677482604,0.0006227830308489,0.0002792130107991,4.93425723107066e-05,happy,0.9971239016740584,0.9993278338224626
3_S04E01_575_u,"But since your failure as a leader is a virtual certainty, tolerating your short reign as CEO in exchange for a front-row seat to the disaster seems fair.",6.710428715450689e-05,6.916576967341825e-05,5.345373574527912e-05,0.0182810723781585,0.9812549352645874,0.000269314070465,5.0261355681868736e-06,neutral,0.0178220345151203,0.018740110241196706
3_S04E02_217_u,"No, I think you should use more.",0.6983101963996887,0.0001556440693093,0.0001303612370975,0.0153186451643705,0.2860297262668609,2.68597013928229e-05,2.843225774995517e-05,angry,-0.6833044162431179,0.713941706571859
3_S04E02_326_u,"I mean, I knew Dinesh was going to fuck this all up, but honestly, this couldn't get any better.",0.3168578743934631,0.0004070446884725,0.0026201747823506,0.6716606020927429,0.0002661500184331,0.0071964273229241,0.000991758191958,happy,0.3445790809055324,0.9987421232799533
3_S04E04_363_u,These are from your mom.,3.375599771970883e-05,0.0002926791494246,5.371329461922869e-05,0.0002987248299177,0.9991820454597472,0.0001212963397847,1.7831031073001213e-05,neutral,-0.0002027199516305,0.0008001696114659374
3_S04E05_313_u,When you have to apologise,0.0550850853323936,2.7256543035036884e-05,0.0002200613089371,0.0011484454153105,0.006513986736536,0.9369219541549684,8.325092494487762e-05,sad,-0.9911059119240236,0.9934028027546447
3_S04E05_320_u,That was the Iranian Revolutionary Guard.,6.054683581169229e-06,3.4668184525799006e-05,3.054244371014647e-05,0.0020934198983013,0.9977933168411256,9.495885024080051e-06,3.247749191359617e-05,neutral,0.0020126587014601,0.002174181095142495
3_S04E05_485_u,Your fourth child?,7.072847893141443e-06,0.0001201332561322,5.360663999454118e-05,0.0042227883823215,0.9940590858459472,0.0001568121660966,0.0013805630151182,neutral,0.003885163472205,0.004560413292437983
3_S04E05_497_u,"So, you're not mad at me anymore?",0.0001048428021022,2.1513727915589698e-05,7.217810343718156e-05,0.0025315170641988,0.9902150630950928,0.0069426181726157,0.000112199850264,neutral,-0.0046096357418718,0.009672669870269471
3_S04E06_526_u,Does it look like I care?,0.0001833157002693,8.66751179273706e-06,7.018298492766917e-05,0.0002748147235251,0.9993725419044496,7.949627615744248e-05,1.113676989916712e-05,neutral,-6.684774962195661e-05,0.0006164771966722486
3_S04E07_292_u,Now I can give it to ERLICH.,9.850760761764832e-06,1.4061878573556896e-05,3.2779113098513335e-05,0.0006767924060113,0.999242901802063,6.9887469180685e-06,1.659060399106238e-05,neutral,0.0006131119066594,0.0007404729053632035
3_S04E10_120_u,Outstanding.,0.0005232351250015,0.0009413087391294,0.0001144732741522,0.9942595958709716,0.0035566163714975,0.0004362559702713,0.0001685656461631,happy,0.9922443227624173,0.996274868979526
3_S05E01_120_u,"He was oddly tall, don't you think?",6.282604590523988e-05,0.0261124111711978,0.0003661636146716,0.5189374685287476,0.444345623254776,0.0003149642143398,0.0098605677485466,happy,0.4920811034826329,0.545793833574862
3_S05E02_072_u,Congratulations. You've finally taken your rightful spot amongst the handicapped.,0.0001891678693937,8.484228601446375e-05,2.6830321075976823e-05,0.9973734617233276,0.0003035003028344,0.0019245770527049,9.760128159541635e-05,happy,0.9951480441941384,0.9995988792525167
3_S05E02_532_u,There better not be a Chinaman in my bed.,0.9701831340789796,0.0007666947785764,0.008221267722547,0.0002070414629997,0.0202458035200834,5.306226012180559e-05,0.000322907755617,angry,-0.9790171173772252,0.9794312003032245
3_S05E03_098_u,So do you mind telling us when you feel like you can make it in?,6.138244771136669e-06,7.109943908290006e-06,4.13470042985864e-05,0.0012090323725715,0.998695433139801,1.974494807654992e-05,2.124216734955553e-05,neutral,0.0011346922315169,0.001283372513626063
3_S05E05_119_u,I'm worried about robots.,0.000488073710585,0.0002161641605198,0.9909713268280028,0.0003646057448349,0.0006172711146064,0.005899891257286,0.0014427389251068,fear,-0.9972108502115588,0.9979400617012285
3_S05E06_207_u,I believe we all know who's the better coder anyway.,0.001380494562909,5.274442446534522e-05,6.917187420185655e-05,0.9964228272438048,0.0010187742300331,0.0010140943340957,4.1963663534261286e-05,happy,0.993906322048133,0.9989393324394767
3_S06E01_317_u,He's our most profitable developer by far.,2.9390075724222697e-05,2.909058639488649e-05,4.79053778690286e-06,0.99296772480011,0.006817300338298,0.0001414652215316,1.017552403936861e-05,happy,0.9927629883786722,0.9931724612215476
3_S06E01_417_u,-Almost a human.,4.452996290638112e-05,9.862073056865484e-05,0.0002101432764902,0.0007072379230521,0.998660922050476,1.1461254871392155e-05,0.000267145136604,neutral,0.0003424826982154,0.0010719931478887282
3_S06E01_460_u,Do you need the real me for this conversation?,8.980067650554702e-05,1.174091812572442e-05,0.0006343213608488,0.0001530696463305,0.9987608194351196,0.0003292452893219,2.111105277435854e-05,neutral,-0.0009120385984715,0.0012181778911324716
3_S06E02_152_u,"You're new here, so I'll forgive the patronizing tone.",3.804291554843076e-05,5.676833461620845e-05,1.0899009794229642e-05,0.7631384134292603,0.2367077320814132,3.851620931527577e-05,9.696461347630247e-06,happy,0.7629941869599861,0.7632826398985344
3_S06E02_171_u,"I finished Cryptonomicon,",1.8586921214591712e-05,2.414148730167653e-05,0.0006554966093972,0.037349909543991,0.9617784023284912,5.808914283988997e-05,0.0001153380217147,neutral,0.0365935953832377,0.038106223704744355
3_S06E02_398_u,"Look, we cannot take blood money.",0.9522854089736938,7.560834637843072e-05,0.0002430760359857,4.5508932089433074e-05,0.0472890585660934,4.603510387823917e-05,1.5161119335971309e-05,angry,-0.9526046195278468,0.9526956373920257
3_S06E03_366_u,The-the same way we can buy America and everything in it.,0.0012903007445856,2.6695015549194068e-05,2.855665843526367e-05,0.0002773604937829,0.9983198046684264,2.4828052573866444e-06,5.4707841627532616e-05,neutral,-0.0010706747300446,0.0016253957176103444
3_S06E05_355_u,"Well, maybe some time when you're working on something, I can come interrupt your flow and use words incorrectly to tell you about it.",0.1675217896699905,2.691508962016087e-05,0.0006037980201654,0.000440954696387,0.8309698104858398,0.0003938878362532,4.2889805627055466e-05,neutral,-0.1681054359196423,0.16898734531241627
3_S06E06_143_u,I thought that was the company policy-these days.,7.849984831409529e-05,3.058031143154949e-05,4.062689185957424e-05,0.000683263700921,0.999007523059845,5.896296715945937e-05,0.0001006581442197,neutral,0.0004745936821564,0.0008919337196856784
3_S06E07_272_u,That you're an alcoholic?,6.937942089280114e-05,0.0042484384030103,0.0001387440861435,0.0002595516561996,0.9893235564231871,0.0006499227019958,0.0053103426471352,neutral,-0.0048469329558429,0.005366036268242001
