KEY,n_faces,visual_valence,visual_intensity,angry,disgust,fear,happy,neutral,sad,surprise,emocao_predominante
1_10004_u,10,-0.6098787898838056,0.6390424021228682,0.013894465070916559,0.051727848034352,0.0027047056704759,0.01458180611953134,0.3548275660723447,0.5561335772275925,0.00613003180478694,sad
1_10009_u,10,0.09368339866050512,0.6392787615244743,0.00201545611780621,0.00669772548135365,0.00135308277385769,0.3664810800924897,0.3585835076053627,0.262731417058967,0.0021377308701630198,happy
1_1001_u,10,-0.1346882868325338,0.8205044258153066,0.00994292969699032,0.0776505754794925,0.00313408836373123,0.3429080694913864,0.15165736426133658,0.3868687627837062,0.027838209923356737,sad
1_1003_u,10,-0.16795621793717158,0.25089821610599755,0.00449695646530034,0.027092529553919987,0.02027141113067043,0.04147099908441299,0.6650333926081657,0.1575663198716938,0.08406839128583664,neutral
1_10190_u,10,-0.07563227899081544,0.43288777116395066,0.0063571842241801,0.03016226477921006,0.00100423964904616,0.1786277460865676,0.5553464293479919,0.21673633642494675,0.011765799488057341,neutral
1_10462_u,10,-0.28828129055909824,0.4001442856155336,0.0273517721216196,0.07946146922186012,0.041418168635573197,0.05593149752821769,0.3458059592638164,0.19598137810826297,0.25404975512064987,neutral
1_10495_u,10,-0.3000754748703912,0.35199242841918016,0.03944373417471077,0.04307605247013267,0.00718019846535749,0.02595847677439448,0.6031187169253827,0.23633396653458472,0.04488885465543713,neutral
1_10496_u,10,-0.2148392124276144,0.2555638366553467,0.031096078790142416,0.052229855302721215,0.00374110556149384,0.02036231211386616,0.6591825462877751,0.14813448488712305,0.08525361705687821,neutral
1_105_u,10,0.128122058318695,0.384893954085419,0.013958731948514661,0.01913695926778013,0.00988259865262075,0.256508006202057,0.5608254134654999,0.08540765801444647,0.05428063244908112,neutral
1_10748_u,4,0.3680962310463655,0.5322967539250385,0.002608303802844775,0.0045776159531669,0.00210664969199565,0.45019649248570204,0.461115621146746,0.07280769199132918,0.006587624928215475,neutral
1_10797_u,10,-0.3980504073493649,0.5160448610142339,0.053063997678691674,0.15865089269354934,0.0026915669674053297,0.05899722683243449,0.4456562260631472,0.24264117684215303,0.038298912922618875,neutral
1_10810_u,10,-0.15497261921991604,0.5141576352820267,0.08866182781202972,0.06292186494683842,0.01240853056515328,0.1795925080310553,0.38526402041316027,0.1705729039269499,0.10057834430481302,neutral
1_10829_u,10,-0.18880048770224686,0.27947415321832525,0.01815469942812362,0.08346520718187089,0.00159761091636024,0.045336832758039194,0.657359953224659,0.1309198029339313,0.06316589355701575,neutral
1_10849_u,10,0.14079111896571692,0.538093930965988,0.00306033395754659,0.10779934422462242,0.0009717831475427,0.3394425249658525,0.4469957422930747,0.08681994467042382,0.014910326740937261,neutral
1_10853_u,10,-0.21765724533470357,0.4349183873855509,0.00587113153596896,0.03982902746647591,0.01958423704199953,0.10863057102542366,0.5373742043972015,0.26100342031568285,0.027707408217247532,neutral
1_10857_u,10,0.5989632593351416,0.9641080650617369,0.0029476317926311704,0.00797787388291902,0.00076250330457691,0.7815356621984393,0.03066832890908695,0.1708843938831705,0.00522360602917611,happy
1_10859_u,10,0.09370274590328329,0.6208754691295326,0.01088190948939898,0.09936767376493659,0.00642661571619098,0.35728910751640797,0.27509120572358364,0.1469101626425981,0.10403332514688371,happy
1_10890_u,10,-0.3511494837526699,0.6249843185127247,0.01965691332588923,0.049973662535194266,0.0037255070405080295,0.1369174173800274,0.35288130631670356,0.4147108182311058,0.022134375170571676,sad
1_10977_u,10,0.04306298831943417,0.33144418757874516,0.01209499260439785,0.03216348984278736,0.004812590945220961,0.18725358794908967,0.6030012864619494,0.09511952623724931,0.06555452595930542,neutral
1_11006_u,10,-0.3976326686679386,0.5418026273953729,0.01204309778404435,0.03250611536204812,0.06377078274381343,0.0720849793637171,0.3817040193360299,0.3613976521417498,0.07649335326859724,neutral
1_11021_u,10,-0.1815770281478764,0.3496888217283413,0.00912858527153754,0.07474869638681407,0.00241076814709226,0.08405589679023247,0.5312590301036835,0.179344875132665,0.1190521481679752,neutral
1_11042_u,10,-0.046388379600830504,0.7618942970875652,0.12732797702774426,0.08786775553598997,0.01706440540729086,0.3577529587433673,0.20464336890727278,0.17188120037317273,0.03346233400516206,happy
1_11046_u,10,-0.39470551856793473,0.4319989965762943,0.01592471658950692,0.12779280771501358,0.009564521920401529,0.01864673900417977,0.4010677695274353,0.26007021134719255,0.16693323389627035,neutral
1_11051_u,10,-0.255313630681485,0.5896714512258768,0.01649368554353725,0.08808971727266904,0.00306187416426833,0.16717891027219592,0.3464086577296257,0.3148472639732063,0.06391989104449745,neutral
1_11055_u,10,-0.22157624723913627,0.6449610563140595,0.00992029110639144,0.04941595095442604,0.00508759470976652,0.21169240453746166,0.31708970563486216,0.3688448150060139,0.037949238051078235,sad
1_11098_u,9,0.261237830563914,0.6300255782294294,0.009694430395029667,0.036212444822821294,0.0036989709608152782,0.4456317043966717,0.3579029560916953,0.13478802765409148,0.012071465678875189,happy
1_11120_u,10,-0.29228344896109787,0.37240497587481514,0.01563768444175385,0.0817271118983626,0.00610516557644581,0.04006076345685864,0.5926179870963096,0.22887425050139423,0.034977037028875155,neutral
1_11177_u,10,-0.41528624185593815,0.6855486344662496,0.013624915503897,0.0188190288841724,0.00251686981646338,0.13513119630515572,0.31022193841636175,0.5154566239565611,0.004229427117388629,sad
1_11201_u,10,-0.1273504910874181,0.23386230150936171,0.015705917683954053,0.11557867359369992,0.00198430277960137,0.05325590521097179,0.7588163614273071,0.04733750224113459,0.00732133706333111,neutral
1_11224_u,10,-0.20360651797964252,0.5752388833963777,0.00810932172753401,0.08715328606776891,0.050259958967217175,0.18581618270836767,0.2951954996213317,0.2439001339254901,0.12956561698229047,neutral
1_11232_u,10,0.8981310434435728,0.9439118556882022,0.00264787618434656,0.00781561881594822,0.00073315203844681,0.9210214495658875,0.01852374720619987,0.01169375908357319,0.03756439710559784,happy
1_11236_u,10,-0.17754430858185524,0.32297512808581813,0.0031405565736351802,0.02934844531118865,0.00802073617815034,0.07271540975198146,0.6079312518239022,0.20974998027086253,0.06909362009027967,neutral
1_11242_u,8,0.8108737769525759,0.893867093791414,0.0027266140514259876,0.02498982898396201,0.0005407568642112375,0.852370435371995,0.10071754516866344,0.013239458519819837,0.005415361039922513,happy
1_11243_u,10,0.7631689903122606,0.8779182407277404,0.00192368497082515,0.015219015217735382,0.00302794816379896,0.8205436155200004,0.05983658556360746,0.03720397685538043,0.0622451737086521,happy
1_11253_u,10,0.0027515968249644295,0.2758389231807087,0.004099765734281539,0.03017292199656364,0.00143440283718514,0.13929526000283654,0.7145339362323284,0.1008365726098418,0.00962714058696289,neutral
1_11257_u,10,-0.259731338499114,0.6695405406411737,0.0045653127483094,0.01609853380359704,0.0063389819697476394,0.20490460107102987,0.2942907229065895,0.4376331110484898,0.03616873645223673,sad
1_11306_u,10,-0.35035714828409265,0.44551992462947965,0.02188626088900506,0.11527330093085764,0.00556157500250261,0.0475813881726935,0.5257167249917984,0.2552173996344208,0.028763350378721908,neutral
1_11322_u,10,-0.5196086373704021,0.5750377295829822,0.0178947952110322,0.04740128638222808,0.0038779232592787197,0.027714546106290032,0.3357232879847288,0.4781491786241531,0.08923898243228903,sad
1_11378_u,10,-0.08545655253110465,0.25936985610751434,0.007203533619758891,0.06632579416036602,0.0017808773176511198,0.08695665178820486,0.711575385928154,0.09710299922153351,0.0290547579643316,neutral
1_11439_u,10,-0.6891488741966897,0.8305893505341373,0.00548272156738695,0.1256231710547581,0.0032301359169650394,0.07072023816872383,0.10348454745253544,0.6255330838263035,0.06592610201332715,sad
1_1144_u,10,-0.1720569715602324,0.3288167203543707,0.010104327136650808,0.04624950308352703,0.00162250597495583,0.07837987439706919,0.6662556827068329,0.19246050976216791,0.0049275969387963,neutral
1_11485_u,10,-0.3985273823782337,0.6387414105876815,0.012999879228300652,0.028843194479122702,0.00454070073028554,0.12010701410472388,0.3211659472435713,0.47225062204524876,0.0400926421687472,sad
1_11526_u,10,0.07343921465799205,0.6531480035744608,0.00747230764245632,0.028130841813981476,0.00189740430796514,0.36329360911622643,0.3371520213782787,0.2523538406938314,0.00969997504726048,happy
1_11529_u,10,0.05916710466844953,0.4019321386818774,0.015652691797004282,0.08619599789381023,0.00114505577075756,0.23054962167516346,0.5937358351889997,0.06838877154514188,0.00433202612912277,neutral
1_11609_u,10,-0.7097293001948857,0.8377473272732459,0.00312338926596585,0.01682246217969801,0.0033922126283868607,0.06400901353918012,0.1361812282353639,0.7504002496600151,0.026071444491390077,sad
1_11697_u,10,-0.6622690197487829,0.7045940066862386,0.03321771299233674,0.1271464527584612,0.0024364364740904,0.02116249346872787,0.286339346319437,0.5206309109926224,0.00906664699432435,sad
1_11699_u,10,-0.3766911795712077,0.486239246733021,0.047504147287691215,0.06265059420838946,0.00472414112300606,0.054774033580906656,0.5012002766132355,0.31658633053302765,0.012560476653743491,neutral
1_11723_u,10,-0.7792516450164841,0.792246158584021,0.004936958246981,0.03399057958740737,0.0014095756661844801,0.0064972567837684805,0.19946998357772822,0.7454117882996798,0.008283857838250652,sad
1_11736_u,10,-0.15489844426047067,0.414137138123624,0.00339983294834402,0.04958867384120817,0.00678095127805131,0.12961934693157667,0.25525410436093804,0.22474833312444384,0.33060875751543783,surprise
1_11773_u,10,-0.1295550432958409,0.580655544574256,0.01283374420745555,0.02087558350176545,0.009648955853481259,0.2255502506392076,0.33127971590729427,0.3117470103723462,0.08806473951844959,neutral
1_1180_u,10,-0.2783355203224347,0.41005803770385685,0.017730364622548407,0.06958628194406626,0.00181472596013913,0.06586125869071106,0.5691298887133598,0.255065406486392,0.02081207358278328,neutral
1_1185_u,10,0.5906185305560939,0.6161313214455731,0.00103138874401352,0.00527192145236763,0.0002571886288933,0.6033749260008335,0.38188226893544197,0.00619589661946514,0.00198640961898485,happy
1_11885_u,10,0.5579287897970061,0.7582200560544152,0.001994926921907091,0.00641870880499478,0.00065931678982448,0.6580744229257107,0.24002232946222643,0.09107268061197824,0.0017576144833582902,happy
1_11889_u,10,0.6591070810449309,0.8156897341716103,0.00959178956400155,0.022502445470308836,0.00114253196225032,0.7373984076082707,0.1810279516968876,0.045054559566779014,0.00328231413150202,happy
1_1189_u,8,-0.05675054143648604,0.16280006768647584,0.0018482264858905124,0.0332620658446103,0.0010217436793027,0.0530247631249949,0.8325604423880577,0.07364326855167744,0.004639489925466413,neutral
1_11901_u,10,-0.1378926551231417,0.4507838022225769,0.033820909971837135,0.03895564290869511,0.03953149204899087,0.1564455735497176,0.31924897114804474,0.18203018374333618,0.22996722662937824,neutral
1_11913_u,10,-0.554975131005631,0.5851448897185036,0.01157485492003637,0.07903841633815313,0.007199143018806279,0.01508487935643637,0.37816480370238426,0.47224759608507155,0.03669030657911203,sad
1_11924_u,10,0.47784602503525087,0.6588007225538604,0.0032808844931425706,0.02008257664856497,0.00318168701487588,0.5683233737945557,0.30661223640199753,0.06393220060272138,0.034587041044142064,happy
1_11928_u,10,0.62334919586865,0.7822621791056008,0.00454438915912772,0.02019355146330777,0.00066373705922156,0.7028056874871254,0.2162672100588679,0.05405481393681836,0.00147061083553122,happy
1_12002_u,10,-0.31936625161324644,0.42318084168364295,0.034911107661901246,0.06745037867221977,0.00238707078387955,0.05190729503519827,0.5642808705568314,0.2665249895304441,0.01253828775952565,neutral
1_12083_u,10,0.4720225146622396,0.7680991796194576,0.0012129142938648902,0.02139719584374683,0.00070834736106914,0.6200608471408486,0.22777197445975617,0.12471987497992809,0.00412884592078621,happy
1_12202_u,10,-0.12096699792309673,0.1546101891377475,0.00504017897183092,0.010359894367866171,0.0013561724277678501,0.01682159560732538,0.8055594652891159,0.12103234776295717,0.03983034557313655,neutral
1_12275_u,10,-0.2075701095862315,0.6276469512609765,0.0055404380254915,0.010412562731653401,0.03537370398989873,0.2100384208373725,0.34111050888895983,0.36628182567656037,0.031242539850063582,sad
1_12320_u,8,-0.0096096290071729,0.2848474109341623,0.029448469904309812,0.0264239055104553,0.022998789361736237,0.13761889096349472,0.6765720825642347,0.06835735519416627,0.0385805065016029,neutral
1_12331_u,10,0.1101321795838885,0.7338527163607067,0.0038207925128518603,0.03633976872079071,0.00225649125932246,0.4219924479722977,0.2592896502930671,0.2694432158954441,0.00685763334622604,happy
1_1262_u,10,0.06456860571634018,0.500356802274473,0.00790958542202152,0.02972476934082801,0.00802900744311041,0.28246270399540657,0.28516590669751163,0.1722307360731065,0.21447729102801527,neutral
1_1296_u,10,-0.014915540162473966,0.49949377654120325,0.00702096112072485,0.04810136463493103,0.03053839243948454,0.24228911818936463,0.3008093506097793,0.17154394015669822,0.19969687284901733,neutral
1_1466_u,10,-0.04526183311827488,0.38034032047726213,0.01984819899953453,0.13913186900317664,0.00090507963031992,0.16753924367949363,0.5743136182427406,0.052915929164737405,0.045346061279997185,neutral
1_1470_u,10,-0.17056043454795158,0.34480074969469576,0.00244258863531308,0.01977781492751087,0.00229271467978828,0.08712015757337208,0.6434682354331016,0.23316747387871142,0.01173101487220259,neutral
1_1478_u,10,-0.12357903568772606,0.2962363681639545,0.014880307496059869,0.046530325338244374,0.0028269525850191197,0.0863286662381142,0.6768099695444107,0.1456701165065169,0.02695366229163479,neutral
1_1484_u,10,-0.09357706343289474,0.24466009715106338,0.00475693705957402,0.016080211335793092,0.00491463444195682,0.0755415168590843,0.6943776190280915,0.14336679745465514,0.06096228382084514,neutral
1_1549_u,10,-0.06571571200038315,0.660585769196041,0.00964206430653597,0.06612377604469652,0.00428201500908466,0.2974350285978289,0.3005407400720287,0.2831028852378949,0.03887349073193033,neutral
1_1560_u,10,0.20279146460816255,0.4635029132477939,0.00775205513346029,0.05315506942570205,0.0013532313343602698,0.33314718892797823,0.520812626928091,0.0680953684262931,0.01568445982411499,neutral
1_1627_u,10,0.6224440316378604,0.941675851243781,0.00396674069779708,0.03797990757739166,0.0027222088785492397,0.7820599414408207,0.03926967512816186,0.11494705264922227,0.01905447362805712,happy
1_162_u,7,-0.19601415061125804,0.6018044122694326,0.005836500154276157,0.0173048223368823,0.011166396883449342,0.2028951308290873,0.3205098350133214,0.3646015620657375,0.07768575271724586,sad
1_1638_u,10,-0.12627500371309008,0.5686507398379035,0.00862237061082869,0.06505455281585452,0.00160824671911537,0.22118786806240673,0.42579347603023054,0.27217770162969823,0.00555578413186589,neutral
1_1666_u,10,-0.5475102735217663,0.7718342687934638,0.04512151391245446,0.34262064099311823,0.00915143622551107,0.11216199763584878,0.2080227390863001,0.2627786800265312,0.0201429921202361,disgust
1_1678_u,10,-0.6504852603306064,0.6710364858619868,0.09289937916328221,0.10680732298642392,0.00797971270512784,0.01027561276569026,0.3193351924419403,0.4530744582414627,0.00962832169607276,sad
1_1722_u,10,0.2896434573689475,0.5541871934896336,0.02196627032535638,0.03651648154482241,0.00319942423084279,0.42191532542929056,0.4205941453576088,0.07058969195932145,0.02521866115275765,happy
1_1732_u,10,-0.552239980606828,0.6604010317358189,0.15641636294312794,0.13675349941477175,0.05673769067507232,0.05408052556449542,0.1524941546609625,0.2564129531383514,0.1871048136032186,sad
1_175_u,10,0.05402427720400731,0.3966842644425924,0.00981181425813717,0.025169168296270028,0.0038503545198181654,0.22535427082329984,0.5542971194256097,0.13249865654506715,0.04901861613179784,neutral
1_1772_u,10,-0.21776393325417315,0.4418348426872399,0.00290082972351249,0.04870323032955634,0.00134501700667893,0.11203545471653335,0.5527891668665689,0.27685031091095874,0.00537599044619122,neutral
1_1798_u,10,-0.30312793150078515,0.4267119078198448,0.012022158288164251,0.04530146364122624,0.0039821563113946,0.06179198815952982,0.5427524864673614,0.30361414141952986,0.030535605712793713,neutral
1_1803_u,10,0.21261128369951612,0.7509011973044835,0.00494732967927141,0.040652520241565016,0.0007000105426413501,0.48175624050199983,0.2448702018416952,0.22284509633900598,0.004228600853821219,happy
1_182_u,10,0.16116804318735373,0.24341607553651556,0.00660503829130922,0.01807703841477628,0.0023507029283791102,0.20229205936193462,0.6742070928215981,0.01409123654011633,0.08237683164188633,neutral
1_1931_u,9,-0.01935369081588259,0.09386363516872126,0.018712450818081247,0.011066744220443021,0.0029265771898078223,0.037254972176419335,0.8767925699551901,0.02390289076396983,0.029343794876088656,neutral
1_1973_u,10,0.11068164953030638,0.2803961826954037,0.00236947288503889,0.02713936378131616,0.00061197846080172,0.19553891611285504,0.7174431052990258,0.05473645145539189,0.00216071200557048,neutral
1_1987_u,10,-0.1764763318991755,0.31221297989250163,0.00399703605216943,0.01965603018179531,0.00790658111218357,0.06786832399666305,0.6107748925685883,0.21278500854969024,0.0770121275389101,neutral
1_2075_u,10,0.049653813202166906,0.7044829579477664,0.00402279931295213,0.01004923266009422,0.00553932893380983,0.3770683855749667,0.2719503368018195,0.3078032114659436,0.023566705250414037,happy
1_2119_u,10,-0.09850277323857888,0.25199906761408786,0.00324647759262024,0.02572191096842283,0.00840809613873711,0.07674814718775447,0.725856727361679,0.13787443572655317,0.02214420502423305,neutral
1_213_u,7,-0.00401092563489726,0.4853247055850391,0.054098735114426644,0.04286051002730213,0.0120212913524093,0.24065688997507093,0.4571358247527054,0.13568727911583012,0.05753946966225543,neutral
1_2198_u,10,0.010745812871027643,0.177850326418411,0.008786771730229,0.05382766621187325,0.00229149338119891,0.09429806964471933,0.7495653808116913,0.018646325450390522,0.07258429276989768,neutral
1_2216_u,10,0.12483190110069693,0.7735187373298686,0.008345372921030669,0.04098635246045883,0.01905243939399947,0.4491753192152828,0.14451944082975385,0.2559592533390969,0.08196182184037748,happy
1_2354_u,10,-0.04766891398467136,0.2812523732427508,0.00666122178081445,0.05058530736714597,0.00207479393575335,0.11679172962903972,0.6820319890975952,0.1051393205299973,0.036715637659653966,neutral
1_2361_u,6,0.6694676682576147,0.7322834898805013,0.0028833131533855666,0.005203622386034067,0.0009963436508162668,0.7008755790690581,0.26613648579223076,0.022324631621207364,0.0015800243272678335,happy
1_2420_u,10,-0.1475966878933832,0.1642712286906316,0.00370993328979247,0.01113858884200449,0.00423749234760176,0.0083372703986242,0.7683351397514343,0.1368479438126087,0.06739363155793396,neutral
1_2423_u,10,-0.028071750607341583,0.38660334786400197,0.010935892246198061,0.04690397679805752,0.0026839999598450397,0.1792657986283302,0.5953055799007416,0.14681368023157115,0.0180910722352564,neutral
1_2464_u,10,-0.7644508880504873,0.8209475394862238,0.00179387920070458,0.01871673443820322,0.006906183785758869,0.02824832571786825,0.1365477006649598,0.765282416343689,0.042504759848816284,sad
1_2575_u,10,-0.41582830753177413,0.5047186699695885,0.02090782842133216,0.09231564048677676,0.0012555238092317599,0.044445181218907184,0.49215637147426605,0.34579449603334067,0.00312495855614537,neutral
1_2580_u,10,-0.11118320593377584,0.15945320416940376,0.009896481790929269,0.043771425285376565,0.00112734798167361,0.02413499911781396,0.8370188713073731,0.08052294999361036,0.0035279245232231297,neutral
1_2614_u,10,-0.2249696893617512,0.2543166072573513,0.0057629668735901,0.01620932323858138,0.00174121066229413,0.014673458947800038,0.739032506942749,0.21592964753508564,0.0066508857998996505,neutral
1_2616_u,10,-0.26080885007395427,0.6089737075788435,0.006884342487319591,0.025042682513594573,0.0014095797756453498,0.17408242875244465,0.3879848688840866,0.40155467404983936,0.00304142353706988,sad
1_2664_u,10,-0.2988050686661155,0.39563471716828646,0.031110933879972623,0.09877764768898482,0.00216386491374575,0.04841482425108548,0.5770001620054245,0.21516744643449778,0.02736512082628901,neutral
1_2669_u,10,-0.6445868967450225,0.7664026974118314,0.015292897890322071,0.15106247710064052,0.004335913865361319,0.060907900333404506,0.22725752126425505,0.5348035082221031,0.006339781323913429,sad
1_276_u,10,-0.2939210789510981,0.6688578771660104,0.00860609050723741,0.14347769059240817,0.01185083082527849,0.1874683991074562,0.1984972923994064,0.3174548661336303,0.13264483043458308,sad
1_2778_u,10,-0.1443491138634273,0.26645892356755213,0.016603639640379888,0.0437248175963759,0.0015821570530533302,0.06105490485206242,0.7224975779652596,0.1434934044256806,0.01104349846718827,neutral
1_2792_u,10,-0.5345417200471276,0.6037263964768499,0.01537804849795082,0.05289610065519805,0.0043216187274082996,0.034592338214861164,0.3562030181288719,0.4965382903814316,0.040070585394278116,sad
1_2797_u,10,0.05520081701688464,0.530431566061452,0.00681688891490938,0.013290186389349359,0.00395342273404816,0.2928161915391684,0.4070352204144001,0.2135548764839768,0.06253321352414781,neutral
1_2819_u,10,0.31080982294515697,0.6118795925693121,0.00367647803504976,0.02475349896994879,0.0013557401514844498,0.4613447077572346,0.3755994314793497,0.12074916765559458,0.01252097595133814,happy
1_2830_u,10,-0.735561209957814,0.7960399560397492,0.038438040050096066,0.08802830434869972,0.00790952434763307,0.03023937304096757,0.18196398667059835,0.6314247142523527,0.02199605728965248,sad
1_2837_u,10,-0.04995226170867696,0.29476415226235997,0.01067428077221875,0.02939474880695337,0.00220195394358592,0.12240594527684148,0.6260498128831387,0.13008722346276042,0.07918603485450143,neutral
1_2842_u,10,-0.4251610305684155,0.47909929903689774,0.013381274943822272,0.01552836927585299,0.01600991424638773,0.02696913423424116,0.35043222913518546,0.4072106063365936,0.17046847182791675,sad
1_2853_u,10,-0.14760157425189402,0.3140439770766534,0.012786092708120311,0.05062908772379156,0.00246180878602895,0.08322120141237968,0.6162693560123443,0.1649457864463329,0.0696866669110022,neutral
1_3064_u,10,-0.05753363440162511,0.2901201646251138,0.00405962911609115,0.027919583674520198,0.00088829609740055,0.11629326511174436,0.701504822075367,0.1409593906253576,0.00837501329951915,neutral
1_3069_u,10,-0.17278223895700653,0.266760472592432,0.00507451545563537,0.0815345827490091,0.0021738858253229,0.04698911681771274,0.7108213186264039,0.1309883717447519,0.0224182087811641,neutral
1_3125_u,10,0.3174574039527215,0.5170359936892055,0.0062275372096339005,0.04273527406621719,0.01778081855154591,0.4172466988209635,0.2163313609664328,0.03304566504084501,0.26663264534436165,happy
1_3177_u,5,-0.007640516944229689,0.2823039056733251,0.007819990906864579,0.0220900594256818,0.03859911356121298,0.13733169436454767,0.6721443891525268,0.07646304741501801,0.04555170517414802,neutral
1_3204_u,10,0.4415534107887651,0.6580360383784865,0.0094618663511939,0.00463985315000168,0.03822909604059529,0.5497947245836258,0.3264400819782167,0.055910498253069776,0.015523879643296778,happy
1_3256_u,10,0.7971676989924161,0.9389302209485322,0.009319161524763541,0.00605883839307348,0.0048190843488554805,0.8680489599704743,0.034248956618830526,0.050684176711365526,0.02682082243263717,happy
1_3259_u,10,-0.43074550848978116,0.7620619993336731,0.040938391388044934,0.07567555448040361,0.00571440870407964,0.16565824542194602,0.22122243745252484,0.47407539933919907,0.016715563213801903,sad
1_3287_u,10,-0.06045927516534002,0.4674050221161451,0.08858740477589912,0.025429990142583802,0.00371922469348641,0.20347287347540255,0.504020057991147,0.14619552902877325,0.02857491989270779,neutral
1_3293_u,10,0.4296424512052909,0.5447712655877694,0.006004662346095,0.01320338414516295,0.00078097851946945,0.48720685839653016,0.45046105086803434,0.037575382180511915,0.00476768354419615,happy
1_3333_u,6,-0.019870231626555535,0.08633441796215884,0.0033084767443752,0.006837993549803832,0.002175462024752,0.033232093167801645,0.9082395831743876,0.04078039247542615,0.005425998863453601,neutral
1_3348_u,9,0.4180257390123895,0.5650037681916729,0.002207610023712589,0.016729723147970246,0.001037494743488589,0.49151475360203123,0.42911490332335234,0.053514186674470256,0.005881328484974767,happy
1_3371_u,10,-0.267011182405986,0.38398094980511815,0.10452200634463246,0.12341834660619493,0.00564009936933867,0.05848488369956608,0.577116283774376,0.09191561378538604,0.0389027664205059,neutral
1_340_u,10,0.02617969708517186,0.2064159437082708,0.00599802769138496,0.02366862604394551,0.00363164526061149,0.11629782039672132,0.7164112567901612,0.0568198243156075,0.07717279950156804,neutral
1_3419_u,10,-0.47059611367585613,0.6093199672788614,0.00584595080290471,0.019632521551102337,0.0016034927568398,0.06936192680150267,0.3784880056977272,0.5128760753665119,0.01219202702341131,sad
1_3476_u,10,-0.11703531243547338,0.6630580170516623,0.00867295463103815,0.04234178848564621,0.00098511150281407,0.2730113523080945,0.3341801896691322,0.3380468101240694,0.0027617932792054,sad
1_3545_u,10,0.04437986558186816,0.6565739459183533,0.012756400246871798,0.01931536737829443,0.012546255590859739,0.35047690575011076,0.26377752264961596,0.26147901695221665,0.07964853143203067,happy
1_3573_u,10,-0.25464346623630263,0.43329556696699,0.00402298576082114,0.02701550303027029,0.00273503455100577,0.08932605036534366,0.5258073896169663,0.31019599325954916,0.04089704341604371,neutral
1_3599_u,9,-0.08991701600866195,0.40035765286948943,0.020108598811526247,0.028578908234420688,0.02592705861833459,0.15522031843041376,0.5810700406630834,0.17052276877479416,0.01857230646742711,neutral
1_3649_u,10,-0.003501966327894612,0.6372823791229166,0.0048580855363982,0.024284476274624423,0.00422627484658728,0.31689020639751103,0.2934067914262414,0.28702333606779573,0.06931082945084192,happy
1_3660_u,10,-0.20871000449405996,0.43092173646437015,0.012559407408116629,0.05368589116260405,0.00241670682444231,0.11110586598515507,0.5622035324573517,0.251153865084052,0.00687473107827821,neutral
1_3707_u,10,0.14374471630435431,0.5811696653487161,0.00859986825962565,0.04208324374631043,0.00432646553381342,0.36245719082653516,0.3474883856251836,0.1637028969824314,0.07134194902610028,happy
1_3766_u,10,-0.7023923716915308,0.8161494568397757,0.00614495453774018,0.01082247808808456,0.0018875985755584701,0.056878542574122504,0.17964244857430453,0.74041588306427,0.0042080945859197,sad
1_3837_u,10,0.06439527639886357,0.338656726537738,0.004124243166006821,0.01554833461996164,0.0059941970466751895,0.20152600146830077,0.5994545627385378,0.11146395023679354,0.06188871072372417,neutral
1_3840_u,10,0.06897278027608986,0.3420290502719581,0.00531818964518621,0.01676998715847726,0.00436930344440039,0.20550091527402398,0.6378105968236923,0.11007065474987025,0.02016035290434953,neutral
1_3842_u,10,0.27583545669913273,0.6792675450444222,0.00757996867178035,0.0541654629516415,0.00141648717690254,0.47755150087177756,0.2895624184282496,0.13855412537232037,0.031170036527328138,happy
1_3911_u,10,-0.0730333516199608,0.35866153573733756,0.0100386873731624,0.053939955122768835,0.03003672025224654,0.1428140920586884,0.5870351549237967,0.1218320809304714,0.054303309338865756,neutral
1_4031_u,10,0.024986307159997386,0.4869116933783516,0.04324950743466638,0.10743235051631923,0.00610009317751969,0.25594900026917455,0.5004345193505287,0.07418074198067184,0.012653787271119602,neutral
1_410_u,10,0.43580803479999297,0.858891305141151,0.009733728897117749,0.07387765916064377,0.0026834690754185,0.647349669970572,0.11994291341397907,0.12524677803739903,0.02116578144486989,happy
1_4145_u,10,-0.0370377377432306,0.17216741124284451,0.00566909575427434,0.03717464348301286,0.0033817421790444694,0.06756483674980696,0.8195154547691346,0.05837709307670589,0.008317133988020909,neutral
1_427_u,10,0.3435492344113299,0.7053493136627368,0.0010257816647937872,0.009375797018583352,0.000994145844742855,0.5244492740370333,0.2894760619965382,0.16950431509758343,0.005174624340725081,happy
1_4281_u,10,-0.0024177553015761522,0.5588382781366817,0.015906692342832828,0.043461930478224484,0.00524070484680119,0.2782102614175528,0.4158808372914791,0.21601868905127045,0.0252808845718391,neutral
1_4286_u,10,-0.1340046298573726,0.5840640796232037,0.0755323810270058,0.04853489701636131,0.00890564947621892,0.22502972488291556,0.362769504263997,0.22606142722070213,0.05316641611279915,neutral
1_4290_u,10,0.5281095442798687,0.7214737508940743,0.0016252891728073878,0.0217122504356666,0.00159171318809963,0.6247916475869715,0.2648230184422573,0.0717528505105292,0.01370323066366833,happy
1_430_u,10,-0.37684148679254587,0.467726887750905,0.00902240214636566,0.09812994897365565,0.00161114404909308,0.04544270047917956,0.5243442356586456,0.3135206921026111,0.00792887659044932,neutral
1_4352_u,10,-0.02819916696753364,0.2579130073776469,0.00290446901926792,0.021749946754425712,0.00146483686985443,0.11485692020505663,0.7375638499855995,0.1169368345290422,0.004523142636753569,neutral
1_4477_u,10,0.13202892885310563,0.411655174207408,0.00861548984248679,0.02385568819008762,0.0019290712982182802,0.2718420515302568,0.5561923100613058,0.10541287334635849,0.03215251573128621,neutral
1_4544_u,10,-0.3383819673210384,0.42444407609291385,0.02136710820486796,0.02699610032141204,0.0025662093306891,0.04303105438593769,0.4682775393128395,0.330483603850007,0.1072783845942467,neutral
1_4552_u,9,-0.030928429888768445,0.24016129582499468,0.014205694382932878,0.019454175451149486,0.0010540953339335777,0.10461643296811311,0.7085598342948489,0.10083089768886562,0.05127886988015634,neutral
1_4576_u,10,-0.2702638040296735,0.399161445396021,0.02280918182805203,0.01135675893165166,0.00326523494441058,0.06444882068317379,0.4721095715649426,0.297281449008733,0.12872898303903635,neutral
1_4603_u,10,0.39980544789577815,0.8222736234136393,0.006995797157287871,0.02636393217835571,0.00195241270703259,0.6110395356547087,0.16065674051060336,0.17592194571625436,0.01706963607575738,happy
1_4639_u,10,0.6910413311183219,0.9108518912136787,0.0043591558409391,0.0289953088446054,0.0008783124532782901,0.8009466111660004,0.08772424515336748,0.07567250290885565,0.00142386363295367,happy
1_467_u,10,0.08045835938537482,0.2726919110049494,0.00193958520540057,0.019703814852982702,0.00128654820728112,0.1765751351951621,0.7204515926539898,0.0731868275441229,0.0068564963410607995,neutral
1_4743_u,10,0.4505096161112306,0.7471897105380777,0.0033141455947772796,0.01803131243505045,0.00221114754967852,0.5988496633246541,0.23806145463604475,0.12478344163391734,0.014748834825877511,happy
1_4760_u,10,-0.04079284125473357,0.27199316991027445,0.01025135603849795,0.028404217213392213,0.00253716124570922,0.11560016432777043,0.6593093901872635,0.11520027108490463,0.06869743990246203,neutral
1_4789_u,10,0.14050768205197525,0.39536312333075324,0.0042810116981856,0.02581955902278419,0.00167266696516884,0.2679354026913643,0.5944882534444332,0.09565448295325037,0.01014862322481346,neutral
1_4792_u,10,0.05388274497818193,0.3927636248292402,0.018446269771084357,0.012773020379245251,0.0062108967220410195,0.22332318490371103,0.5715966492891311,0.1320102530531585,0.035639725881628656,neutral
1_4850_u,10,0.15006142223719499,0.5528361208504066,0.00962584014632762,0.04762046302203083,0.009574822377180629,0.3514487715438008,0.39669648772105576,0.13456622376106672,0.05046739142853762,neutral
1_4949_u,10,-0.059353783185361095,0.5942940441134852,0.00994200119748733,0.03800650445627976,0.00150547121884297,0.26747013046406204,0.3985693091002758,0.2773699367768131,0.00713664678623894,neutral
1_4967_u,10,-0.03419368783361282,0.6344919796974864,0.06929343911760964,0.04853965276852246,0.006849594842060431,0.30014914593193676,0.3170517094433307,0.20966014703735708,0.04845631085918281,neutral
1_4995_u,10,0.2730547531275077,0.505990551528521,0.00306209913978843,0.03011778444051737,0.00060162484587632,0.3895226523280143,0.491092169098556,0.08268639077432448,0.0029172793729230198,neutral
1_5058_u,10,0.07650821183342478,0.5900974981719629,0.00829551988863407,0.02570457868278021,0.0018542908539529502,0.33330285500269385,0.4048936070874333,0.2209402537439018,0.00500889474060381,neutral
1_506_u,10,-0.2440590772312136,0.31502029211260385,0.00203567371936535,0.02540407888591285,0.00108294085366647,0.03548060744069511,0.6797995656728745,0.251016991212964,0.00518014221452171,neutral
1_507_u,9,-0.15174525480122417,0.4068323144132996,0.004189222304073011,0.03586511789924565,0.0010288563951487333,0.1275435298060377,0.5901805907487869,0.23820558800879446,0.0029870948379134336,neutral
1_5109_u,10,-0.28786606565117845,0.7246818575076759,0.03681301752803865,0.07366429017856713,0.01689581932732831,0.21840789592824872,0.22982939099892968,0.3789008345454931,0.04548875149339433,sad
1_5134_u,10,-0.11637778821168479,0.521418803546112,0.00503063915821277,0.01429982676927461,0.0038848753960336996,0.20252050766721363,0.39747427953407166,0.29568295455537735,0.08110691691981625,neutral
1_5156_u,10,-0.11124823722057049,0.3998379592085257,0.00631781215488462,0.027981068371445827,0.0030585518572479,0.1442948609939776,0.5664336641319097,0.21818566583096977,0.03372837665956463,neutral
1_5166_u,10,0.28071175033692264,0.7640753712272272,0.00153614973241951,0.006978923326823811,0.00148892597935623,0.5223935607820749,0.2328047879040241,0.23167781140655275,0.00311984086874866,happy
1_5169_u,10,-0.060168040194548675,0.6279522251570597,0.00731177786074127,0.05887548596365373,0.00232825985003724,0.2838920924812555,0.3298978380393237,0.27554460900137195,0.04214993680361655,neutral
1_5211_u,9,-0.146274533659582,0.3576912326518343,0.009314826266038311,0.02483905944973226,0.002581056546963078,0.10570834949612613,0.5573741114801831,0.2152479408929745,0.0849346558679826,neutral
1_5212_u,9,-0.5605425537926042,0.9676543767305298,0.0010549303584009777,0.001684382629011611,0.0011184269290727333,0.2035559114689628,0.03089504720022275,0.7602407253450818,0.0014505760692473555,sad
1_533_u,10,0.5186234064633026,0.7246032044058666,0.0021187029327849804,0.0063080895808524705,0.00121895113115893,0.6216133054345846,0.27170662889257075,0.0933441553264856,0.00369016670156265,happy
1_536_u,10,-0.15946551349479712,0.2615443689050153,0.0066001338156640495,0.00984630596358324,0.00308857474301469,0.051039427705109074,0.7341139197349549,0.19096992667764423,0.00434171136002984,neutral
1_537_u,10,-0.2022449385753135,0.3882265946274856,0.00522833048016781,0.016657472657971028,0.00381439920456611,0.09299082802608606,0.5921398058533669,0.2695355642586946,0.01963359951914749,neutral
1_5496_u,10,0.15484675281913945,0.3710263885441236,0.00223133283143407,0.00999418187420813,0.00100057551462665,0.2629365706816315,0.6257021814584732,0.0948637276422232,0.00327142999740312,neutral
1_5571_u,10,-0.0046602401125711455,0.4691566429741215,0.00525493021996246,0.01073927921243007,0.0014556059002643,0.23224820143077518,0.5184368520975113,0.2194586262106895,0.012406504928367168,neutral
1_5572_u,10,0.15464971630717614,0.6298662127286663,0.0087273363373245,0.01576238702982658,0.006982240657089229,0.3922579645179212,0.3365189757198095,0.20613628418650473,0.03361481155152426,happy
1_5580_u,10,0.05473962277173985,0.5662861455231905,0.00528138778172455,0.03569219140335914,0.02081367911305271,0.3105128841474652,0.20203255042433735,0.19398600307758893,0.23168130405247206,happy
1_5581_u,10,0.03192609028774308,0.4883747394953389,0.00836530912201866,0.04092406516429033,0.0016003147989976801,0.260150414891541,0.5085772896185518,0.1773346355184912,0.00304797088610935,neutral
1_5617_u,10,-0.13425730888266132,0.4535136302234605,0.00545559692545818,0.02438579851295793,0.00354081667610439,0.1596281606703996,0.5310500808060169,0.26050325743854047,0.01543628897052253,neutral
1_5627_u,10,-0.5865248320100365,0.7101413820812013,0.09020196739584227,0.07530431849882001,0.00306983256596136,0.06180827503558245,0.2874179944396019,0.47975698858499527,0.0024406234791967602,sad
1_5679_u,10,0.2599874846288003,0.4049982413998805,0.00667207943624829,0.025200424809008797,0.0015691162028815097,0.33249286301434033,0.5873460695147514,0.0390637579374015,0.00765568908536802,neutral
1_5699_u,10,0.13504617321887044,0.6761981714924332,0.00398854674567721,0.009263816988095589,0.0018912820480181398,0.40562217235565184,0.3015173682942986,0.2554323533549904,0.02228446021326811,happy
1_5751_u,9,0.2883681358071043,0.4939043034359606,0.027396907599824178,0.018857762527962466,0.030656585990477096,0.3911362196215325,0.2323182945967548,0.0258568276961644,0.2737774019672845,happy
1_5758_u,10,-0.40506798665737753,0.45115772298304363,0.09176286939182338,0.06410955786705012,0.00535146562033329,0.023044868162833097,0.47623843252658843,0.26688896194100376,0.07260384449036787,neutral
1_5786_u,10,0.23984780018217852,0.42913649822585287,0.00332228338229488,0.0200308029307052,0.00172526431852016,0.3344921492040157,0.5561948724091053,0.06956599839031692,0.0146686293650418,neutral
1_5880_u,10,0.4176639501412865,0.5483438584546093,0.00293722294300116,0.01590333851054307,0.00051579944411054,0.4830039042979479,0.4437459364533424,0.04598359325900667,0.00791020509204823,happy
1_5919_u,10,-0.06399254459247464,0.34810553612478545,0.0037306226702641296,0.02319901366718109,0.00108122638193884,0.14205649576615537,0.644370548427105,0.17803817763924595,0.007523915448109569,neutral
1_5953_u,10,-0.3302599242422731,0.7443593303207309,0.006283316254848781,0.00914452602155502,0.0051488588273059105,0.20704970303922893,0.16748650968074794,0.5167329261777922,0.08815415999852116,sad
1_5964_u,10,0.01314720636000849,0.40162756378995257,0.007293969939928679,0.05067387870512898,0.009464093903079571,0.2073873850749805,0.39198521748185156,0.1268082361668348,0.20638721872819582,neutral
1_6020_u,10,-0.3062491405755282,0.3689197666943073,0.00519670846115349,0.037212525482755124,0.006442965930909811,0.03133531305938954,0.6153478559106589,0.28873225376009937,0.0157323773950338,neutral
1_6032_u,10,0.002917630632873569,0.39293331500375644,0.012736203579697911,0.09140184940770266,0.00057650022208687,0.19792547281831502,0.6036300808191299,0.09029328897595403,0.0034366041771135697,neutral
1_6039_u,10,0.13303509334509714,0.6664044092554833,0.04109910234983567,0.02845607174094763,0.00472346858005036,0.39971975130029025,0.3198843158781528,0.19240601528435944,0.01371127486636391,happy
1_6065_u,10,-0.18769667583983404,0.3851972228614614,0.01165554946637734,0.05755884060636159,0.010838612198131101,0.09875027351081367,0.5363374400883913,0.20639394707977768,0.07846533705014731,neutral
1_6092_u,10,0.06080124232976224,0.6919284122152021,0.022199564831680826,0.038571635924745294,0.01235735745867709,0.37636482727248216,0.2696030645165592,0.24243502672761674,0.03846852326823859,happy
1_60_u,9,-0.0973549972081351,0.13331657197947305,0.004891364964553244,0.016772987864290614,0.004982204693886934,0.017980787385668977,0.8619372745354971,0.0886892270710733,0.0047461534850298664,neutral
1_6113_u,10,0.08001173824304704,0.4304891953594051,0.0047653214060121496,0.01802364117465908,0.0893882069343817,0.2552504668012261,0.45258239191025496,0.06306155904312613,0.11692841273033987,neutral
1_6134_u,9,-0.08846609119791546,0.23797544331238088,0.009606098563785633,0.03320027856777108,0.008810253812245879,0.07475467605723271,0.7487416747543547,0.11160413631134558,0.013282881933264379,neutral
1_6165_u,10,0.38630088681238695,0.6275394972239157,0.00961505180457628,0.00882536715944293,0.010103995807003179,0.5069201920181513,0.3284009546041488,0.09207489043474193,0.044059548171935546,happy
1_6183_u,9,-0.5741773337035235,0.6950714399895838,0.05754984188954263,0.07827283188493711,0.0034920348552986554,0.06044705314303018,0.27604106617056656,0.49530967821677524,0.028887493839849565,sad
1_6188_u,10,-0.17486205458990314,0.4455150114779827,0.00981440218456577,0.01913683908060189,0.0018506986933061298,0.13532647844403978,0.5446202173829079,0.2793865930754691,0.00986477113910946,neutral
1_6211_u,10,-0.10954970679595144,0.46651644780649804,0.0959038658067586,0.025322439847513978,0.02379264127812342,0.1784833705052733,0.40239109490066766,0.14301413036882876,0.13109245729283425,neutral
1_6221_u,10,0.7431010453030467,0.8257014872506261,0.0011661115422613802,0.010249790770467329,0.00071030410763337,0.7844012662768364,0.17173488000407813,0.029174014553427663,0.0025636327452957,happy
1_6355_u,7,-0.10159492906365951,0.17398893421964853,0.007332872470475114,0.03451841071780233,0.002155916840170586,0.036197002577994505,0.7885051795414516,0.09378473161320598,0.03750588623889983,neutral
1_6370_u,10,0.08061194624460763,0.24977031946473285,0.0028699031579892003,0.01903537595644587,0.00123950736742693,0.16519113285467024,0.742032079398632,0.0614344001282006,0.00819760113663503,neutral
1_6426_u,10,-0.1161890405463056,0.45097713007126006,0.00639456123462898,0.03949920162558551,0.00232389739830974,0.16739404476247724,0.5203432992100716,0.2353654250502586,0.028679570718668362,neutral
1_6427_u,10,-0.07642441715579483,0.5223546686349436,0.00604805029288415,0.028366101020947047,0.00179523031401909,0.2229651257395744,0.46269007623195646,0.263180161267519,0.014955255133099801,neutral
1_6428_u,9,-0.3654050164429161,0.5296056795955842,0.06998366465753268,0.08238875514103301,0.0018030986636100557,0.08210033157633408,0.46699252393510604,0.29332982955707443,0.003401796469309633,neutral
1_6472_u,10,-0.21368505626451237,0.4289612129097805,0.006034962442936579,0.07024457752704617,0.00120257795206267,0.10763807832263406,0.5639847546815873,0.243841016665101,0.00705403240863227,neutral
1_6504_u,10,-0.0955517292954028,0.2936745637096464,0.02188419533777065,0.0601013865321874,0.0020221571263391,0.09906141720712182,0.6114008694887161,0.11060540750622747,0.09492456680163738,neutral
1_6534_u,10,-0.06138752796105116,0.7527767169696744,0.00366180680575797,0.00649162281770254,0.00430908040143545,0.34569459450431167,0.24327117204666132,0.39261961244046684,0.003952110983664129,sad
1_6645_u,10,-0.283464414055925,0.3458470417070203,0.1057324004883414,0.1774111038073897,0.005650098231853881,0.031191313825547663,0.4177120985463262,0.025862125353887638,0.23644085974665355,neutral
1_6648_u,10,-0.2619220353721176,0.7084048186487053,0.00609859537216847,0.027196210063993885,0.00385952548822383,0.22324139163829382,0.2443065355531871,0.44800909608602524,0.04728864579810757,sad
1_6683_u,10,-0.3553632171126084,0.628675049811136,0.01237519399728642,0.051898808707483056,0.00245476151467298,0.13665591634926383,0.35957926670089363,0.42529036924242974,0.011745683487970341,sad
1_672_u,10,-0.4038962144230028,0.5314209507603664,0.016095992439659482,0.0307771160267293,0.01496169725432987,0.06376236816868179,0.3888376772403717,0.40582377687096594,0.07974137199926187,sad
1_6766_u,10,0.3585480665788054,0.62674909401685,0.00765790161676719,0.029573772242292705,0.0014025159645825098,0.4926485802978277,0.3353077555075288,0.09546632389537987,0.03794315047562119,happy
1_6769_u,10,-0.03757534156320625,0.28142561482964085,0.00703614165249766,0.01633673522155726,0.0015675367234507,0.12192513663321729,0.6690239131450653,0.13456006459891792,0.049550472025293814,neutral
1_6835_u,10,0.21608600835315878,0.6582827443489805,0.01186111387796715,0.00936834197491402,0.00270468237577001,0.43718437635106966,0.31849974533542985,0.19716422976925965,0.023217510315589558,happy
1_6860_u,10,-0.19266477391356615,0.5114913170807995,0.01346246980247108,0.08840548284351822,0.00133568000164809,0.15941327158361668,0.45542865842580793,0.24887441284954542,0.0330800244933925,neutral
1_7047_u,10,0.6097862685041037,0.7660106102062855,0.00128902564320029,0.013584593706764242,0.0026267273919074303,0.6878984393551946,0.17562252202769738,0.06061182410921898,0.05836686776601703,happy
1_7082_u,10,0.1344314127753022,0.6474224140343722,0.00622770906193199,0.018882805807515952,0.00384399453760119,0.39092691340483726,0.3319294326007366,0.22754099122248586,0.02064815336489115,happy
1_7089_u,10,0.012213076886837227,0.7335951645829483,0.0264057254593356,0.03315052158141038,0.01887006936012763,0.37290412073489276,0.2097792306914925,0.2822647274471819,0.056625604725559185,happy
1_70_u,10,-0.3434540536574788,0.921978827365092,0.014520857707248291,0.01715084575698704,0.00254712445894253,0.2892623868538066,0.07338299632538106,0.5984976125881076,0.00463817630952684,sad
1_7186_u,10,-0.6261259961698671,0.8689567157358397,0.12499930282938314,0.0869659479707479,0.14999816868221383,0.1214153597829863,0.06314315134659403,0.38557793647050853,0.06790013291756619,sad
1_7281_u,10,0.0477922595455311,0.5633156020776369,0.0188196446251824,0.05721802385523912,0.0017223110102349399,0.30555393081158394,0.41171489357948304,0.18000169177539643,0.02496950434288005,neutral
1_7341_u,10,-0.2368752156558913,0.5380563289101701,0.0438037434767468,0.17016196567565198,0.01112321862019594,0.1505905566271394,0.23439671620726585,0.16237684451043602,0.227546954882564,neutral
1_7357_u,10,-0.5272098564310002,0.5785843365127221,0.00840948521508856,0.1157215169165283,0.010925967810908271,0.02568724004086101,0.38881347253918647,0.417840126529336,0.0326021909480914,sad
1_7395_u,10,-0.27006314445170576,0.7304238366603386,0.056161391953355747,0.11750750445644369,0.01436459140095388,0.23018034610431642,0.18501480498816814,0.3122100027452689,0.08456135835149321,sad
1_7400_u,10,0.30642455052584405,0.8395126746036112,0.0126420504675481,0.04990387836005535,0.00137487484316802,0.5729686125647276,0.1582108280446846,0.2026232583681121,0.00227649735170411,happy
1_7402_u,10,-0.4348044204729377,0.8863257794146193,0.11822806285636052,0.06130343664553942,0.0071242392470594,0.2257606794708408,0.10893016902264203,0.4739093611948192,0.00474405156273856,sad
1_7442_u,10,-0.3040098768193276,0.6981895423261448,0.10696702724089868,0.030250049172900584,0.00323913232423359,0.19708983275340866,0.2870700642466545,0.3606435008347034,0.014740393427200548,sad
1_7443_u,10,-0.23863327085273353,0.4918808719376102,0.01585080786026103,0.03513850425370033,0.14759452433791007,0.12662380054243835,0.44912518421187997,0.16667323494330047,0.05899394385050978,neutral
1_7445_u,10,-0.027267208963167006,0.09640375155722722,0.00561887149524428,0.01986096801701928,0.00103351053257934,0.03456827129703011,0.8972355902194977,0.03532213021535422,0.006360658223275049,neutral
1_7449_u,10,0.4681868004539864,0.7363361094219727,0.0077194170895383395,0.01151857825461771,0.0022913979802978803,0.6022614549379796,0.23076972826384004,0.1125452611595392,0.03289416231418722,happy
1_7487_u,8,0.10806211254384827,0.3119725083670346,0.003995338251115937,0.05374327872414139,0.0009748625016072125,0.21001731045544145,0.6766960769891739,0.04324171843472864,0.011331414643791449,neutral
1_7490_u,10,0.2073235404910519,0.66977769813966,0.0190594644998784,0.02161784566706042,0.00416682042268799,0.438550619315356,0.24947864012792706,0.1863829482346773,0.08074366173241285,happy
1_7494_u,10,-0.43189865604508676,0.5141516721108929,0.00778253705939296,0.03020245386287565,0.00505931995576241,0.04112650803290302,0.44190049907192586,0.4299808531999588,0.04394782881718124,neutral
1_7504_u,10,0.789969083390315,0.8390177146502538,0.0015990345957109255,0.005483681386976921,0.00035040990915142996,0.8144933990202844,0.159186662902357,0.01709118973813015,0.00179562244738913,happy
1_7575_u,4,0.11324944187072096,0.5741764956328552,0.019596788799390426,0.00829937963862895,0.01629288023104885,0.34371296875178814,0.40204077027738094,0.18627447821199894,0.023782734089763773,neutral
1_7593_u,10,0.013062029413413117,0.5454764917609283,0.07060358750750334,0.029026800533756565,0.00359655486536207,0.27926926058717066,0.378927356749773,0.16298028826713556,0.07559615148929873,neutral
1_7641_u,10,0.3820481339935212,0.7250605480279775,0.00536550093675057,0.014796350873075381,0.014654802728909937,0.5535543410107493,0.20202007852494713,0.1366895524784922,0.07291937344707543,happy
1_7661_u,9,0.07744721888512775,0.3754477160853438,0.0256944903748164,0.07080750177717866,0.004044805287978444,0.22644746748523575,0.47124499248133767,0.0484534511601345,0.15330729143331856,neutral
1_7675_u,10,0.5834451816539511,0.8177111275930656,0.00197554032783981,0.009064075883361462,0.00145782818435686,0.7005781546235085,0.16809428706474133,0.10463552857399913,0.014194585342192981,happy
1_7722_u,10,-0.2623730102437549,0.40414821839658543,0.00602212602971143,0.02741856058128172,0.00385904875583942,0.07088760407641526,0.5724108785390853,0.2959608789533376,0.02344090306432913,neutral
1_7894_u,10,-0.3469923276046758,0.6061422859609593,0.01619044241379035,0.03464958374388511,0.01003194043878462,0.12957497917814176,0.18500203583389516,0.4156953401863575,0.20885567820514547,sad
1_7938_u,10,-0.12599816347938045,0.19013276125770068,0.00834849522798344,0.03142941039986903,0.0018648798868525398,0.03206729888916011,0.8035305291414261,0.11642267685383553,0.00633670960087324,neutral
1_7953_u,10,-0.2703330174728763,0.6190751815855038,0.0057176819595044295,0.0660574887646362,0.0043583030230365406,0.17437108205631371,0.298724865168333,0.3685706257820129,0.08219995324616317,sad
1_8042_u,10,-0.1274830985581503,0.4954152680700645,0.0044803420663813,0.02241243077442043,0.00493422300787637,0.1839660847559571,0.4661400347948074,0.2796221874654293,0.03844469713512804,neutral
1_8045_u,10,-0.33364588089752956,0.6510868839453906,0.16656867513229395,0.09886866883607578,0.0023891020668088,0.15872050152393052,0.33594042151235043,0.22453993638628159,0.01297269454225892,neutral
1_8052_u,10,0.041640562185784775,0.6494403259886894,0.0041780022816966704,0.02840140243060881,0.0016398139909142198,0.3455404440872371,0.3443866536021232,0.26968066319823264,0.00617302040918726,happy
1_8078_u,10,-0.3408223964972422,0.703043193067424,0.039132909977343075,0.21978947333991522,0.07367744197836142,0.1811103982850909,0.15885141640901562,0.18933296948671335,0.13810539052356033,disgust
1_80_u,10,-0.021355401538312536,0.3128019003197551,0.03679875412490237,0.03586161825805899,0.007914056093431949,0.1457232493907213,0.6573967874050141,0.0865042224526405,0.02980131227523084,neutral
1_8136_u,10,-0.331828345602844,0.48633874437073243,0.013139016908826521,0.01926603824249464,0.0022954638465307103,0.07725519938394423,0.4962289554998279,0.3743830259889364,0.01743230012943962,neutral
1_8159_u,10,-0.16282748911762623,0.7281569150858559,0.00941359142889292,0.0845680584199726,0.00390368116204621,0.28266471298411483,0.23415268445387477,0.34760687109082933,0.03769040046026926,sad
1_8185_u,10,-0.010250671982066806,0.8102522154629697,0.013854010819341239,0.1693360454170033,0.00834737715485968,0.40000077174045146,0.1800794547598343,0.21871401033131402,0.00966832977719599,happy
1_8217_u,10,-0.5225463488837705,0.7673653737874702,0.019531578465830653,0.05755451340228316,0.006154157652053941,0.12240951245184983,0.21223792806267733,0.5617156118154526,0.02039669814985242,sad
1_8407_u,10,-0.01269877037266276,0.5225375837297179,0.02493924389127656,0.05968861849978563,0.00876911453669886,0.2549194066785276,0.3707619938999414,0.17422120012342926,0.10670042237034064,neutral
1_8417_u,10,-0.22364753282745378,0.7724801637756172,0.0075434982165463,0.0811780784075381,0.00257584373903224,0.27441631547408174,0.21403061035671267,0.40676642793841894,0.013489225867669968,sad
1_8452_u,10,-0.3404323358088732,0.7864476595073938,0.027270222478546345,0.05342563658487046,0.027142565604299257,0.2230076618492603,0.11171706877648828,0.4556015729904175,0.10183527171611781,sad
1_8505_u,10,-0.5262986253277633,0.802986191099626,0.34726714063726855,0.19580376305093522,0.008937610054272179,0.13834378288593135,0.17334922911832104,0.11263389447121877,0.02366457978205285,angry
1_8717_u,10,-0.04322007677401423,0.32724772400106306,0.0067243155237522,0.13103031092323358,0.00347290486388368,0.14201382361352438,0.6644932448863983,0.044006369076669175,0.00825903111253862,neutral
1_8746_u,10,0.15068479275796554,0.4581594062736258,0.027110316426842678,0.09189688218757505,0.00060774499143003,0.3044220995157957,0.5338051076978445,0.03412236315198238,0.008035486028529649,neutral
1_8749_u,10,0.5062369584746192,0.7470744028978515,0.01544704757106973,0.03657016624347302,0.00140054374060124,0.6266556806862355,0.23219364133547055,0.06700096465647216,0.02073195576667781,happy
1_8827_u,10,0.024250284250592724,0.32347501903423115,0.00512926176597848,0.03294347280170764,0.00060391612059898,0.1738626516424119,0.6750319063663482,0.11093571670353408,0.0014930745994206,neutral
1_8837_u,10,-0.197837435436668,0.5603366670955439,0.062304699374363025,0.09881397009594363,0.0031543853168841097,0.18124961582943794,0.39647733345627784,0.21481399647891516,0.04318599944817829,neutral
1_9003_u,10,0.05810300086741328,0.4504087103239726,0.0837988561572276,0.0455957699101418,0.00531414627039333,0.25425585559569297,0.42302040606737135,0.06144408239051695,0.12657088360865598,neutral
1_9009_u,10,0.3715229193447157,0.6070256738224998,0.008257093440625049,0.030336875701323103,0.0007996721396920901,0.48927429658360777,0.3878261280013248,0.0783577359572518,0.0051481981761753,happy
1_9087_u,10,-0.09268247743020774,0.6533595301851165,0.11430959672143234,0.04906990923918779,0.00608177723770492,0.2803385263774544,0.32881331630051136,0.20355972060933705,0.01782715351437213,neutral
1_90_u,10,-0.2334290399448947,0.4149794660275802,0.01720755845308323,0.09683373877778646,0.059991688141599255,0.09077521304134276,0.5696463994681835,0.1501712676137685,0.015374134504236239,neutral
1_9245_u,10,-0.06327088261023174,0.5560420363210141,0.02225283418083582,0.07500839689746495,0.001441320835147,0.24638557685539123,0.437420136295259,0.2109539075521752,0.0065378273837267895,neutral
1_9594_u,10,-0.2721910841064529,0.5211402253480628,0.0064988668309526295,0.0504597623366862,0.00194281828589732,0.12447457062080498,0.45186419524252414,0.3377642072737217,0.026995579409413002,neutral
1_9668_u,10,-0.43711077996995307,0.4984922550385818,0.01347736088791883,0.05721155842766161,0.00233809790806838,0.03069073753431435,0.4932868629693985,0.39477450028061867,0.00822088199201967,neutral
1_971_u,10,-0.08137968329247094,0.6914973621722311,0.037933181144763,0.07694233191432427,0.0066515964805148,0.30505883943988005,0.1920623880345374,0.26491141319274897,0.11644024979323145,happy
1_9963_u,6,-0.4804453443308983,0.4946885096724145,0.02080122856811325,0.04437036672607061,0.04609212581999598,0.007121582670758117,0.30667176687469083,0.3763032058874766,0.1986397234528946,sad
1_9971_u,10,-0.160528110456653,0.5757144134491682,0.01269222206610734,0.08125252132304009,0.0039124667673604095,0.2075931514962576,0.4030340950470418,0.2702640517964027,0.02125149150378998,neutral
1_9972_u,10,-0.29088029108243074,0.5261509860050866,0.0036990673543189,0.01589162020245562,0.00204031967732585,0.11763534746132787,0.4633106395602226,0.3868846313096583,0.01053837443469086,neutral
1_9993_u,10,0.020757100690388983,0.458525021414971,0.00238863903214241,0.02084823851473626,0.00156532038236032,0.23964106105268002,0.5388576000928879,0.19408176243305203,0.00261737849214109,neutral
1_S09E01_027_u,10,-0.3787691812118284,0.7293147274380317,0.02306095566600584,0.056006839056499245,0.00242290807364036,0.1752727731131017,0.2674235420301556,0.47255125152878463,0.00326173053181259,sad
1_S09E01_368_u,10,-0.37574963188963023,0.5281920130597428,0.23120567732257796,0.09418691731989379,0.012986004195408848,0.07622119058505629,0.42945955228060484,0.11359222363680596,0.04234843465965236,neutral
1_S09E01_379_u,10,-0.7794322067522444,0.7856954657705502,0.0058758288330866,0.015204327693208999,0.0016346439952030299,0.0031316295091528097,0.21220769509673115,0.7598490357398987,0.0020968391327186803,sad
1_S09E01_403_u,10,-0.9758350211137442,0.9782451028935611,0.00768161465821343,0.006981405941769441,0.00371960980119179,0.0012050408899084999,0.01904701148741873,0.9586574316024781,0.0027078856190200402,sad
1_S09E01_439_u,10,-0.33320765882963327,0.4543720162124374,0.00859287132043415,0.12869133055210108,0.01671493080211797,0.06058217869140202,0.398119843006134,0.2397907048463821,0.14750814078142865,neutral
1_S09E02_002_u,10,-0.76379451174289,0.8102523431181907,0.2415166059741753,0.06513170748949046,0.02385902691166843,0.02322891568765038,0.16094504296779627,0.4565160870552063,0.02880261391401286,sad
1_S09E02_064_u,10,-0.3498297851532699,0.5858249910641462,0.0238491902651733,0.051925691775977556,0.01434655875782478,0.11799760295543815,0.2525408241897821,0.3777059473097324,0.16163418474607166,sad
1_S09E02_078_u,10,-0.2607914065243677,0.33495888889301567,0.029821350541897308,0.05757800824940199,0.014193194895051369,0.03708374118432399,0.22337671592831612,0.19628259402234105,0.4416643951786682,surprise
1_S09E02_178_u,10,-0.26332150492817175,0.29357402347959577,0.01419542085204758,0.0458990093437023,0.01122775574622205,0.015126259275712008,0.6991586863994599,0.20712557826191183,0.0072672901209443405,neutral
1_S09E02_215_u,10,-0.38505043578334164,0.4071085256990045,0.017904675495811,0.03321403532754625,0.00632520420476788,0.011029044957831451,0.5634069045074284,0.3386355657130479,0.029484569793567006,neutral
1_S09E02_271_u,10,-0.4575552045309451,0.7325645331933629,0.02462281974148954,0.13289882885292167,0.00840714843943711,0.1375046643312089,0.1679745808243751,0.42913107182830573,0.09946088598226191,sad
1_S09E02_371_u,10,-0.9699076102348047,0.9736533633084037,0.0023608563293239003,0.00972719632554795,0.14272627298487345,0.00187287653679955,0.00428435822250316,0.8169661611318588,0.0220622784690931,sad
1_S09E02_386_u,10,-0.3885502777731746,0.9846919158211677,0.00209135852346684,0.0029544609948061002,0.0037248558073769795,0.29807081902399657,0.011029162036720599,0.6778504214715213,0.00427892214211166,sad
1_S09E02_392_u,10,-0.9654783868114466,0.9703114919539075,0.00220917792466955,0.00343020457657981,0.01991228610277171,0.00241655257123052,0.0018024643359239802,0.942343270778656,0.027886043710168406,sad
1_S09E02_424_u,9,0.3098656210220521,0.4718412674135632,0.010075371337330354,0.0219690633885976,0.0007395871475131444,0.39085344421780766,0.526453423831198,0.04820380132231443,0.0017053087552388,neutral
1_S09E03_056_u,10,-0.4148204332101161,0.6897882594144904,0.12443861626670719,0.17743632240744772,0.026502468858961892,0.13748391310218716,0.23547906011226583,0.2239269387791864,0.07473268047324375,neutral
1_S09E03_072_u,10,0.26239167259773233,0.94261149285594,0.06818119459640024,0.16225290422444227,0.0031130766103160097,0.6025015827268362,0.05018165112705895,0.10656273469794537,0.007206856017000921,happy
1_S09E03_120_u,10,-0.929904510691995,0.9411942395963708,0.3711870840605118,0.228855594061315,0.00783462303224946,0.00564486445218786,0.0552734431927092,0.32767207399010656,0.00353231721092011,angry
1_S09E03_125_u,10,-0.33429738936247316,0.7680511575308628,0.01184203724260462,0.06661247938754962,0.01698788634967053,0.21687688408419487,0.20862018285552036,0.45573187046684327,0.02332865961361672,sad
1_S09E03_135_u,10,0.4613755712984129,0.8124955957056954,0.02552788470638938,0.09441897626966234,0.00782693153014402,0.6369355835020543,0.1716988623957149,0.04778621969744557,0.01580554189858954,happy
1_S09E03_143_u,10,-0.5240354359382764,0.5517928273417055,0.02634172324324045,0.028157055797055307,0.012783547164872238,0.013878695701714561,0.13715346828103062,0.470631805434823,0.31105370437726376,sad
1_S09E03_170_u,10,-0.15997735957498668,0.6120644660841208,0.04442912637023274,0.01753231372567819,0.00590723067289214,0.22604355325456704,0.3677232066169381,0.31815224206075066,0.02021232729894105,neutral
1_S09E03_233_u,10,-0.32287564063735785,0.9189965850120643,0.01796937734907278,0.1327014209295157,0.00253620702278562,0.29806047218735326,0.07934409289155152,0.467729107523337,0.00165932209638407,sad
1_S09E03_241_u,6,0.04723013347635654,0.32668770259867114,0.01387906573169575,0.021848251461051366,0.010640489500171166,0.18695891803751385,0.5207643086711565,0.09336097786823903,0.15254798873017228,neutral
1_S09E03_359_u,10,-0.09025533646927222,0.2354375712631736,0.010351512613124409,0.03577250149101014,0.00067588293168224,0.07259111739695069,0.7616675466299057,0.11604655683040613,0.00289488210692066,neutral
1_S09E03_476_u,10,-0.46106041716993795,0.4958520247193519,0.043491522196564034,0.04298164551146326,0.00335415765584908,0.01739580377470697,0.5007417380809784,0.3886288955807686,0.00340623719966966,neutral
1_S09E04_015_u,10,-0.19790702217433145,0.6222976233082591,0.01579923962999615,0.03320028556045141,0.00539888264029282,0.2121953005669638,0.3045611123554408,0.35570391491055486,0.07314126433630004,sad
1_S09E04_053_u,10,0.1007843228057026,0.7945368919405155,0.04267898281395921,0.029523754911497203,0.00234138936793891,0.4476606073731091,0.17938601179048416,0.2723321574740111,0.02607709626900027,happy
1_S09E04_074_u,10,0.4718180636875332,0.8321907316334546,0.02394515050982603,0.08326380231883372,0.0069223602797136895,0.6520043976604939,0.03514263874385501,0.06605502086458724,0.13266662962269035,happy
1_S09E04_088_u,10,0.768581052031368,0.8604182527400553,0.0049961919896307,0.023361771611962432,0.0062440175417577196,0.8144996523857116,0.03270134702324862,0.01131661921099289,0.10688040023669595,happy
1_S09E04_106_u,10,-0.19386138964910068,0.5295890783192589,0.04365372363245133,0.23668183237314225,0.00295373200206081,0.16786384433507917,0.42425683587789537,0.0784359459765255,0.046154085802845614,neutral
1_S09E04_207_u,10,-0.08570293220691387,0.5287944269366562,0.022230647358810668,0.04314564261585469,0.00256088029709641,0.22154574736487115,0.4462184876203537,0.23931150930002326,0.024987085442990033,neutral
1_S09E04_230_u,10,-0.5452277020900511,0.6108739088638686,0.073726102046203,0.02364363856613632,0.0037859184201806395,0.03282310338690875,0.35413937754929065,0.47689514644443987,0.03498671358684073,sad
1_S09E04_267_u,10,-0.8447637296165341,0.9241338641266339,0.15831719096750044,0.0766647811979055,0.00425466763554137,0.0396850672550499,0.06819482175633305,0.6452121570706367,0.007671314117032981,sad
1_S09E04_288_u,10,-0.7476546397665518,0.8137362810783089,0.2636018422548661,0.19069186896085738,0.01107330019585784,0.033040820655878586,0.09257786846719677,0.315328449010849,0.09368585045449432,sad
1_S09E04_342_u,10,0.1303064305335283,0.6279048681259155,0.0071761894971133595,0.03057565647177395,0.01403168961405749,0.3791056493297219,0.21607100591063494,0.19701568321324883,0.15602412596344944,happy
1_S09E04_351_u,10,-0.07939572143368437,0.5825124821159988,0.00413868443865812,0.016390863480046362,0.00439970406878269,0.2515583803411573,0.40754997450858355,0.30602484978735445,0.00993754337541755,neutral
1_S09E04_382_u,10,0.030626466358080445,0.2258475688751787,0.00533651884179576,0.03089383700862524,0.00261041407939043,0.1282370176166296,0.7252577781677246,0.05876978132873769,0.04889465295709665,neutral
1_S09E05_022_u,10,-0.8620137984631585,0.8742157014668919,0.2357605653058274,0.11045971955172713,0.015229659248143401,0.00610095150186674,0.08721516031073402,0.5066648058593273,0.03856913822237397,sad
1_S09E05_213_u,10,-0.7674282249237878,0.7994236547732727,0.11621955402370099,0.046536602068226726,0.02787926654564211,0.01599771492474242,0.12587320823222395,0.5927905172109604,0.0747031369945034,sad
1_S09E05_222_u,10,-0.4459343827678824,0.5411761821596884,0.058068177476525484,0.10605955056380478,0.00594378408277404,0.04762089969590301,0.43709824830293653,0.32348377034068104,0.02172556953737508,neutral
1_S09E05_258_u,10,-0.2209374189027586,0.5509128469624557,0.01072581726475635,0.01672070831991726,0.0046928947034756896,0.16498771402984852,0.44019050244241953,0.3537857126444578,0.00889665059512476,neutral
1_S09E05_278_u,10,-0.24462795472354637,0.741459386429051,0.03172474744787923,0.01200110109057272,0.00220634321740357,0.24841571585275232,0.24956962727010246,0.44711147882044316,0.00897098630084653,sad
1_S09E05_284_u,10,-0.463806426851079,0.5312898769741878,0.08861056867754105,0.054573678039014306,0.0062643672572448295,0.033741725061554415,0.30200995206832887,0.3480995379388332,0.16670017095748332,sad
1_S09E05_291_u,10,-0.2680569905263838,0.4659514598955866,0.02297140791779399,0.01630413243547077,0.0013365701364818502,0.0989472346846014,0.5262813657522202,0.32639211472123864,0.0077671743521932,neutral
1_S09E06_055_u,10,-0.283988631842658,0.5401119981659577,0.00875189730431898,0.021234518615528893,0.00166231793118636,0.12806168316164984,0.45653519593179226,0.38040158115327355,0.00335280590225007,neutral
1_S09E06_168_u,10,-0.7400260705151596,0.8980544016696514,0.0061797172587832894,0.0227728600148111,0.0037121973000466294,0.07901416557724586,0.09656259908806528,0.7863754615187645,0.00538299924228334,sad
1_S09E07_054_u,10,0.053557558369357064,0.3592417283798568,0.01223229793831726,0.0418700417503714,0.007514110801275781,0.20639964337460692,0.4028342738747597,0.09122563451528544,0.23792399774538348,neutral
1_S09E07_135_u,10,-0.41517704269354005,0.47520514767820715,0.025931229144043944,0.05381715574767436,0.00344326749327587,0.03001405249233353,0.477969235740602,0.3619994428008794,0.04682561658119081,neutral
1_S09E07_285_u,10,-0.22210592577466753,0.42767454773420466,0.03238751696480927,0.07225217968225472,0.0034332344977882996,0.10278431097976859,0.5237297266721725,0.21681730560958382,0.04859572559362274,neutral
1_S09E08_255_u,10,0.4004046144807944,0.6334613349376014,0.04020562273581181,0.01658556087350003,0.01060324552163359,0.5169329747091979,0.04949483773671086,0.049133931097458075,0.31704382732568775,happy
1_S09E10_065_u,10,-0.24664301163284116,0.4180483634350821,0.00935234446078558,0.04841548409312957,0.02372914378647686,0.08570267590112048,0.4350277930498123,0.2508487151935696,0.1469238435151055,neutral
1_S09E10_208_u,10,-0.43685792896430947,0.4490678039146587,0.13040534795727599,0.0652468297630548,0.01032078750431533,0.00610493747517462,0.5433233428746462,0.23698990121483804,0.007608853210695041,neutral
1_S09E11_045_u,10,-0.9477968423976565,0.950176259042928,0.0618614522594728,0.03911659694276744,0.00949876158265392,0.00118970832263579,0.040019843509071465,0.8385097399353981,0.00980389744800044,sad
1_S09E12_184_u,10,0.4259858554985839,0.7629548951226753,0.02233495414984668,0.04912376865104303,0.051099282111681486,0.5944703753106296,0.027932438772404512,0.04592651489947452,0.20911266610492016,happy
1_S09E12_369_u,10,-0.8815462148806548,0.8919050909928046,0.05203491953143404,0.05991479789372528,0.08099380562780421,0.00517943805607496,0.07990937535651024,0.6937821298837662,0.028185533650685053,sad
1_S09E13_024_u,10,-0.28492071090440746,0.6605060325091472,0.013559902636916579,0.02036619330756361,0.0021547990152611897,0.1877926608023699,0.33577639922732483,0.436632476747036,0.0037175682635278698,sad
1_S09E14_045_u,10,0.2191296496428549,0.587076664250344,0.02949493917403758,0.06481476426124569,0.0012735205818898599,0.4031031569465995,0.4070285588502884,0.08839028328657146,0.005894776899367521,neutral
1_S09E14_455_u,10,-0.4397965413867498,0.6338273945846595,0.08287697973428311,0.04895162428729232,0.00488060257630418,0.0970154265989549,0.35643874630331995,0.400102761387825,0.00973385911202053,sad
1_S09E16_101_u,10,-0.7956449220655488,0.80656960636843,0.15499979888554682,0.10872385967522855,0.01462751191575076,0.005462342151440621,0.15186685228254643,0.5227560937404633,0.04156354134902353,sad
1_S09E16_189_u,10,-0.6944935890147463,0.7560775296064094,0.33840874830493717,0.20430396720767016,0.0065137975965626205,0.03079197029583152,0.2078056199476123,0.17605904620140786,0.0361168504459783,angry
1_S09E18_033_u,10,0.029616360375075534,0.7340242002072046,0.027114161569625324,0.16908014938235277,0.00391240072494833,0.38182028029114,0.21048856116831302,0.15209720823913805,0.055487238624482384,happy
1_S09E18_147_u,10,-0.5711153824056966,0.7104013200092595,0.1824824287439699,0.019852696172892988,0.00303487729397597,0.06964296880178147,0.28373464383184904,0.43538834899663925,0.00586403615889134,sad
1_S09E18_357_u,10,-0.7302628324949184,0.7464852701174096,0.3572737930051519,0.06869763543363656,0.0040937763638793905,0.00811121881124558,0.2484120745211839,0.30830884650349616,0.00510265536140646,angry
1_S09E19_044_u,10,-0.10569008777965797,0.42360367042128927,0.00759224272915178,0.04156509754247959,0.01139092303346838,0.15895679132081567,0.4366758599877357,0.20409861579537386,0.13972046959097492,neutral
1_S09E20_029_u,10,-0.1399807901820168,0.5102882344042883,0.0829861969396008,0.03443949387874451,0.00393849129904987,0.18515372211113573,0.4335110059008002,0.20377033017575735,0.056200759694911485,neutral
1_S09E20_127_u,10,-0.11901882973616011,0.48940695545752533,0.01330940754851341,0.03493591323494906,0.012755544291576309,0.18519406286068257,0.4905822664499283,0.24321202752180393,0.020010778092546342,neutral
1_S09E20_156_u,10,-0.45450172386481447,0.5020925017481204,0.050725464191055114,0.06732165282592173,0.01334731837268913,0.02379538894165302,0.2522862775251269,0.3469026774168015,0.2456212207267526,sad
1_S09E20_179_u,10,-0.6699350459617563,0.6898952693096362,0.07113132441882067,0.02364745433442291,0.05069961394183331,0.00998011167393993,0.16047246763482687,0.5344367649406194,0.14963226305553687,sad
1_S09E20_237_u,10,-0.4383082245243714,0.48065281168092044,0.1749634800245987,0.10956084113568063,0.00990252068731931,0.0211722935782745,0.4414388008415699,0.16505367625504727,0.07790838747750964,neutral
1_S09E20_354_u,10,-0.8199943481246011,0.9617568877059967,0.0034268909599633897,0.00704965183977032,0.01482533361995588,0.0708812697906978,0.028409804566763286,0.8655737414956093,0.00983330772723997,sad
1_S09E21_024_u,10,-0.7342542089871131,0.8072367221233435,0.24976074814330804,0.33774021416902544,0.010780673427507239,0.03649125656811517,0.18881298117339607,0.1724638298153877,0.00395029670326036,disgust
1_S09E21_255_u,10,-0.30085217984742496,0.31046496503404347,0.013097557757282849,0.030751624004915323,0.018636165827047017,0.00480639259330924,0.6266415238380432,0.243173224851489,0.06289351112791332,neutral
1_S09E21_401_u,10,0.5027276472537777,0.7019165294826962,0.021881988350651478,0.02887825219077052,0.00792819558409969,0.602322088368237,0.24379898350453005,0.04090600498893758,0.0542844870127737,happy
1_S09E22_015_u,10,-0.7518414509511786,0.8124787824839587,0.25538971913047154,0.05532103608129542,0.01077574803202874,0.03031866576639,0.1815910558332689,0.460673613473773,0.0059301616827724096,sad
1_S09E22_075_u,10,-0.10564482947811493,0.8550377338193357,0.006669414610951399,0.0257248940877616,0.0019554786296793704,0.3746964521706104,0.13624122953042384,0.445991494320333,0.00872103665024036,sad
1_S09E23_017_u,10,-0.6043100909620991,0.6466108885419091,0.008067470177775472,0.026604911568574568,0.030286670743953397,0.02115039878990495,0.33970389675814655,0.5605014372617007,0.01368521469994442,sad
1_S09E23_102_u,10,-0.516420564451255,0.665914861811325,0.03163876202306724,0.18957357015460724,0.010432664625113799,0.07474714868003499,0.31718942972365766,0.35952271632850163,0.01689570846501734,sad
1_S09E23_270_u,10,-0.2926159993134208,0.7746578835969559,0.01217884194920796,0.11878593767178243,0.00389917513530229,0.24102094214176756,0.21138345221115737,0.3987729866988957,0.01395866419188673,sad
1_S09E23_420_u,10,-0.08679422183777219,0.42455207646708004,0.029959536215756283,0.04787519935052839,0.00129403268219898,0.16887892731465395,0.5727290595765225,0.17654438090394248,0.00271886395639735,neutral
1_S09E24_014_u,10,-0.5527774253976532,0.9141356387292034,0.41464394113863834,0.16288117542862887,0.00430386047228234,0.18067910666577514,0.08142680441960688,0.15162755502387876,0.00443755685118953,angry
1_S09E24_152_u,10,-0.6720734943490243,0.8742205722403014,0.05909990704385577,0.03060521582374346,0.01029493571259076,0.10107353894563853,0.12351604552241038,0.6731469747144729,0.0022633822372881097,sad
1_S10E01_075_u,10,-0.09013159919413745,0.33828634807723573,0.00827359195827755,0.03305454589426513,0.00112473959889025,0.12407737444154913,0.6524214029312134,0.17175609618425364,0.009292248991550841,neutral
1_S10E01_197_u,10,0.3201346558751538,0.4799464682815596,0.009736620573676389,0.03166610132902855,0.00066840643121389,0.40004056207835664,0.5149649381637573,0.03783477786928411,0.00508859355468298,neutral
1_S10E01_225_u,10,0.0410073217470198,0.2803841296117753,0.00858995720045662,0.03861044067889447,0.00489944642176845,0.16069572567939755,0.4432093173265457,0.0675885596312582,0.27640655306167894,neutral
1_S10E01_381_u,10,-0.12085879715159542,0.5410767232533544,0.057971249788534074,0.13909099535085256,0.00282586886314671,0.2101089630508795,0.4490453936159611,0.13107964619994159,0.00987788313068444,neutral
1_S10E01_474_u,10,-0.2085048911394552,0.8992556845070794,0.01391079780878518,0.11785897184163327,0.0094624198158271,0.3453753966838121,0.07604353521019216,0.4126480983570218,0.02470078028272834,sad
1_S10E02_101_u,10,-0.27366961846128113,0.5290903998538852,0.048358305718284256,0.3131480760872364,0.00586154354969035,0.12771039069630202,0.20088906344026322,0.03401208380237217,0.2700205367058516,disgust
1_S10E02_123_u,10,-0.07450961889699113,0.44897869070991875,0.00559555422514698,0.01986794727854425,0.04631435857154424,0.18723453590646383,0.2278459826484322,0.18996629472821946,0.323175326641649,surprise
1_S10E02_327_u,10,0.23113432074314896,0.3634645335900132,0.007388753569103079,0.02151200454682107,0.00045424573763736003,0.2972994271665811,0.6346680972725153,0.03681010256987059,0.00186736913747148,neutral
1_S10E02_372_u,10,0.5527219172741751,0.7314415287051816,0.00430344271444505,0.01426510517485434,0.0127961347534437,0.6420817229896784,0.21555206645280123,0.057995123072760134,0.053006404842017185,happy
1_S10E03_144_u,10,-0.4355396181839753,0.8284028694761219,0.30618979014980163,0.24299365840561218,0.01491765404643953,0.1964316256460733,0.13185626976191994,0.06787014122819525,0.03974086076195811,angry
1_S10E03_154_u,10,0.752698307938408,0.9138910706271417,0.00402882424677974,0.00454632061009754,0.00859362173505357,0.833294689282775,0.06685486978676632,0.06342761475243601,0.01925405958609184,happy
1_S10E03_177_u,10,0.13939079791307438,0.2833749508950859,0.0115727609139869,0.02619666744722049,0.0012566575547679798,0.21138287440408016,0.7127567812800407,0.0329659905750304,0.00386826782487327,neutral
1_S10E03_224_u,9,-0.9576198758861414,0.9626053529759196,0.005608025255949455,0.003888550809481033,0.013050320933365967,0.0024927385448891555,0.03636126224106794,0.937565717432234,0.0010333847830123445,sad
1_S10E03_260_u,10,-0.8719952651299538,0.8751533797476441,0.09854576791403838,0.20644877888262267,0.0030253281700424297,0.00157905730884518,0.12094959886744616,0.5655544474720955,0.00389702138490969,sad
1_S10E03_282_u,5,-0.17024868763983267,0.2628218659199775,0.03116024197079268,0.01755316783674056,0.04530184301547702,0.04628658914007242,0.44464978873729705,0.1225200239568948,0.2925283453427254,neutral
1_S10E03_311_u,10,-0.3374339021916968,0.44902267916477284,0.02255674274056241,0.035144539782777366,0.00808285264065483,0.05579438848653804,0.3489009674638509,0.3274441555142402,0.20207635337137614,neutral
1_S10E04_007_u,5,0.08655782262794667,0.4945356458891183,0.02550062262453156,0.02035698154941196,0.00991952354088422,0.2905467342585325,0.48355473577976227,0.1482117839157581,0.02190961833111936,neutral
1_S10E04_021_u,1,-0.1949771344661713,0.4820190966129303,0.0852660834789278,0.061959933489561,0.0514270849525928,0.1435209810733795,0.4445867538452148,0.1398450136184692,0.0733941495418548,neutral
1_S10E04_043_u,10,-0.15291259257355713,0.43971766462782397,0.0225845101987945,0.04749198793433603,0.01396034549688914,0.14340253602713343,0.5327668115496635,0.2122782849706709,0.02751552382251244,neutral
1_S10E04_057_u,10,-0.15911961051169793,0.3824805143056438,0.049718516931170784,0.043916833214461756,0.00326811177073974,0.11168045189697291,0.5807897791266441,0.17389660049229858,0.03672970656771208,neutral
1_S10E04_082_u,10,-0.8260447060805747,0.8336569756735116,0.20271350539405847,0.10862572509795423,0.03405128782615062,0.0038061347964684898,0.1371084135957062,0.48446032255887983,0.02923461073078209,sad
1_S10E04_105_u,10,0.07387523239012801,0.4008064348483458,0.0250623128697045,0.09022546652704472,0.00412543880811422,0.2373408336192369,0.48315919786691663,0.04405238302424546,0.11603436728473748,neutral
1_S10E04_158_u,10,-0.886395567195723,0.8904808382096236,0.5933323572215161,0.21418520137667652,0.00440175104886289,0.0020426355069502597,0.10791919827461238,0.07651889305561775,0.0015999635157640303,angry
1_S10E04_177_u,10,-0.12478138356818824,0.3045475453545805,0.01233297245635204,0.03039175188168878,0.0012994039600015901,0.08988308089319613,0.6931201547384263,0.17064033616334195,0.00233229990699323,neutral
1_S10E04_194_u,10,-0.14599972630967395,0.19402730421279554,0.02705454982933605,0.04510631402954454,0.00874006915837522,0.0240137889515608,0.6976626873016357,0.08911258224397893,0.10831000848556864,neutral
1_S10E04_238_u,10,-0.3183906650519931,0.3651522895670496,0.04386973516666351,0.014480340899899542,0.01036632315372112,0.02338081225752826,0.5397281413897872,0.2730550780892372,0.09511956904316317,neutral
1_S10E04_262_u,10,-0.0486950382415672,0.08110951313865372,0.00851789532025599,0.013587209163233588,0.006048533668217659,0.01620723744854326,0.9142731487751007,0.03674863753840322,0.004617338086245521,neutral
1_S10E04_277_u,10,-0.09241854953579617,0.666047092480585,0.025464851176366432,0.02725466694682833,0.07288738377392287,0.2868142714723944,0.08602580552687863,0.25362591911107296,0.24792710199253634,happy
1_S10E04_307_u,10,-0.004589461535215433,0.3961546367034316,0.017698468308663153,0.04030857235193247,0.02532389599946323,0.19578258758410808,0.454718620236963,0.11704111245926466,0.14912674305960533,neutral
1_S10E04_343_u,10,-0.4176756645552815,0.8708071789704264,0.34055055305361764,0.23641261532902713,0.02569304974749681,0.2265657572075724,0.04833076223731037,0.04158520363271233,0.08086205879226324,angry
1_S10E04_361_u,10,-0.34160968372016226,0.7799428188183811,0.0978752675058788,0.09527433104813096,0.02251285448437551,0.2191665675491094,0.17259241016581653,0.3451137982308864,0.047464771015802334,sad
1_S10E04_398_u,10,-0.32102946721133796,0.5076475931389723,0.028789145965129347,0.020083397463895338,0.02953077197889793,0.09330906296381722,0.42152130156755446,0.33593521476723254,0.07083110529347317,neutral
1_S10E04_403_u,10,-0.3747831378132106,0.3872200438287109,0.06117441620444895,0.09089048393070694,0.025027970445807967,0.0062184530077501595,0.29089367948472494,0.20390872023999687,0.32188627668656405,surprise
1_S10E05_079_u,10,-0.24633865747600808,0.2866034690756351,0.10861645948607498,0.09305307553149757,0.00683079375885422,0.02013240579981352,0.5401003880426287,0.05797073449939484,0.1732961428817361,neutral
1_S10E05_110_u,4,0.06564002012601114,0.4445996941649355,0.0036392820766198,0.037718032253906075,0.00529442046536125,0.2551198571454733,0.4961602985858917,0.1428281022235751,0.05924000724917272,neutral
1_S10E05_120_u,10,0.0857274238485842,0.3944646867457778,0.00846427352516935,0.027953874412924,0.0037117144151124605,0.24009605529718098,0.5752646496519447,0.11423876909539096,0.030270663602277592,neutral
1_S10E05_288_u,6,0.21506614548464617,0.9118337947875261,0.03184179598853625,0.012895280068429734,0.04124558092250174,0.5634499701360861,0.052392594516277265,0.26240116767197225,0.03577361069619652,happy
1_S10E05_319_u,10,-0.35029975616489545,0.5863105449418071,0.02777524635312168,0.13377036247402424,0.00205581985646852,0.11800539438845588,0.37721189148724077,0.3047037218697369,0.036477563570952,neutral
1_S10E06_003_u,10,-0.9773066627793016,0.9851561515009962,0.02533871929044857,0.1858978612348437,0.01931910067796701,0.00392474436084735,0.00511892725480715,0.7506757259368897,0.009724921244196551,sad
1_S10E06_062_u,10,0.04358842918882137,0.8393296521971934,0.020936448586872082,0.01357933459803456,0.07422289295936929,0.4414590406930074,0.12422816236503417,0.2891319353599101,0.03644218543777237,happy
1_S10E06_091_u,10,-0.07184774916968313,0.8696459137310739,0.032991879683686595,0.12406169970054175,0.0035338571178726297,0.3988990822806954,0.1161366430460475,0.3101593949482776,0.014217443222878452,happy
1_S10E06_166_u,10,-0.6228090508549942,0.6387619352142793,0.03253417779342292,0.14414122346788644,0.008430848864372769,0.007976442179642561,0.3568325822008773,0.4456792429089546,0.0044054825848433695,sad
1_S10E06_255_u,10,0.0033019171503837095,0.7696185366541614,0.08198696494800987,0.05132433148100968,0.004435607796767689,0.38646022690227255,0.22347220794763417,0.24541140552610155,0.006909255398204489,happy
1_S10E07_069_u,9,0.791510628904992,0.9111183263400259,0.0011195878372142333,0.002936759734034689,0.0007853276830347111,0.851314477622509,0.0862601794651709,0.054962173463233385,0.0026214941948030776,happy
1_S10E07_110_u,10,-0.27268786050844945,0.6648482639575377,0.01349649537005478,0.02029785569757218,0.00241730885463762,0.19608020172454413,0.32675545737147327,0.432556402310729,0.00839627867098894,sad
1_S10E07_140_u,10,-0.7563327497686261,0.7590271377703175,0.2483553855854554,0.07766102738678451,0.10047393712447954,0.00134719400084572,0.10870484905317424,0.33118959367275236,0.13226801317650821,sad
1_S10E07_163_u,10,0.006814366148318965,0.48876807211199774,0.00565285425836939,0.015465450947522141,0.019965864797995843,0.2477912191301584,0.38896852415637106,0.199892682977952,0.12226340373163107,neutral
1_S10E07_187_u,7,-0.0976018688608228,0.15319128545732905,0.0099764143399497,0.018918474005269113,0.007823486887251114,0.02779470829825313,0.7637129042829786,0.08867820192660601,0.08309581025969233,neutral
1_S10E07_198_u,10,-0.19496660395525411,0.2860323959495873,0.08181853824935412,0.031501811183988995,0.01734958333254321,0.045532895997166575,0.6624975830316544,0.10982956718653436,0.051470021018758375,neutral
1_S10E07_247_u,10,-0.33986432269157385,0.5017300854990026,0.0428532837744571,0.04988428596407171,0.01911503400187936,0.08093288140371438,0.4235163675621152,0.30894460035488003,0.07475354693888216,neutral
1_S10E07_267_u,10,0.06892268680385306,0.523603408416966,0.04522114681894907,0.06709930642973629,0.00636751721613104,0.2962630476104095,0.44655026103719136,0.10865239034174005,0.029846330545842608,neutral
1_S10E08_063_u,10,0.0674285602755844,0.8223053733818233,0.04577645561657862,0.29858846422284835,0.00270525109954173,0.44486696682870386,0.1475213393568992,0.030368235614150717,0.030173287261277416,happy
1_S10E08_131_u,10,-0.9408049927325921,0.957084191381,0.3109347814228388,0.2926471568644047,0.04543050248175854,0.00813959932420398,0.016555773932486712,0.2999321512877941,0.02636003468651319,angry
1_S10E08_140_u,10,-0.45999726282898357,0.4780359483556823,0.049155511392746355,0.10386552554555233,0.00879520537564526,0.009019342763349359,0.4140814498066902,0.30720036327838895,0.10788260183762752,neutral
1_S10E09_021_u,10,-0.605802757467609,0.6232917325338349,0.04405166188953462,0.01847643870860334,0.02216178606613535,0.00874448753311293,0.18224703706800932,0.5298573583364486,0.19446123039815572,sad
1_S10E09_066_u,10,0.0634700240509118,0.16236419589840806,0.00840422794863136,0.00631035803817207,0.0010135880525921801,0.11291710997465994,0.8338376700878143,0.03371891188435252,0.00379813401377755,neutral
1_S10E09_081_u,10,0.18829646158264945,0.39889912706566977,0.00955772184534013,0.02557438262738281,0.01072288397699591,0.2935977943241596,0.5635602755472064,0.0594463442917913,0.037540597387123814,neutral
1_S10E09_100_u,10,-0.8735358797071969,0.8760057782346848,0.253584745450644,0.11538915978744621,0.0065558797330595095,0.00123494926374401,0.1226034864550456,0.49924104399979113,0.00139073531026947,sad
1_S10E09_169_u,10,-0.7441622892103625,0.8897791940602474,0.012074202837539069,0.08288863571360702,0.0035754125565290095,0.07280845242494247,0.10121092558838421,0.7184324905276298,0.00900988035136829,sad
1_S10E09_186_u,10,-0.3335357237316203,0.5553873974538874,0.01067442556959592,0.01237099913414565,0.00121507124276827,0.11092583686113353,0.4433150936383754,0.42020106464624407,0.0012975089077371799,neutral
1_S10E09_194_u,10,-0.336117596330587,0.39213261414552114,0.0362851720710753,0.2851034469436854,0.00111230776528823,0.02800750890746707,0.6066250099800528,0.04162417845800514,0.00124237587442615,neutral
1_S10E09_258_u,10,0.024055963999126007,0.510881495976355,0.00949891229392983,0.028295575641095583,0.0038777295732870198,0.2674687299877405,0.4194927121163346,0.20174054848030204,0.06962579190731044,neutral
1_S10E09_324_u,10,-0.43222561425063766,0.5332305647199973,0.01589348982088287,0.03528270923998203,0.016438168636523122,0.05050247523467984,0.275267551257275,0.41511372178792955,0.19150188402272755,sad
1_S10E10_009_u,10,-0.33567979463841774,0.5817403745662887,0.02496564528264588,0.03204321539960796,0.00725740611087526,0.12303028996393543,0.22227366445586086,0.3944438178092241,0.19598596097785045,sad
1_S10E10_090_u,10,-0.1836059850174935,0.26036236872896557,0.01074358525220328,0.0803089727647602,0.03673762422986324,0.03837819185573603,0.11039305487647647,0.09419399462640281,0.629244576394558,surprise
1_S10E10_158_u,10,0.45007826799410394,0.5484289854590315,0.00210412130400088,0.00392181885545137,0.001962229333003,0.49925362672656776,0.4470583638176322,0.04118718924000856,0.00451265072333621,happy
1_S10E10_269_u,10,-0.5134177623607685,0.9343115318857599,0.09791728965938112,0.03177393509540701,0.00792400381178591,0.2104468847624957,0.06042757946997877,0.5862494185566902,0.00526088864426124,sad
1_S10E10_376_u,10,-0.8880806925240906,0.9027185309445486,0.05572201836621406,0.030863269511610232,0.01237533183302726,0.0073189192102290305,0.06911953464150425,0.796438992023468,0.02816193441394711,sad
1_S10E11_321_u,10,-0.244741569668986,0.2993502469034866,0.0055414980161005494,0.008676159090828089,0.01964167905971403,0.02730433861725029,0.43596260822378097,0.23818657211959363,0.2646871448727324,neutral
1_S10E12_115_u,10,-0.9476815345056823,0.9500061661354267,0.0332549401646249,0.01762829602230335,0.1771785517223179,0.0011623158148722202,0.00738953081890935,0.7207820624113083,0.04260430304566394,sad
1_S10E13_095_u,10,0.7748153852677205,0.9343660337472102,0.00382118549896419,0.06445175649132576,0.00225225782196498,0.8545907095074654,0.03280531052732836,0.0092501244274899,0.032828655725461384,happy
1_S10E13_135_u,10,-0.667765162419528,0.7277745915576816,0.29987339022336545,0.07454834226518867,0.00549026137450705,0.03000471456907685,0.2253579761832952,0.3178578831255436,0.04686743225902314,sad
1_S10E14_032_u,10,-0.11877191575476911,0.37296585763106127,0.053232003806624795,0.06480371372308577,0.017565954593010188,0.12709697093814606,0.5957554250955581,0.11026721457019444,0.031278717273380566,neutral
1_S10E14_056_u,10,-0.30957387314410884,0.7103116399724968,0.20419274220475941,0.15561020271852607,0.00803014612756665,0.20036888341419398,0.27213212624192235,0.1421096655074507,0.0175562337855808,neutral
1_S10E14_094_u,10,-0.5438679346116261,0.7518000173731707,0.08128016020054946,0.09494907036423679,0.01404680666746567,0.10396604138077234,0.19920266605913634,0.4575579387601465,0.048997316567692864,sad
1_S10E14_476_u,10,-0.289119029568974,0.44079386625671757,0.06013694070861693,0.030222155153751328,0.0018135726975742402,0.07583741834387178,0.5525006949901581,0.2727837793529034,0.006705438753124271,neutral
1_S10E16_009_u,10,-0.15917620848631495,0.3404762923135422,0.00320343284984134,0.03257324947044249,0.00168366027646695,0.09065004191361363,0.6545692086219788,0.2123659078031778,0.0049544990644789805,neutral
1_S10E17_032_u,10,-0.4308499369653875,0.4898578565916978,0.01064750151708744,0.10031744055449958,0.0031532823224551497,0.029503959813155168,0.46583973467350004,0.3462356723845005,0.0443024087348021,neutral
1_S10E17_096_u,10,-0.8866626737406479,0.8947166181053035,0.01571628258680008,0.008246750570833619,0.025998640526086053,0.00402697218232783,0.09108541223686185,0.8407279722392559,0.01419796965783457,sad
1_S10E17_125_u,10,-0.2218906105961652,0.5177548640407622,0.010311098187230739,0.07504854116123165,0.014016124536283269,0.14793212672229852,0.20263967653736467,0.27044697343371804,0.2796054594218731,surprise
1_S10E17_146_u,10,0.3363651720574125,0.6827889429638162,0.05737526369048297,0.0419903683738084,0.017092409904580518,0.5095770575106144,0.16050439543323586,0.056753843484329956,0.15670666160294783,happy
1_S10E17_287_u,2,-0.001318992581218651,0.17890719464048743,0.030820480955299198,0.00777900638058775,0.0258495123707689,0.0887941010296344,0.5591843575239182,0.025664093904197202,0.26190844783559436,neutral
1_S10E18_164_u,10,-0.023633482778677804,0.522880971437553,0.01411075030046069,0.08116199013311412,0.00299329897679849,0.24962374432943757,0.4503125254064798,0.17499118769774208,0.026806503155967176,neutral
1_S10E18_266_u,10,-0.5710607298184187,0.6082740624435246,0.0082376729696991,0.02764216260984534,0.06968969234731046,0.01860666631255294,0.22067541871219873,0.4840978682041168,0.17105051884427663,sad
1_S10E18_323_u,10,-0.43664247355482094,0.6491769697546261,0.013482000611839101,0.02826287411735388,0.00548826145241031,0.1062672480999026,0.3396872016601264,0.4956765854731202,0.01113582858524744,sad
1_S10E18_391_u,10,-0.4916347629041412,0.5943056178861298,0.015743400930660033,0.02380831975024187,0.00438434286625119,0.051335427490994276,0.32354959957301616,0.49903412684798243,0.08214478254085401,sad
1_S10E18_423_u,10,-0.9071917046443561,0.9136352923349478,0.01986097394255943,0.03762489960063243,0.05618987954221662,0.0032217938452958504,0.02667985720327119,0.7967377454042435,0.05968485046178098,sad
1_S10E19_015_u,10,-0.0925594998407179,0.3587076106923633,0.04011940724449256,0.01793594369664784,0.013306516199372651,0.13307405542582268,0.553360940515995,0.15427168812602754,0.0879314487916417,neutral
1_S10E19_252_u,10,-0.4261423358810136,0.5471131052705459,0.056142599461600405,0.16796454517170784,0.14314492726698513,0.060485384694766185,0.20353770611109206,0.11937564867548642,0.24934918861836192,surprise
1_S10E21_151_u,10,-0.8796483537124006,0.8934998036071192,0.11894562314846575,0.03141004885546858,0.00812584052328016,0.00692572494735938,0.1019181090407073,0.7280925661325455,0.00458208735217335,sad
1_S10E21_200_u,10,-0.43515268209739605,0.500101058225846,0.02591883373388578,0.02028505466878409,0.0010110578587045498,0.032474188064224974,0.4926736682653427,0.4204119239002466,0.00722527350881131,neutral
1_S10E23_165_u,10,-0.5754924772772939,0.5860663058469072,0.07886753311613592,0.02013779049739235,0.01132362342905248,0.005286914284806659,0.4010019078850746,0.4704504445195198,0.01293178626801815,sad
1_S11E01_100_u,10,-0.3467469999101015,0.6799678844865412,0.02063296817941616,0.09681104430928822,0.00296802051598202,0.1666104422882199,0.2868026886135339,0.39294540919363496,0.03322942689992483,sad
1_S11E01_222_u,10,-0.42752828150987643,0.6541518209502101,0.00887739658355731,0.043032041378319216,0.0043685843236744,0.11331176972016688,0.20978081375360486,0.48456202894449235,0.13606736529618496,sad
1_S11E01_337_u,10,0.06134931043488893,0.9420349234889727,0.07033266243233832,0.01667115549789737,0.01881839512498114,0.5016921169619308,0.04254341322812247,0.33452059347182506,0.015421663282904721,happy
1_S11E01_400_u,10,-0.7783500517514769,0.929934769650572,0.00905760337773268,0.03707690585870292,0.01857031390536569,0.07579235894954758,0.00519558657542799,0.7894375875592232,0.06486964377399995,sad
1_S11E01_446_u,10,0.2060101832568762,0.7631535648062708,0.05504706612555325,0.02162039133545473,0.010255278235126711,0.48458187403157355,0.2236283003701828,0.19164895507856267,0.013218134823546229,happy
1_S11E02_008_u,10,-0.42766399746760736,0.5034929296001792,0.04026826558110786,0.09897318482398984,0.0016721627820515598,0.037914466066285915,0.4939252853393555,0.324664850346744,0.00258178506046528,neutral
1_S11E02_030_u,10,0.16564144283765922,0.5737786669633351,0.04202838251367231,0.09591241232119495,0.00147377577377478,0.3697100549004972,0.40182127312291416,0.06465404145419593,0.0244000599137507,neutral
1_S11E02_049_u,10,0.3300415089470333,0.9655212545651011,0.059116044972324956,0.06289865658618506,0.00335940602817566,0.6477813817560673,0.0305976818548515,0.19236576522234822,0.00388106358004729,happy
1_S11E02_127_u,10,0.9728967365983408,0.9902917447325308,0.0009553805764883009,0.00088045131415123,0.00057393042225153,0.9815942406654358,0.00869206287025003,0.006287741754203979,0.00101619239721908,happy
1_S11E02_205_u,10,-0.08069227194064307,0.18452750291326087,0.0495216940820685,0.01988893598318094,0.00952668830286708,0.05191761548630889,0.7884612947702407,0.053672569058835454,0.02701120231649834,neutral
1_S11E02_299_u,10,-0.018804524443112425,0.6104475267929956,0.08509448755066863,0.03010453032329672,0.03554200951475644,0.2958215011749416,0.16494052311172705,0.16388499822933222,0.22461195009527724,happy
1_S11E03_006_u,10,-0.9064735549211038,0.9153318576922175,0.01463945076684491,0.01387800709926518,0.00196132411365392,0.00442915138555685,0.03000083868391808,0.8804239243268966,0.05466730362386437,sad
1_S11E03_067_u,10,0.44452295203809616,0.813130959373666,0.02955295601859706,0.08119970520492639,0.02629554056911727,0.6288269557058811,0.06781895898748184,0.0472558018751442,0.11905008163885208,happy
1_S11E03_169_u,10,0.02709237145027136,0.6918777462677099,0.009129903599387219,0.05284870276227589,0.02687892650137651,0.3594850588589907,0.18359837734606113,0.24353515454567964,0.1245238763862289,happy
1_S11E03_220_u,10,-0.9628305170714159,0.976380736453575,0.0110776655288648,0.00486806493718173,0.00243810240644955,0.006775109691079651,0.02166680637747045,0.9512217938899994,0.00195245716895438,sad
1_S11E03_250_u,10,-0.07552385657909332,0.28387444132822565,0.00531087256968039,0.01099807540886098,0.06422440299647855,0.10417529237456616,0.6249654054641723,0.09916579797863956,0.09116015320760193,neutral
1_S11E03_321_u,10,-0.8782320777216229,0.9494530978961848,0.09706146489625123,0.01459381491877135,0.052219329099170805,0.03561051008728094,0.011815673770615789,0.7499679788947106,0.03873122833319934,sad
1_S11E03_365_u,10,-0.11471792097436276,0.15682606013724582,0.03205279226240258,0.01602296910714353,0.0179498593177413,0.02105406958144152,0.5113264982239343,0.06974636986851687,0.33184744163881985,neutral
1_S11E04_005_u,10,-0.05749185278546074,0.594478263380006,0.01445363339153132,0.053364224592223744,0.008645637362496881,0.2684932052972726,0.259922736370936,0.24952156273648143,0.14559900024905797,happy
1_S11E04_016_u,10,0.9847017955646151,0.9912148761883145,0.0006190027706909478,0.0013811871787765399,0.0004238853391143,0.9879583358764649,0.00548399020917709,0.00083246502326796,0.00330113360250829,happy
1_S11E04_024_u,10,0.15352066698251288,0.7038415725459345,0.022692020161776,0.10201498728711156,0.01670747874886724,0.4286811197642237,0.1715649580582976,0.133745966583956,0.12459346939576788,happy
1_S11E04_067_u,10,-0.6981359327328394,0.7805977335898205,0.44054674401413674,0.09998495057225222,0.0034868973947595203,0.041230900428490654,0.21192654445767398,0.19534824118018146,0.00747572195250538,angry
1_S11E04_137_u,10,0.9750964317761828,0.9863750066317152,0.0008987301029266899,0.0011192789243068,0.00052713397017211,0.980735719203949,0.00617768486845303,0.0030941444303607,0.00744730849983166,happy
1_S11E04_162_u,10,-0.2674542194465176,0.8437987596029416,0.05743575345259174,0.14639724399894474,0.0031665527727454497,0.288172270078212,0.11044381763786071,0.3486269393004477,0.04575742275919763,sad
1_S11E04_273_u,9,0.14326104436380163,0.3648836789911406,0.002154317775017022,0.007128043514158944,0.0018219617583477888,0.25407236167747116,0.6138629536661837,0.09970699426614574,0.021253367342675664,neutral
1_S11E04_298_u,10,0.5744875690783373,0.8490525678847917,0.01117090928601124,0.029652470536529963,0.0057226367294787904,0.7117700684815645,0.13860895438119764,0.09073648285120721,0.0123384777340106,happy
1_S11E04_315_u,10,-0.12256689975038174,0.3775147937238216,0.07616911805234865,0.02827564380131658,0.020015701605007,0.12747394698671993,0.2365198328159749,0.12558038327842944,0.38596537346020343,surprise
1_S11E04_347_u,10,-0.10054445455316463,0.4799333107890561,0.007988890877459359,0.08834839398041364,0.04314863822655748,0.18969442811794573,0.01116561393719161,0.15075295958667992,0.5089010752737522,surprise
1_S11E05_005_u,10,0.1362895725935231,0.8405504609516357,0.03567567702266404,0.022950410057092037,0.050519418762996746,0.4884200167725794,0.0883306128031108,0.24298493833630347,0.07111892624525348,happy
1_S11E05_060_u,10,-0.9766567695245614,0.9870088945201132,0.09959870130405782,0.01886288259411226,0.01353276181034739,0.00517606249777595,0.0014333916944451,0.8498384863138199,0.011557713785441551,sad
1_S11E05_099_u,10,-0.5357874641427772,0.8185868798755109,0.00148418840253744,0.00929238416720177,0.00611767077352848,0.14139970786636688,0.15659902822226282,0.6602929286658764,0.024814091902226172,sad
1_S11E05_156_u,10,-0.6658927077311093,0.6801159570575692,0.28799145721714037,0.061780443042516675,0.02256557834916742,0.00711162466322998,0.26715427576564255,0.30066685378551483,0.052729767176788234,sad
1_S11E05_186_u,10,-0.7861470760777595,0.8621954660280607,0.3117505957779942,0.2014332563616335,0.02355066614691165,0.0380241949751507,0.10190842803567646,0.28743675276637076,0.03589610593626271,angry
1_S11E05_193_u,10,-0.10194181660190235,0.7964896914549173,0.05208130017854294,0.09236601907759902,0.06369692631997162,0.3472739374265075,0.11404186158906664,0.24107150845229622,0.08946844695601608,happy
1_S11E05_253_u,10,-0.15926032948191282,0.29735517633962444,0.03448657639673925,0.052300827228464165,0.00541910806205117,0.06904742342885581,0.6654406309127807,0.13610124122351405,0.03720419274759474,neutral
1_S11E05_306_u,10,0.19133391590439705,0.8624304094759282,0.04964195539359954,0.01051766582531849,0.03431704230606553,0.5268821626901626,0.05020166505710218,0.241071583260782,0.08736792546696956,happy
1_S11E05_343_u,10,0.018933399696834337,0.4264282316667959,0.00723241348168828,0.051242393394932105,0.01868693184223952,0.22268081568181514,0.5319077636115253,0.12658567726612088,0.04166400472167874,neutral
1_S11E05_370_u,10,-0.8613147393742112,0.8960444507829379,0.25298977636848596,0.059348717657849145,0.01928318184800442,0.01736485570436339,0.08135940362699326,0.5470579192042351,0.02259614559006873,sad
1_S11E05_402_u,10,-0.5737161238881529,0.7802321755531012,0.09995301421586207,0.16783860406139864,0.06808263681450621,0.10325802583247419,0.051662050653248984,0.34109989462886003,0.16810577379364983,sad
1_S11E05_429_u,10,-0.7412554591079245,0.7653614694369025,0.1295092598651538,0.09562092218548056,0.025326668610796278,0.01205300516448909,0.1393601896241307,0.5028516136109829,0.09527834093896667,sad
1_S11E05_448_u,10,-0.31998421966563917,0.401113910949789,0.12469475276011525,0.07240185094997283,0.00249577970535024,0.04056484564207489,0.573281629383564,0.16095668189227577,0.025604459666646973,neutral
1_S11E06_003_u,10,-0.32649366760160775,0.49222099839244027,0.04082231287611661,0.1244511682307347,0.00686600686749438,0.08286366539541629,0.377146430965513,0.23721784502267834,0.1306325706420466,neutral
1_S11E06_019_u,10,-0.03415611562086278,0.3011475452105514,0.00382194065896344,0.04181264773942526,0.00303632193536028,0.13349571479484434,0.6053497850894928,0.11898092008195812,0.09350266969995566,neutral
1_S11E06_060_u,10,0.3236909422383177,0.6658405043825042,0.00467420096392766,0.011512386944377739,0.0013408895523752498,0.49476572331041097,0.33208932019770143,0.1535473036114126,0.00207017541979433,happy
1_S11E06_102_u,10,-0.0681263294478413,0.7656142266409006,0.011912993254373021,0.05811607993673529,0.00663877123733977,0.3487439485965297,0.07836469357134769,0.3402024336159229,0.15602107978775165,happy
1_S11E06_187_u,10,-0.4546040458139033,0.5565443601459265,0.029561214963905708,0.2955525089055299,0.02354284012690182,0.050970157166011575,0.16027911491692062,0.15691763898357744,0.28317652493715284,disgust
1_S11E06_249_u,10,0.3216789984435309,0.520116127905203,0.0032888893270866296,0.007087480870541141,0.00135678230435584,0.42089756317436694,0.47792292581871154,0.08748541222885248,0.00196094627608543,neutral
1_S11E06_391_u,10,0.03115337901399467,0.1695190303667914,0.0056874365836849,0.02178088123910124,0.00762324039824303,0.10033620469039302,0.7264406181871891,0.03409126745536919,0.10404035144601945,neutral
1_S11E06_410_u,10,-0.7077676806133241,0.7328421656042338,0.02040552066173416,0.3139701509848237,0.05868464037775989,0.01253724249545481,0.1047484755516052,0.32724461108446123,0.16240935884416102,sad
1_S11E06_448_u,10,-0.6224914631515277,0.6630661414877979,0.03441410163068234,0.015615230123512392,0.00266893366351719,0.020287339168135028,0.3352659860625863,0.5900805369019508,0.00166787244961592,sad
1_S11E07_026_u,10,-0.3463602514239029,0.6678286092588678,0.17646272627753226,0.15616146354004737,0.01151810096926051,0.16073417891748246,0.25567953076679256,0.16295213955454524,0.07649185997433956,neutral
1_S11E07_112_u,10,-0.6589478550304194,0.9031330130470451,0.07240677851950765,0.025249261851422438,0.03341318028978999,0.12209257900831287,0.046334601001581134,0.6499712133780122,0.050532385951373694,sad
1_S11E07_153_u,10,-0.2848270600952675,0.344676503847586,0.00574030502466506,0.013550087553448938,0.0042747978761326,0.02992472187615926,0.6464686516672373,0.2911865915171802,0.00885484448517667,neutral
1_S11E07_161_u,10,-0.8564932971028613,0.8597748202679213,0.02356393033114751,0.02855725111439818,0.0100494885584339,0.00164076158253006,0.12427624741103498,0.7959633886814117,0.015948932321043628,sad
1_S11E07_220_u,10,-0.9152920802560404,0.9379199906456052,0.01048494901915565,0.01460254844278093,0.00478347777388985,0.01131395519478241,0.06022888985462482,0.8967350602149964,0.00185111949976995,sad
1_S11E07_265_u,10,-0.28955270206788564,0.47314871415728704,0.009955161492689681,0.014579513855278442,0.007252916836296169,0.0917980060447007,0.5184913504635915,0.34956311592832207,0.0083599353791214,neutral
1_S11E07_271_u,10,-0.6005450662167279,0.6934898761624937,0.021504787832964428,0.00956980234477663,0.024753062275703952,0.046472404972882894,0.27093053602147843,0.5911898187361657,0.035579587816027866,sad
1_S11E07_381_u,10,0.19963266286067655,0.3466952946502716,0.01457594169187382,0.04507680437527593,0.00161128098261537,0.27316397875547405,0.6447270050644874,0.0122672888450324,0.00857770028524095,neutral
1_S11E07_405_u,10,0.9949985513230784,0.9971786013105886,7.508304406678157e-05,0.00033726889523674,0.00018115055718223,0.9960885763168335,0.0022004229598678302,0.00049652249726926,0.00062097572954366,happy
1_S11E07_415_u,10,0.04445495707914222,0.7121207361109555,0.0697339571255727,0.05872946374583985,0.08832939253770741,0.3782878465950489,0.19666698221117254,0.11704007610678668,0.0912122816778719,happy
1_S11E08_005_u,10,0.22676433802407697,0.48316291176888626,0.00622905095806365,0.01663243428338313,0.00307841692992946,0.35496362489648164,0.5074801355600357,0.10225938470102842,0.00935695267107798,neutral
1_S11E08_113_u,10,-0.3907978372939398,0.9179460971849039,0.014581590259331442,0.02363979989895592,0.00209837080328721,0.26357412994548207,0.07321847870480265,0.6140522062778473,0.00883542411029334,sad
1_S11E08_137_u,10,-0.9028843539650554,0.9538921424304135,0.34174634173978136,0.07011180818080898,0.01531916062813248,0.025503894232679108,0.01896935650147493,0.5012109376490116,0.02713850106811147,sad
1_S11E08_142_u,10,-0.8464448224054651,0.8533613546285779,0.40403958874521795,0.08452961295843121,0.007689396571367931,0.0034582661115563802,0.13719973675906655,0.3536444902420044,0.00943890861235554,angry
1_S11E08_195_u,10,-0.6520469259703534,0.6783586487639696,0.1155577679630371,0.06709225559607143,0.00612874104408542,0.013155861396808119,0.3012398160994053,0.4764240227639675,0.02040153513662512,sad
1_S11E08_217_u,10,-0.42857810789719225,0.5618783547542989,0.19737244145944727,0.21853670990094543,0.014406874403357459,0.06665012342855334,0.06981364656239744,0.06491220556199548,0.3683079986833036,surprise
1_S11E08_283_u,10,-0.9601125486777166,0.9673214328591712,0.17460304148262384,0.2145410075783729,0.09970244844444094,0.00360444209072733,0.0023796394350937998,0.47487049326300623,0.030298927705734925,sad
1_S11E08_305_u,10,-0.360081907734275,0.42806267477571963,0.02402775646187383,0.046716133132576894,0.02650452745147045,0.033990383520722325,0.4660029262304306,0.2968238742090762,0.10593439899384971,neutral
1_S11E08_351_u,10,-0.3967921359930188,0.4896818944951519,0.0410358883324081,0.023876568255946,0.02936619736719872,0.046444879251066565,0.2138467299053445,0.34895836128853264,0.2964713755995035,sad
1_S11E08_428_u,10,-0.4899816973338604,0.6643696833605646,0.0941214745776963,0.04204464950598772,0.00174314722535194,0.08719399301335211,0.3285099364817142,0.43926641903817654,0.00712038015772117,sad
1_S11E10_009_u,10,-0.15587831386947082,0.37967631859355605,0.00990888332598861,0.03513694051653142,0.00180430235341186,0.11189900236204262,0.6167650908231735,0.22092719003558153,0.0035585905832703603,neutral
1_S11E10_062_u,10,-0.9283074995502831,0.9303377197706141,0.04522910386440362,0.08785083168186242,0.10143814575858412,0.00101511011016551,0.06214558960637073,0.6948045283555985,0.00751669062301512,sad
1_S11E10_143_u,10,-0.29919942803680905,0.648724863678217,0.01744152782484906,0.06717977174557742,0.02148239654488858,0.17476271782070396,0.12071789614856239,0.367858449742198,0.2305572401732206,sad
1_S11E10_228_u,10,-0.4425176661461593,0.47913178959861397,0.04070106907747699,0.24591419026255606,0.07474296996369956,0.018307061726227362,0.1684563997201621,0.099466498568654,0.35241181068122385,surprise
1_S11E10_240_u,10,-0.10459245687816303,0.7957331568701194,0.05235512352373939,0.044271906727226404,0.0035424899018834796,0.34557034999597813,0.16184256300330158,0.34999328672129193,0.04242428012657906,sad
1_S11E10_249_u,10,-0.6597704268060627,0.8321138506755235,0.04163912001531595,0.40608045384287833,0.00946998742874707,0.08617171193473036,0.09528862461447711,0.28875257745385163,0.0725975247099995,disgust
1_S11E10_297_u,10,-0.7803209856036121,0.8859837162191979,0.6380474002216945,0.13094659894704813,0.00456486700568343,0.05283136530779298,0.10080699548125263,0.059593484736978966,0.013209288299549319,angry
1_S11E10_309_u,10,-0.7297907425498125,0.761772488168208,0.01945291729061881,0.08727152608335012,0.027665091201197322,0.01599087280919771,0.20707197822630402,0.611392080783844,0.03115553360548797,sad
1_S11E10_337_u,10,-0.514594387006946,0.538199976994656,0.00203569240984527,0.00260690941940986,0.0086815545277204,0.011802794993855,0.39741857312619683,0.5130730256438255,0.0643814498791471,sad
1_S11E10_432_u,10,-0.055840810234076464,0.6931178502127295,0.09193127820908577,0.04778589283814651,0.00445598146179686,0.3186385199893266,0.3031073187477887,0.23030617771437392,0.00377483103948174,happy
1_S11E10_461_u,10,-0.12426307296263994,0.5296326259325724,0.01880670710816068,0.01838744231499727,0.017895485810004108,0.20268477648496624,0.38288398012518876,0.2718582142144441,0.08748339394223872,neutral
1_S11E11_024_u,10,-0.5517910401074916,0.5931201445957412,0.03418711042904779,0.04232033658772702,0.00390463898074809,0.02066455224412486,0.3498881154693663,0.49204350635409355,0.05699173993489235,sad
1_S11E11_055_u,10,-0.7360449009574952,0.7500495008658619,0.1328212529188024,0.050369144883006756,0.01407169862650329,0.0070022999541833495,0.18201385380234564,0.545785104483366,0.06793664533179249,sad
1_S11E11_077_u,10,-0.03901546611450622,0.7202337946277112,0.014482123008929381,0.09317758856341238,0.0069150322815402804,0.3406091642566025,0.2194041289389133,0.2650498865172267,0.060362076433375454,happy
1_S11E11_098_u,10,-0.29765602382831285,0.484296286618337,0.13379531857790444,0.08157522249966856,0.008516616409178779,0.09332013139501211,0.5045888856053352,0.16708899773657318,0.01111482777632767,neutral
1_S11E11_127_u,10,0.03336599246831605,0.8479769125464373,0.07910647940007058,0.16535528574604536,0.00637096979771736,0.44067145250737666,0.09331088821636509,0.15647272509522733,0.05871219923719758,happy
1_S11E11_182_u,10,0.27932880062144244,0.5829922304721549,0.0025131877599052803,0.01191278002806936,0.00249730330542657,0.4311605155467987,0.3934142371639609,0.13490844383195505,0.0235935323638841,happy
1_S11E11_217_u,10,-0.14100298590492466,0.39951203695964066,0.0050889507750982105,0.00942373954458157,0.007824289612472,0.129254525527358,0.5687928810715676,0.24792053150013085,0.03169508196879173,neutral
1_S11E11_301_u,10,-0.4417502828873695,0.6127793814521283,0.11145523374434578,0.24528129862155765,0.005117874150164381,0.0855145492823794,0.37551061604171987,0.1654104256536811,0.01171000250615175,neutral
1_S11E11_343_u,10,-0.9606284713663629,0.9776198126317468,0.00676365685649237,0.09266560164978724,0.04561636236030603,0.00849567063269201,0.00331846357439639,0.8240785211324692,0.01906172379385676,sad
1_S11E11_403_u,10,0.38626280638563903,0.5383746446372243,0.006756564919487789,0.02310716733336443,0.00107550824759524,0.4623187255114317,0.46002687588334085,0.04511667862534518,0.00159847947943485,happy
1_S11E12_038_u,10,-0.2847520531504416,0.5420067802420817,0.02575084055424682,0.09151444942690427,0.00410824672435405,0.12862736354582008,0.3999583080410957,0.2920058799907565,0.05803491171682251,neutral
1_S11E12_237_u,10,-0.975146074104123,0.9796316240215674,0.055436239531263844,0.11349348807707424,0.03760477649047967,0.00224277495872225,0.00532493456266817,0.7708543449640274,0.015043441415764339,sad
1_S11E12_279_u,10,-0.7800784262130039,0.7850438282126562,0.14730141211766776,0.3844352803658694,0.01203526337631043,0.00248270099982613,0.20076873505022372,0.23878917135298247,0.01418743673712009,disgust
1_S11E12_290_u,10,-0.9765570577699693,0.978878119098954,0.5003093576407993,0.3960606649518013,0.00609560192096973,0.00116053066449236,0.01599154127761717,0.07525196392089124,0.00513033962342882,angry
1_S11E13_001_u,10,-0.8981353135895918,0.9344551258371213,0.4770777333644222,0.32224092781543734,0.00628801633138204,0.01815990612376475,0.06254783701151603,0.11068854220211499,0.00299703715136269,angry
1_S11E13_211_u,10,0.19855920572881583,0.7419466065883171,0.00987240372633112,0.020588020188733867,0.0016850932821398101,0.47025290615856646,0.22315852269530292,0.2395481832325458,0.03489487071637991,happy
1_S11E13_362_u,10,-0.8097799513256179,0.9090502941515297,0.21976857798872537,0.18768191842827942,0.02661097110249096,0.04963517141295591,0.05934170386753971,0.4253536552190781,0.03160800198093052,sad
1_S11E16_170_u,10,0.37403696271067016,0.8952303566184128,0.01713207551802062,0.03267543663969258,0.018365563254337712,0.6346336596645414,0.07945171926112377,0.1924236215418204,0.02531792412046338,happy
1_S11E18_206_u,10,-0.5488786111091033,0.6992083888937486,0.03573723385052313,0.10507317730225615,0.00232930205529549,0.07516488889232273,0.2911872580647469,0.48090378679335116,0.00960435304150445,sad
1_S11E19_030_u,10,-0.7241900051449194,0.8877801345399348,0.00322650667803848,0.00437781669897952,0.00252607255824835,0.08179506469750773,0.1053532905876636,0.7958546739071608,0.0068665748724015,sad
1_S11E19_143_u,10,-0.44969440555432827,0.5021815859363415,0.07095857445383466,0.042074172850698185,0.02368982937186952,0.02624359019100661,0.3352740608155727,0.3392154190689325,0.16254435324808578,sad
1_S11E20_143_u,10,-0.17507759138243278,0.28194520409451795,0.0026354069705122898,0.0156974635086953,0.0017285838956012799,0.05343380635604259,0.7131198853254318,0.20844994336366648,0.004934910580050149,neutral
1_S11E20_332_u,10,0.35078157547686706,0.7199620710423915,0.02127749840437926,0.02255963865900406,0.00139502630336203,0.5353718232596293,0.27757088430225846,0.1393580844160169,0.00246704465534997,happy
1_S11E21_080_u,10,0.045980930863879554,0.7239843041170388,0.00739704728330271,0.02677849971223616,0.01681161077722203,0.38498261749045926,0.2098753870115615,0.28801452885381873,0.06614030887139957,happy
1_S11E21_201_u,10,0.336334999842802,0.7593440880940762,0.025614143343409716,0.05290242331102485,0.01679654149338599,0.5478395439684391,0.12876461535342965,0.11619143597781653,0.11189129655249412,happy
1_S11E22_069_u,10,-0.36972004946437675,0.5573311144777108,0.07747337676119076,0.02802892206236715,0.08933946497854774,0.09380553250666704,0.2277517716865986,0.26868381816893816,0.2149171138356905,sad
1_S11E22_149_u,10,-0.3443134106462823,0.664171632914804,0.0718749050633053,0.1458483268273994,0.07244235904654482,0.15992911113426084,0.12279806137084956,0.21407693084329363,0.21303030571434642,sad
1_S11E22_205_u,10,-0.8252776507288218,0.8514197851764038,0.25020322395721467,0.3103696949779987,0.0076742473058402,0.013071067223790988,0.13619013428688045,0.27010155171155925,0.012390080536715638,disgust
1_S11E22_260_u,10,-0.4933462709595916,0.5814833597687539,0.01871616528369505,0.02891550508793438,0.0036163112788926296,0.04406854440458115,0.4080470323562622,0.4861668337136507,0.01046960787498387,sad
1_S11E23_048_u,10,0.11029981828760352,0.8455563044641167,0.09708268740942015,0.07493606731877658,0.07884947588754582,0.47792806137586014,0.05583917112671766,0.11676001247251402,0.09860452440916558,happy
1_S11E24_338_u,10,0.19137024390511206,0.43637381503358486,0.00449836537009127,0.01125265581067645,0.06921166150132188,0.31387202946934845,0.2906473864568397,0.03753910288214678,0.2729787985095754,happy
1_S12E01_111_u,10,-0.7580204981612043,0.7767808435717598,0.16714955668430798,0.16737852329388256,0.02431383924558752,0.00938017270527775,0.2005866826511919,0.408558751642704,0.02263247377704824,sad
1_S12E01_139_u,10,-0.7270801717648283,0.7328086414607242,0.10927613433450475,0.22601126302033658,0.060056317015550996,0.00286423484794791,0.25559512339532375,0.334600692242384,0.01159623514395203,sad
1_S12E01_150_u,10,0.5255397910950704,0.7331223731162028,0.00823197975405516,0.012991841533221249,0.002039615571266,0.6293310821056366,0.2561831004917622,0.08052785415202374,0.01069452639203514,happy
1_S12E01_248_u,10,0.5286336547724203,0.6582050878059819,0.0018890579849542399,0.013239473130670329,0.004713915325555649,0.5934193712892011,0.23058684691786763,0.04494327007560054,0.11120806527615054,happy
1_S12E01_268_u,10,-0.34766944100847474,0.35985406263498587,0.0055662335827948595,0.02891147267073386,0.007084720639977571,0.00609231081325557,0.6153188735246659,0.31219932492822405,0.024827063840348218,neutral
1_S12E01_274_u,10,-0.7206229878705928,0.734895474545192,0.12673089582240227,0.22794186333194372,0.00464244653703639,0.0071362433372996,0.20013383515179153,0.36844402551651,0.06497069030301642,sad
1_S12E01_297_u,6,-0.133263108727988,0.5671088907596035,0.06916331602648543,0.03828657876389715,0.0156328598192582,0.21692289101580772,0.425422802567482,0.22710324513415495,0.007468306672914534,neutral
1_S12E01_325_u,10,-0.10628526546061048,0.380158245190978,0.009425169636961191,0.13030104301869866,0.021083268115762582,0.13693648986518375,0.4684795647859573,0.0824122745543718,0.15136219002306459,neutral
1_S12E01_332_u,10,-0.43449387419968855,0.4426787902135401,0.00914525857660933,0.01634009939152743,0.0024555179988964898,0.00409245800692583,0.553990701213479,0.4106454562395811,0.00333050857298072,neutral
1_S12E01_339_u,10,0.9907471139042171,0.9981431525142399,0.00048767353582685,0.00102554314071308,0.00068341624864839,0.9944451332092286,0.0004994379298295201,0.00150138637982305,0.00135740955593059,happy
1_S12E02_006_u,10,-0.08845059192681226,0.5891125757334521,0.08659933974704494,0.03437969634833274,0.0044701736434944505,0.2503309919033199,0.39170103073120116,0.2133323740912601,0.019186393535346673,neutral
1_S12E02_105_u,10,-0.5185158942826094,0.5696900595910848,0.03786037579411662,0.07954699108377093,0.05540173522895199,0.025587082654237703,0.1831869421061128,0.37129387483000753,0.2471229983028024,sad
1_S12E02_118_u,10,0.34178253127029157,0.6035994155914522,0.023405629358603804,0.06386146913282567,0.0014198782417224301,0.47269097343087196,0.3751760106533765,0.04222146542742844,0.02122457375517112,happy
1_S12E02_204_u,10,0.13300209155422626,0.8542479500349145,0.0124041070259411,0.016053481027483902,0.0017254955513635,0.49362502079457043,0.1431059226742945,0.3304398456355557,0.00264612729079084,happy
1_S12E02_228_u,10,-0.18037498039193464,0.40713554183021194,0.02051354225259292,0.12301380648277697,0.02746789620723571,0.11338028071913864,0.08755891183391208,0.12276001616846768,0.505305546335876,surprise
1_S12E02_262_u,10,-0.6056693148246268,0.6094952010316774,0.06735881494387304,0.00722011718899006,0.04055649599758904,0.0019129431035252698,0.01736396825872356,0.49244682979770005,0.3731408307095989,sad
1_S12E02_274_u,10,-0.06246167030185473,0.7062135359272361,0.0894526139833035,0.0327650473453104,0.02237044163048264,0.32187593281269067,0.2097012713551521,0.23974950015544888,0.08408519271761175,happy
1_S12E02_358_u,10,0.3064717222878244,0.5285900410322938,0.01436045517039036,0.05493130092509084,0.0035980386921436796,0.4175308816600591,0.4340631753206253,0.03816936458460983,0.03734678364708085,neutral
1_S12E02_385_u,10,-0.03947872692078824,0.7894475648907247,0.13648986190673917,0.02385628026822809,0.01735687749023777,0.3749844189849682,0.1798228665720671,0.23676012624055143,0.030729568537208214,happy
1_S12E02_433_u,10,-0.36687096315436085,0.7659017757046968,0.008587772870669318,0.0046405007014982,0.00568941422388884,0.199515406275168,0.23272375511005516,0.5474686816334724,0.00137446918524796,sad
1_S12E02_443_u,10,-0.9678798825247215,0.9779516364913434,0.04153222853783542,0.07970906952396031,0.009569335065316351,0.00503587698331097,0.01945672016590829,0.8421051263809204,0.00259164334274822,sad
1_S12E02_466_u,10,0.6582313710940071,0.7876819325494581,0.0032294111209923695,0.00280343471385998,0.00129921785846812,0.7229566518217325,0.20718406672822307,0.05739321703440505,0.00513400072231884,happy
1_S12E03_061_u,10,-0.28896123124286544,0.6169400840066374,0.00792396939359622,0.05401943810284132,0.00532108279876406,0.16398942638188596,0.31745096370577813,0.3856861673295498,0.0656089522875845,sad
1_S12E03_095_u,10,-0.21574387740110995,0.468668873643037,0.1501767093315723,0.06755101922899481,0.020867342164274237,0.12646249812096352,0.4064781296998262,0.1036113047972321,0.12485299665713676,neutral
1_S12E03_101_u,10,-0.9469163255882451,0.9502178299473598,0.4536479648610114,0.12830398306250568,0.012667904631234659,0.0016507521795573999,0.032212396711111015,0.3539472252130508,0.01756977334152903,angry
1_S12E03_118_u,10,-0.7537285509053618,0.7640454703010618,0.09949072704184816,0.209949174337089,0.03184233200736341,0.00515845969785,0.09749549552798267,0.4176047772169113,0.13845903417095537,sad
1_S12E03_174_u,10,-0.3962826498667711,0.6891484335879795,0.0036512444610709597,0.01195587557740504,0.00285809836350374,0.14643289186060424,0.3062802301719784,0.5242503233253956,0.0045713362400419495,sad
1_S12E03_195_u,10,0.17639785900246346,0.7139343532966451,0.024467584269587138,0.10993683766573666,0.04200124532217154,0.44516610614955426,0.11582626700401302,0.09236257988959547,0.17023937969934191,happy
1_S12E03_239_u,10,-0.3664020025404171,0.4412536075571552,0.00369607777101937,0.03515763496980067,0.00850717312423507,0.037425802508369035,0.49079236686229705,0.356466919183731,0.06795402558054771,neutral
1_S12E03_263_u,10,-0.7843816999346018,0.7895379169611261,0.03546063316753152,0.0447849096730351,0.12604296710342164,0.00257810851326207,0.13155397558584805,0.5806712985038758,0.07890810745302583,sad
1_S12E03_286_u,10,-0.5991366024711171,0.7461962764733471,0.10293152035446855,0.0673894433304667,0.00403801281936462,0.07352983700111503,0.21566435173153872,0.4983074629679322,0.03813937179511408,sad
1_S12E03_310_u,10,-0.5363551566028036,0.6140067594707943,0.00553678423748366,0.01205441812053316,0.043244068702915646,0.038825801433995326,0.3503276647534221,0.5143456869758666,0.035665575775783484,sad
1_S12E03_337_u,10,-0.7043640060815962,0.7665031517855823,0.012193528912030311,0.04338327618315812,0.051144817098975136,0.031069572851993098,0.051031895494088465,0.6287119567394257,0.18246495272032914,sad
1_S12E03_338_u,10,-0.33969064781849756,0.7388739668735071,0.2314131563791309,0.08857270509761288,0.016763732247636602,0.19959165952750477,0.13905223146139173,0.2025327136216219,0.12207380166510115,angry
1_S12E03_380_u,10,-0.10983836110681304,0.40359972286969426,0.00678709722415099,0.02145047918893393,0.00153392702050036,0.1468806808814406,0.590505214035511,0.22694753855466837,0.00589506309479469,neutral
1_S12E03_410_u,10,0.37904084152396533,0.9550552892047562,0.00449223764153447,0.00594412642822129,0.00125309903814918,0.6670480653643608,0.04007291835732753,0.27631776073249054,0.00487179243791612,happy
1_S12E03_449_u,10,0.15388417016365558,0.657097729499219,0.042598885945335715,0.01567197215626942,0.00090633453073673,0.4054909498314373,0.3420734111685305,0.19242958703543986,0.00082885933225038,happy
1_S12E04_003_u,10,-0.5881186955608428,0.749195606727153,0.08032269617542644,0.1398718670010566,0.0072286710143088795,0.0805384555831551,0.23582233637571332,0.4412339169532061,0.01498205689713355,sad
1_S12E04_027_u,9,-0.449370112632298,0.5153313875198364,0.10110521791244152,0.05770326894707974,0.0057439684686767896,0.03298063744376926,0.4309873945183224,0.3177982947478692,0.05368121796184111,neutral
1_S12E04_040_u,10,-0.7903294311254287,0.8495177424396388,0.06275377885904185,0.08208059852477158,0.0040969273657537495,0.029594155657105096,0.10876376926898954,0.6709922820329666,0.04171848829137156,sad
1_S12E04_046_u,10,-0.3618250006460585,0.6537695790291764,0.02443628166802244,0.04240772812627249,0.009104419138748151,0.14597228919155894,0.2994631249457597,0.4318488609045744,0.04676729602506381,sad
1_S12E04_055_u,10,-0.9061730363231619,0.9115650448831729,0.05715739020088242,0.03588009243831036,0.01893736526835704,0.00269600428000553,0.08130256528966126,0.7968941926956177,0.0071323898271657,sad
1_S12E04_070_u,10,-0.6300209456821906,0.8012908528326079,0.008821704669390069,0.01578368612099435,0.00425132963573557,0.08563495357520873,0.1927829813212156,0.6867991788312793,0.00592616584617639,sad
1_S12E04_076_u,10,-0.45926602613471923,0.9507584955339553,0.00598257709352784,0.00699979064520443,0.01635804416146124,0.24574623469961804,0.036242130387108724,0.6756718489341438,0.01299937407893589,sad
1_S12E04_102_u,10,-0.02712428561644643,0.6533502323552967,0.07480536341317956,0.08439522827975447,0.08105709366500372,0.3131129733694251,0.10548388846218582,0.09997957362793379,0.24116587918251747,happy
1_S12E04_195_u,10,0.1711805996572366,0.39222525944060177,0.007480989983014411,0.01603669895557681,0.0069254936985089,0.2817029295489192,0.6039865800179541,0.08007914725458246,0.0037881605414440502,neutral
1_S12E04_204_u,10,-0.3831118372036145,0.7849252606276423,0.1935582660138609,0.09532836582511658,0.0063591906451619705,0.20090671171201388,0.15626354068517684,0.28877272643148894,0.05881119868718084,sad
1_S12E04_233_u,10,-0.7760399782826427,0.7851224601268768,0.09819318739610042,0.02533411537297065,0.02594428835436697,0.0045412409221170895,0.18387349278200416,0.6311096280813218,0.031004047091118942,sad
1_S12E04_242_u,10,-0.41692330226651403,0.6541042626544368,0.29128932608873603,0.06555369608104225,0.00337424618192012,0.11859048019396137,0.3197977257892489,0.17529651410877703,0.02609801155631426,neutral
1_S12E04_249_u,10,-0.7788974407478236,0.8291111232014373,0.2689718357694803,0.16439447867451232,0.01483029210939998,0.02510684122680683,0.15313449780223887,0.3558076754212379,0.01775437899632375,sad
1_S12E04_276_u,10,-0.5282915557618254,0.6238827872904948,0.15262839129136424,0.03637865525670346,0.00397399317298546,0.04779561576433475,0.32111376747488973,0.383106131805107,0.05500344523461531,sad
1_S12E04_456_u,10,0.03564857884193762,0.9793727340933401,0.022728840223862963,0.07628998670843426,0.021843919486855108,0.5075106564676389,0.01820579769555475,0.3509993312065489,0.00242146821110505,happy
1_S12E05_030_u,10,0.13201423508580765,0.8282032396877185,0.00884551015478811,0.021637784619815616,0.0038858539119245904,0.4801087373867631,0.04205219213035884,0.3137253536144271,0.12974456818192265,happy
1_S12E05_054_u,10,-0.27480948026641283,0.578679075173568,0.08389657586521952,0.03300597241614009,0.02160730023751961,0.1519347974535776,0.13626453768229108,0.28823442920111114,0.28505638714414083,sad
1_S12E05_083_u,10,0.586910406066454,0.9072168891929323,0.00269158787850775,0.00405236252117897,0.00292661121347914,0.7470636476296931,0.0859614721848629,0.1504826799500733,0.00682163862220473,happy
1_S12E05_110_u,10,-0.27773364807362677,0.6450055341410916,0.0320032058574727,0.05305033707991238,0.00352045890176664,0.18363594303373246,0.3348271537572145,0.3727955892682075,0.02016731210169376,sad
1_S12E05_134_u,10,-0.32404939907137315,0.37594900503754614,0.08208770003402624,0.09613700453191991,0.03462735847569998,0.025949802983086512,0.26398447975516315,0.13714713901281353,0.3600665152072906,surprise
1_S12E06_010_u,10,-0.09344146221992573,0.6211813810106833,0.05100056622177383,0.05310869447421278,0.02535948104923586,0.2638699593953788,0.09395860001677643,0.22784267987008203,0.2848600189725402,surprise
1_S12E06_016_u,10,-0.9712643221369947,0.9814015725569334,0.04301060025172798,0.0090304273180663,0.02094616205431516,0.00506862520996942,0.013107789307832667,0.9033457577228546,0.00549063813523385,sad
1_S12E06_027_u,10,-0.824937135144137,0.8976098506478595,0.2791664020158352,0.39519931823015214,0.01394752406049515,0.036336357751861184,0.07559136431664223,0.17296024858951567,0.0267987850354984,disgust
1_S12E06_088_u,10,0.607808880059747,0.819732560106786,0.006489999359473769,0.019460790982702682,0.00174567818175997,0.7137707200832665,0.1731165755947586,0.07826537149958307,0.00715086429845537,happy
1_S12E06_111_u,10,-0.30945154442451905,0.40424185898154974,0.02784415574278697,0.1333546925336122,0.01137771327048535,0.04739515727851535,0.4590199008584023,0.18427014015614981,0.13673824016004796,neutral
1_S12E06_171_u,10,-0.23430183507734922,0.7590058160596527,0.09342215820215663,0.33414768688380714,0.02296096199424933,0.2623519904911518,0.0362839159322902,0.04612301848828787,0.20471026800805697,disgust
1_S12E06_229_u,10,-0.6702835126779975,0.9306544407270849,0.00498984712176045,0.01082107704132789,0.01600976786576206,0.13018546402454373,0.03405301091261203,0.7686482846736908,0.035292548360303,sad
1_S12E06_248_u,10,-0.13381796074099844,0.4482762353960424,0.02814117057714624,0.08772748513147231,0.045460172393359206,0.157229137327522,0.39833388328552244,0.12971826996654265,0.15338988131843503,neutral
1_S12E06_287_u,10,0.18209349322423793,0.8335823730070843,0.10122907875047549,0.09830993260256944,0.00262306149816136,0.5078379331156612,0.15495108785107728,0.12358236704021688,0.0114665391418384,happy
1_S12E06_316_u,10,-0.6545035502524116,0.7060351464548149,0.05192559037823251,0.02758260667324061,0.012273831653874318,0.02576579810120162,0.12914539407938713,0.5884873196482658,0.16481945946579796,sad
1_S12E06_367_u,10,-0.353928699225071,0.4423282826523064,0.16386264607426726,0.10543931741267439,0.00926976284536063,0.044199791713617695,0.5352012525312603,0.1195567646063864,0.02247046481643332,neutral
1_S12E06_412_u,10,-0.9575598181458191,0.9622886561439372,0.4757284413732125,0.3413937091827392,0.00868644055444741,0.00236441899905906,0.02962875310331578,0.1341156460344791,0.00808259075274686,angry
1_S12E07_005_u,10,0.052526096923975196,0.21047723244992084,0.01046046531118937,0.02078715609386558,0.00366823745716825,0.13150166468694804,0.7681366086006165,0.04405970890074963,0.02138615894946266,neutral
1_S12E07_060_u,10,-0.5276717805070804,0.8223725398769604,0.5199838453205305,0.10150177739560602,0.01034622611477967,0.14735037968493997,0.14497360233217474,0.04319031136110421,0.03265385779086496,angry
1_S12E07_092_u,10,-0.01846691053360716,0.4419277561828495,0.00978346889605773,0.02288194526918226,0.01785520414123307,0.21173042282462115,0.3986161343753337,0.17967671505175525,0.15945610944181676,neutral
1_S12E07_105_u,10,-0.6028665637131781,0.6183990512508899,0.02320040531922146,0.16466751773841676,0.04445202082861209,0.0077662437688559,0.11141715086996551,0.37831286359578364,0.27018379787914454,sad
1_S12E07_147_u,10,0.023389884535572402,0.822282754178741,0.00865818271413465,0.05743793429573992,0.0011338152253301298,0.42283631935715676,0.17651275722309948,0.33221650258637964,0.00120448859815946,happy
1_S12E07_169_u,10,-0.1353893036022783,0.4323340578004718,0.0059196141752183105,0.04479268188588316,0.08195716452610209,0.14847237709909672,0.46842827848158775,0.1511922201141715,0.0992376637179404,neutral
1_S12E07_179_u,10,-0.7123252106015572,0.7857308486127295,0.1142863954300994,0.15803782828152174,0.01098374691791827,0.03670281900558615,0.19659993443638082,0.46572005897760393,0.01766921695088964,sad
1_S12E07_264_u,10,-0.8782406592974441,0.9294297661632299,0.05739242098061387,0.07102122523356222,0.02509284801781172,0.025594553432892957,0.0622760790516622,0.7503287184983491,0.00829415478510777,sad
1_S12E07_424_u,10,-0.5632667144003791,0.5717058270180133,0.01885659272375078,0.01600987957790489,0.009863086641416819,0.00421955630881707,0.35035997400991614,0.5227567117661238,0.07793419897207055,sad
1_S12E07_443_u,10,0.46961078479653223,0.8526027025305666,0.01778187319287112,0.09462481068330814,0.00873030953807752,0.6611067436635494,0.11715906943427394,0.07035896545276041,0.03023822803515936,happy
1_S12E08_006_u,10,0.3065340132394339,0.7244971382489894,0.01157539066334742,0.015123736648820291,0.00248784860305017,0.5155155757442117,0.2457827889360487,0.17979458658955988,0.029720072814961827,happy
1_S12E08_023_u,10,-0.3226811625499978,0.48311808393045796,0.0927996353624623,0.02424974725581703,0.00619406733312639,0.08021846069023007,0.5089098781347274,0.27965617328882214,0.00797203793481454,neutral
1_S12E08_071_u,10,-0.3330556858330966,0.7987450111657382,0.0034741588751786697,0.12312252111732955,0.0028831229661591,0.23284466266632076,0.19435109822079538,0.43642054554075005,0.006903890613466459,sad
1_S12E08_098_u,9,-0.5438689269746345,0.5753897315201661,0.0897390145239319,0.07051912757257615,0.010560616281711366,0.015760402272765775,0.40432819724082947,0.3888105708691809,0.020282071239004478,neutral
1_S12E08_103_u,10,-0.6239176415372641,0.6715539734810592,0.00429064392228635,0.01978105972521002,0.00493409674963909,0.02381816597189749,0.3146538125583902,0.6187300071120262,0.013792213960550661,sad
1_S12E08_135_u,10,-0.3308749990304933,0.42018174978438766,0.0488610065891409,0.10847808886319395,0.01443979215109717,0.04465337537694719,0.3684920554980636,0.20374948680400845,0.2113261947175488,neutral
1_S12E08_258_u,10,0.45624278640461846,0.9124509624569328,0.00485917521145914,0.029290776947163928,0.007599591114558231,0.6843468744307757,0.08037853647256266,0.1863545447529759,0.007170501070504491,happy
1_S12E08_445_u,10,0.9310000705940183,0.9705481481330935,0.0027661524422002504,0.01126719842868619,0.00057070917246161,0.9507741093635559,0.028728476393734992,0.00516997872618953,0.00072337547317142,happy
1_S12E09_005_u,10,0.25680401554564003,0.931257995904889,0.00678164328564911,0.0052859330520731804,0.00522240184654943,0.5940310057252646,0.057925067542237176,0.31993701199535274,0.01081693655287376,happy
1_S12E09_081_u,10,-0.2032879960810534,0.6160321775270858,0.01069233867165186,0.03901136985514308,0.0033896509296027404,0.20637209072301627,0.33390703507466235,0.356566727347672,0.05006078739825166,sad
1_S12E09_090_u,10,-0.8183908133651132,0.839074753067689,0.061332610173849576,0.10855390541255469,0.03646110998524813,0.01034196985128798,0.14398451149463648,0.6223851576447487,0.016940735437674388,sad
1_S12E09_103_u,10,-0.5856755355140195,0.6101745451567695,0.06462939863558875,0.06346552865579719,0.01621465249918396,0.012249504821374959,0.09606728730723257,0.4536154605448246,0.2937581675359979,sad
1_S12E09_175_u,10,0.0838637776207178,0.6051027596462518,0.0016899962909521602,0.00715689269127318,0.00091921755811195,0.3444832686334848,0.39315128945745526,0.2508533844724297,0.00174595089629287,neutral
1_S12E09_207_u,10,-0.5849115045275541,0.6118540919735096,0.07647213017917262,0.07272760523483153,0.00442486666142935,0.013471293722977812,0.37413079421967266,0.44475819617509843,0.014015113806817631,sad
1_S12E09_307_u,10,-0.9805947974557059,0.9852711013576482,0.030695295732584983,0.04205389337148513,0.03849262275034557,0.00233815195097117,0.00786585126188579,0.8716911375522614,0.00686304738046598,sad
1_S12E09_369_u,10,-0.7804595647612588,0.7894110283697955,0.01058189609320854,0.00474786071572448,0.0040351405914406694,0.0044757318042683795,0.14404981229454278,0.7655703991651535,0.06653915933566164,sad
1_S12E09_413_u,10,-0.5293065593286885,0.73678482977557,0.011778432577557639,0.02127438276074821,0.02419901691755507,0.10373913522344078,0.20149110695347186,0.5757938622962684,0.0617240632709581,sad
1_S12E10_076_u,10,-0.23263317382661636,0.7112281559850089,0.019387852266663872,0.04855996955884616,0.0039500114449764895,0.23929749107919634,0.2806957974098622,0.40003283163532616,0.00807604660512874,sad
1_S12E10_195_u,10,0.24950636308640234,0.5576720489189029,0.0035370846046137,0.00857272963039572,0.00280910793226206,0.40358920600265263,0.4337655195966363,0.13916392074897882,0.008562431484460769,neutral
1_S12E10_245_u,10,-0.9330767429666595,0.9431510623544457,0.17322964080376574,0.49367214888334277,0.01685371852945532,0.0050371596938930206,0.02585215894505376,0.2543583944439888,0.03099677870050068,disgust
1_S12E11_002_u,10,0.4177087243238929,0.7131445997802075,0.00410430023039245,0.01389174943324174,0.00131122675084038,0.5654266620520503,0.2636479415465146,0.12841066131368276,0.023207458673277816,happy
1_S12E11_072_u,10,-0.07504800690803687,0.32962707283440984,0.04444446990964952,0.053474858147092116,0.049229585810098744,0.12728953296318646,0.6461461911909282,0.05518862600438294,0.02422673597466196,neutral
1_S12E11_190_u,10,0.5683113808961934,0.9107498203185969,0.003931541449856179,0.00544063448614902,0.00316600960650245,0.7395306006073952,0.061129939515376416,0.1586810341686941,0.02812024016602658,happy
1_S12E11_199_u,10,-0.7775064256275074,0.8332248537219129,0.10202129430254003,0.18776337145827707,0.00400464027188714,0.02785921404720279,0.16347044669091698,0.5115763336420059,0.00330469958716999,sad
1_S12E11_216_u,10,-0.9955732779446409,0.9967028528320953,0.00557047792099203,0.00223164425697174,0.0014388203504494801,0.00056478744372722,0.0029808403109199697,0.9868971228599548,0.00031630685698470003,sad
1_S12E12_030_u,10,0.006375269102863901,0.823881879937835,0.00993439938174575,0.028438476193696223,0.014538763859309209,0.4151285745203495,0.09927504919469353,0.3558416659827344,0.07684307086747136,happy
1_S12E12_043_u,10,-0.0024938553571702384,0.5339752296917142,0.007664919865783529,0.02342513927724208,0.030631272995378767,0.26574068716727195,0.23344245497137303,0.2065132103860378,0.23258231533691287,happy
1_S12E12_086_u,10,0.6141683848429238,0.9601851133775199,0.0022247968881858302,0.0035478273464831997,0.00116704830725206,0.7871767491102218,0.039053990342654235,0.16606869172537697,0.00076089627982577,happy
1_S12E12_266_u,10,-0.3356306937581396,0.6522975601779764,0.02231417993898527,0.02597392499446864,0.03821533696027468,0.15833343320991838,0.31750790472142393,0.40746068507432937,0.0301945351005997,sad
1_S12E12_281_u,10,0.4193992467582574,0.8261202065288671,0.031557121381047375,0.07619754402112446,0.0026154464198043003,0.6227597266435623,0.15454226494184692,0.09299036806332873,0.01933752852928588,happy
1_S12E12_371_u,10,-0.5242900547571481,0.5462556870188564,0.0199003431946041,0.07208107854239638,0.00364152153488244,0.01098281613085415,0.44381875842809676,0.4396499276161194,0.00992555455304677,neutral
1_S12E13_088_u,10,0.09899687349679874,0.4001646444958169,0.00695399283722527,0.021198366116732308,0.00158764871594024,0.2495807589963078,0.5893538355827331,0.12084387782961126,0.0104815199214499,neutral
1_S12E13_224_u,10,-0.397715033235727,0.6097257781249936,0.13601069381111322,0.021787025162484437,0.012651861354242941,0.10600537244463334,0.3121977807022631,0.33327082535251973,0.07807644117274318,sad
1_S12E14_125_u,10,0.04894098162185395,0.5897124051349238,0.0057333905017005,0.10034558246843513,0.02610718973446633,0.31932669337838887,0.04706994711887087,0.13819954905193294,0.3632176477462053,surprise
1_S12E14_152_u,10,-0.01640922845981555,0.2733134638488991,0.01416897386952785,0.05536249279975887,0.00126456953585144,0.1284521176945418,0.7239027708768845,0.07406530994921919,0.0027837652742163698,neutral
1_S12E15_013_u,10,0.5461108184128534,0.9783196405798662,0.00747590725659409,0.03260886760835998,0.0068639297067420195,0.7622152294963598,0.01119563779211598,0.1691557065118104,0.010484721628017672,happy
1_S12E15_064_u,10,0.3838110860902816,0.6088512692134828,0.00208604722574835,0.00832829667488108,0.0017352580180158398,0.49633117765188217,0.38174166567623613,0.10037048964295532,0.00940706511028106,happy
1_S12E15_154_u,9,0.28442495093784387,0.5128490392429134,0.06393791687636038,0.02136929027943141,0.007345391654073111,0.39863699509037864,0.4081042847699589,0.021559445342669844,0.07904667598712772,neutral
1_S12E15_273_u,10,-0.6974196976632813,0.7151873366557994,0.0213427130482162,0.02320492584258313,0.00156150439288462,0.00888381949625904,0.2834864825010299,0.6601943738758564,0.00132618084317067,sad
1_S12E15_351_u,10,-0.5856707236263902,0.827093591215089,0.00707491554785534,0.01722938849125053,0.01367343664169308,0.12071143379434937,0.13770363871008154,0.6684044167399407,0.03520277007482942,sad
1_S12E15_420_u,10,-0.4577442916110159,0.4770493280142546,0.02048094300553217,0.07172242971137163,0.041152819152921384,0.00965251820161934,0.4163733020424843,0.33404061794281004,0.1065773699432611,neutral
1_S12E16_140_u,10,-0.1588923787814566,0.3012219435651787,0.09482685328694078,0.009194981004111421,0.00222908125724638,0.07116478239186104,0.6842337111011147,0.12380624562501903,0.014544345333706538,neutral
1_S12E17_085_u,10,-0.06438056724437057,0.3855185078486102,0.02607410002383423,0.07542223761556666,0.00111626551079093,0.1605689703021198,0.6123149113496765,0.12233693439629856,0.00216658080171322,neutral
1_S12E17_124_u,10,-0.386718283337541,0.8717157538281753,0.06758384999120623,0.29998807068914174,0.00292333426186811,0.24249873524531723,0.11479000411927698,0.25872176364064214,0.01349424205254759,disgust
1_S12E17_195_u,10,-0.06054585383972159,0.7576251286547631,0.13777310294681244,0.05847434978932137,0.0206235153949819,0.3485396374075208,0.08926922315731642,0.1922145231161266,0.1531056481879204,happy
1_S12E17_336_u,10,0.24768581812968474,0.667801893746946,0.01973555813601724,0.049436592083657104,0.0035029132995986804,0.4577438559383154,0.32041301205754275,0.1373829742893576,0.011785094195511148,happy
1_S12E18_030_u,10,-0.14807242981623864,0.5750862859888002,0.04084119925391876,0.06068496638908978,0.0066782587149645705,0.21350692808628083,0.36290345937013624,0.2533749335445463,0.06201025464106345,neutral
1_S12E18_159_u,10,0.10800465409411109,0.42641477669822053,0.021917911345372167,0.0426532079465687,0.02397188358590932,0.2672097153961658,0.42417568415403367,0.07066205842420456,0.14940953914774577,neutral
1_S12E18_198_u,10,-0.30667380061931915,0.5437777167651803,0.00821355525695271,0.021172049723099863,0.00547299669997295,0.11855195807293054,0.4371057476848364,0.3903671570122242,0.01911653554998334,neutral
1_S12E18_225_u,10,-0.34283736825454997,0.40174539100844414,0.01684555668034613,0.01921942385379218,0.0014862133597489,0.029454011376947104,0.5951580226421356,0.3347401857376099,0.00309658634942018,neutral
1_S12E18_290_u,10,-0.6526881389087068,0.6969454096630217,0.22324447289574909,0.2828140657395124,0.0075067122117615905,0.02212863537715744,0.23599075544625517,0.16125152343884108,0.06706383489072316,disgust
1_S12E18_303_u,10,0.34376838989555825,0.6122963052242996,0.00528625497827332,0.01547053819231218,0.0067901144298957,0.4780323475599289,0.3309495125315152,0.10671705006388943,0.056754182244185304,happy
1_S12E19_143_u,10,-0.3429578307142948,0.6277440818957984,0.05650271807389816,0.0587915180251002,0.0046113320975564,0.14239312559075185,0.3351989697664976,0.3654453881084919,0.0370569483377039,sad
1_S12E19_354_u,10,-0.5718476841633675,0.670995865011355,0.21476568651851288,0.08214102629572148,0.010970871843164729,0.04957409042399374,0.3084127446636557,0.31354418992996214,0.02059139032498929,sad
1_S12E20_378_u,10,-0.4197636367753149,0.47600094201043247,0.01778006611857583,0.00882808037567878,0.08766457531601185,0.028118652617558793,0.08269842267036434,0.3336095675826073,0.44130063531920316,surprise
1_S12E21_167_u,10,-0.6678372783237139,0.7163801186368801,0.32527189570246284,0.1670308798551559,0.00307514902669932,0.02427142015658315,0.27745996937155726,0.19673077389597887,0.00615991199156265,angry
1_S12E21_261_u,10,0.028958183352369715,0.9699051065254025,0.07188063078501751,0.12955041439272458,0.00568899953796056,0.49943164493888614,0.01794114616350264,0.26335341687081376,0.01215374731109473,happy
1_S12E21_285_u,10,-0.8308764084911674,0.896387164175394,0.07032934335002229,0.09498029947280881,0.0034941070829517702,0.03275537784211332,0.09459765185602004,0.6948280364274979,0.00901518396858587,sad
1_S12E22_004_u,10,-0.35527644509566036,0.5655428341182416,0.09933670065947828,0.03808312371838834,0.013982916518580132,0.10513319451129058,0.42333802497014394,0.3090068987105042,0.011119140911614481,neutral
1_S12E22_066_u,10,-0.3098463662900031,0.34187197652645407,0.008307552302721991,0.06326634245924648,0.03007345047080886,0.01601280511822547,0.5155885122716427,0.22421182617545124,0.1425395112019032,neutral
1_S12E22_188_u,7,0.16772618948016302,0.41433611493890304,0.002787705949491229,0.04288036229887176,0.005612767104009514,0.2910311522095331,0.5542650262692145,0.07202412737699752,0.03139885879188238,neutral
1_S12E22_211_u,10,-0.2649407234042884,0.41840415466576814,0.00414625501725844,0.033535859314724754,0.0080154716270044,0.07673171563073988,0.39892261996865275,0.2959748530760407,0.1826732253655791,neutral
1_S12E23_209_u,10,0.6193426288431508,0.7335742803523317,0.0032214595659754803,0.02150706273387182,0.00443545201414958,0.6764584545977413,0.15579087694641197,0.02795185144059355,0.11063484270125623,happy
1_S12E23_350_u,10,-0.9831157699052712,0.9848908073618077,0.33945909156173026,0.3152489563450217,0.00729208925040434,0.00088751872826828,0.00729423711309204,0.32200315147638314,0.00781495552510018,angry
1_S12E23_389_u,10,-0.8151604250830135,0.9545805044064763,0.01339319786638971,0.03642693152651187,0.00439067763509224,0.06971003966173153,0.03819289451930667,0.8306596577167511,0.00722660107421685,sad
1_S12E23_470_u,10,-0.7618172097252683,0.7683303359197453,0.4851710174232724,0.14502671309746798,0.030129172909073486,0.0032565630972385,0.21136002298444506,0.104746869392693,0.0203096410958096,angry
1_S12E23_488_u,10,0.5096377700101583,0.6339677192736417,0.0081724231131377,0.029954723408445662,0.0009221947460900399,0.5718027446419001,0.35659289748873557,0.02311563336406829,0.009439383237622629,happy
1_S12E23_539_u,10,0.08272795148659493,0.8281122624175623,0.13149567073560336,0.04780433137784708,0.0038369565561878994,0.45542010695207863,0.16613255827687676,0.18955519679584534,0.00575517930556083,happy
1_S12E23_576_u,10,-0.12803531349636627,0.39009358291514223,0.025223990448285126,0.051576478779315905,0.00124583471333603,0.13102913470938798,0.5991418033838272,0.1810181442648172,0.01076461370103055,neutral
1_S12E23_600_u,10,-0.04793014347087602,0.4865475674392655,0.00651756903389486,0.04243895011022683,0.015843661583494352,0.21930871198419477,0.32787085399031635,0.20243867472745475,0.18558157857041802,neutral
2_102_u,9,-0.06540823725259146,0.22069396464050645,0.014124127596409988,0.037990139228188266,0.0036567620570874338,0.0776428636939575,0.740803622537189,0.08728007206486327,0.038502412822304447,neutral
2_103_u,9,-0.3144921881612392,0.424715180726101,0.06950359298692416,0.10073088057753109,0.013794477744441846,0.05511149628243092,0.4947446021768782,0.18557473313477302,0.08054021709702076,neutral
2_104_u,9,-0.7271301178002939,0.7913203701739095,0.08603278419468577,0.5743908319208357,0.008398622390814054,0.03209512618680789,0.17801222143073872,0.09040300548076625,0.030667408395351578,disgust
2_105_u,10,-0.04040522508439621,0.41446103591588324,0.01054910513630622,0.03718895440106276,0.00207328048127234,0.18702790541574354,0.5814706841483712,0.17762179048149845,0.00406827993574548,neutral
2_107_u,9,0.0499113277570965,0.40842272497118554,0.016864245026631256,0.020521072748427547,0.00873891526781431,0.22916702636414105,0.5509559050616291,0.13313146556417144,0.04062136996718532,neutral
2_109_u,6,-0.1753565978530485,0.2699007493404982,0.030214092412886067,0.05661519310281917,0.003910576294098633,0.04727207574372485,0.7282688021659851,0.13188881178696946,0.0018304484935166502,neutral
2_111_u,10,-0.6339260926353747,0.6465943372342736,0.378543647535844,0.04681898951530452,0.15725818523205812,0.00633412229944946,0.14143971824087198,0.057639392651617494,0.21196594452485437,angry
2_112_u,10,0.1925010938139166,0.737973928457359,0.07607227728876775,0.054264144223998244,0.0017389154992997,0.46523751113563777,0.2531939040520228,0.14066108030965546,0.008832167490618239,happy
2_113_u,10,0.3263509707147021,0.7520994330203394,0.02606234937411524,0.027196866781741803,0.0017319070670054697,0.5392252018675208,0.24048145340930205,0.15788310792995613,0.00741911357035855,happy
2_114_u,10,-0.2269236923370046,0.29563657352118755,0.014503020257689259,0.0906329063698649,0.00197848349926057,0.03435644059209148,0.7005306094884872,0.15416572280228133,0.00383281699032518,neutral
2_115_u,5,-0.483363143936731,0.6181265528080986,0.09057796259876358,0.03088651616126294,0.02299686733167612,0.06738170443568375,0.3620424635708332,0.40628350228071214,0.01983098362106824,sad
2_118_u,10,-0.9045695610751865,0.9077075409528333,0.017388630006462562,0.02287755962461227,0.00225988241145383,0.00156898993882345,0.08960736724548037,0.8636124789714813,0.00268509180168616,sad
2_119_u,10,-0.45430365230713515,0.7090290086140157,0.02037943037285018,0.17493235596921292,0.0013054498587734401,0.12736267815344032,0.2840003170073032,0.38504909425973893,0.006970674378680949,sad
2_11_u,10,0.07283190071466375,0.5430269785982091,0.013255837064935069,0.02948210122995073,0.007398208847735009,0.30792943965643643,0.44694745168089867,0.1849613917991519,0.01002556972089218,neutral
2_120_u,7,0.1721811886111806,0.46303163620177656,0.0047446522387744,0.03927830021296224,0.0038671158960953433,0.31760641240647863,0.526598551443645,0.09753515544746601,0.010369812354578458,neutral
2_121_u,10,-0.07074856924591592,0.26346194109646603,0.0028074908594137,0.00643113087862725,0.00593005170230749,0.09635668592527506,0.7261586308479309,0.15193658173084254,0.010379428055603001,neutral
2_123_u,10,-0.04386920584365735,0.08677505766972901,0.00606873525830471,0.0203189946012571,0.0009457948704948199,0.021452925913035832,0.9105966925621033,0.03798860702663655,0.00262824976816767,neutral
2_124_u,10,-0.2448719052481466,0.37769588426454,0.048862016282510204,0.09825226776301858,0.00327339177019889,0.06641198950819668,0.6151772409677505,0.16089621894061562,0.007126874767709461,neutral
2_125_u,10,-0.6983907039801126,0.8789793854171876,0.00316004395135699,0.00909864351851862,0.0014866383862681101,0.09029434071853751,0.1170874129980802,0.7749397188425065,0.003933201584732119,sad
2_126_u,8,-0.23560199326311715,0.41352902817015996,0.026694447908085027,0.017468308971729074,0.004779409020557,0.08896351745352143,0.5453547649085522,0.27562334481626743,0.041116206921287764,neutral
2_127_u,10,-0.6630413963110188,0.7060922494274565,0.09992373909917684,0.20574226267635817,0.00299101765849622,0.02152542655821886,0.27090361267328256,0.37590980343520636,0.02300413789926093,sad
2_128_u,10,-0.5675418873550371,0.5814602071186528,0.13119838559068758,0.2212011501193046,0.01063705133274193,0.006959159881807819,0.3931828200817108,0.21146446019411083,0.02535697279963638,neutral
2_129_u,8,0.0018370643883826123,0.17162723944784375,0.00231202823488295,0.0129646316345315,0.0020169419003649874,0.08673215191811319,0.8253699615597725,0.06760148575995113,0.0030027989923837126,neutral
2_12_u,10,-0.4541026660474018,0.8260650931159035,0.03436793219298142,0.11279977955855425,0.05352183163631703,0.18598121353425082,0.02680689434055234,0.4393943361938,0.14712801254354413,sad
2_131_u,8,-0.08931799933634477,0.4857316925408668,0.00412448400311425,0.028295671276282488,0.0009407986508449,0.198206846602261,0.5128227360546589,0.25416389200836415,0.001445571404474275,neutral
2_134_u,10,-0.8236549253575506,0.8746632240246981,0.123727841768414,0.04356296630576249,0.02101682380307461,0.025504149333573832,0.12288685750681902,0.6608514428138733,0.0024499184684827298,sad
2_135_u,10,0.13625383429462082,0.40903019852703437,0.00877503938972972,0.03357758326455945,0.0014955520979128198,0.2726420164108276,0.5836036801338196,0.0925400073640048,0.0073661213391460105,neutral
2_137_u,8,0.2554877035654499,0.7679519570447155,0.03605630197853334,0.0305783177936973,0.001614710417925325,0.5117198303050827,0.2241271467719343,0.1879827965494769,0.007920896183350075,happy
2_13_u,10,-0.423155569692608,0.5560152423917316,0.06486359696718877,0.09897669008933002,0.01048164574312974,0.06642983634956176,0.4306648033671081,0.31526347324252124,0.01331995424116027,neutral
2_140_u,8,-0.010105861249030611,0.09839916917553637,0.0031489802277066626,0.011521005741087663,0.0010504418969503125,0.044146653963252874,0.8986791372299194,0.03853208734653885,0.0029216935945441374,neutral
2_141_u,10,-0.4434328926639865,0.8645390341436723,0.03961214813462009,0.08997883909614754,0.0026125245261937003,0.21055307073984292,0.13233796419808638,0.5217824516468681,0.00312300165824123,sad
2_144_u,10,0.05979466288699762,0.13700116817490196,0.0024868229796995303,0.01237618387676769,0.00070537451101696,0.09839791553094979,0.8611855685710907,0.02303487127646799,0.00181326325400728,neutral
2_146_u,10,-0.6101576745859348,0.7232469170237892,0.009702231700066639,0.06657034456729885,0.0026982780545949303,0.05654462121892716,0.25753824068233366,0.5877314414829016,0.01921484229387711,sad
2_147_u,10,-0.3703532099840233,0.6222066729445942,0.0973178442916835,0.0565297801047563,0.00509587742853906,0.12592673148028546,0.362040875852108,0.3373364396393299,0.01575245120329778,neutral
2_148_u,10,-0.08289836533367638,0.5112192817032337,0.010888987529324549,0.03756827497854825,0.00282016877899873,0.2141604581847787,0.4838158294558525,0.24578139223158355,0.004964888840913709,neutral
2_149_u,10,-0.5686326914612438,0.6837362163845683,0.00431756991019958,0.00277037785854185,0.0033547942992299302,0.057551762461662236,0.31573158949613567,0.6157417118549346,0.00053219411929598,sad
2_150_u,10,-0.39810032821842484,0.4767009869741742,0.01876600359682945,0.07165181166492399,0.0035057420143857097,0.039300329377874685,0.5181321620941162,0.3434771003201604,0.00516685093170958,neutral
2_151_u,10,0.5163011405267752,0.7625070533133111,0.01523828884819542,0.04191152257844801,0.00125561775639646,0.6394040969200432,0.23456631875596937,0.0646975272102281,0.00292662793071936,happy
2_152_u,4,-0.2972109981928953,0.3487644999404438,0.051296570745762576,0.054404866881668526,0.009463817230425749,0.02577675087377425,0.6362110823392868,0.20782249420881269,0.01502441772026935,neutral
2_154_u,10,-0.02367408847785562,0.42910456465906466,0.0028645516722465196,0.00855950086843216,0.00893908499856475,0.2027152380906045,0.5542815756052732,0.2060261890292167,0.016613859735662068,neutral
2_155_u,10,0.29410890243598253,0.48877378072938893,0.014602614610339728,0.029474885459057947,0.00123776003892995,0.39144134158268573,0.5085320107638835,0.05201717903837557,0.00269420850672753,neutral
2_158_u,10,0.38098593586473717,0.5278599298617337,0.00765982696320886,0.009248061873950001,0.0018903093005064302,0.4544229328632355,0.4702932873740792,0.054638798860833004,0.0018467827641870198,neutral
2_15_u,10,-0.20357618938433014,0.23262827192666008,0.017319517122814636,0.0451463414356112,0.00427083378308448,0.01452604127116496,0.7610798805952073,0.15136553831398483,0.00629184747813265,neutral
2_160_u,8,-0.4132548415218481,0.9302362709422597,0.09461682265828152,0.02658614560641575,0.19565796546521594,0.2584907147102058,0.04362037967075588,0.3548846225021407,0.026143349386984437,sad
2_161_u,10,-0.035186074906960206,0.55677583781071,0.00594102860486618,0.0076993524213320895,0.00185972614854104,0.2607948814518749,0.4414564698934555,0.2804808491840958,0.0017676922958343802,neutral
2_162_u,10,0.09020215510390692,0.5234916696790606,0.00440497586969304,0.00716031428892161,0.00497080292552704,0.30684691239148376,0.44513937681913374,0.20010866420343515,0.031368953501805616,neutral
2_163_u,9,-0.10871198774677616,0.603944085810023,0.012519771116785912,0.059123487418724405,0.16810397043203312,0.24761604903162343,0.06415452211836555,0.11658080781085618,0.3319013920716113,surprise
2_166_u,10,-0.7526604363927618,0.8557196002686396,0.04623562446213348,0.05285838157869871,0.00280997746740461,0.051529581937938884,0.12631972897797822,0.702286034822464,0.017960670753382098,sad
2_168_u,3,-0.5716177575911087,0.687342090221743,0.069181458015616,0.023010658643518835,0.0183780250760416,0.0578621663153171,0.30334495753049845,0.5189097821712494,0.009312952247758632,sad
2_169_u,10,0.007310871290974246,0.23306151165161282,0.006528277785401019,0.02303766706027085,0.00388081113633231,0.12018619147129353,0.7428671449422837,0.07942856419831511,0.0240713434061035,neutral
2_170_u,10,0.6560146274860017,0.8466091954265721,0.00494839796156173,0.027599843265488692,0.00828287979529699,0.751311911456287,0.13711797185242175,0.05446616294793779,0.016272832721006082,happy
2_171_u,10,-0.14591298354789625,0.7940460126381368,0.03859130603377728,0.040452002757228864,0.0027375081263016398,0.32406651454512025,0.19632517769932745,0.38819868117570877,0.00962880966253574,sad
2_172_u,10,-0.00021114515111557707,0.9078226079975138,0.1329680393755554,0.12765592486248348,0.0058153527876129,0.4538057314231992,0.03363822893734318,0.18757755954866295,0.058539163065142875,happy
2_173_u,10,-0.6952021841338138,0.728111448782147,0.05140975201211423,0.2077661795308813,0.00199136835872191,0.01645463232416656,0.2686326491646468,0.45048951655626296,0.00325590205320617,sad
2_174_u,10,0.5923578184330835,0.9016015541739761,0.011114718212047769,0.00547933178022499,0.00219241799786682,0.7469796863035298,0.09310334313195195,0.13583539988030677,0.00529510269407177,happy
2_176_u,10,0.32217670380341584,0.7433143250716967,0.04572907600668273,0.06067236581875474,0.01499923874507654,0.5327455144375562,0.18118950023199426,0.08916813006362642,0.07549617469630901,happy
2_177_u,10,-0.5830687438341556,0.9209966859052656,0.05538813288731044,0.018394410633481982,0.02388134907232594,0.16896397103555497,0.03860176304588091,0.6543688222765922,0.040401551048853394,sad
2_178_u,10,-0.08622776725096637,0.17959629957331344,0.0033925070107217598,0.02636930104345079,0.0037110349832800704,0.046684266161173535,0.8028268396854401,0.09943919037468728,0.017576860741246442,neutral
2_180_u,10,0.8936769335181453,0.9182400823920034,0.00376713725127064,0.00384255171520632,0.0006062741405912199,0.9059585079550743,0.07874714788631532,0.00406561132986092,0.0030127697216812003,happy
2_181_u,10,-0.21389803526108161,0.7478237659961451,0.00366091711912325,0.00503671431215474,0.0039284321421291,0.2669628653675317,0.25021715238690373,0.4682348370552063,0.0019590816169511,sad
2_182_u,8,0.46990883495891467,0.6504349451861344,0.00252222606650335,0.009369457104185087,0.0012160274054621874,0.5601718900725245,0.34427111846162006,0.07715534453745927,0.005293936352245462,happy
2_183_u,10,0.013402565463911659,0.4392129101906903,0.0048653279140127795,0.01614332268945868,0.00682985456078309,0.226307737827301,0.5502583652734756,0.18506666719913478,0.01052872453583399,neutral
2_186_u,10,-0.2832186753978022,0.6782385909114964,0.007491372968070351,0.05851072948426004,0.0019118144526146003,0.1975099577568471,0.2860823482275009,0.41281471624970434,0.035679060861002615,sad
2_187_u,6,-0.1803050610372643,0.3953107868146617,0.0072233256166026666,0.022234874156614116,0.0016560536265993666,0.1075028628886987,0.6007086311777433,0.25669367052614683,0.003980582007594967,neutral
2_188_u,10,-0.12993428048212094,0.5806272744899615,0.06168841646867823,0.03047489966265852,0.12853361068409863,0.22534649700392034,0.08372887626755979,0.13458385067060585,0.3356438492424786,surprise
2_189_u,10,-0.09676170100574392,0.4471221482672263,0.11675806352432136,0.09099159943725674,0.0018418477266095201,0.1751802236307412,0.5453016952378675,0.06235041394829747,0.0075761564949061305,neutral
2_190_u,10,-0.013671995140612247,0.2847948650829494,0.01785301391501001,0.06792380996048444,0.01149261614773417,0.1355614349711686,0.6075429022312164,0.0519639900885522,0.10766223268583412,neutral
2_191_u,10,-0.686680633982178,0.6973798264632933,0.02167769501102176,0.0858394725597463,0.00173889886937099,0.0053495962405576995,0.29618506418773904,0.5827741637825966,0.00643510934896762,sad
2_193_u,10,-0.10190822782460611,0.37556414755526935,0.00583135209744816,0.02949390448629851,0.00581277365563433,0.13682795986533164,0.4993760883808136,0.19759815745055673,0.12505976406391706,neutral
2_194_u,10,0.25390583028492975,0.9711604797892506,0.0050327578050202906,0.00848651460837568,0.0025899637446854602,0.6125331550370902,0.023318770871264802,0.34251808859407895,0.00552074933948457,happy
2_196_u,8,-0.43844702547357894,0.48612204879464116,0.011591524846153476,0.026028168387711013,0.0036896970850647873,0.023837511660531115,0.5088547896593809,0.4209751468151808,0.005023161545977888,neutral
2_197_u,10,0.21238507835951168,0.631331213490921,0.00401998261222628,0.02406085843394971,0.00153023103775917,0.42185814592521637,0.3019207932607969,0.1798619954817695,0.06674799324828196,happy
2_198_u,10,-0.5150640094128904,0.8874642715265508,0.0022421195288191203,0.00722508065518917,0.00533678093925112,0.18620013105683025,0.0794659768696874,0.6864601593464613,0.033069751603761625,sad
2_1_u,8,-0.2033928226592252,0.611597817754955,0.041607253486290685,0.06403015420073639,0.036583239751053,0.2041024975478649,0.3535954849794507,0.26527467276901007,0.03480669726559424,neutral
2_202_u,10,0.36735966528067354,0.7645681587397122,0.019736334696063028,0.12902411771938202,0.00095844876195764,0.5659639120101929,0.22773681432008738,0.048885345552116585,0.00769502694020042,happy
2_203_u,10,-0.6695503597176868,0.6975951290718513,0.24640132643107812,0.03707521678879852,0.00621019455138589,0.01402238467708224,0.28910755664110177,0.39388600662350653,0.01329731428704686,sad
2_204_u,10,-0.3029392594442471,0.537276720997761,0.06347808588907375,0.07412332918029273,0.01641229274246139,0.11716873077675696,0.4282639903365634,0.2660942824091762,0.034459288665675505,neutral
2_205_u,7,-0.6438433366628099,0.7145202751271428,0.017198717055310342,0.025884928281552,0.004999094792375543,0.035338469232166415,0.2718325153525386,0.6310990657657385,0.013647209520318627,sad
2_206_u,6,-0.4378927012197286,0.5269101346445193,0.04852180874634863,0.0578532511911665,0.014792963401608433,0.04450871671239532,0.44442356502016384,0.3612333945930004,0.028666300335316867,neutral
2_208_u,10,-0.6077787700342017,0.62256050221622,0.01069746431603579,0.08329079784452911,0.00184961027989625,0.00739086609100917,0.37607386801391834,0.5193317636847496,0.00136562976986165,sad
2_209_u,10,-0.018267757981084386,0.09656405781861394,0.00758559190435355,0.01074290059041227,0.024127508432138657,0.03914814991876477,0.5522563844919205,0.014959906972944682,0.35117955768946557,neutral
2_20_u,10,-0.7515772558603204,0.7865461422450608,0.19087890718074074,0.17321578983683134,0.00430075621698046,0.01748444319237019,0.20895813573151822,0.40066624581813814,0.00449572202342091,sad
2_210_u,10,-0.3242456954118098,0.6100229669507826,0.004465207134490079,0.007665460580028529,0.00641940491041164,0.14288863576948638,0.3401839996455237,0.44858425855636597,0.04979303340369366,sad
2_213_u,10,-0.817950246075634,0.9064539494924247,0.04770699559594524,0.09343996364623303,0.00470916671911249,0.04425185170839535,0.09067477954085915,0.7163459718227386,0.00287127096671607,sad
2_217_u,10,-0.5736592121305877,0.815338009397965,0.0136978145106698,0.019024453777819812,0.007385757053270889,0.12083939863368862,0.16956499069929118,0.6543905854225158,0.015096999902743791,sad
2_218_u,10,-0.1894451130356175,0.35303280485677535,0.01293583358055932,0.05573979951441284,0.00123633451294149,0.08179384591057892,0.6449039518833161,0.20132699133828277,0.0020632432599085896,neutral
2_221_u,9,-0.30038906654549985,0.3808440202847123,0.033243700253984355,0.05001703592845131,0.010161239951331535,0.04022747686960626,0.5890718450148901,0.2471945672813389,0.0300841347003976,neutral
2_222_u,3,0.02227865035335211,0.16828843330343565,0.0023041490931066666,0.0078881867229938,0.0022019409419347003,0.09528354182839387,0.8256227175394694,0.0606106147170066,0.0060888491570949,neutral
2_223_u,9,-0.08391638265715717,0.2487495137999455,0.016535914920193042,0.013798144943494722,0.03438627428517464,0.08241656557139418,0.7160037110249201,0.10161261407968897,0.03524677517513429,neutral
2_225_u,10,0.6136631212837528,0.6915038615756203,0.0010510324907956699,0.00847431363654319,0.00511284194071773,0.6525834914296865,0.06589216764550651,0.02428218207787717,0.24260397077887313,happy
2_226_u,10,-0.008476120920386215,0.34494746330892667,0.02375692960340547,0.01391266419086599,0.00534567203139881,0.16823567119427021,0.6427419550716877,0.13369652628898615,0.012310581619385568,neutral
2_227_u,10,-0.4315125115797856,0.4973891889094375,0.11766812237328869,0.08255618563853201,0.00899221990839573,0.03293833866482595,0.4824226453900337,0.2552343223243952,0.02018816570052872,neutral
2_228_u,10,0.4038521588605362,0.6838318968366367,0.01809872838202883,0.054362537758424846,0.00099746413179669,0.5438420278485865,0.30222254656255243,0.06653113871579985,0.013945556600810918,happy
2_230_u,10,0.21397498940059445,0.4990728253411362,0.01597406456712653,0.02283238773234184,0.00264068480173586,0.3565239073708653,0.49814660400152205,0.10110178086906665,0.00278057065734171,neutral
2_231_u,10,-0.46296817355323594,0.5100470580160618,0.03280924406717547,0.03956112987361844,0.00266383089474398,0.02353944223141293,0.46779475416988137,0.411473410949111,0.022158187814056828,neutral
2_232_u,10,-0.4886134129483254,0.6972199728246778,0.010323180619161768,0.08346841176971788,0.00899767411174247,0.10430327993817626,0.1965388478711247,0.4901274263858795,0.10624117930419741,sad
2_234_u,10,-0.3258538797846996,0.9410324100754224,0.00152514131841623,0.017489367444068128,0.01040470113293844,0.3075892651453614,0.054225572856375914,0.6040239350346381,0.0047420170682016295,sad
2_235_u,10,0.5303532844991423,0.751209884264972,0.00614571642800019,0.056950114516075664,0.00079439999099117,0.6407815843820572,0.24753929262515154,0.046538068947847885,0.0012508231098763201,happy
2_236_u,10,-0.2701785226352514,0.4517098257318139,0.01767723134253192,0.0863462064415216,0.046106371958740004,0.09076565154828128,0.467546696215868,0.21081436444073912,0.08074347805231805,neutral
2_240_u,10,-0.5442495981696995,0.915902795502916,0.03889679810963593,0.2573063969612121,0.008220034372061421,0.1858265986666083,0.06436474760994311,0.4256529673933983,0.019732456887140808,sad
2_241_u,9,-0.24831434654899784,0.4206806797430747,0.030393993365578558,0.041854778692747105,0.016802924620504964,0.08618316659703845,0.5343376505706046,0.24544581646720567,0.044981669686320704,neutral
2_242_u,9,-0.051057535504999974,0.42563172075056677,0.014988358103437547,0.0367843717297849,0.004775289594868355,0.1872870926227834,0.5483837005578809,0.18179660869969258,0.02598457869155223,neutral
2_243_u,10,-0.7720739109092393,0.7772624412260484,0.009264091859222539,0.00850314870476719,0.014932086202315939,0.00259426515840455,0.21760021951049563,0.7419688493013382,0.005137339263455901,sad
2_245_u,10,-0.5842966540483758,0.69733167483937,0.09018263919278996,0.02782097542658444,0.07545475342776622,0.05651751039549705,0.15082693565636868,0.44735579639673234,0.1518413895042613,sad
2_246_u,10,-0.21523024023044868,0.35392348126042633,0.022386173927225382,0.04484620206058019,0.009291261900216289,0.06934662051498884,0.6272494554519653,0.20805322285741562,0.01882706328760828,neutral
2_247_u,10,0.361435641022399,0.691621210006997,0.00411682055564612,0.00880311608780172,0.0109194217366166,0.526528425514698,0.20937140993773937,0.14125342611223454,0.09900738005526359,happy
2_248_u,10,-0.3123977523471696,0.637740747834323,0.1503447400406005,0.2465126022696495,0.0032487522985319996,0.16267149774357673,0.34797134301625193,0.0749631554819643,0.014287909149425048,neutral
2_24_u,6,0.17673221101479908,0.8383725078019779,0.06490609877801055,0.0203331961044265,0.004884253037744133,0.5075523594083885,0.09828099070000461,0.24069660047340824,0.06334650149801742,happy
2_250_u,10,-0.5378095719963314,0.8492192702367902,0.01203799291397463,0.20661157565191385,0.00440600042347793,0.15570484912022944,0.06072116894647476,0.4704588521271944,0.09005956081673497,sad
2_251_u,10,-0.7424835346871987,0.7521032351069153,0.07106062817620132,0.044564266363158786,0.03529595751315351,0.004809850209858231,0.14416222707368428,0.5963725328445435,0.10373453781940038,sad
2_253_u,10,-0.6939559661084787,0.7204102115472779,0.09139867983758468,0.0846350191161036,0.12154523236677046,0.01322712271939958,0.1918442463735118,0.4096041575074196,0.08774554207921025,sad
2_254_u,10,-0.8952705161529595,0.9585330656613225,0.04758988766698188,0.6314814895391464,0.01574789141304786,0.03163127475418145,0.0060930742649361,0.23208252228796478,0.03537386007374147,disgust
2_255_u,10,0.15606694801244875,0.4288948001107201,0.0040429773740472295,0.005083325435407409,0.00835251058451826,0.2924808740615844,0.5531000763177871,0.11893511265516277,0.01800512357149269,neutral
2_257_u,10,-0.4096950372972061,0.58672134008375,0.00939080000680423,0.021489330462645707,0.0016050460195401201,0.08851315139327194,0.41012177616357803,0.46572301220148804,0.0031568837526719505,sad
2_258_u,10,-0.20403414446045653,0.2683336131565739,0.013370424107415771,0.05852136721368876,0.0076975368778221,0.032149734348058664,0.7133845448493957,0.15659455060958857,0.01828184199403035,neutral
2_259_u,10,-0.11399439821834693,0.6574358021083755,0.00564026133506584,0.03855527008417989,0.00277742368634784,0.27172070194501424,0.3372301179915666,0.3387421450577676,0.00533407990005793,sad
2_260_u,10,-0.5627397809061223,0.6781061066198163,0.3328121011902115,0.09963586591184134,0.00963609824539158,0.05768316285684699,0.28597316145896906,0.17833887841552493,0.03592073192121456,angry
2_261_u,10,-0.2742348716710696,0.568514940305613,0.21710674996138574,0.07852931767702098,0.02378648783778768,0.14714003431727174,0.21225633467547592,0.1019523505121469,0.21922872501891102,surprise
2_263_u,10,-0.5915321612032132,0.9784921088488773,0.029291711677797278,0.027876247721724152,0.00948768102098252,0.19347997382283208,0.01897951404680493,0.7183564946055412,0.00252837710431773,sad
2_264_u,10,0.26534778545465076,0.3441771653961041,0.014772410587466039,0.010025978201883801,0.0006949150294530699,0.30476247542537743,0.6518842749748728,0.01392138615192376,0.00393855962902302,neutral
2_267_u,10,0.5921325447037814,0.9886031219735741,0.00095991868292938,0.0033821925520896396,0.00202538528246802,0.7903678333386779,0.00307586475973944,0.19186779211740937,0.0083210132666863,happy
2_268_u,10,-0.29022113140672456,0.5664637742564083,0.01510266456753028,0.03174437060952182,0.00602028667926785,0.13812132142484185,0.41363808885216713,0.37547513097524643,0.01989813689142462,neutral
2_270_u,10,-0.46770403329283017,0.5290732712484896,0.03183311154134594,0.08431162750348445,0.01993501167744392,0.03068461897782976,0.29908170830458397,0.36230890154838563,0.17184502044692632,sad
2_271_u,10,-0.3081783486530186,0.43133689467795194,0.09233821756788549,0.1580840770155191,0.0059646686248015,0.061579273012466684,0.5409541733562946,0.11337065845727916,0.027708931965753397,neutral
2_272_u,10,-0.7927202244754883,0.8073878581169993,0.05875778312329223,0.05351837156340474,0.02111105702351774,0.00733381682075554,0.13380149602890012,0.6666668295860291,0.05881064585410053,sad
2_278_u,1,-0.22931880876421928,0.8349353186786175,0.0182777871377768,0.0052530798129737,0.0500498265027999,0.3028082549571991,0.1031964495778083,0.458546370267868,0.0618682317435741,sad
2_279_u,7,-0.17123812867794194,0.37998381794230746,0.01965709426024547,0.009761907492897315,0.005278663597502043,0.10437284463218276,0.6149972421782357,0.24091330795947988,0.0050189398794567575,neutral
2_27_u,10,-0.6685230476316066,0.6853311695158483,0.17050570889259706,0.0671066557290032,0.00371796775725666,0.0084040609421208,0.31280682897195217,0.43559677619487047,0.0018620015121996,sad
2_280_u,10,-0.29890479237074047,0.43281341396505013,0.00634290216257818,0.018862299108877732,0.009490680298767932,0.06695431079715486,0.5598113372921943,0.3311632215976715,0.00737524874275544,neutral
2_281_u,10,-0.016572133835870882,0.04034623495535926,0.0018063322379023201,0.00436171228066081,0.00046186287945596,0.011887050559744188,0.9584825098514557,0.02182927699759598,0.00117125519318501,neutral
2_282_u,10,-0.5256239442620427,0.56578354309313,0.07601586580276506,0.09015062777325508,0.206894189864397,0.02007979941554362,0.23503337204456326,0.17264306023716922,0.19918308486230668,neutral
2_283_u,6,-0.303097968028548,0.34254718793090433,0.011532900690023634,0.06635530525818462,0.005825033459889984,0.019724609951178165,0.6032787511746088,0.23910933857162794,0.05417406089448678,neutral
2_284_u,10,-0.3880442468100229,0.40083877670113005,0.01595461816177729,0.00832420531660313,0.2599958332139067,0.0063972649455535605,0.025319106923416212,0.11016685506328938,0.5738421163754538,surprise
2_286_u,10,-0.04863330686930571,0.3381710175657645,0.00269036229001374,0.0548474039882421,0.002121786319185,0.1447688553482294,0.6347631305456162,0.13374260962009427,0.02706585188861931,neutral
2_287_u,6,-0.1480105581479924,0.2822171280568,0.019292823266975484,0.024281398315603466,0.004742248075975349,0.06710328495440378,0.7050061722596487,0.1667973734438419,0.012776699683551317,neutral
2_288_u,10,-0.5372587489546278,0.5949830969912,0.32313307494623605,0.12342835785821074,0.0058735749218612405,0.02886217401828613,0.3976176565513015,0.11368591524660583,0.00739924645749849,neutral
2_289_u,10,-0.15929089420824316,0.9353709544229787,0.01652882432099449,0.058826005156151905,0.006570113968336899,0.38804003010736776,0.04851735879201437,0.4654059808701277,0.016111686785006858,sad
2_28_u,10,0.7382859949037084,0.9605546351507656,0.0007899331292721441,0.00473472600278905,0.0005525531916645903,0.8494203150272369,0.03738745572627518,0.10505710779980286,0.0020579091229592,happy
2_291_u,10,-0.24242863624240285,0.32886344536091205,0.01169575944077245,0.08210559748113153,0.0036043271364178003,0.0432174045592546,0.5972694098949433,0.18824035674333567,0.07386714474414469,neutral
2_292_u,4,-0.35556892096065,0.5027777559589596,0.008406182983890426,0.0109286705264821,0.00826179829891765,0.07360441749915478,0.4838498532772064,0.4015766866505146,0.01337239076383405,neutral
2_293_u,10,-0.35047550008166595,0.7101102023618295,0.00802858076058344,0.01757963525597002,0.01211805469356472,0.17981735114008182,0.24990242319181558,0.4925665805116296,0.039987374446354765,sad
2_294_u,5,0.6252478381269612,0.9525113957817666,0.05067213254515096,0.02546349868644026,0.0036132426699623,0.7888796169543639,0.03954263926716518,0.08388290492584924,0.00794596495106812,happy
2_295_u,10,-0.43498894951771955,0.700405637617223,0.06609304703306426,0.10951489787548777,0.1012902975082397,0.1327083440497517,0.06943561688531187,0.29079905115067956,0.23015874549746512,sad
2_297_u,10,-0.25853507809806625,0.38496651542373,0.023754989175358978,0.03783024211879814,0.02328270488069389,0.06321571866283189,0.587634701281786,0.23688286058604713,0.027398783294483968,neutral
2_299_u,10,-0.08241618960164503,0.5427837594412267,0.03133011713798646,0.09359328886494037,0.00115040513046546,0.23018378491979088,0.450751056522131,0.18652616338804362,0.00646518403664226,neutral
2_29_u,10,-0.3673982507229085,0.43292745972576085,0.00458397195616287,0.015235936362296301,0.00211616154410872,0.03276460450142617,0.5663672238588333,0.3782267853617668,0.00070531641540578,neutral
2_2_u,9,-0.1483317522150983,0.3809989086067718,0.022058522264059435,0.025728962694605145,0.006392481452267978,0.11633357819583676,0.6107034732898077,0.2104853640000025,0.008297618103420522,neutral
2_300_u,10,-0.7007055663387292,0.7844158790423534,0.050715091009624444,0.13596235942095514,0.01297117647482077,0.04185515635181214,0.06648601219058034,0.542912095785141,0.14909810876706614,sad
2_301_u,8,-0.19365769287105658,0.6977568147121929,0.1019732543209104,0.06211374878330385,0.002676295662240537,0.2520495609205681,0.26564945652353344,0.27894395502517,0.03659372876427365,sad
2_302_u,10,-0.19583313885959808,0.7527174239221496,0.00620019371272084,0.04537932872772212,0.0029467508313245497,0.2784421425312757,0.23165768049657345,0.4197490081191063,0.015624895581277021,sad
2_303_u,10,-0.05172445723437717,0.36220949511625805,0.01678838076768466,0.07812326803687024,0.00280121495015913,0.15524251894094046,0.6340134222060442,0.1092541124206036,0.00377708267769771,neutral
2_305_u,10,-0.7209005371725653,0.7423321413167288,0.0962456497654786,0.11184215610846873,0.00623294779798011,0.010715802072081681,0.1905838523060083,0.5172955855727196,0.06708400637726294,sad
2_306_u,10,-0.3655645442195238,0.45032548513263465,0.0636836499441417,0.064136522822082,0.06795613449066873,0.04238047045655543,0.4582450225949287,0.21216870741918678,0.09142949227243657,neutral
2_30_u,10,-0.2734554277645659,0.7903709792211886,0.00427616364613665,0.022919989214278687,0.01130738048814233,0.25845777572831136,0.20028519015759225,0.4934096701443195,0.00934383062121917,sad
2_310_u,8,-0.2172778993626709,0.472702633625886,0.04804908115147579,0.1305601912481506,0.004629566603398375,0.12771236713160755,0.5152553577936487,0.16175142749125368,0.012042008580465273,neutral
2_312_u,9,0.1475075335604034,0.30413839531441533,0.003186961829972978,0.003894315773828122,0.04968933823208009,0.22582296443740935,0.1332254494643873,0.02154481504112478,0.5626361552211974,surprise
2_313_u,10,-0.17653563120402405,0.22599975080229343,0.0044287576136414,0.039924382977187575,0.00189083327713884,0.02473205979913469,0.7492604821920394,0.15502371713519092,0.02473976700566704,neutral
2_314_u,10,-0.05625742107513371,0.5270141140732448,0.030132517195306907,0.05778353105415586,0.006572751246858339,0.2353783464990556,0.40676991471555085,0.1971469680778682,0.06621597121120425,neutral
2_315_u,10,0.233933449324104,0.5061558038258227,0.01692555533663849,0.02527982701431023,0.05584367071860465,0.37004462657496334,0.0829080741910729,0.03806212418130596,0.41093612198310436,surprise
2_316_u,10,-0.8542603758047337,0.8869151319260709,0.039881461078766965,0.04101430861046534,0.013080372929107362,0.01632737806066865,0.10841894852928813,0.7766116112470627,0.00466591954464087,sad
2_317_u,10,-0.0014706520829350644,0.6350338409189135,0.0041510571260007295,0.010150898323627129,0.007220127451000679,0.3167815944179892,0.33345367136644194,0.29673016360029575,0.03151248771464447,neutral
2_318_u,10,-0.5446640362846666,0.9108035189914517,0.01348285415442681,0.10305757476016875,0.00816045876126731,0.18306974135339255,0.07045467616990206,0.6030328899621964,0.01874180483864614,sad
2_319_u,10,-0.9966977474228772,0.9978644178314425,0.0015400840209624201,0.0018704527756198599,0.0030391826294362,0.00058333520428273,0.0017016817640978302,0.9908313632011414,0.00043390040445952005,sad
2_31_u,9,-0.07729572704475794,0.7054524765763845,0.010196499733461421,0.04472241943909059,0.013607124228858243,0.3140783747658133,0.16848639869648543,0.32284805840916103,0.1260611247271299,sad
2_322_u,10,0.13334472175920378,0.43641905564581973,0.015433393849525759,0.04823757351841773,0.004991567693650679,0.2848818887025118,0.5494272269308567,0.0828746318817138,0.014153717423323501,neutral
2_323_u,5,0.9931265325198183,0.996592405354022,0.00030398514063578,0.00042410569149063995,0.00028605276602316,0.9948594689369201,0.00108730114297936,0.0007187928189523001,0.00232029350299848,happy
2_326_u,10,-0.23994711126433693,0.6532729851664044,0.125662979000481,0.013722155660798268,0.012940817222988659,0.20666293695103372,0.15353711416246366,0.29428409633110275,0.19318990067113187,sad
2_334_u,10,-0.9143973353755429,0.9189063528989209,0.08951917966478525,0.06865954380482432,0.00278156850545196,0.00225450876168901,0.07913884092122311,0.7556915521621704,0.00195480617985591,sad
2_337_u,10,0.08202190430019969,0.5108624965592753,0.00407938963326182,0.04794958988204595,0.00104177205648734,0.2964422004297375,0.4806343992240727,0.16134954455774272,0.00850310421665194,neutral
2_338_u,10,-0.20479453440057122,0.5491293703322299,0.2043381517403761,0.11966258268803354,0.00586778954602773,0.17216741796582935,0.41866125389933584,0.04709342839196319,0.03220937576843421,neutral
2_339_u,10,0.2606586790119762,0.7432445784623269,0.01006215222296327,0.0181981325265951,0.01827624390134583,0.5019516287371516,0.21551500945352015,0.19475642107427116,0.041240412084152855,happy
2_33_u,10,-0.5731324136431796,0.5897159375657794,0.04482073231483828,0.12718909233808512,0.00743438672507177,0.00829176196129989,0.39163512773811815,0.4019799642264843,0.01864893469610246,sad
2_340_u,10,0.9300834764057072,0.9940245281643001,0.00099504757090492,0.00171978610742366,0.00040963873616414997,0.9620540022850037,0.005506667654844871,0.0288460534648038,0.00046880418085487005,happy
2_341_u,10,0.2081594811170361,0.5900347709772177,0.02357246792526002,0.016388455708511128,0.018537414591992228,0.3990971260471269,0.009817322914022899,0.13243930670432744,0.40014790610875933,surprise
2_342_u,10,-0.2109856033232064,0.3984664642717689,0.00303121687029506,0.01380882374942297,0.00134518241393375,0.09374043047428128,0.5957108736038208,0.28654081076383586,0.005822662124410219,neutral
2_343_u,10,-0.4368784766178579,0.5096592055168003,0.006385494099231601,0.025546772917732552,0.019753265025792603,0.03639036444947119,0.4105924604460597,0.42158330902457236,0.07974833403713996,sad
2_344_u,10,0.16053675839211787,0.4593514302978292,0.00959624000825003,0.01705345809459682,0.02192258590366686,0.3099440943449735,0.4725177649408579,0.10083505194634194,0.06813080476131286,neutral
2_345_u,10,-0.013781662349356499,0.5839107012085152,0.06519549680233491,0.0645834624767303,0.00465048948826728,0.28506451942957933,0.35759684219956395,0.1644167330116033,0.05849245659192087,neutral
2_347_u,10,-0.06332442728453327,0.8570616972225252,0.0162883522512859,0.012767438555601928,0.01611225403612474,0.39686863496899605,0.07833027630113062,0.41502501741051673,0.06460802647634403,sad
2_34_u,10,0.03747367393225424,0.43368001077324153,0.00653262510895746,0.060688300430774646,0.00140326451510186,0.23557684235274787,0.5623250484466553,0.1294789783656597,0.00399494078010316,neutral
2_350_u,3,-0.02851847698912031,0.22304218277956048,0.0021699482070594335,0.010141134572525766,0.0017997476776750669,0.09726185289522009,0.7749118606249491,0.11166949942708014,0.0020459565954903335,neutral
2_351_u,10,0.06743900011642821,0.2626687524898444,0.0047162901522827,0.02135266573168331,0.00086084163340271,0.1650538763031363,0.733873164653778,0.07068507866933936,0.00345808285637752,neutral
2_352_u,10,0.3204065290745347,0.493162937881425,0.00500755027751459,0.01066658189520234,0.00449119441327634,0.4067847334779799,0.4116717787459493,0.06621287781745192,0.09516528337262566,neutral
2_353_u,10,-0.716740472824313,0.7370360330445693,0.02867432117345766,0.12915044948458668,0.01948729626019481,0.01014778011012818,0.24064264059998092,0.549576186016202,0.0223213263554498,sad
2_356_u,10,-0.01845994470641029,0.11744413943961265,0.00490126225631706,0.01372143714688713,0.00995922235306347,0.04949209736660118,0.01818667678162451,0.03937012031674381,0.8643691837787628,surprise
2_357_u,10,0.9179291004606057,0.9515950208238791,0.00178099274053258,0.0024852043134159897,0.0006706510088405899,0.9347620606422424,0.043656963907415004,0.01189611211884762,0.00474801526870574,happy
2_358_u,10,0.33127018408849834,0.6111754980869591,0.022533947305055483,0.02370065763534507,0.00106504836003292,0.4712228410877287,0.3815187002357561,0.09265300369879693,0.00730580167728471,happy
2_359_u,10,0.28655490193632416,0.5613995282154065,0.00942805367521966,0.03303987412364218,0.00299780365312467,0.4239772150758654,0.4273797713685781,0.09195658168755466,0.0112207004160154,neutral
2_35_u,7,-0.47740770588695486,0.555547957757621,0.2562593796257198,0.051106607009257544,0.07298640434497164,0.039070125935333086,0.3766255389366831,0.13612544084233894,0.06782650330569591,neutral
2_361_u,10,-0.3080431542359293,0.3300557920709252,0.02657747156918066,0.04970306456089016,0.04463190925307567,0.01100631891749794,0.24152363240718838,0.1981370277702808,0.42842057552188634,surprise
2_365_u,10,0.003456832349183936,0.6641340089292498,0.02624629434867546,0.03085288183065127,0.0065966483598458,0.3337954206392169,0.3310674206644762,0.26664276375086043,0.0047985704062739,happy
2_367_u,10,-0.34041148554533723,0.461201349273324,0.013062027201522289,0.01469610077328975,0.01822918833931903,0.060394931863993376,0.09489993611350651,0.3548191010951996,0.44389871461316943,surprise
2_369_u,6,-0.03496526343709182,0.09072192299451372,0.004498488206688216,0.017018753880013983,0.0008066616089005334,0.02787832977871095,0.9080057243506113,0.04051968952020003,0.0012723526548749,neutral
2_36_u,10,-0.7172005977830851,0.7465088384458796,0.0746853426564487,0.05394223183393475,0.00461774829891505,0.01465412033139723,0.19241674970835446,0.5986093953251839,0.06107441184576595,sad
2_370_u,5,-0.043236487556714574,0.12960427721263834,0.00614229644415912,0.01717606913298364,0.002331043430604,0.04318389482796188,0.8639483213424682,0.0607709733769297,0.0064474014448932995,neutral
2_371_u,10,-0.2084702012070921,0.49416185477166436,0.026118362665875,0.07512500111479307,0.00234314668923612,0.14284582678228613,0.498543756455183,0.24772951751947403,0.00729438877315256,neutral
2_372_u,9,-0.5031504310900347,0.5440834684737235,0.041908425291896895,0.09005007810062829,0.03632762816010246,0.020466518691844366,0.4242417613665263,0.3553308182292514,0.0316747701597503,neutral
2_373_u,10,-0.4314489479176701,0.4976454502902925,0.06347204367630202,0.07287118770182129,0.03407199545763427,0.0330982511863112,0.4222094688564539,0.29413197226822374,0.08014508085325357,neutral
2_374_u,10,-0.19116627710172912,0.4964523458504118,0.00626444273511893,0.01241016681306059,0.00207790815620679,0.15264303437434132,0.4941237598657608,0.3230567937716841,0.00942389428382737,neutral
2_375_u,10,0.04447900676168497,0.3466075984295457,0.03503323502372966,0.017674900079145968,0.00634290620218957,0.19554330259561534,0.6038457676768303,0.09201325452886519,0.04954663389362392,neutral
2_376_u,10,-0.21354389543412253,0.41668658106354994,0.025375792139675613,0.07395170927047726,0.00460237390361722,0.1015713428147137,0.5764468729496002,0.21118536293506618,0.006866545986849761,neutral
2_377_u,6,0.02807840363432959,0.30907628157486516,0.020344227125557914,0.039288795242706884,0.005538905776726667,0.16857734260459736,0.6738208134969076,0.07532701082527633,0.017102904928227233,neutral
2_378_u,10,0.23844190840609367,0.6780351936351507,0.008464074530638969,0.03189781918190414,0.00425999814178789,0.4582385510206223,0.30800307765603063,0.1751747507601976,0.01396172870881851,happy
2_380_u,8,-0.5358970493543894,0.7549950583779719,0.01668107589648585,0.01899306091945614,0.24988200579537073,0.10954900451179124,0.11635973444208499,0.35988991125486786,0.12864520717994304,sad
2_381_u,10,-0.7141154174227269,0.7969950303668157,0.559655087447027,0.09144181488081808,0.007948047091485898,0.041439806472044385,0.15204765351954846,0.09651027447544033,0.05095731611363585,angry
2_385_u,10,-0.6509821174200625,0.738319362141192,0.08863315253984201,0.05453536203131075,0.014991857856512001,0.04366862236056472,0.13467206042259927,0.5364903673529625,0.1270085774362087,sad
2_387_u,10,-0.49640116106020304,0.7350405916455203,0.11436747777042933,0.07821058556437487,0.00556008281419047,0.11931971529265864,0.25611084550619123,0.41758273020386694,0.00884856284828852,sad
2_388_u,10,0.734396628466493,0.9481018448350369,0.031099852819898077,0.03314697280875403,0.00112361893625343,0.8412492366507649,0.05041725655901243,0.041482163619366436,0.00148089860595059,happy
2_389_u,10,-0.3087114723923152,0.5916529965179508,0.007678319042315959,0.039285117015242524,0.0052116105915046805,0.14147076206281778,0.3965664867311716,0.39800718780606986,0.01178051675087766,sad
2_38_u,10,-0.21053578456048866,0.6864605476439465,0.2986613075772769,0.054064456745982106,0.0090846470324322,0.23796238154172894,0.2753138383850455,0.08668775474652644,0.038225613971007946,angry
2_390_u,10,-0.06903485991642816,0.22124065245152452,0.0046674918005012,0.01636163862422102,0.0040323832974535805,0.07610289626754815,0.7459371298551559,0.12007624246180053,0.032822217693319514,neutral
2_392_u,7,0.5473008210787417,0.8813120675788794,0.0099991287903063,0.010876795243737913,0.003929101371405871,0.7143064443288105,0.08999755441410728,0.14220059784461875,0.028690378007013313,happy
2_393_u,10,-0.8474599844019396,0.8604524506896268,0.0186667404253969,0.031303726660553324,0.00229854562203396,0.006496233143843649,0.13869118089787658,0.8016872048377991,0.00085636841249648,sad
2_397_u,10,-0.8695352740003729,0.8790859471657313,0.18912846847670176,0.13840191997587678,0.00511321671074252,0.00477533658267925,0.11614902578294273,0.5416670054197311,0.00476502705132584,sad
2_398_u,6,-0.08189551217947162,0.3258408363520478,0.0024041214201135333,0.0074764842477937,0.00258754790411325,0.1219726620862881,0.6706253786881765,0.19140002069373926,0.00353378495977565,neutral
2_39_u,10,-0.25963172540068635,0.40802029259502887,0.054621753771789586,0.11082449918612833,0.008103506802581189,0.07419428359717127,0.5318173348903656,0.16027624923735853,0.060162372514605475,neutral
2_3_u,6,-0.2919187158113346,0.36865724502907443,0.046750238708531046,0.044403984211385215,0.042751513072289464,0.038369264608869906,0.4374443677564462,0.19638224442799881,0.1938983872144793,neutral
2_400_u,10,0.12089731186861156,0.6326954214251601,0.01708295983844462,0.012862033373676201,0.00343766976729961,0.3767963666468858,0.34772322438657277,0.22251639179885382,0.01958135418826708,happy
2_405_u,10,-0.6504865446360784,0.7303805199218913,0.03332947832532247,0.13953473828732962,0.00528924264945085,0.03994698764290655,0.20197117647621776,0.5122800730168819,0.06764830360189075,sad
2_406_u,10,-0.8051393424277196,0.8109228576300666,0.1175415298610462,0.048349925503134675,0.05325958256144072,0.0028917576011735498,0.022891625948250248,0.5888800621032715,0.16618551642168308,sad
2_407_u,10,0.9634516533958957,0.9824136200797511,0.00032564457578724,0.00138617874472398,0.00027288730707364,0.9729326367378235,0.016014422330772448,0.00749627271434288,0.00157195758947631,happy
2_408_u,6,0.1891039352340157,0.4590943017877483,0.0115210722821456,0.023559319476286533,0.0035721269960048833,0.32409911851088197,0.49435254248480004,0.09634266452242927,0.04655315572745163,neutral
2_409_u,5,0.14222255395725364,0.5042521010152996,0.006447265279712321,0.018922479776665523,0.0016600982926319602,0.32323732748627665,0.49410124123096466,0.15398493018001316,0.0016466577537357402,neutral
2_410_u,10,0.2723268806497799,0.8203280225832714,0.0016961849891232801,0.00957415130396835,0.00135625795082884,0.5463274516165256,0.1734685414674459,0.26137397672282525,0.00620343594928267,happy
2_413_u,10,-0.5299705751240256,0.8271331819240004,0.00943479232955747,0.020406015170738027,0.03549244166351849,0.14858130339998749,0.13898670617491002,0.613218629360199,0.033880111901089506,sad
2_415_u,10,-0.2721520741353744,0.2966874827514403,0.014861507865134852,0.04372263941913838,0.00560745180118823,0.01226770430803293,0.6062348365783692,0.22022817935794586,0.09707768067019054,neutral
2_416_u,9,-0.13701646552524638,0.42943855669970316,0.0753651498105482,0.11550624756556416,0.0024296219344250446,0.1462110455872284,0.5652517908149295,0.08992649180193739,0.0053096524853672895,neutral
2_419_u,10,0.44565723388805045,0.7066161230264697,0.00120562148222252,0.00428746426478024,0.00059110903821415,0.5761366784572601,0.29239926487207407,0.12439524978399272,0.00098461210145611,happy
2_420_u,10,-0.27870376633945865,0.3701088819885627,0.008954707381781389,0.022573779709637108,0.00724337416468183,0.04570255782455201,0.6241751540452242,0.28563446290791034,0.0057159639662131,neutral
2_421_u,7,-0.27834215899929415,0.3896153792073684,0.02143264724041487,0.052148031603012714,0.060346924142712415,0.05563661010403713,0.5771231002041272,0.2000511661171913,0.03326152058850439,neutral
2_422_u,10,-0.10690475683659326,0.5273629860021174,0.026650394615717433,0.04807608244009311,0.00223597937729204,0.21022911458276208,0.4668254852294922,0.24017141498625277,0.00581152876839036,neutral
2_423_u,10,-0.14552551349625004,0.5981362473568879,0.012744546402245972,0.01079691998311313,0.2994098533992655,0.22630536693031894,0.12700497015612194,0.04887956064194436,0.27485878248699,fear
2_425_u,10,0.8778893662645715,0.9522419022367103,0.00098459007422226,0.00240638748218765,0.00415743183839363,0.9150656342506409,0.008527772457455231,0.029627858591265932,0.03923032530583437,happy
2_426_u,10,0.08684762078046324,0.9191811309225159,0.01068347714899593,0.01772493370226581,0.0171671671501826,0.5030143758514896,0.01154638941807202,0.370591177069582,0.069272479659412,happy
2_427_u,10,-0.8217296943592375,0.9896046833600849,0.01603772720845903,0.02528940984047945,0.00266884396551172,0.08393749450042373,0.007611170600284781,0.861671207845211,0.00278414603963023,sad
2_428_u,10,-0.21904821039643146,0.5105033579980954,0.028327572485432218,0.05149663314223285,0.006924970936961421,0.14572757380083198,0.4797577101737261,0.278026607632637,0.00973893182817842,neutral
2_429_u,10,-0.5915643802203705,0.8090554041613359,0.13314781939989206,0.25279784887679846,0.03048615855950625,0.10874551197048274,0.17386202404741194,0.28387806535465643,0.01708257179125207,sad
2_42_u,10,0.09102762592374343,0.3622615681088064,0.01234924016753226,0.046078814798966,0.00157188241719263,0.22664459701627487,0.6287470847368241,0.07561703370884057,0.00899134715436952,neutral
2_430_u,6,0.025985203489350673,0.6446006264304742,0.03756219001176477,0.0163364045050305,0.0033369434919828835,0.3352929149599124,0.3425239301674689,0.2520721734617836,0.012875443402056852,neutral
2_431_u,8,-0.5269455714951621,0.5906972919692635,0.0058597669194571005,0.024875385570339813,0.0027367143920855124,0.03187586023705075,0.3999046254903078,0.5253495648503304,0.009398082540428686,sad
2_433_u,10,-0.3394875656580554,0.41789010965730994,0.02547390183317495,0.12117626313120122,0.005705132015282241,0.039201271999627293,0.5698101490736007,0.2263335406780243,0.01229974126908922,neutral
2_434_u,6,0.20849696056878494,0.4564946544608878,0.0027337561477909166,0.0075024848047178,0.0013258456213709668,0.3324958075148364,0.5385923840512987,0.11243676037217176,0.004912961487813484,neutral
2_435_u,10,-0.4850702233030463,0.6242446250282228,0.13268361496157033,0.05503611476160582,0.009168058750219591,0.06958720086258831,0.3080526265315711,0.35776963569223874,0.067702748440206,sad
2_437_u,10,-0.5269720000738746,0.7101206056016964,0.15816773376427615,0.05584766799584027,0.00291654373286286,0.09157430276391092,0.28054962167516345,0.4016143573448062,0.00932977272314014,sad
2_438_u,10,-0.045684113679453804,0.6176306979265064,0.00554641386843302,0.02283641593530769,0.00191253759548995,0.28597329212352635,0.3741661265492439,0.3013620384037494,0.00820317552424963,neutral
2_439_u,10,-0.475654231151566,0.6947041954379529,0.03239990107249485,0.02938502850010986,0.07669996253680432,0.10952498214319344,0.11692469841800628,0.4466943211853504,0.1883711061440408,sad
2_43_u,10,-0.5470866673800631,0.5888867827306967,0.12595927102374863,0.18142571244388814,0.00515649667941029,0.02090005767531688,0.353689918294549,0.2554452449083328,0.05742329897475425,neutral
2_440_u,10,0.11186181061202653,0.403440640529152,0.0038759059068981796,0.015103842644020852,0.00310992366576096,0.2576512255705893,0.588249309360981,0.12369974274188275,0.008310050109866959,neutral
2_441_u,10,-0.75168044148013,0.7689961683470756,0.01744668806786667,0.04964039886835958,0.0016778857272583398,0.00865786343347277,0.2298978589475155,0.6915733322501183,0.00110597270540887,sad
2_442_u,8,-0.10541866667335864,0.258226063742768,0.023042493325192686,0.02554807806154709,0.010171286354307037,0.07640369853470469,0.7162830680608749,0.12306050746701652,0.025490868196357,neutral
2_443_u,7,0.0790184949458177,0.3169835720410837,0.005301423803238142,0.009113658219575814,0.004352114362908215,0.1980010334934507,0.6788049063512257,0.10021534216191082,0.004211521607690558,neutral
2_444_u,10,-0.9521586038346868,0.9545960467483383,0.0544962268497331,0.016411895584315023,0.026958848815411267,0.0012187214568256902,0.017634799471124958,0.8555103540420532,0.02776915378053668,sad
2_445_u,10,-0.0869318262091839,0.11629143258323897,0.00528820790641499,0.01791005907580251,0.0016220830235396902,0.014679803187027541,0.8748535096645356,0.07679127939045424,0.0088550577522255,neutral
2_446_u,10,0.17662963659968214,0.4374865979189053,0.013501576730050379,0.0259554854012094,0.01181600569980214,0.3070581172592938,0.4961901314556599,0.0791554128285497,0.06632327062543478,neutral
2_447_u,10,-0.09988199864747013,0.34722010829718786,0.01336804030579534,0.06559553015977139,0.00213536706869486,0.12366905482485886,0.6467899471521378,0.1424521159380674,0.00598994455067436,neutral
2_448_u,10,0.18700311150168986,0.6341227858443745,0.00380364161101191,0.00590171983349132,0.00135151207214217,0.4105629486730322,0.364546038210392,0.2125029636546969,0.0013311759452335,happy
2_449_u,7,-0.3275370238614935,0.37991870374285747,0.011962609735617072,0.016934236644634143,0.09651166785624805,0.026190839940682,0.5918762651937348,0.22831934956567626,0.0282050310634076,neutral
2_44_u,10,-0.8729320471116809,0.9015438909118529,0.04066356869298049,0.02441739097703245,0.016535322763957038,0.01430592190008606,0.0439537226222455,0.805621686577797,0.054502386465901456,sad
2_450_u,10,-0.2659636541327929,0.34424666730337783,0.045699667115696015,0.07970731835812325,0.00576366275199684,0.039141506585292474,0.6403092086315155,0.17393451249226924,0.015444124065106679,neutral
2_454_u,10,-0.6980027296696791,0.7501470114220866,0.00954500850057252,0.02405224216636265,0.031238392554223497,0.026072140876203707,0.055035322345793204,0.6592392273247242,0.1948176662321202,sad
2_456_u,8,-0.3652524303179235,0.39645128487609327,0.06564216889091787,0.10778219997882839,0.005734004400437625,0.015599427279084876,0.5927768647670746,0.20169348432682452,0.0107718503568321,neutral
2_457_u,6,0.7523783741053193,0.9160061456107846,0.0007224258830928499,0.0017428122470542998,0.0022531873983097834,0.8341922598580519,0.07940122178600474,0.07709546022427573,0.00459263260321065,happy
2_458_u,10,0.5686166190425865,0.7250006741960533,0.0009877968732327827,0.00697439543146168,0.00031271360858222,0.6468086466193199,0.27428321377374226,0.06991712166345673,0.00071611203020433,happy
2_45_u,7,0.1609825760824605,0.26708896695968826,0.0042774658816469285,0.011040334423471715,0.0018977628621671286,0.21403577152107436,0.714354042496,0.03583763227132809,0.01855699054431167,neutral
2_461_u,10,-0.48477812189376,0.5544708123779856,0.05856375650619178,0.1759273125790059,0.010065749386558269,0.03484634524211282,0.4169692240655422,0.2750676486641168,0.028559963556472175,neutral
2_462_u,10,0.16660361220710904,0.3059783279371914,0.0032135391142221297,0.00965740336105224,0.00180332599556999,0.23629097007215022,0.6903008185327053,0.05501308939419682,0.0037208535301032795,neutral
2_463_u,10,-0.6048094735248015,0.6197104694321751,0.01655626104911805,0.13887125495821234,0.05369734764099117,0.00745049795368682,0.14667093511670826,0.4031351078301668,0.23361859545111652,sad
2_464_u,5,-0.06589562394656252,0.27385483034886426,0.001384018850513,0.006799707235768381,0.00216063342522826,0.10397960320115085,0.7224481344223023,0.15953086763620372,0.0036970352288335,neutral
2_465_u,10,0.294264874397777,0.5771853933343664,0.006391343675204711,0.03459332503844047,0.00102598512021355,0.4357251338660717,0.42025427031330764,0.09944960563443597,0.00256033635232592,happy
2_467_u,10,-0.6476213384419681,0.6585530248470605,0.04596095676533898,0.08113620877265924,0.07856008494272824,0.00546584320254619,0.14375379160046572,0.4474299311637878,0.19769318355247376,sad
2_471_u,10,0.013889008940895942,0.4851992696581874,0.00496923900791463,0.02213044925592836,0.0025930627249180697,0.24954413929954167,0.5085174947977066,0.20596237936988468,0.006283235544105941,neutral
2_472_u,9,-0.27988026476103,0.3960278441793182,0.019465706983788356,0.06063710305736292,0.008403668555224045,0.05807378970914409,0.5942469735940298,0.2494475758737988,0.009725182226652022,neutral
2_473_u,10,-0.07084115787292845,0.10300780038232919,0.00101126285153465,0.01001721981447186,0.00123397379647934,0.01608332125470037,0.8951954185962677,0.07466202266514296,0.0017967810214031,neutral
2_474_u,10,0.6601238453004041,0.9960272229101974,0.01262808129249628,0.03780812334734942,0.00564366034523114,0.8280755341053009,0.0009111805586143901,0.11187182381981979,0.00306159653118807,happy
2_475_u,8,-0.03146105702035136,0.17303545802133158,0.008881031244527725,0.031891639926470775,0.0010127223504241,0.07078720050049012,0.8235465362668037,0.06046286399941887,0.003418005711864625,neutral
2_477_u,10,0.5778134337000664,0.6561048991672578,0.00270869129308286,0.01142175908607892,0.001013488651369638,0.6169591664336622,0.33871517698280507,0.024001793703064274,0.0051799238499370005,happy
2_478_u,5,-0.18732206625863917,0.3749049532227218,0.0177986644906925,0.01242283275350926,0.01434294723439956,0.09379144348204131,0.6153704270720481,0.2365490652620792,0.00972461970522996,neutral
2_479_u,10,-0.028846180980326652,0.1613792650226969,0.00439981250092405,0.01842813771218054,0.00109667366486969,0.06626654202118512,0.8345929980278015,0.07118809912353749,0.0040277369495015205,neutral
2_481_u,10,-0.6308291748864578,0.6459389871684834,0.00421593068167589,0.0076069489587097805,0.00443000572267915,0.00755490614101284,0.35338380336761477,0.6221311956644058,0.00067720946390176,sad
2_482_u,10,-0.3030725622607862,0.4097992464492563,0.02105206887645201,0.06597530059516425,0.00465121459856157,0.053363342094235065,0.5466719668358564,0.2647573202848434,0.04352878671488721,neutral
2_484_u,10,-0.11159751451923519,0.15445081400102934,0.0070359514560552104,0.030773406662046848,0.0024420279252808,0.02142664974089708,0.8429967939853669,0.0927727782167494,0.0025523920136037797,neutral
2_485_u,10,0.36926855200435954,0.5113412698032335,0.00800817326235143,0.01143072482664133,0.02771060439699789,0.44030491090379653,0.27074635513126843,0.02388685641344633,0.21791237506549802,happy
2_486_u,10,0.07614921653293986,0.8361919627233874,0.011798702832311641,0.02818375097122039,0.00991077951621258,0.45617058962816365,0.07548373051686207,0.33012813977547917,0.08832430675975042,happy
2_487_u,9,-0.16277652114836721,0.3395504860931801,0.009828836372536344,0.0253300751662916,0.016575142146191598,0.08838698247240644,0.6255994008647071,0.1994294499357541,0.03485011304211282,neutral
2_488_u,10,-0.720988291973481,0.7315390087256672,0.048470339534105865,0.0201829267200082,0.1615908230654895,0.00527535837609314,0.029806422226829422,0.49601956102997063,0.23865456904750318,sad
2_489_u,9,0.1161252412841551,0.3219502134145134,0.004272602925387722,0.018286347803142276,0.002517346331539211,0.21903772734933424,0.6683858897950914,0.07783618900510995,0.009663896790395123,neutral
2_48_u,10,-0.29323520660982483,0.8543537834717426,0.056117237286526,0.0852890403650235,0.04615834381838791,0.28055928843095895,0.07936537509085606,0.38622987357084637,0.06628084143740122,sad
2_490_u,10,0.536920765065588,0.8447494920575991,0.04668133438099199,0.06622590553597543,0.00647684739669778,0.6908351285615936,0.11467167341616,0.034530276182340405,0.04057883452624078,happy
2_491_u,8,-0.2911392352471013,0.3302443430802669,0.03347172169014829,0.04800899309338999,0.0130124628412886,0.0195525539165828,0.524788617331069,0.2161986115388572,0.14496703958866414,neutral
2_492_u,10,-0.010145977840875339,0.2065431868220912,0.004663571063429259,0.01319522233679887,0.00127407652616962,0.09819860449060794,0.7858020901679993,0.08921171240508552,0.00765472300990945,neutral
2_493_u,9,0.06271817327878021,0.47276855353589375,0.0339507763629729,0.03776420657393621,0.0018799382443022,0.26774336340733695,0.5250195577488436,0.1314302689473455,0.002211888715262578,neutral
2_494_u,10,-0.15285896265413618,0.2129297256236896,0.02637205666978863,0.03617346645332867,0.01525839380337852,0.0300353814847767,0.7604902431368827,0.10509042721241708,0.026580031239427582,neutral
2_495_u,9,-0.19460350972238116,0.44864361567629707,0.04427838336171914,0.032449763682153444,0.12146974754998355,0.12702005297695798,0.47023336299591595,0.12342566810548303,0.08112302132778693,neutral
2_498_u,10,-0.07680250350094876,0.16162659506953786,0.00598139912763164,0.05404941746965046,0.0013143355841748,0.04241204578429456,0.8348120629787446,0.05786939710378643,0.0035613419517175698,neutral
2_499_u,10,0.05955045765731478,0.6950445538153872,0.00367242533830013,0.030411708727478937,0.0037331294210161403,0.37729750573635096,0.2755913089960813,0.27992978459224105,0.029364137188531418,happy
2_49_u,10,-0.15291733318008494,0.20858279364183546,0.01146734884823696,0.04145520627498621,0.00335547244758339,0.02783273023087527,0.7839570581912995,0.12447203584015365,0.007460148166865061,neutral
2_500_u,9,0.1711792823173002,0.3652156472995153,0.0026958840284756996,0.021650811052596555,0.004528475925326288,0.2681974648084078,0.622012445030527,0.068143011484709,0.012771907669957679,neutral
2_502_u,9,0.39684377303476337,0.5038188333403215,0.0033277048884582557,0.013673348300572843,0.001647222651323889,0.4503313031875425,0.4897305659121937,0.03483925431242412,0.006450600747484667,neutral
2_504_u,10,0.03087347292457695,0.8541520802944433,0.01637809020176085,0.09181834792252624,0.010818925520288711,0.4425127766095101,0.04449620206141841,0.29262394004035736,0.10135171764413822,happy
2_505_u,10,-0.5349620856577533,0.674673778912984,0.06363234478049,0.01818118416704232,0.004881095513701391,0.06985584662761535,0.3156639080494642,0.5181233078241348,0.00966231303755188,sad
2_506_u,10,-0.4489591281686445,0.6224154427938628,0.04909424891811812,0.05203737041447308,0.02049165666103358,0.0867281573126092,0.3200595028698444,0.41406400948762895,0.057525054336292625,sad
2_507_u,10,0.19875756652327245,0.3887506384286098,0.01293126149685142,0.01080165232997383,0.00177460555569263,0.29375410247594114,0.6056702256202697,0.0694890165701508,0.00557913595112036,neutral
2_508_u,10,-0.22185468285460966,0.27368848848273053,0.03643040249589851,0.05155524425208563,0.0029716148099395803,0.02591690281406041,0.7225660026073456,0.15681432411074633,0.00374550890992389,neutral
2_509_u,5,-0.18642646000953406,0.2348201699671335,0.008150535740424179,0.06938363909721368,0.00269936854019754,0.02419685497879974,0.7623515367507935,0.1303897716104984,0.00282829328207296,neutral
2_50_u,10,-0.3915577111940366,0.6156101596250665,0.08433611069631312,0.05977926303166892,0.02421153773611874,0.11202622421551492,0.3374142497777939,0.33525702394545076,0.04697559059713964,neutral
2_511_u,8,-0.2819645774397942,0.6121188649522082,0.07864770486048674,0.0681570240994915,0.024110773974825812,0.16507714375620702,0.3292479990050196,0.2761262182611972,0.05863313604277206,neutral
2_512_u,10,-0.06904968782328078,0.2913649666588754,0.02516071578138527,0.04681560564786192,0.00439298329292791,0.11115763941779729,0.6960298418998718,0.10383802251890299,0.01260519144125278,neutral
2_514_u,10,-0.0724007533863188,0.22021898571401835,0.00859362136106959,0.01764602409675712,0.00596911890897894,0.07390911616384979,0.6572923868894577,0.11410110518336292,0.12248862739652391,neutral
2_517_u,10,0.127483656888944,0.8532105260732351,0.00301478594192324,0.011958118248730859,0.00068725893797814,0.49034709148108957,0.14586629727855321,0.3472032714635133,0.00092317664821161,happy
2_518_u,10,-0.38649808685295295,0.4081017596181482,0.15282933976850493,0.1344283716753125,0.00428823102847668,0.01080183638259764,0.5812997207045555,0.10575398076325651,0.01059851967729623,neutral
2_51_u,10,0.032581758452579226,0.6127700336743147,0.038998796872329225,0.10183715485036368,0.00858736984664569,0.32267589606344693,0.33516127169132226,0.14067081604152915,0.05206869463436301,neutral
2_521_u,10,-0.35476632405479913,0.452831605807296,0.05832239921146557,0.01133632252458477,0.31845472473651165,0.04903264087624844,0.0089790396537864,0.01568551845848556,0.5381893545389176,surprise
2_522_u,10,-0.07215958090964714,0.5300229020649567,0.02782819237909297,0.07852305304259058,0.00170824581873599,0.2289316605776548,0.4587449535727501,0.1930317502468824,0.011232144362293129,neutral
2_523_u,10,-0.21478641496505596,0.39237700786907226,0.08582057937746891,0.04765062890946859,0.00923024724470445,0.08879529645200815,0.5632195010781288,0.16088025588542218,0.044403491052798894,neutral
2_524_u,10,0.025795341344200955,0.30537291181681214,0.01467190040566509,0.03528069972526276,0.00199862090521488,0.16558412658050653,0.6909255981445312,0.08783756420016285,0.0037014900386565805,neutral
2_525_u,10,-0.36808260889956734,0.576398587145377,0.0047184188602843,0.02108854893594975,0.3310403086376027,0.10415798912290479,0.02316752831684421,0.1153933215886354,0.4004338845377788,surprise
2_526_u,3,-0.044761675099531904,0.3093075988193353,0.013519999648755,0.0128787004699309,0.0194818640593439,0.1322729618599017,0.6650261282920837,0.1311540727814038,0.025666272888580935,neutral
2_527_u,10,0.027460289048030866,0.23786698728799824,0.00629114410839995,0.02028644348029043,0.03599598985165352,0.13266363816801455,0.1945276860147714,0.04262977167963978,0.5676053266972303,surprise
2_530_u,10,-0.01710535997990529,0.17509975417051465,0.00582214006863087,0.01455608634278172,0.0013735568412812,0.07899719709530467,0.8194119900465011,0.07435077382251618,0.005488255782984159,neutral
2_531_u,10,-0.5256212601496373,0.6000558733183425,0.02315414218464887,0.07827194626443086,0.0055718319956212705,0.03721730658435257,0.27383693307638163,0.4558406462892889,0.12610719360527578,sad
2_532_u,10,-0.23645737766637476,0.40360160963027736,0.057803979460732256,0.03403836386278269,0.00477717630856199,0.08357211598195131,0.5823417112231255,0.22340997401624912,0.01405667914659712,neutral
2_534_u,10,-0.09230228135129445,0.8013141255243681,0.0048336631967688,0.01996909999288613,0.041659063333645406,0.35450592208653686,0.04403376438422123,0.38034637691453094,0.15465211009141056,sad
2_535_u,10,-0.8793973915628159,0.9486909316387028,0.00540073069860242,0.0175926203373819,0.013605029333848462,0.03464677003794344,0.01683042068034405,0.8774457812309265,0.034478647680953114,sad
2_536_u,10,-0.9304208931105679,0.9374859058822039,0.00129181101801826,0.00308210705406959,0.00085982376476744,0.00353250638581808,0.06209757551550862,0.9287196576595307,0.00041651860228733995,sad
2_537_u,10,-0.24928573108627475,0.2923372551274952,0.02022523693740389,0.0515468185767531,0.007628472958458521,0.02152576202061023,0.7036004140973091,0.19141096463426943,0.00406233077519569,neutral
2_53_u,10,-0.8879921105864923,0.8951428031723481,0.01079854884301326,0.02353594098240133,0.00826227966463189,0.0035753462929278405,0.09680453138425943,0.8489706873893738,0.008052665443392419,sad
2_540_u,9,-0.40057131936514956,0.40882314543705434,0.004312186269089678,0.020807293554147052,0.0015173843777220556,0.0041259130359523445,0.5895331667529212,0.37806036820014316,0.001643687810024411,neutral
2_541_u,8,0.021392510392615652,0.9353205553306908,0.028038525895681427,0.016105675415019463,0.0029172562826715372,0.4783565328616532,0.061006930438452345,0.4099025648756651,0.00367251423085685,happy
2_542_u,10,-0.872831903974293,0.9148611250740941,0.0037354534375483596,0.027575450926087743,0.01615396972629237,0.02101461054990063,0.02911578295752401,0.8463816404342651,0.05602309196838172,sad
2_546_u,10,0.03683876605937246,0.49712680218508465,0.023360793309984897,0.05195939647965129,0.012667963810963509,0.2669827841222286,0.3803070105612278,0.14215586446225642,0.12256618725368751,neutral
2_547_u,10,-0.7102666471735576,0.7138679960626179,0.4094473289325836,0.07392448969185347,0.00561600450891995,0.00180067444453011,0.26784264910966155,0.2230794984847307,0.01828935482772062,angry
2_548_u,10,0.9833530230418546,0.9955741124256747,0.00023632227384971002,0.0004472812492167,0.00027919957356056,0.9894635677337646,0.00410945614567022,0.0051477415952831,0.00031643142865499,happy
2_549_u,3,0.38102869673942513,0.5819456131818395,0.004230275284499167,0.017895028305550332,0.0033357494200269,0.4814871549606323,0.40926068524519604,0.07499740521113073,0.008793701572964533,happy
2_54_u,10,-0.8524484833207682,0.8981921014230465,0.23554246335115772,0.23899686045479024,0.007526498485822179,0.02287180905113921,0.0858762588119134,0.39325447008013725,0.015931639765039987,sad
2_550_u,10,0.11371779519831748,0.5838414142956027,0.015534872462740401,0.02001862330362195,0.00630525494343597,0.34877960474696007,0.3523727465420961,0.19320305883884425,0.06378583916230121,neutral
2_552_u,10,-0.35106054549105475,0.9591409395448863,0.22243516470771302,0.17536870725452897,0.02065109601244325,0.3040401970269158,0.02987095834687347,0.23664577454328534,0.01098810210824008,happy
2_553_u,10,-0.9611888558196371,0.9732637791894376,0.03602994712709937,0.0741955608595162,0.0045840497885364494,0.0060374616849003,0.018630921514704767,0.8524167597293854,0.008105299295857491,sad
2_555_u,10,0.5819852974265813,0.7095495164394379,0.00968167623650534,0.00504853178863409,0.02926907669025236,0.6457674069330096,0.062288807088043505,0.01978282479103651,0.22816167647251856,happy
2_556_u,10,-0.22993168070679543,0.2512062808847987,0.01953932909527814,0.05017100139521058,0.00536092373076822,0.01063730008900161,0.7331911772489548,0.1654977265745401,0.01560254186624655,neutral
2_557_u,10,-0.9609409102064094,0.9620420669729356,0.08494488195865438,0.01688518640585238,0.02144208156969394,0.00055057838326314,0.02835657680407162,0.8382193386554718,0.00960135622299271,sad
2_558_u,10,-0.5443500796565788,0.7059986359672622,0.06858474102336935,0.0248193180537782,0.00657653297530483,0.08082427815534168,0.26341029927134507,0.5251937657594681,0.03059106476139272,sad
2_559_u,10,-0.5244691849511584,0.5612713450100273,0.01781083477253578,0.015100132301449732,0.4362453378736973,0.01840108002943448,0.0195471516344696,0.07371396003291006,0.4191815033555031,fear
2_55_u,10,-0.33019281649176274,0.5674278622042038,0.00854917167453113,0.026006449182750628,0.00161095297225979,0.11861752285622058,0.4256955561228096,0.4126437655184418,0.00687658167298644,neutral
2_560_u,10,-0.8880186174705159,0.9271425143873785,0.0604945159750061,0.11286868096794929,0.00857466178713359,0.01956194845843125,0.05465934855164957,0.7256427071988583,0.018198137060971897,sad
2_562_u,10,-0.34579452178440995,0.5013348049949855,0.01816562876338159,0.038443214446306176,0.01778116327477615,0.07777014160528775,0.39122440293431276,0.34917465690523386,0.10744079207070167,neutral
2_564_u,10,-0.5718416666379199,0.7013774365885184,0.20706770627293758,0.27665382772684094,0.00941757531836623,0.06476788497529919,0.2854547016322612,0.1434704422950744,0.013167861779220368,neutral
2_567_u,10,0.20299739430192848,0.7586559957591816,0.011884476576233422,0.00668229667935516,0.00189226860529739,0.48082669503055514,0.23916022889316083,0.25737025886774056,0.0021837753476574703,happy
2_569_u,10,-0.7614470991306008,0.780580683099106,0.03976381027605401,0.09508039988577362,0.3305599525570869,0.00956679198425259,0.10951576675288374,0.3056097283959388,0.1099035501480102,fear
2_56_u,10,0.9423821983713424,0.9706391157727922,0.00044122146937315004,0.00243770762172058,0.00045703600044357,0.9565106570720673,0.0252170251536881,0.01079249360918761,0.004143859073519661,happy
2_570_u,9,-0.3232617161702366,0.35558625996216303,0.012378552268880311,0.046260805179675374,0.03959613964737699,0.016162271895963243,0.5775731553634008,0.24118849097026715,0.06684058467443614,neutral
2_572_u,10,-0.6364236944529695,0.7001812140631956,0.04749406324699546,0.055288361664861396,0.00958154855179595,0.031878759805113024,0.26204274687916035,0.5559384807944298,0.037776039057644026,sad
2_573_u,10,-0.1052352641825565,0.31324046399677175,0.00436314746039005,0.03835831105825485,0.005721771571552349,0.10400259990710763,0.6616546904668212,0.16079463399946686,0.025104845536407027,neutral
2_574_u,9,-0.25278058376473694,0.5367581353574578,0.02676263000143502,0.03632998906282909,0.011772382681051023,0.14198877579636038,0.45403367405136424,0.31990435781578225,0.009208190591177966,neutral
2_575_u,10,0.14444809020496902,0.7152124888729304,0.00834351806843199,0.1980587905156426,0.00682301181659563,0.42983028953894975,0.2121412206441164,0.07215687893331046,0.07264629048295315,happy
2_576_u,10,-0.898315612098668,0.9059363816166298,0.0384362793469338,0.057763437088578895,0.011023657722398609,0.0038103847589809102,0.08729606894776219,0.7949026226997375,0.006767549435608031,sad
2_577_u,10,-0.8068296975921841,0.8536804024595768,0.00420424380572524,0.013765175291337032,0.00616525911027561,0.023425352433696343,0.13651118427515024,0.8061203718185425,0.009808413265272941,sad
2_579_u,10,-0.2340136298444123,0.5243498391704634,0.030510405392851818,0.07147292755544182,0.03348102392628785,0.14516810466302554,0.06800490736495698,0.24371737763285636,0.4076452534645796,surprise
2_581_u,9,-0.42514831316657375,0.5452209716507544,0.08173507911204897,0.12791571662657789,0.011795079529595822,0.06003632924209033,0.4030306703514523,0.2637387671404414,0.05174835799779325,neutral
2_583_u,6,-0.18529579510019797,0.41197188261624745,0.021368980989791665,0.02056449977681035,0.01668061010423112,0.11333804375802474,0.5681257272760073,0.24001974798738956,0.019902390107745267,neutral
2_585_u,10,-0.74806040704716,0.8010839310707525,0.02462198294815627,0.06137917116284365,0.0023185461235697797,0.026511762011796204,0.18075199685990806,0.6862524688243866,0.018164072069339402,sad
2_586_u,10,0.05411883432534513,0.4237681430939119,0.00991805533412863,0.02389122510794545,0.015579884377075309,0.23894348870962853,0.5539601415395736,0.13543548956513402,0.02227171536651436,neutral
2_587_u,10,-0.1384840206475929,0.22386184756178404,0.014546335715567849,0.01179441944696004,0.01421789455343965,0.04268891345709558,0.7647511780261993,0.14061428438872095,0.01138697441201654,neutral
2_588_u,10,-0.6555375140829711,0.6914135458151578,0.1456587415741526,0.07665653675794598,0.00397419136716047,0.01793801586609331,0.30172069333493706,0.44718606024980545,0.00686576084990515,sad
2_589_u,7,-0.2570597219746561,0.3356942049161132,0.004324491102514714,0.00999418459832663,0.003567420810993186,0.039317241470728556,0.6571734164442334,0.2784908669335501,0.007132378639653285,neutral
2_58_u,10,0.9944729433511382,0.9990802778746002,0.00038069773581831995,0.00064866527391128,0.00045540150895244,0.9967766106128693,0.00045455099898385,0.00081890274304892,0.00046517112641589995,happy
2_590_u,10,-0.7836646097945051,0.9098085730569437,0.03111096327775174,0.12612016787752506,0.00166785658220756,0.06307198163121934,0.08743805401027199,0.6878376036882401,0.00275337293278421,sad
2_591_u,10,0.19559021056629716,0.508445375552401,0.00256991437636333,0.01100857411511235,0.00494143995456392,0.35201779305934905,0.40487233325839045,0.13790765404701227,0.0866822911892086,neutral
2_594_u,10,-0.694808009825647,0.7858239218126983,0.27267999210744187,0.18103448078036305,0.00724857801687899,0.04550795599352563,0.17898700889199967,0.27935291491448877,0.035189069295302,sad
2_595_u,10,-0.16373311103670868,0.3016742356994655,0.012921928113792261,0.05182139594107861,0.00234415273298506,0.06897056233137841,0.6947980403900147,0.16561619658023113,0.0035277239105197997,neutral
2_596_u,6,0.07678005353955077,0.24951890415104572,0.003346233880923633,0.013322582798233833,0.024883847969855752,0.16314947884529826,0.4553332249633968,0.04481676065673427,0.29514787088555744,neutral
2_598_u,8,0.09627368903602465,0.7722156131931115,0.02155705886616505,0.03783194941934195,0.00907588931659115,0.4342446511145681,0.21380734583362934,0.2695060644764453,0.0139770409732591,happy
2_599_u,8,0.022955211192311125,0.13627674888266486,0.004155707174504863,0.007175817707320613,0.00307658987003375,0.07961598003748799,0.8518271520733833,0.04225265409331764,0.011896099043951775,neutral
2_602_u,10,-0.7066575989359991,0.714628180069849,0.16637666778406152,0.1210099637508392,0.00573891405947501,0.0039852905669249,0.24998741857707496,0.41751734390854833,0.03538440135307605,sad
2_604_u,6,-0.05599942834426965,0.16564154469718528,0.005103388403464867,0.015265936497598833,0.0017601229192222834,0.05482105817645782,0.8316627442836761,0.08869103870044148,0.002695711019138467,neutral
2_607_u,10,-0.2822460505994969,0.3579730302444659,0.061805045220535496,0.050927961478009764,0.00423138064797961,0.0378634898224845,0.6382269412279129,0.20314515307545658,0.00380002852762113,neutral
2_608_u,10,-0.14220800888724638,0.2287207104731351,0.00994450038415402,0.10770695852115748,0.0023640798113774,0.04325635079294438,0.758151313662529,0.06544882096350188,0.01312797586433585,neutral
2_609_u,10,0.0819290035229641,0.46810091055813247,0.01605792806949484,0.02576469697523857,0.0041726330469827695,0.2750149570405483,0.5264902347698808,0.147090695425868,0.0054088546719867295,neutral
2_611_u,10,0.9866621454450069,0.9975158135202946,0.00052651995501964,0.00194467356777747,0.0011116732610389,0.9920889794826507,0.00038143450801721,0.00184396725380788,0.00210275197168807,happy
2_612_u,10,-0.21787149766460065,0.4263844907283783,0.00700071154860792,0.01543729740660632,0.0044787444057874,0.1042564965318888,0.5480535393580794,0.29521124083548783,0.02556196991354222,neutral
2_615_u,10,0.5620060288521926,0.8637488527980167,0.0019640333397548102,0.0034250870608956998,0.0015473762643523,0.7128774408251047,0.13353369644610208,0.1439349153079092,0.0027174507558810996,happy
2_617_u,10,-0.5945385876751972,0.6062692246807273,0.07801764873438537,0.08541594184935089,0.00437507228925819,0.0058653185027651,0.3873823814094067,0.4325952433049679,0.00634839390986595,sad
2_622_u,6,-0.2854574775944154,0.5430583944544196,0.011411650116012315,0.04676891382162763,0.0029486458030683997,0.1288004584300021,0.4492710555593173,0.3531287262837092,0.0076705499862630665,neutral
2_623_u,10,0.5521844852657523,0.662655111035565,0.00405372898676451,0.009328953246585971,0.0008159423014148599,0.6074197981506586,0.33386526182293885,0.04103668835014102,0.00347962714149611,happy
2_626_u,10,-0.5891328320460163,0.9442107686627423,0.02487768655119017,0.16198652107268569,0.00303829152835529,0.17753896830836308,0.0349774230504408,0.5767693012021482,0.020811808286816752,sad
2_627_u,10,-0.29190000910311953,0.31831867229193456,0.014322795480257089,0.02333931159228083,0.01053062291466626,0.01320933159440751,0.31880467142909763,0.2569166107103228,0.36287665627896787,surprise
2_65_u,10,0.5969342432683333,0.7170732952887192,0.01191894420189801,0.022081588255241473,0.00256359198829153,0.6570037692785263,0.2717506721615791,0.02350540156476195,0.011176032549701589,happy
2_66_u,10,0.37754779321548987,0.6259401023999089,0.00533817505784121,0.007086715873447211,0.00395687241252739,0.5017439478076995,0.37109707323834296,0.10781439124839376,0.00296282436174801,happy
2_69_u,10,-0.2655076501076111,0.44400025849463426,0.02200061305775328,0.0208286880049854,0.03634150337311435,0.08924630419351157,0.49294187035411596,0.27558314986526966,0.0630578711512498,neutral
2_71_u,10,-0.16904539174865943,0.4668047331972048,0.01416547072003616,0.01674719555303449,0.012509134603897059,0.1488796707242727,0.5111692100763321,0.2745032615959644,0.02202605672646309,neutral
2_72_u,10,-0.42993646048707895,0.9454178582527675,0.00426383059239033,0.00621479222318153,0.00203748256899413,0.25774069888284423,0.051077117002569096,0.6751610539853573,0.0035050247446633404,sad
2_73_u,5,-0.0658213782357053,0.2716266555013135,0.035753324022516866,0.021208613691851418,0.01624901772011066,0.1029026386328041,0.5970476418733597,0.09551306143403047,0.13132570262532678,neutral
2_74_u,10,0.3865120974602177,0.6468341863481328,0.00672416496381649,0.012968190753599559,0.00129981797945214,0.5166731419041752,0.34928550682961934,0.10916887074708936,0.0038803068222477604,happy
2_77_u,10,0.017482682707486562,0.6758779268537183,0.05264884270727658,0.059763699094764845,0.03453810867504213,0.34668030478060247,0.3012632780708372,0.18224697159603234,0.02285879507544445,happy
2_78_u,10,-0.6710567758535035,0.7711187175591476,0.2329292996670121,0.35261135697364804,0.00618626449722793,0.05003097085282202,0.2197771422564983,0.12936082556843756,0.009104140184354,disgust
2_79_u,10,-0.2773530842037872,0.3341490913415327,0.01873979428783075,0.11528432518243785,0.00106550229247654,0.02839800356887276,0.6644421488046646,0.17066146600991483,0.0014087598538026001,neutral
2_7_u,10,0.3349486830702516,0.9700291392335203,0.005746909498702929,0.005977464350871689,0.00267913097632113,0.652488911151886,0.023461613623658128,0.3031367232557386,0.0065092471428215,happy
2_84_u,10,-0.19863988849101594,0.46123700801981615,0.0481327360001161,0.09503361899405713,0.010318763452232779,0.13129855976440008,0.5261047706007957,0.17645332980901,0.012658221379388091,neutral
2_86_u,10,-0.010272760974476214,0.8745159139914904,0.00536480585287807,0.01066316422948144,0.00168237682082686,0.43212157650850713,0.12390364846214648,0.42468399057979694,0.0015804375463630501,happy
2_87_u,10,-0.6893081316724421,0.7860511471517384,0.1837230862933213,0.22132265698164702,0.00545403991127382,0.04837150773964818,0.17051990851759907,0.32717985622584816,0.04342894433066245,sad
2_88_u,10,-0.9899615951930174,0.9920421647344483,0.01833735115797043,0.00980478764977304,0.0069379481719806305,0.00104028477071547,0.007316463463939669,0.9559217929840088,0.00064137180161192,sad
2_89_u,10,-0.016646381886675964,0.3426549435127526,0.00811826483113702,0.0223248746246099,0.00386805065209041,0.16300428081303833,0.635052102804184,0.14533947259187696,0.02229295368306334,neutral
2_8_u,10,-0.9486421329958832,0.9506616984959692,0.5571614031010542,0.15776314660906787,0.01591701633296903,0.0010097827500430401,0.03668766303453591,0.21881034970283508,0.012650638469494829,angry
2_91_u,10,-0.3921968750044472,0.5754517600260443,0.00229986962804126,0.00513102427357805,0.0016285661724395398,0.09162744251079853,0.4238101180642843,0.4747648574411869,0.0007381219096713901,sad
2_92_u,8,-0.11969789999420766,0.19741112293559124,0.013046391974057964,0.01961623452370981,0.01402807952035795,0.03885661147069179,0.771805215626955,0.11186380544677373,0.030783661437453664,neutral
2_94_u,10,-0.9316462777496783,0.97049041534774,0.00847754135902521,0.03501128094503651,0.004424888815265119,0.019422068799030908,0.021535821515135428,0.9031546354293823,0.00797376313712443,sad
2_96_u,9,-0.19831727334531035,0.28043135267863467,0.012666067574173434,0.017459496286594156,0.02771290352878467,0.041057039666662146,0.5379850692633126,0.18153584562242026,0.18158357805805275,neutral
2_97_u,10,-0.629978562006727,0.9825116082560271,0.00657008205307658,0.01353776729665693,0.00257579447934399,0.17626652312465008,0.0163213484920561,0.7835614413022995,0.0011670432519167201,sad
2_9_u,9,0.0339553947107763,0.5203351375271773,0.013893899979949578,0.0063485867706023335,0.016993123326554022,0.27714526611897683,0.347941196627087,0.2059542613310946,0.13172366584573558,neutral
3_S01E01_128_u,6,-0.15132600569631915,0.1960127161582932,0.0014397820535428,0.05037873983383175,0.00211413344368335,0.022343355230987016,0.7787233392397562,0.11973670559624827,0.0252639446019505,neutral
3_S01E01_226_u,10,-0.6150284537783592,0.8891202202736169,0.025355312225292647,0.07453311973949892,0.00955544289899984,0.13704588324762876,0.04132576948031777,0.6426304621621967,0.06955401024606539,sad
3_S01E01_255_u,4,-0.42275122762657713,0.6919549808371812,0.11562274210155027,0.18612851481884712,0.03432463086210185,0.13460187660530204,0.2439153715968132,0.2212772164493799,0.06412964756600555,neutral
3_S01E01_568_u,10,-0.5722665863111616,0.6652903985232116,0.1792303046677264,0.15521281398832792,0.09977512960322196,0.046511906106024944,0.2672997161746025,0.1845602441579103,0.06740988530218596,neutral
3_S01E02_004_u,8,-0.48290062265004974,0.656397619692143,0.17071944163762987,0.10936566395685073,0.021831589983776163,0.08674849852104669,0.23675965052098033,0.2677324255928397,0.10684272978687656,sad
3_S01E02_324_u,10,-0.250057851150632,0.31248733233660453,0.01700120829045789,0.055366075038909855,0.019349001813679913,0.031214740592986297,0.06796660535037514,0.18955630660057063,0.6195460623130202,surprise
3_S01E02_461_u,10,-0.9655466555966997,0.9665567335498053,0.04684173762507292,0.03919304090086366,0.08557948971865695,0.0005050389765528501,0.029172770935110698,0.7944374263286591,0.00427049551508384,sad
3_S01E03_021_u,10,-0.6742198671912776,0.6886882925638929,0.00658466869499552,0.02250807750970118,0.04425467841792847,0.007234212686307679,0.24591235136613246,0.6081066552549601,0.06539935606997456,sad
3_S01E03_024_u,9,-0.864274710106353,0.909429744610356,0.12292910750127513,0.5970197916030884,0.055237293346888455,0.022577517252001446,0.05337570431745711,0.11166603490710253,0.03719455107218686,disgust
3_S01E03_056_u,10,-0.23905889866873636,0.3962949578650296,0.06777530740946551,0.1257983065675944,0.02794801401905711,0.07861802959814664,0.08730982495471831,0.09615530027076599,0.516395217180252,surprise
3_S01E03_122_u,10,-0.6717202487401666,0.6857149550458417,0.1581017951830292,0.19006010480225086,0.13197436546906827,0.00699735315283755,0.14735773708671326,0.1985813364386558,0.16692730786744497,sad
3_S01E03_249_u,10,-0.6050243965815755,0.6409005169756712,0.09367489672731633,0.24094735905528064,0.06223272639326747,0.01793806019704783,0.23480419442057604,0.22610747460275885,0.1242952886037528,disgust
3_S01E03_359_u,10,-0.2257596665993334,0.3070493839681149,0.022869358572643432,0.2005986290751025,0.01004762029042463,0.04064485868439075,0.6670375347137452,0.03288891734555359,0.02591308131813998,neutral
3_S01E03_517_u,10,-0.3889027093769983,0.5575300795724616,0.018209918751381483,0.2009220127947628,0.01470278080087151,0.0843136850977316,0.42767076641321183,0.2393816821277141,0.01479915401432659,neutral
3_S01E04_009_u,9,-0.19576192762340533,0.585708869737573,0.0033907986815192776,0.005559541000467155,0.008359188692540712,0.19497347105708385,0.3568246798693306,0.373425870305962,0.057466450393096405,sad
3_S01E04_327_u,10,-0.3374363386537881,0.3740615414455533,0.11444261481519809,0.07372455615550275,0.053633584268391085,0.01831260139588262,0.1534372385591268,0.11394818481057878,0.47250121999531985,surprise
3_S01E04_342_u,10,0.026324966200627277,0.7967185039538891,0.1987679297453726,0.07793820733204479,0.04312996377702798,0.4115217350772582,0.09677809756249185,0.06536066802218551,0.10650339848361905,happy
3_S01E04_356_u,10,-0.12700497885234657,0.5045846783090383,0.04318105176789701,0.03698796071112152,0.01774388198973607,0.18878984972834584,0.4455575250089169,0.21788193411193785,0.04985779668204483,neutral
3_S01E05_417_u,10,-0.645834293193184,0.8000275728059932,0.04942173230228958,0.375969485193491,0.17682660821592433,0.07709663980640466,0.15994640998542303,0.12071310728788373,0.04002601720858361,disgust
3_S01E05_456_u,10,-0.4686287995427848,0.5791745953261852,0.034076708648354,0.05178453568369146,0.0759802683256566,0.055272897891700236,0.2632301703095436,0.362060184776783,0.15759523436427111,sad
3_S01E05_520_u,10,-0.9851410698494876,0.9863902919809334,0.0786142018740067,0.05916425902396436,0.017893407074734517,0.00062461106572295,0.00929248102474953,0.8300938129425048,0.00431722699431699,sad
3_S01E06_054_u,10,-0.3949375720927494,0.5055979411350563,0.06500598791753895,0.14599001612514254,0.10715124387061219,0.05533018452115353,0.40622306186705825,0.13212050870060915,0.08817899699788535,neutral
3_S01E06_266_u,10,-0.005713577405549633,0.66020354910288,0.05729702716926123,0.06360866054892536,0.00871076449984682,0.3272449858486652,0.31051970943808554,0.2033421110361814,0.029276741459034326,happy
3_S01E08_422_u,10,-0.5746701630414466,0.7234608805621975,0.08625615763012343,0.12347500501200555,0.04721525809727604,0.07439535876037547,0.22145664170384408,0.39211910106241704,0.05508247773395845,sad
3_S02E01_050_u,10,-0.41787386855576203,0.622688406566158,0.09543972600949949,0.05709887128323312,0.027421994460746592,0.10240726900519799,0.32508207485079765,0.34032054580748083,0.052229518583044365,sad
3_S02E01_096_u,10,-0.5887094463687391,0.6487539680674672,0.016295587480999678,0.13042649282142516,0.02433769307099278,0.030022260849364057,0.3384798854589462,0.44767193384468557,0.01276614647358652,sad
3_S02E01_413_u,10,-0.7517266315757298,0.761182574077975,0.029073969717137698,0.05317268371582027,0.13350970459869127,0.00472797125112259,0.15055243843235072,0.5406982447952032,0.0882649874896742,sad
3_S02E02_081_u,10,-0.3120416100893636,0.32477706079953345,0.04647686144453491,0.06784814838320012,0.0933810763410292,0.006367725355084941,0.19588094130158423,0.11070324927568431,0.47934199789888227,surprise
3_S02E03_218_u,10,-0.25238256892189403,0.4405278439633549,0.06888959747739162,0.13886923827230926,0.0346255502197891,0.09407263752073045,0.5206909894943237,0.10407082047313447,0.038781166542321374,neutral
3_S02E03_229_u,10,-0.698538462119177,0.7392186911311002,0.08016273544635646,0.2013068504631519,0.006721660797484159,0.0203401145059615,0.2284411047585308,0.4306873299181461,0.032340204110369045,sad
3_S02E03_244_u,10,-0.29364739365410075,0.5103427276713773,0.02720252848230325,0.3036754392087459,0.01208465539384628,0.10834766700863832,0.4809683158993721,0.05903243757784362,0.00868895642925048,neutral
3_S02E03_370_u,10,-0.15331390478531842,0.3314827609574422,0.011558026887360209,0.05480693411082026,0.12728732544928784,0.0890844280860619,0.01035809360910203,0.048746046423912,0.6581591454334557,surprise
3_S02E03_561_u,10,-0.4600502440705897,0.8746056966483593,0.031922597531229446,0.22136081196367735,0.01799810901284215,0.20727772628888483,0.08061669156886632,0.3960464518517256,0.04477761178277428,sad
3_S02E04_162_u,10,-0.11468056017765782,0.3336863751173951,0.0286309719434941,0.07699105506762857,0.00739489451516417,0.10950290746986861,0.6589597493410111,0.11116654612123962,0.007353875541593851,neutral
3_S02E04_395_u,6,-0.0034731896109103655,0.16850631555037884,0.010317374200288715,0.0313048997195437,0.003169763488889,0.08251656296973424,0.8260901570320129,0.04119771517192319,0.005403527417608183,neutral
3_S02E05_179_u,10,-0.4656899142079056,0.6003579980693757,0.20274023460224294,0.11626945547759526,0.06765915937721725,0.06733404193073507,0.3235147923231125,0.1463551066815853,0.07612720960751172,neutral
3_S02E05_378_u,9,-0.11368070568682426,0.19336566784315637,0.004768437376090788,0.031616121478792655,0.005726764386054089,0.039842481078166056,0.7901958359612359,0.11141186352405279,0.016438496195607666,neutral
3_S02E05_466_u,10,-0.6154674901044929,0.6668204761925154,0.033495951048098674,0.02686720676720137,0.00827566863736132,0.02567649304401125,0.32860751189291476,0.5725051566958428,0.00457201191456984,sad
3_S02E07_256_u,10,-0.0877502117626137,0.34950486722809726,0.00507793117722047,0.02377823877613987,0.0009050582302733699,0.1308773277327418,0.6497268948704005,0.18886631131172177,0.00076823790150225,neutral
3_S02E10_133_u,1,-0.20602931082248696,0.30395492911338795,0.0477887974120678,0.0306485593318939,0.0043503134511411,0.0489628091454505,0.598297119140625,0.1722044497728347,0.0977479517459869,neutral
3_S03E01_185_u,10,-0.6702640353702011,0.7124339644913562,0.3475876738375521,0.16815817989408965,0.010190590191632461,0.0210849645605776,0.28035282343626017,0.16541255600750443,0.007213212072383559,angry
3_S03E01_409_u,10,-0.7507736174273306,0.799661704711616,0.21177092887810453,0.3072731878608465,0.01779903392307454,0.02444404364214273,0.13692390322685238,0.23837451040744778,0.06341439206153149,disgust
3_S03E01_431_u,10,0.18734927986515673,0.4307722448487767,0.01135080355452397,0.03422223841771479,0.011750886961817688,0.30906076235696667,0.5180513709783554,0.06438755355775352,0.05117638417286794,neutral
3_S03E02_062_u,4,0.021165259386179747,0.1356054845091422,0.0027807917213069997,0.00992809003219005,0.00166324028396045,0.07838537194766097,0.8587997853755951,0.04284799052402372,0.005594730115262725,neutral
3_S03E02_111_u,10,-0.27042608784977357,0.4158159002894536,0.01437285068677758,0.02802898492664093,0.0028446667944080697,0.07269490621984001,0.5440828472375869,0.29787449166178703,0.040101252472959405,neutral
3_S03E03_012_u,8,-0.04958441234703071,0.07567534692861956,0.0027833057247337125,0.03652556496672329,0.00117631203829655,0.013045467290794425,0.9198072925209999,0.02214469690807159,0.0045173605503805,neutral
3_S03E03_111_u,10,-0.14228504113852986,0.2891577336937189,0.04317972781136651,0.01885489514097567,0.03327913545072073,0.07343634627759452,0.6252713799476624,0.12040762901306148,0.0855708863586187,neutral
3_S03E03_126_u,10,-0.07816636310890326,0.2830689766444266,0.01440458348952251,0.04387107715010638,0.0046795892994850406,0.10245130676776167,0.7127665989100933,0.117662419937551,0.00416442444548005,neutral
3_S03E03_316_u,10,0.05794410145608703,0.24463630493264646,0.006508292612852689,0.017747392493765758,0.00536969231907274,0.15129020319436676,0.32244293692056086,0.06372072431258852,0.43292075814679265,surprise
3_S03E03_511_u,10,-0.02629690908361233,0.2694600492017344,0.02662286213599161,0.007259346195496561,0.00642473965417589,0.121581570059061,0.7259035862982273,0.10757153115700926,0.00463636450003828,neutral
3_S03E04_437_u,10,-0.8033328502468068,0.9816461705398979,0.01665476188354676,0.01896684194216499,0.00210628223139789,0.08915666014654558,0.01756266960874197,0.8547616243362427,0.0007911598513600799,sad
3_S04E01_575_u,10,-0.5270047944271938,0.7625071011716501,0.17994485938688762,0.11317883413285013,0.0070347142755053495,0.1177511533722281,0.2239477669820189,0.34459754000417886,0.01354513184633101,sad
3_S04E02_217_u,10,-0.17792336017591887,0.7111671849968844,0.02925790168810654,0.07289527095854278,0.00944875545101236,0.2666219124104827,0.2722670932300389,0.3329433444887399,0.01656572177307675,sad
3_S04E02_326_u,10,-0.20144288779702046,0.6017212906619533,0.07501163629349342,0.07813400700688357,0.008050655107945151,0.20013920143246647,0.3843189649283886,0.2403857908211648,0.01395974440965797,neutral
3_S04E04_363_u,10,0.2669525504112243,0.39965310133993626,0.005846130152349549,0.021750577376224062,0.0031950711127137397,0.33330282587558024,0.5850783571600914,0.03555849682306868,0.015268541499972279,neutral
3_S04E05_313_u,10,-0.7382193442201244,0.8292416757903993,0.23665106532862432,0.19707401469349856,0.10108462478965519,0.04551116578513751,0.12140814121812578,0.24892080519348378,0.049350182991474825,sad
3_S04E05_320_u,10,-0.5767355815507472,0.7234575004316867,0.16646290970966235,0.1697663955390453,0.0673434084281325,0.07336095944046969,0.25059352219104764,0.24652382731437683,0.025948977377265654,neutral
3_S04E05_485_u,10,-0.9899461504537616,0.9959480247925969,0.06659463630057898,0.6567663624882698,0.012459787307307079,0.00300093716941767,0.00274262952152635,0.25712630152702326,0.00130934568587685,disgust
3_S04E05_497_u,10,-0.962290700885933,0.9648237373214215,0.03438055251608625,0.3736115114763379,0.04925731178373095,0.00126651821774424,0.02173107629641885,0.5063078433275223,0.01344518638215953,sad
3_S04E06_526_u,10,-0.18339919820427908,0.6787683166563512,0.06230591209605356,0.27517181131988766,0.03910371093079443,0.24768455922603602,0.2960767522454262,0.054502323083579496,0.025154931098222682,neutral
3_S04E07_292_u,10,-0.379616340994835,0.4125321116298437,0.01417286586947757,0.11783762127161021,0.00389086543582375,0.01645788531750436,0.5177048563957214,0.2601728737354278,0.06976303197443481,neutral
3_S04E10_120_u,7,-0.17536543742088354,0.4118271438804056,0.018102326733891942,0.02251822261938023,0.012778961527926272,0.11823085322976105,0.5513053685426712,0.24019677976944614,0.036867487576923146,neutral
3_S05E01_120_u,10,-0.09897099724039449,0.30668151350691913,0.014944723754888608,0.0961423159576952,0.03347222856828007,0.10385525813326235,0.5871351077221334,0.058266987092792946,0.10618337877094741,neutral
3_S05E02_072_u,10,-0.08392356648109861,0.41474179974757136,0.00903150290250794,0.16667454084381458,0.01197366234846409,0.16540911663323637,0.5668976351618766,0.061652977019548375,0.01836056509055192,neutral
3_S05E02_532_u,9,-0.12221622974094425,0.1735982121382323,0.0117448377228965,0.03198990174051783,0.005170453385087711,0.02569099119864401,0.7717591557237837,0.09900202809108623,0.05464263213798401,neutral
3_S05E03_098_u,10,-0.09959873263724153,0.7628130871802569,0.04633161210222182,0.23322406187653538,0.00598234873032193,0.3316071772715077,0.18454313580878073,0.14566788719967003,0.052643777010962324,happy
3_S05E05_119_u,10,-0.4895481531508269,0.6287622426636518,0.3379913699813189,0.04274390749633309,0.01666588746011253,0.06960704475641247,0.33865692466497416,0.16175403296947474,0.03258083267137403,neutral
3_S05E06_207_u,10,-0.1589036462362857,0.28162892032414677,0.022499163594329942,0.05868764305487271,0.007629050518153199,0.061362637043930544,0.705364602804184,0.1314504261128604,0.013006476871669231,neutral
3_S06E01_317_u,10,-0.3497059931396508,0.4131017390755005,0.07401696520391868,0.16120608635246753,0.021023479150608128,0.03169787296792488,0.5791903033852577,0.12515733540058133,0.00770795753924171,neutral
3_S06E01_417_u,10,-0.48941467612748984,0.7270945682073944,0.14285661411704517,0.15435924269258972,0.05822182302363212,0.1188399460399523,0.2453462604433298,0.25281694233417507,0.027559171349275807,sad
3_S06E01_460_u,10,-0.592981055949349,0.6644676596857607,0.06576423331280255,0.17935691513121124,0.01295214493293311,0.03574330186820584,0.3183056018780917,0.37065106444060797,0.01722673843614753,sad
3_S06E02_152_u,10,-0.33032261729240425,0.7565936744213105,0.14875142297241856,0.08889701124280686,0.016845576628111262,0.2131355285644531,0.22269192263484,0.2889641350135207,0.02071440294384953,sad
3_S06E02_171_u,10,-0.6857133932760917,0.7887862977921032,0.0309700515586885,0.31140964627265927,0.00607052877312519,0.051536452258005704,0.20006416793912646,0.38879961892962456,0.01114953426877032,sad
3_S06E02_398_u,10,-0.5836353135295214,0.596100851893425,0.00854853568598646,0.0123391971457749,0.3928244412876666,0.006232769181951861,0.3176437792368233,0.17615590859204527,0.08625536886975166,fear
3_S06E03_366_u,10,0.22106290881056329,0.899829535628669,0.012514674186241082,0.07212979821488257,0.00815185530809681,0.5604462222196162,0.07382844239473338,0.2465869856998324,0.026342021976597563,happy
3_S06E05_355_u,10,-0.5686906214628835,0.7072761489369441,0.3904205348168036,0.07435903754085299,0.029709261958487283,0.0692927637370303,0.1207277942448854,0.14349455088376994,0.17199605681817043,angry
3_S06E06_143_u,10,-0.23699430411215885,0.30570062196347864,0.02328933115350102,0.01120734442956742,0.03412439929088573,0.0343531589256599,0.6793571405112744,0.20272638816386457,0.014942237525246982,neutral
3_S06E07_272_u,10,-0.7177459550264758,0.8049500391352922,0.014510329786571841,0.08226325809955592,0.01580733648734161,0.043602042054408194,0.15488845035433763,0.6487670727074146,0.040161510510370105,sad
