KEY,angry_mean,disgust_mean,fear_mean,happy_mean,neutral_mean,sad_mean,surprise_mean,angry_std,disgust_std,fear_std,happy_std,neutral_std,sad_std,surprise_std,face_count,visual_missing
1_10004_u,0.0,0.051727848034352,0.0027047056704759,0.01458180611953134,0.3548275660723447,0.5561335772275925,0.00613003180478694,0.0,0.05235584356559925,0.0024080620568876594,0.01480043647290084,0.19749240901241458,0.2566479761433945,0.007272245337974419,10,0
1_10009_u,0.0,0.00669772548135365,0.00135308277385769,0.3664810800924897,0.3585835076053627,0.262731417058967,0.0021377308701630198,0.0,0.004283586166636862,0.0010360390043209588,0.37939074560770375,0.2860269169196572,0.24498101865866276,0.0014387830360794102,10,0
1_1001_u,0.0,0.0776505754794925,0.00313408836373123,0.3429080694913864,0.15165736426133658,0.3868687627837062,0.027838209923356737,0.0,0.09161608437603086,0.0038486567072451108,0.40910566902235457,0.17942808662750043,0.31845918749400304,0.044558906198886736,10,0
1_1003_u,0.0,0.027092529553919987,0.02027141113067043,0.04147099908441299,0.6650333926081657,0.1575663198716938,0.08406839128583664,0.0,0.022099576522554298,0.046843127039886794,0.03420064982046457,0.2667717785553279,0.12820332461922396,0.18471746989893287,10,0
1_10190_u,0.0,0.03016226477921006,0.00100423964904616,0.1786277460865676,0.5553464293479919,0.21673633642494675,0.011765799488057341,0.0,0.028040320823706878,0.0008714092950190739,0.17575662856387791,0.1746684930747042,0.20719184863702375,0.015900285522819507,10,0
1_10462_u,0.0,0.07946146922186012,0.041418168635573197,0.05593149752821769,0.3458059592638164,0.19598137810826297,0.25404975512064987,0.0,0.10165519305957474,0.06737132143687917,0.1236351150867247,0.3057939532571616,0.2653609277924104,0.320354499600947,10,0
1_10495_u,0.0,0.04307605247013267,0.00718019846535749,0.02595847677439448,0.6031187169253827,0.23633396653458472,0.04488885465543713,0.0,0.0394456520193164,0.016178156608126926,0.020017177064601523,0.2656551527865589,0.19745784741399364,0.11204348320938763,10,0
1_10496_u,0.0,0.052229855302721215,0.00374110556149384,0.02036231211386616,0.6591825462877751,0.14813448488712305,0.08525361705687821,0.0,0.07878302121056334,0.003996451416978017,0.021251650947422967,0.2253906186104597,0.11443246383966577,0.2378706980877741,10,0
1_105_u,0.0,0.01913695926778013,0.00988259865262075,0.256508006202057,0.5608254134654999,0.08540765801444647,0.05428063244908112,0.0,0.01684738322107141,0.016669469119817475,0.31149400952996215,0.27493628039972406,0.08342060326839033,0.11904967469918107,10,0
1_10748_u,0.0,0.0045776159531669,0.00210664969199565,0.45019649248570204,0.461115621146746,0.07280769199132918,0.006587624928215475,0.0,0.0035214408383421134,0.001958529126195826,0.4857970034306712,0.4498948865517403,0.03654153196211711,0.007496929252261068,4,0
1_10797_u,0.0,0.15865089269354934,0.0026915669674053297,0.05899722683243449,0.4456562260631472,0.24264117684215303,0.038298912922618875,0.0,0.15213353326402596,0.001750870426919937,0.0751134730362863,0.2456166663678275,0.30073485189163857,0.06629548818360818,10,0
1_10810_u,0.0,0.06292186494683842,0.01240853056515328,0.1795925080310553,0.38526402041316027,0.1705729039269499,0.10057834430481302,0.0,0.06726499620439265,0.027300516712520997,0.3205010160346476,0.3012527639639094,0.14581380632188828,0.16425477926516116,10,0
1_10829_u,0.0,0.08346520718187089,0.00159761091636024,0.045336832758039194,0.657359953224659,0.1309198029339313,0.06316589355701575,0.0,0.07264310437792172,0.0021930565059707554,0.0346651958467879,0.21878045561334164,0.21663147887708367,0.1651718113804378,10,0
1_10849_u,0.0,0.10779934422462242,0.0009717831475427,0.3394425249658525,0.4469957422930747,0.08681994467042382,0.014910326740937261,0.0,0.09474197474807099,0.0005734969871752664,0.3784519174066831,0.2463177909400918,0.08502557013752983,0.02907868975438817,10,0
1_10853_u,0.0,0.03982902746647591,0.01958423704199953,0.10863057102542366,0.5373742043972015,0.26100342031568285,0.027707408217247532,0.0,0.031639023951366384,0.05663352586388187,0.17350427735226465,0.2386614466125705,0.16477001430885724,0.0661299789960393,10,0
1_10857_u,0.0,0.00797787388291902,0.00076250330457691,0.7815356621984393,0.03066832890908695,0.1708843938831705,0.00522360602917611,0.0,0.019665229692655807,0.0010141791732759034,0.3645424703310883,0.041097860343898736,0.3331947342174842,0.011036356210074292,10,0
1_10859_u,0.0,0.09936767376493659,0.00642661571619098,0.35728910751640797,0.27509120572358364,0.1469101626425981,0.10403332514688371,0.0,0.09529040102687465,0.005600707451632973,0.28977759827231164,0.20034099592705354,0.14507268781968122,0.16339788213949347,10,0
1_10890_u,0.0,0.049973662535194266,0.0037255070405080295,0.1369174173800274,0.35288130631670356,0.4147108182311058,0.022134375170571676,0.0,0.08679639600911092,0.0037214208103409528,0.23264203623115307,0.30644200143630224,0.3755518372333857,0.055169395681283324,10,0
1_10977_u,0.0,0.03216348984278736,0.004812590945220961,0.18725358794908967,0.6030012864619494,0.09511952623724931,0.06555452595930542,0.0,0.044229404215676345,0.009966064912156162,0.2943613129219854,0.3266475397290658,0.07234579193114737,0.165295306082738,10,0
1_11006_u,0.0,0.03250611536204812,0.06377078274381343,0.0720849793637171,0.3817040193360299,0.3613976521417498,0.07649335326859724,0.0,0.02970033361560498,0.15693452745845898,0.09929836370371763,0.19852581697475555,0.1748764096817378,0.14580072464919566,10,0
1_11021_u,0.0,0.07474869638681407,0.00241076814709226,0.08405589679023247,0.5312590301036835,0.179344875132665,0.1190521481679752,0.0,0.042075873238249586,0.0023604372325182242,0.12745843422619435,0.22868604263031797,0.1952848745050196,0.26525098891109816,10,0
1_11042_u,0.0,0.08786775553598997,0.01706440540729086,0.3577529587433673,0.20464336890727278,0.17188120037317273,0.03346233400516206,0.0,0.08223283146706613,0.01890334422820865,0.2667929176058879,0.18015480191200073,0.2830702671965181,0.033801026254807805,10,0
1_11046_u,0.0,0.12779280771501358,0.009564521920401529,0.01864673900417977,0.4010677695274353,0.26007021134719255,0.16693323389627035,0.0,0.10978791889421766,0.009625285835287559,0.01812846555555475,0.21921137861170029,0.2563128572889641,0.273333082438329,10,0
1_11051_u,0.0,0.08808971727266904,0.00306187416426833,0.16717891027219592,0.3464086577296257,0.3148472639732063,0.06391989104449745,0.0,0.07785172747584317,0.003158672599108611,0.25589986258413877,0.13891572734329397,0.26460611970511566,0.07356466134674815,10,0
1_11055_u,0.0,0.04941595095442604,0.00508759470976652,0.21169240453746166,0.31708970563486216,0.3688448150060139,0.037949238051078235,0.0,0.0537749416830884,0.01180324843807229,0.33954613967477665,0.25226896691062967,0.30549073221594836,0.10195970539044227,10,0
1_11098_u,0.0,0.036212444822821294,0.0036989709608152782,0.4456317043966717,0.3579029560916953,0.13478802765409148,0.012071465678875189,0.0,0.06846922111579866,0.004710183490040204,0.23070966713328533,0.19474614803402668,0.1495566896265582,0.017696925686629058,9,0
1_11120_u,0.0,0.0817271118983626,0.00610516557644581,0.04006076345685864,0.5926179870963096,0.22887425050139423,0.034977037028875155,0.0,0.06968031313994061,0.013050140448591116,0.04394516481392827,0.19333838238739706,0.1364832616074294,0.05388625440926902,10,0
1_11177_u,0.0,0.0188190288841724,0.00251686981646338,0.13513119630515572,0.31022193841636175,0.5154566239565611,0.004229427117388629,0.0,0.017695333528114462,0.0019586716544479814,0.14271155767746965,0.23030500616686306,0.3054799167757068,0.005373666515955466,10,0
1_11201_u,0.0,0.11557867359369992,0.00198430277960137,0.05325590521097179,0.7588163614273071,0.04733750224113459,0.00732133706333111,0.0,0.12411519293781208,0.003604918311204227,0.05088145912173711,0.15997995529124232,0.05570750597891509,0.00759932955270727,10,0
1_11224_u,0.0,0.08715328606776891,0.050259958967217175,0.18581618270836767,0.2951954996213317,0.2439001339254901,0.12956561698229047,0.0,0.08106567011739613,0.08106233648597261,0.3727130748934237,0.32563096903887934,0.2682389249597305,0.22730974332999887,10,0
1_11232_u,0.0,0.00781561881594822,0.00073315203844681,0.9210214495658875,0.01852374720619987,0.01169375908357319,0.03756439710559784,0.0,0.013613444306815969,0.0011906737028779541,0.19820304928522078,0.03633189434216741,0.029067822248448234,0.11258487856781463,10,0
1_11236_u,0.0,0.02934844531118865,0.00802073617815034,0.07271540975198146,0.6079312518239022,0.20974998027086253,0.06909362009027967,0.0,0.016302266083787514,0.012862698102179295,0.051207199596663436,0.2846872868785855,0.21468067622723952,0.1264666885292957,10,0
1_11242_u,0.0,0.02498982898396201,0.0005407568642112375,0.852370435371995,0.10071754516866344,0.013239458519819837,0.005415361039922513,0.0,0.04619279882583166,0.00047583818923561716,0.26310832372253956,0.20506872382513583,0.019343855124558863,0.00963794560353885,8,0
1_11243_u,0.0,0.015219015217735382,0.00302794816379896,0.8205436155200004,0.05983658556360746,0.03720397685538043,0.0622451737086521,0.0,0.02129154678973459,0.006747604750055687,0.25566510955974125,0.08300639564059514,0.052558027320052145,0.16751262657930485,10,0
1_11253_u,0.0,0.03017292199656364,0.00143440283718514,0.13929526000283654,0.7145339362323284,0.1008365726098418,0.00962714058696289,0.0,0.02063738479792905,0.0006545281611080528,0.2678732127212485,0.24367323183549883,0.10301187299981551,0.014019257567388296,10,0
1_11257_u,0.0,0.01609853380359704,0.0063389819697476394,0.20490460107102987,0.2942907229065895,0.4376331110484898,0.03616873645223673,0.0,0.011966633136881377,0.004627860256238883,0.2599805421793504,0.18498332123622743,0.32883359535853596,0.06193351833259848,10,0
1_11306_u,0.0,0.11527330093085764,0.00556157500250261,0.0475813881726935,0.5257167249917984,0.2552173996344208,0.028763350378721908,0.0,0.09713554367244974,0.006626563187667268,0.09053388164802989,0.2568769859392015,0.2869404384144126,0.03988362013999707,10,0
1_11322_u,0.0,0.04740128638222808,0.0038779232592787197,0.027714546106290032,0.3357232879847288,0.4781491786241531,0.08923898243228903,0.0,0.04414530956300235,0.004825283636169252,0.052169729641035,0.27203933072433584,0.23656610293483257,0.17322710495212648,10,0
1_11378_u,0.0,0.06632579416036602,0.0017808773176511198,0.08695665178820486,0.711575385928154,0.09710299922153351,0.0290547579643316,0.0,0.06473893846308204,0.002216288790229922,0.12168950152760237,0.19276283219500165,0.1286797152555341,0.05422800393759299,10,0
1_11439_u,0.0,0.1256231710547581,0.0032301359169650394,0.07072023816872383,0.10348454745253544,0.6255330838263035,0.06592610201332715,0.0,0.2841943785256258,0.006221901500615175,0.20492296817226122,0.14605614508666653,0.37711260141556113,0.19729140059856753,10,0
1_1144_u,0.0,0.04624950308352703,0.00162250597495583,0.07837987439706919,0.6662556827068329,0.19246050976216791,0.0049275969387963,0.0,0.022773687139860267,0.0017319097313137988,0.06907190743995421,0.15926063992286432,0.14314583348614732,0.004505538328514967,10,0
1_11485_u,0.0,0.028843194479122702,0.00454070073028554,0.12010701410472388,0.3211659472435713,0.47225062204524876,0.0400926421687472,0.0,0.01691610245452837,0.0038630925934738693,0.11584905265364426,0.2607312927938366,0.28777332601797423,0.034319431825997164,10,0
1_11526_u,0.0,0.028130841813981476,0.00189740430796514,0.36329360911622643,0.3371520213782787,0.2523538406938314,0.00969997504726048,0.0,0.02262368193685779,0.0015677066800400864,0.30939841240499266,0.18232849475141255,0.23552814933219812,0.010256273432066268,10,0
1_11529_u,0.0,0.08619599789381023,0.00114505577075756,0.23054962167516346,0.5937358351889997,0.06838877154514188,0.00433202612912277,0.0,0.06295697271574874,0.0012864271363203239,0.24784902866608802,0.25013679692638746,0.055326207032465644,0.0022959568748105986,10,0
1_11609_u,0.0,0.01682246217969801,0.0033922126283868607,0.06400901353918012,0.1361812282353639,0.7504002496600151,0.026071444491390077,0.0,0.029632008807677097,0.0055429750597825065,0.17777132375121601,0.15727918222969897,0.3328478351779969,0.07254854409155626,10,0
1_11697_u,0.0,0.1271464527584612,0.0024364364740904,0.02116249346872787,0.286339346319437,0.5206309109926224,0.00906664699432435,0.0,0.15686355217293213,0.003121837025197463,0.025311413396014597,0.21399128155938904,0.282415497656905,0.014424900261134323,10,0
1_11699_u,0.0,0.06265059420838946,0.00472414112300606,0.054774033580906656,0.5012002766132355,0.31658633053302765,0.012560476653743491,0.0,0.10310865946117437,0.006331449894439244,0.15107797115153856,0.26250472928138047,0.2434082710236294,0.021710223638837123,10,0
1_11723_u,0.0,0.03399057958740737,0.0014095756661844801,0.0064972567837684805,0.19946998357772822,0.7454117882996798,0.008283857838250652,0.0,0.03998668673706999,0.0010393765947315115,0.007932140742216239,0.2717750569329393,0.28633892584453247,0.01032715300915258,10,0
1_11736_u,0.0,0.04958867384120817,0.00678095127805131,0.12961934693157667,0.25525410436093804,0.22474833312444384,0.33060875751543783,0.0,0.0514053971636167,0.007504512870372333,0.11364581437669699,0.2072552830916608,0.30745397323548473,0.34923571499872047,10,0
1_11773_u,0.0,0.02087558350176545,0.009648955853481259,0.2255502506392076,0.33127971590729427,0.3117470103723462,0.08806473951844959,0.0,0.04014656894669577,0.027578781087684842,0.3054110688053626,0.29253195920772873,0.24707570163515824,0.26032525777646714,10,0
1_1180_u,0.0,0.06958628194406626,0.00181472596013913,0.06586125869071106,0.5691298887133598,0.255065406486392,0.02081207358278328,0.0,0.05520489366976639,0.0022829283673278054,0.13168685721245707,0.2300560594331846,0.196659787663038,0.04982970254518348,10,0
1_1185_u,0.0,0.00527192145236763,0.0002571886288933,0.6033749260008335,0.38188226893544197,0.00619589661946514,0.00198640961898485,0.0,0.0035853512199465294,6.273810164497386e-05,0.3269180733969057,0.3215984319351803,0.0037255924311627494,0.0011437450419911441,10,0
1_11885_u,0.0,0.00641870880499478,0.00065931678982448,0.6580744229257107,0.24002232946222643,0.09107268061197824,0.0017576144833582902,0.0,0.0074058591522254925,0.0009269865834631432,0.3698992097838249,0.2613576085652682,0.15306973914905958,0.0023103379098028927,10,0
1_11889_u,0.0,0.022502445470308836,0.00114253196225032,0.7373984076082707,0.1810279516968876,0.045054559566779014,0.00328231413150202,0.0,0.04908888928142064,0.00179268551034119,0.37525612528668195,0.2997373506282355,0.08111026586175987,0.005682970124021644,10,0
1_1189_u,0.0,0.0332620658446103,0.0010217436793027,0.0530247631249949,0.8325604423880577,0.07364326855167744,0.004639489925466413,0.0,0.01957380847796947,0.0006810589804293554,0.05306962262824519,0.0794102583282685,0.0548499063091693,0.0021824990213477314,8,0
1_11901_u,0.0,0.03895564290869511,0.03953149204899087,0.1564455735497176,0.31924897114804474,0.18203018374333618,0.22996722662937824,0.0,0.03132888812736758,0.03899479066046361,0.30207154117469415,0.32646703527381316,0.21509695979187257,0.2903019944780609,10,0
1_11913_u,0.0,0.07903841633815313,0.007199143018806279,0.01508487935643637,0.37816480370238426,0.47224759608507155,0.03669030657911203,0.0,0.062095886215099344,0.005587597013907505,0.01944028354073496,0.2344416914950389,0.25822504216866776,0.03996841383105146,10,0
1_11924_u,0.0,0.02008257664856497,0.00318168701487588,0.5683233737945557,0.30661223640199753,0.06393220060272138,0.034587041044142064,0.0,0.021722302661927418,0.004423157905805817,0.31590676099778664,0.2518759952961812,0.07425304029857561,0.070145694562742,10,0
1_11928_u,0.0,0.02019355146330777,0.00066373705922156,0.7028056874871254,0.2162672100588679,0.05405481393681836,0.00147061083553122,0.0,0.023540334934103152,0.0005106247024921153,0.3360042901268626,0.2706847854459021,0.0694502522631836,0.0013669712014490192,10,0
1_12002_u,0.0,0.06745037867221977,0.00238707078387955,0.05190729503519827,0.5642808705568314,0.2665249895304441,0.01253828775952565,0.0,0.08590110659133256,0.0015591093629960797,0.04581478680848476,0.24062466247693393,0.2205341431882553,0.018096330728220884,10,0
1_12083_u,0.0,0.02139719584374683,0.00070834736106914,0.6200608471408486,0.22777197445975617,0.12471987497992809,0.00412884592078621,0.0,0.03326037384044612,0.000653893976167348,0.4785706781362571,0.33807715942297417,0.2690874976560036,0.008011787267073333,10,0
1_12202_u,0.0,0.010359894367866171,0.0013561724277678501,0.01682159560732538,0.8055594652891159,0.12103234776295717,0.03983034557313655,0.0,0.005417196503017124,0.002110855812781737,0.01055441847706474,0.24602540451044988,0.22181735307839576,0.09774871851872967,10,0
1_12275_u,0.0,0.010412562731653401,0.03537370398989873,0.2100384208373725,0.34111050888895983,0.36628182567656037,0.031242539850063582,0.0,0.006731497094136936,0.10432183152111967,0.2717524221821663,0.18669483838942497,0.24099342790470635,0.07953986347814108,10,0
1_12320_u,0.0,0.0264239055104553,0.022998789361736237,0.13761889096349472,0.6765720825642347,0.06835735519416627,0.0385805065016029,0.0,0.02659617529801278,0.03824633962258532,0.08991994940839688,0.24942622429963981,0.09228957170130067,0.08359615695917649,8,0
1_12331_u,0.0,0.03633976872079071,0.00225649125932246,0.4219924479722977,0.2592896502930671,0.2694432158954441,0.00685763334622604,0.0,0.05511747568799535,0.00246411266465033,0.37645979226100496,0.2095625638077753,0.2882207653200704,0.008969790207960049,10,0
1_1262_u,0.0,0.02972476934082801,0.00802900744311041,0.28246270399540657,0.28516590669751163,0.1722307360731065,0.21447729102801527,0.0,0.03300894944719717,0.008119964886453406,0.3164376705014871,0.17072417030272932,0.22956597898400616,0.3080333793768313,10,0
1_1296_u,0.0,0.04810136463493103,0.03053839243948454,0.24228911818936463,0.3008093506097793,0.17154394015669822,0.19969687284901733,0.0,0.01930230376747852,0.04247129475524552,0.28302906210751855,0.2263509372826087,0.06601118249564453,0.19976925463421344,10,0
1_1466_u,0.0,0.13913186900317664,0.00090507963031992,0.16753924367949363,0.5743136182427406,0.052915929164737405,0.045346061279997185,0.0,0.0639486801969539,0.0007442012932025306,0.18753833395215125,0.14761156028800768,0.021123747598358802,0.10000034953448378,10,0
1_1470_u,0.0,0.01977781492751087,0.00229271467978828,0.08712015757337208,0.6434682354331016,0.23316747387871142,0.01173101487220259,0.0,0.01349724470376008,0.00335814942141069,0.2379326841705343,0.3916638404485431,0.35135199782657806,0.0202247644796954,10,0
1_1478_u,0.0,0.046530325338244374,0.0028269525850191197,0.0863286662381142,0.6768099695444107,0.1456701165065169,0.02695366229163479,0.0,0.05030965506395319,0.00336313319292038,0.10706686306964677,0.18246175938559617,0.1129813505379078,0.06421737001156826,10,0
1_1484_u,0.0,0.016080211335793092,0.00491463444195682,0.0755415168590843,0.6943776190280915,0.14336679745465514,0.06096228382084514,0.0,0.01004431397988075,0.007327593416650289,0.09077490359059893,0.24210078283973752,0.12181294819912118,0.13294611884017798,10,0
1_1549_u,0.0,0.06612377604469652,0.00428201500908466,0.2974350285978289,0.3005407400720287,0.2831028852378949,0.03887349073193033,0.0,0.09242806710278981,0.005172659702384621,0.449406260512953,0.39042579879747247,0.4168644365670383,0.07021312359103551,10,0
1_1560_u,0.0,0.05315506942570205,0.0013532313343602698,0.33314718892797823,0.520812626928091,0.0680953684262931,0.01568445982411499,0.0,0.03547552752355015,0.0015345098654065935,0.28878873825806306,0.2708430580148558,0.04987836833789076,0.035782446345543145,10,0
1_162_u,0.0,0.0173048223368823,0.011166396883449342,0.2028951308290873,0.3205098350133214,0.3646015620657375,0.07768575271724586,0.0,0.023611336793480302,0.01708664350752154,0.16688692130637606,0.2226147131968382,0.20975296932085616,0.10030377520208424,7,0
1_1627_u,0.0,0.03797990757739166,0.0027222088785492397,0.7820599414408207,0.03926967512816186,0.11494705264922227,0.01905447362805712,0.0,0.07250411376367637,0.003713238880499678,0.3269428292888775,0.04953966735190201,0.20563568260324525,0.020356650201594537,10,0
1_1638_u,0.0,0.06505455281585452,0.00160824671911537,0.22118786806240673,0.42579347603023054,0.27217770162969823,0.00555578413186589,0.0,0.05830285117185988,0.0012002473718503526,0.35272691181536064,0.3053805901206146,0.2844304050792659,0.004183593389605918,10,0
1_1666_u,0.0,0.34262064099311823,0.00915143622551107,0.11216199763584878,0.2080227390863001,0.2627786800265312,0.0201429921202361,0.0,0.15689722022508418,0.00555671853874235,0.17606274049877296,0.13478031261907558,0.18277013111272672,0.01265551832856298,10,0
1_1678_u,0.0,0.10680732298642392,0.00797971270512784,0.01027561276569026,0.3193351924419403,0.4530744582414627,0.00962832169607276,0.0,0.0849648759191482,0.007014711424249263,0.018717423986059127,0.21774339913185506,0.21276207613927206,0.01887553739606316,10,0
1_1722_u,0.0,0.03651648154482241,0.00319942423084279,0.42191532542929056,0.4205941453576088,0.07058969195932145,0.02521866115275765,0.0,0.08345740835997013,0.005862682914904663,0.23281884960072494,0.2089239661778806,0.05856066210612794,0.05767792586524944,10,0
1_1732_u,0.0,0.13675349941477175,0.05673769067507232,0.05408052556449542,0.1524941546609625,0.2564129531383514,0.1871048136032186,0.0,0.11637446272164942,0.053757469351504564,0.08762575193050745,0.22988930935608423,0.1644816266656424,0.30788462945716355,10,0
1_175_u,0.0,0.025169168296270028,0.0038503545198181654,0.22535427082329984,0.5542971194256097,0.13249865654506715,0.04901861613179784,0.0,0.0320520057376545,0.005036233398416986,0.32856304484441634,0.294303474195779,0.22153822305359355,0.07774995546881193,10,0
1_1772_u,0.0,0.04870323032955634,0.00134501700667893,0.11203545471653335,0.5527891668665689,0.27685031091095874,0.00537599044619122,0.0,0.04149779269563342,0.0006374786962974809,0.31123077929966536,0.25193653804509814,0.19987368832146601,0.013094126819400366,10,0
1_1798_u,0.0,0.04530146364122624,0.0039821563113946,0.06179198815952982,0.5427524864673614,0.30361414141952986,0.030535605712793713,0.0,0.02743483083304538,0.002938465720993971,0.09634738650271443,0.1508167142635057,0.16984683336205886,0.033777441340400435,10,0
1_1803_u,0.0,0.040652520241565016,0.0007000105426413501,0.48175624050199983,0.2448702018416952,0.22284509633900598,0.004228600853821219,0.0,0.05618461193523195,0.0004525249873277313,0.41797895202968716,0.2620676467376774,0.2638083745483715,0.0053081278883383605,10,0
1_182_u,0.0,0.01807703841477628,0.0023507029283791102,0.20229205936193462,0.6742070928215981,0.01409123654011633,0.08237683164188633,0.0,0.009607814900309729,0.004091549248601441,0.21434252696521952,0.2679067363682504,0.006132288345374586,0.20096789789178957,10,0
1_1931_u,0.0,0.011066744220443021,0.0029265771898078223,0.037254972176419335,0.8767925699551901,0.02390289076396983,0.029343794876088656,0.0,0.016739821285610884,0.006241776198779735,0.040873834698157356,0.1883079657532541,0.034494703303245236,0.06886064707887096,9,0
1_1973_u,0.0,0.02713936378131616,0.00061197846080172,0.19553891611285504,0.7174431052990258,0.05473645145539189,0.00216071200557048,0.0,0.03188181912957885,0.0003163025659707961,0.3148423340353496,0.2930139572680053,0.057066859981414184,0.0007377606976413222,10,0
1_1987_u,0.0,0.01965603018179531,0.00790658111218357,0.06786832399666305,0.6107748925685883,0.21278500854969024,0.0770121275389101,0.0,0.009645738697335753,0.010470310871453883,0.06709885699404627,0.17559936995413583,0.11407557927461098,0.19367338531050476,10,0
1_2075_u,0.0,0.01004923266009422,0.00553932893380983,0.3770683855749667,0.2719503368018195,0.3078032114659436,0.023566705250414037,0.0,0.007507445667777869,0.014977475207854621,0.4143913183093252,0.3258593348208474,0.39462962137279617,0.06334463608116575,10,0
1_2119_u,0.0,0.02572191096842283,0.00840809613873711,0.07674814718775447,0.725856727361679,0.13787443572655317,0.02214420502423305,0.0,0.0070206208881047425,0.017212395429973194,0.07772584462661734,0.2199789438384283,0.18287814196185054,0.044690422606317344,10,0
1_213_u,0.0,0.04286051002730213,0.0120212913524093,0.24065688997507093,0.4571358247527054,0.13568727911583012,0.05753946966225543,0.0,0.0670315262093284,0.01453197895536834,0.253922693783461,0.3406418521248609,0.12601980720048783,0.0718909596908848,7,0
1_2198_u,0.0,0.05382766621187325,0.00229149338119891,0.09429806964471933,0.7495653808116913,0.018646325450390522,0.07258429276989768,0.0,0.03392893294997877,0.0023037130303413993,0.13065629389586422,0.13780919937348404,0.008226533658737996,0.1013938767968587,10,0
1_2216_u,0.0,0.04098635246045883,0.01905243939399947,0.4491753192152828,0.14451944082975385,0.2559592533390969,0.08196182184037748,0.0,0.049028866808572553,0.039955398039677535,0.4284057973697415,0.08968561345538775,0.2899724326279503,0.16803029826870491,10,0
1_2354_u,0.0,0.05058530736714597,0.00207479393575335,0.11679172962903972,0.6820319890975952,0.1051393205299973,0.036715637659653966,0.0,0.038439164946719596,0.0022888970344342773,0.10757681212027344,0.1843683659194194,0.11547849810923541,0.09039906425072355,10,0
1_2361_u,0.0,0.005203622386034067,0.0009963436508162668,0.7008755790690581,0.26613648579223076,0.022324631621207364,0.0015800243272678335,0.0,0.004751929710178232,0.0015495880817064296,0.35793620331388665,0.3207169507309991,0.029646856686420097,0.001550040539365605,6,0
1_2420_u,0.0,0.01113858884200449,0.00423749234760176,0.0083372703986242,0.7683351397514343,0.1368479438126087,0.06739363155793396,0.0,0.007187564472587869,0.003965119199266773,0.007679211227178176,0.12112063180240867,0.0909674860020511,0.0725935047174642,10,0
1_2423_u,0.0,0.04690397679805752,0.0026839999598450397,0.1792657986283302,0.5953055799007416,0.14681368023157115,0.0180910722352564,0.0,0.04251083929896904,0.0028082596893662212,0.10905769042577003,0.17651101986844514,0.15039951274742774,0.023565207206721533,10,0
1_2464_u,0.0,0.01871673443820322,0.006906183785758869,0.02824832571786825,0.1365477006649598,0.765282416343689,0.042504759848816284,0.0,0.02575854800074949,0.0071043721255821925,0.04211027893278651,0.1579814509324822,0.1938565352740098,0.061690917848913,10,0
1_2575_u,0.0,0.09231564048677676,0.0012555238092317599,0.044445181218907184,0.49215637147426605,0.34579449603334067,0.00312495855614537,0.0,0.05044758598626089,0.0007801952584132434,0.09282590958014807,0.22479720836077763,0.25648527222623446,0.002405419548082763,10,0
1_2580_u,0.0,0.043771425285376565,0.00112734798167361,0.02413499911781396,0.8370188713073731,0.08052294999361036,0.0035279245232231297,0.0,0.059083591233714414,0.0014114089951971082,0.03321570037224615,0.10763630884749237,0.06508391796962411,0.0018291988716970678,10,0
1_2614_u,0.0,0.01620932323858138,0.00174121066229413,0.014673458947800038,0.739032506942749,0.21592964753508564,0.0066508857998996505,0.0,0.00665776141033702,0.0005902822063723538,0.013329811351006539,0.09946363312454032,0.096914758798039,0.0048036186660425344,10,0
1_2616_u,0.0,0.025042682513594573,0.0014095797756453498,0.17408242875244465,0.3879848688840866,0.40155467404983936,0.00304142353706988,0.0,0.01260445886776483,0.0007051735594150527,0.300687788579574,0.18742684923432265,0.22401737535969138,0.003066455365448039,10,0
1_2664_u,0.0,0.09877764768898482,0.00216386491374575,0.04841482425108548,0.5770001620054245,0.21516744643449778,0.02736512082628901,0.0,0.08563408673354679,0.0012122923548892695,0.05182264629898041,0.142279714259542,0.13039784555420186,0.025964353443689477,10,0
1_2669_u,0.0,0.15106247710064052,0.004335913865361319,0.060907900333404506,0.22725752126425505,0.5348035082221031,0.006339781323913429,0.0,0.1245161444331701,0.005069389193179505,0.08056837528912343,0.20398315719342808,0.26431318489773087,0.009454768053622623,10,0
1_276_u,0.0,0.14347769059240817,0.01185083082527849,0.1874683991074562,0.1984972923994064,0.3174548661336303,0.13264483043458308,0.0,0.1226877730515552,0.01339070736333072,0.27208640769999515,0.1827227749556785,0.26129668097627157,0.14672005748728703,10,0
1_2778_u,0.0,0.0437248175963759,0.0015821570530533302,0.06105490485206242,0.7224975779652596,0.1434934044256806,0.01104349846718827,0.0,0.021836414183257543,0.002441520793044144,0.10318690779057255,0.25967734434625495,0.21711274282901294,0.022079172530847402,10,0
1_2792_u,0.0,0.05289610065519805,0.0043216187274082996,0.034592338214861164,0.3562030181288719,0.4965382903814316,0.040070585394278116,0.0,0.050858658500961114,0.0036624124057552344,0.040518281809176195,0.2919291986374739,0.35158939334769784,0.041539651771752936,10,0
1_2797_u,0.0,0.013290186389349359,0.00395342273404816,0.2928161915391684,0.4070352204144001,0.2135548764839768,0.06253321352414781,0.0,0.009391408858040112,0.006168290183322689,0.18859483801974658,0.27825807564947247,0.24559601474151657,0.12426736528091295,10,0
1_2819_u,0.0,0.02475349896994879,0.0013557401514844498,0.4613447077572346,0.3755994314793497,0.12074916765559458,0.01252097595133814,0.0,0.017536537943796653,0.001757757938590085,0.3827804741562661,0.25818977543040944,0.13262466851213967,0.019043531570955313,10,0
1_2830_u,0.0,0.08802830434869972,0.00790952434763307,0.03023937304096757,0.18196398667059835,0.6314247142523527,0.02199605728965248,0.0,0.1237168520805262,0.00858965517802545,0.05120873581577583,0.23153674754501238,0.3083880476108482,0.033729059596470136,10,0
1_2837_u,0.0,0.02939474880695337,0.00220195394358592,0.12240594527684148,0.6260498128831387,0.13008722346276042,0.07918603485450143,0.0,0.03993665889006998,0.0038118471272816238,0.07006665849462997,0.29456349011764305,0.2009719916990322,0.2375658654530179,10,0
1_2842_u,0.0,0.01552836927585299,0.01600991424638773,0.02696913423424116,0.35043222913518546,0.4072106063365936,0.17046847182791675,0.0,0.02421391358235138,0.022384368799705796,0.04910758940870963,0.3613613428749478,0.3761097878000768,0.3362119499881149,10,0
1_2853_u,0.0,0.05062908772379156,0.00246180878602895,0.08322120141237968,0.6162693560123443,0.1649457864463329,0.0696866669110022,0.0,0.02978093222446848,0.0032543643507456916,0.07084852318995208,0.18424968797278546,0.0728157132647524,0.13977764154987432,10,0
1_3064_u,0.0,0.027919583674520198,0.00088829609740055,0.11629326511174436,0.701504822075367,0.1409593906253576,0.00837501329951915,0.0,0.02812844817040638,0.0007044611770572337,0.17394521797837617,0.22990113305744683,0.1774454567962634,0.011889925411921744,10,0
1_3069_u,0.0,0.0815345827490091,0.0021738858253229,0.04698911681771274,0.7108213186264039,0.1309883717447519,0.0224182087811641,0.0,0.05751508577070096,0.003390400449262699,0.03836977105183172,0.07553199211688831,0.07561363615766724,0.043625037566179456,10,0
1_3125_u,0.0,0.04273527406621719,0.01778081855154591,0.4172466988209635,0.2163313609664328,0.03304566504084501,0.26663264534436165,0.0,0.07798039545992756,0.02550081194801754,0.4139243570971668,0.2841349504002461,0.04792053187608787,0.3342761793701655,10,0
1_3177_u,0.0,0.0220900594256818,0.03859911356121298,0.13733169436454767,0.6721443891525268,0.07646304741501801,0.04555170517414802,0.0,0.01167947137503119,0.04428866157161504,0.08218812853214168,0.16236549806023948,0.035059166959045276,0.06788850267580687,5,0
1_3204_u,0.0,0.00463985315000168,0.03822909604059529,0.5497947245836258,0.3264400819782167,0.055910498253069776,0.015523879643296778,0.0,0.0037867946365803926,0.10811441310876624,0.40363346872048567,0.3508397893913554,0.08985576791002016,0.03617204493402422,10,0
1_3256_u,0.0,0.00605883839307348,0.0048190843488554805,0.8680489599704743,0.034248956618830526,0.050684176711365526,0.02682082243263717,0.0,0.003909439514390532,0.011153987365580343,0.11435878569515295,0.04637050334457849,0.0461717935659418,0.07036270595119795,10,0
1_3259_u,0.0,0.07567555448040361,0.00571440870407964,0.16565824542194602,0.22122243745252484,0.47407539933919907,0.016715563213801903,0.0,0.09565466205755452,0.005523213771999441,0.13627027364328673,0.19316485973932554,0.304529466412053,0.015238850770861494,10,0
1_3287_u,0.0,0.025429990142583802,0.00371922469348641,0.20347287347540255,0.504020057991147,0.14619552902877325,0.02857491989270779,0.0,0.028195521179221604,0.004032296148132892,0.18244927050250392,0.21169892851936908,0.11180374174314714,0.06123882567655647,10,0
1_3293_u,0.0,0.01320338414516295,0.00078097851946945,0.48720685839653016,0.45046105086803434,0.037575382180511915,0.00476768354419615,0.0,0.010179183245085559,0.00036216143399905344,0.2968843526793542,0.28125564557136445,0.02401170125380972,0.004547794026403696,10,0
1_3333_u,0.0,0.006837993549803832,0.002175462024752,0.033232093167801645,0.9082395831743876,0.04078039247542615,0.005425998863453601,0.0,0.0020061607961963236,0.0026516081713852725,0.053147302624722385,0.09068282164137326,0.05006399080197762,0.004162474537985718,6,0
1_3348_u,0.0,0.016729723147970246,0.001037494743488589,0.49151475360203123,0.42911490332335234,0.053514186674470256,0.005881328484974767,0.0,0.017186850769731848,0.000892375186182733,0.454572002360882,0.38463434012319064,0.07359140256032279,0.005474979784029961,9,0
1_3371_u,0.0,0.12341834660619493,0.00564009936933867,0.05848488369956608,0.577116283774376,0.09191561378538604,0.0389027664205059,0.0,0.1297666405226087,0.006808841871083951,0.06106365531743866,0.27178109226273833,0.08341106196058139,0.0624058641552257,10,0
1_340_u,0.0,0.02366862604394551,0.00363164526061149,0.11629782039672132,0.7164112567901612,0.0568198243156075,0.07717279950156804,0.0,0.011593790859530865,0.003579189431737533,0.08280015361093225,0.12200144877751656,0.03495551961873993,0.10489405679169274,10,0
1_3419_u,0.0,0.019632521551102337,0.0016034927568398,0.06936192680150267,0.3784880056977272,0.5128760753665119,0.01219202702341131,0.0,0.014195442917107335,0.0010867886562987746,0.150112745000732,0.29531525203979986,0.31792775968462283,0.026140975281323503,10,0
1_3476_u,0.0,0.04234178848564621,0.00098511150281407,0.2730113523080945,0.3341801896691322,0.3380468101240694,0.0027617932792054,0.0,0.03894075878764227,0.001111476573134891,0.2713515685036726,0.23463073433768902,0.3683447116093726,0.003778662412697929,10,0
1_3545_u,0.0,0.01931536737829443,0.012546255590859739,0.35047690575011076,0.26377752264961596,0.26147901695221665,0.07964853143203067,0.0,0.011212628742714191,0.023506036043237893,0.3626076755410924,0.3376204635879992,0.3370561730787421,0.16367101688458133,10,0
1_3573_u,0.0,0.02701550303027029,0.00273503455100577,0.08932605036534366,0.5258073896169663,0.31019599325954916,0.04089704341604371,0.0,0.01348686037961158,0.0025333563222726145,0.22792646912751302,0.20550154995471168,0.19269532642838183,0.09318846283431848,10,0
1_3599_u,0.0,0.028578908234420688,0.02592705861833459,0.15522031843041376,0.5810700406630834,0.17052276877479416,0.01857230646742711,0.0,0.023821686336733715,0.06878596571704804,0.21367447730564515,0.2748169463638369,0.16947742360010562,0.027314303734267863,9,0
1_3649_u,0.0,0.024284476274624423,0.00422627484658728,0.31689020639751103,0.2934067914262414,0.28702333606779573,0.06931082945084192,0.0,0.029136932027679283,0.005727718979604071,0.36652787623968835,0.30308984935125843,0.31298019474569305,0.12505816237637887,10,0
1_3660_u,0.0,0.05368589116260405,0.00241670682444231,0.11110586598515507,0.5622035324573517,0.251153865084052,0.00687473107827821,0.0,0.0709487487920864,0.0012779500588830498,0.09557802627630253,0.1962722030095828,0.20516578450867598,0.0062179833703512565,10,0
1_3707_u,0.0,0.04208324374631043,0.00432646553381342,0.36245719082653516,0.3474883856251836,0.1637028969824314,0.07134194902610028,0.0,0.03594367737972125,0.0056937739860949115,0.3483232739614196,0.3086353386377055,0.13996925051278009,0.1219708831269052,10,0
1_3766_u,0.0,0.01082247808808456,0.0018875985755584701,0.056878542574122504,0.17964244857430453,0.74041588306427,0.0042080945859197,0.0,0.008562131885888072,0.0007999433394756759,0.05395496380907767,0.2386327589470398,0.2513699554876679,0.003586166831920693,10,0
1_3837_u,0.0,0.01554833461996164,0.0059941970466751895,0.20152600146830077,0.5994545627385378,0.11146395023679354,0.06188871072372417,0.0,0.013982713780396422,0.015086022774168971,0.28598539110586724,0.2995699812840622,0.0867893652295555,0.1773322180324779,10,0
1_3840_u,0.0,0.01676998715847726,0.00436930344440039,0.20550091527402398,0.6378105968236923,0.11007065474987025,0.02016035290434953,0.0,0.010930855133696906,0.0056876333337546395,0.18527810635635228,0.12594205357878682,0.08636926529590525,0.021216590644780434,10,0
1_3842_u,0.0,0.0541654629516415,0.00141648717690254,0.47755150087177756,0.2895624184282496,0.13855412537232037,0.031170036527328138,0.0,0.061886010841375454,0.0020676999923368764,0.44057294224452065,0.32519267038907046,0.19028255371657368,0.08697359861237514,10,0
1_3911_u,0.0,0.053939955122768835,0.03003672025224654,0.1428140920586884,0.5870351549237967,0.1218320809304714,0.054303309338865756,0.0,0.050952406284454,0.09290061531847506,0.1606166127369862,0.24527294422744417,0.14720315162735545,0.15771228073781554,10,0
1_4031_u,0.0,0.10743235051631923,0.00610009317751969,0.25594900026917455,0.5004345193505287,0.07418074198067184,0.012653787271119602,0.0,0.08687610391401589,0.008334731087750133,0.1880439158228334,0.261700745666442,0.07636179367556785,0.01610729074725704,10,0
1_410_u,0.0,0.07387765916064377,0.0026834690754185,0.647349669970572,0.11994291341397907,0.12524677803739903,0.02116578144486989,0.0,0.1163409283029305,0.0034212045643451615,0.37402548218352294,0.15892717194806485,0.17892077452820926,0.031169367607522154,10,0
1_4145_u,0.0,0.03717464348301286,0.0033817421790444694,0.06756483674980696,0.8195154547691346,0.05837709307670589,0.008317133988020909,0.0,0.05210335911385001,0.005925644186824327,0.088209896228231,0.1314917324316017,0.04792362685812634,0.01269621336980724,10,0
1_427_u,0.0,0.009375797018583352,0.000994145844742855,0.5244492740370333,0.2894760619965382,0.16950431509758343,0.005174624340725081,0.0,0.010484695457848608,0.0011645495798890194,0.4890029060251529,0.29757638507667156,0.18292783659771666,0.012468493328298713,10,0
1_4281_u,0.0,0.043461930478224484,0.00524070484680119,0.2782102614175528,0.4158808372914791,0.21601868905127045,0.0252808845718391,0.0,0.07300942098598553,0.009813963122430672,0.3087908074735614,0.2892932030692735,0.2308004680964117,0.03645125304291598,10,0
1_4286_u,0.0,0.04853489701636131,0.00890564947621892,0.22502972488291556,0.362769504263997,0.22606142722070213,0.05316641611279915,0.0,0.05017563883230032,0.011164998357030345,0.29609045950490726,0.2772537906107458,0.20809990409378673,0.06730056245042172,10,0
1_4290_u,0.0,0.0217122504356666,0.00159171318809963,0.6247916475869715,0.2648230184422573,0.0717528505105292,0.01370323066366833,0.0,0.027092074529976747,0.0030735531859500107,0.4259364322976306,0.3252442010644059,0.0951754372364809,0.024209886238743646,10,0
1_430_u,0.0,0.09812994897365565,0.00161114404909308,0.04544270047917956,0.5243442356586456,0.3135206921026111,0.00792887659044932,0.0,0.16176675026418644,0.0009795918570514814,0.0744429687430545,0.25455953387079205,0.24907342142680733,0.009964407484463138,10,0
1_4352_u,0.0,0.021749946754425712,0.00146483686985443,0.11485692020505663,0.7375638499855995,0.1169368345290422,0.004523142636753569,0.0,0.01568726331374447,0.0008774128447615668,0.20380463688429284,0.20831886884477882,0.09134316511062447,0.00524967349623436,10,0
1_4477_u,0.0,0.02385568819008762,0.0019290712982182802,0.2718420515302568,0.5561923100613058,0.10541287334635849,0.03215251573128621,0.0,0.01889942769843244,0.002117799555706311,0.3103877604994889,0.33751503372671066,0.09994141842719999,0.0620093726358153,10,0
1_4544_u,0.0,0.02699610032141204,0.0025662093306891,0.04303105438593769,0.4682775393128395,0.330483603850007,0.1072783845942467,0.0,0.013586659008964287,0.003091684322490885,0.09458965072085006,0.3339473209104133,0.3487295375466284,0.2338844021651407,10,0
1_4552_u,0.0,0.019454175451149486,0.0010540953339335777,0.10461643296811311,0.7085598342948489,0.10083089768886562,0.05127886988015634,0.0,0.013472001957379232,0.0007364538271671398,0.171774720394776,0.18193738838192056,0.05622416181907364,0.1211307267922344,9,0
1_4576_u,0.0,0.01135675893165166,0.00326523494441058,0.06444882068317379,0.4721095715649426,0.297281449008733,0.12872898303903635,0.0,0.013858055966887288,0.003514941108569124,0.08337046456586318,0.3893046089879073,0.4078643954131683,0.2948769196193145,10,0
1_4603_u,0.0,0.02636393217835571,0.00195241270703259,0.6110395356547087,0.16065674051060336,0.17592194571625436,0.01706963607575738,0.0,0.04753007673841886,0.0011602366608575725,0.3470277186055476,0.20413340854510664,0.2518435323257979,0.016063396610592882,10,0
1_4639_u,0.0,0.0289953088446054,0.0008783124532782901,0.8009466111660004,0.08772424515336748,0.07567250290885565,0.00142386363295367,0.0,0.07328692833560761,0.0007937523644389847,0.24274709882525886,0.12703633932449082,0.060814412758178095,0.002192593521093568,10,0
1_467_u,0.0,0.019703814852982702,0.00128654820728112,0.1765751351951621,0.7204515926539898,0.0731868275441229,0.0068564963410607995,0.0,0.011265394723955477,0.0016855684067667747,0.2840836754265079,0.2581419219086635,0.055744885644168914,0.01121840995650841,10,0
1_4743_u,0.0,0.01803131243505045,0.00221114754967852,0.5988496633246541,0.23806145463604475,0.12478344163391734,0.014748834825877511,0.0,0.032666849268192966,0.0024392554367183342,0.39612934140761985,0.28107690897535603,0.17825766870649604,0.02262867450831294,10,0
1_4760_u,0.0,0.028404217213392213,0.00253716124570922,0.11560016432777043,0.6593093901872635,0.11520027108490463,0.06869743990246203,0.0,0.015856789627883505,0.0020358792961852326,0.1387021965081912,0.1698105306442433,0.05558617142329377,0.12588974305161618,10,0
1_4789_u,0.0,0.02581955902278419,0.00167266696516884,0.2679354026913643,0.5944882534444332,0.09565448295325037,0.01014862322481346,0.0,0.009103661565260214,0.0018978703752253988,0.2611196184508674,0.2186643761401363,0.07884989437465584,0.01503554572669149,10,0
1_4792_u,0.0,0.012773020379245251,0.0062108967220410195,0.22332318490371103,0.5715966492891311,0.1320102530531585,0.035639725881628656,0.0,0.006373009508812263,0.007980108656802999,0.21906471251301274,0.22213385439770103,0.13390540003362258,0.055568186268498625,10,0
1_4850_u,0.0,0.04762046302203083,0.009574822377180629,0.3514487715438008,0.39669648772105576,0.13456622376106672,0.05046739142853762,0.0,0.07694268885984079,0.017658924230277533,0.4114540724678661,0.2704350984057491,0.13779984503203963,0.09782872298868481,10,0
1_4949_u,0.0,0.03800650445627976,0.00150547121884297,0.26747013046406204,0.3985693091002758,0.2773699367768131,0.00713664678623894,0.0,0.03499320431487989,0.001262734879592309,0.32350065579326565,0.32970754206360636,0.24931010263314446,0.009027360253715285,10,0
1_4967_u,0.0,0.04853965276852246,0.006849594842060431,0.30014914593193676,0.3170517094433307,0.20966014703735708,0.04845631085918281,0.0,0.07238988476333959,0.010741149544683928,0.3580382610399597,0.22763104256610273,0.20926766793409612,0.13995971407285432,10,0
1_4995_u,0.0,0.03011778444051737,0.00060162484587632,0.3895226523280143,0.491092169098556,0.08268639077432448,0.0029172793729230198,0.0,0.044650528362462555,0.0004078068292045576,0.3618202574583515,0.3112313958308842,0.15892795220846076,0.0033866292561781043,10,0
1_5058_u,0.0,0.02570457868278021,0.0018542908539529502,0.33330285500269385,0.4048936070874333,0.2209402537439018,0.00500889474060381,0.0,0.015810622351636782,0.0022819798355891126,0.27369708521357555,0.31167109471244836,0.27241500104533845,0.006024219346657673,10,0
1_506_u,0.0,0.02540407888591285,0.00108294085366647,0.03548060744069511,0.6797995656728745,0.251016991212964,0.00518014221452171,0.0,0.00789947083951256,0.0006998258452076129,0.031500106102462316,0.2523224772802553,0.2685532444310812,0.005535067769330409,10,0
1_507_u,0.0,0.03586511789924565,0.0010288563951487333,0.1275435298060377,0.5901805907487869,0.23820558800879446,0.0029870948379134336,0.0,0.04533313658093564,0.000566729557394462,0.19228878728773796,0.2745121196112944,0.2627463394850968,0.0014194005028056744,9,0
1_5109_u,0.0,0.07366429017856713,0.01689581932732831,0.21840789592824872,0.22982939099892968,0.3789008345454931,0.04548875149339433,0.0,0.12088187169547643,0.041060643422927,0.3025593677156582,0.2392471990150534,0.2969401136870158,0.10514400281921292,10,0
1_5134_u,0.0,0.01429982676927461,0.0038848753960336996,0.20252050766721363,0.39747427953407166,0.29568295455537735,0.08110691691981625,0.0,0.009982192858934374,0.0044073661015299175,0.29158941174899605,0.27372952911328496,0.21320588182709405,0.2164078736269829,10,0
1_5156_u,0.0,0.027981068371445827,0.0030585518572479,0.1442948609939776,0.5664336641319097,0.21818566583096977,0.03372837665956463,0.0,0.02564185677639966,0.002257830662617997,0.18730282230402923,0.3031936439063646,0.3589639691133161,0.03817517775785821,10,0
1_5166_u,0.0,0.006978923326823811,0.00148892597935623,0.5223935607820749,0.2328047879040241,0.23167781140655275,0.00311984086874866,0.0,0.0071194702235088,0.00106342996950655,0.3032688685265996,0.213077894021759,0.24212765077830353,0.0038234565028046883,10,0
1_5169_u,0.0,0.05887548596365373,0.00232825985003724,0.2838920924812555,0.3298978380393237,0.27554460900137195,0.04214993680361655,0.0,0.08780668073181526,0.0023042056729601084,0.2998106318899528,0.24127429356454655,0.30232565506737014,0.12544914258554465,10,0
1_5211_u,0.0,0.02483905944973226,0.002581056546963078,0.10570834949612613,0.5573741114801831,0.2152479408929745,0.0849346558679826,0.0,0.011395410579765067,0.004585954625134382,0.22582515043844914,0.2617779063582624,0.14770315896076522,0.21566117527698114,9,0
1_5212_u,0.0,0.001684382629011611,0.0011184269290727333,0.2035559114689628,0.03089504720022275,0.7602407253450818,0.0014505760692473555,0.0,0.0008571121434259063,0.0004185219086999189,0.286003555093872,0.03163233143526334,0.2965920611420112,0.0007513871803099735,9,0
1_533_u,0.0,0.0063080895808524705,0.00121895113115893,0.6216133054345846,0.27170662889257075,0.0933441553264856,0.00369016670156265,0.0,0.005092827585563249,0.00132991874485041,0.3206495065042907,0.24353919555532375,0.1127740108359563,0.0044741849772981955,10,0
1_536_u,0.0,0.00984630596358324,0.00308857474301469,0.051039427705109074,0.7341139197349549,0.19096992667764423,0.00434171136002984,0.0,0.006278771440537373,0.0026114024667130997,0.07882762046487361,0.14776375453725218,0.13760986107851642,0.0056166471403501965,10,0
1_537_u,0.0,0.016657472657971028,0.00381439920456611,0.09299082802608606,0.5921398058533669,0.2695355642586946,0.01963359951914749,0.0,0.014537796520363314,0.004250722755018965,0.23379908481778272,0.23295737036903708,0.15343627945369265,0.043928053593117376,10,0
1_5496_u,0.0,0.00999418187420813,0.00100057551462665,0.2629365706816315,0.6257021814584732,0.0948637276422232,0.00327142999740312,0.0,0.006116475860128099,0.000640094742643008,0.3244842435854476,0.2998544189690425,0.10053972509564384,0.0045762045203289,10,0
1_5571_u,0.0,0.01073927921243007,0.0014556059002643,0.23224820143077518,0.5184368520975113,0.2194586262106895,0.012406504928367168,0.0,0.005722109518301691,0.0015397071356517227,0.23515730756529155,0.21431402092991236,0.197727268177192,0.03227262271785942,10,0
1_5572_u,0.0,0.01576238702982658,0.006982240657089229,0.3922579645179212,0.3365189757198095,0.20613628418650473,0.03361481155152426,0.0,0.0140396202313593,0.015375709610232364,0.37414367719662056,0.33376117019979124,0.3123838959963791,0.06282675215635856,10,0
1_5580_u,0.0,0.03569219140335914,0.02081367911305271,0.3105128841474652,0.20203255042433735,0.19398600307758893,0.23168130405247206,0.0,0.04110423415858322,0.03128954427937025,0.39860076781628884,0.24149186934409583,0.18201728854659646,0.30728104546037555,10,0
1_5581_u,0.0,0.04092406516429033,0.0016003147989976801,0.260150414891541,0.5085772896185518,0.1773346355184912,0.00304797088610935,0.0,0.06726631095986389,0.0019208803072780555,0.3157958463224616,0.37617882791612217,0.17081698880905613,0.003448871978950742,10,0
1_5617_u,0.0,0.02438579851295793,0.00354081667610439,0.1596281606703996,0.5310500808060169,0.26050325743854047,0.01543628897052253,0.0,0.013781623175531381,0.002686230755713162,0.27275979565294123,0.3089049374751187,0.2741726097684327,0.013247015222732422,10,0
1_5627_u,0.0,0.07530431849882001,0.00306983256596136,0.06180827503558245,0.2874179944396019,0.47975698858499527,0.0024406234791967602,0.0,0.12241981708564154,0.004644202736951724,0.07216225598921526,0.26678357885744636,0.2799075889781608,0.002781841543457504,10,0
1_5679_u,0.0,0.025200424809008797,0.0015691162028815097,0.33249286301434033,0.5873460695147514,0.0390637579374015,0.00765568908536802,0.0,0.012292897423543015,0.0012192289804190848,0.26702472191371734,0.2666494037339458,0.032998570703714446,0.008269530752875268,10,0
1_5699_u,0.0,0.009263816988095589,0.0018912820480181398,0.40562217235565184,0.3015173682942986,0.2554323533549904,0.02228446021326811,0.0,0.007087922249108426,0.0015477300752188962,0.3206533432895119,0.24349076122886879,0.255393904712689,0.037701093460329654,10,0
1_5751_u,0.0,0.018857762527962466,0.030656585990477096,0.3911362196215325,0.2323182945967548,0.0258568276961644,0.2737774019672845,0.0,0.027011866508303707,0.044015632109152006,0.4595504177876981,0.3201879309427056,0.02391120663300687,0.3739037358763554,9,0
1_5758_u,0.0,0.06410955786705012,0.00535146562033329,0.023044868162833097,0.47623843252658843,0.26688896194100376,0.07260384449036787,0.0,0.03614791612067284,0.008332016888121737,0.026391660678256473,0.26006691151783906,0.2401913705031728,0.1638204891609178,10,0
1_5786_u,0.0,0.0200308029307052,0.00172526431852016,0.3344921492040157,0.5561948724091053,0.06956599839031692,0.0146686293650418,0.0,0.019766710228299487,0.002099593266447867,0.26621183001089604,0.22159053971041084,0.048226242112661716,0.03516024183191141,10,0
1_5880_u,0.0,0.01590333851054307,0.00051579944411054,0.4830039042979479,0.4437459364533424,0.04598359325900667,0.00791020509204823,0.0,0.015819049508740534,0.0003504320742797333,0.30477840220639074,0.26187203156293115,0.04566911743290884,0.010639141930787084,10,0
1_5919_u,0.0,0.02319901366718109,0.00108122638193884,0.14205649576615537,0.644370548427105,0.17803817763924595,0.007523915448109569,0.0,0.02021731982106976,0.00031333733045743785,0.1257793494706893,0.21710800621097093,0.23432967883990885,0.006573957675597895,10,0
1_5953_u,0.0,0.00914452602155502,0.0051488588273059105,0.20704970303922893,0.16748650968074794,0.5167329261777922,0.08815415999852116,0.0,0.004422332669185684,0.006367572131296384,0.35108639852653895,0.16486230475522312,0.3212293299736404,0.26143487286797873,10,0
1_5964_u,0.0,0.05067387870512898,0.009464093903079571,0.2073873850749805,0.39198521748185156,0.1268082361668348,0.20638721872819582,0.0,0.04395131599069546,0.007357959560767075,0.18537026441778798,0.2327842056165378,0.1075746500254603,0.251035987985432,10,0
1_60_u,0.0,0.016772987864290614,0.004982204693886934,0.017980787385668977,0.8619372745354971,0.0886892270710733,0.0047461534850298664,0.0,0.008276721302162851,0.01272494759581484,0.012888847788482505,0.20025454491394554,0.1626099875999371,0.00906843969876053,9,0
1_6020_u,0.0,0.037212525482755124,0.006442965930909811,0.03133531305938954,0.6153478559106589,0.28873225376009937,0.0157323773950338,0.0,0.06903374412614235,0.01566026867548132,0.031233133988822014,0.4005310871414639,0.36844805973316447,0.028435694533345508,10,0
1_6032_u,0.0,0.09140184940770266,0.00057650022208687,0.19792547281831502,0.6036300808191299,0.09029328897595403,0.0034366041771135697,0.0,0.06712394622903878,0.00023325466341340436,0.11841119154139453,0.159649325036613,0.09472371413268806,0.0011787746513176932,10,0
1_6039_u,0.0,0.02845607174094763,0.00472346858005036,0.39971975130029025,0.3198843158781528,0.19240601528435944,0.01371127486636391,0.0,0.03361941044302116,0.0033463144785406507,0.3923059343303668,0.22930897028948743,0.19594127681206747,0.014834285679032772,10,0
1_6065_u,0.0,0.05755884060636159,0.010838612198131101,0.09875027351081367,0.5363374400883913,0.20639394707977768,0.07846533705014731,0.0,0.042828556096122704,0.01670512504344793,0.09628249858336764,0.2443076947256337,0.15814527700721548,0.14388259236157605,10,0
1_6092_u,0.0,0.038571635924745294,0.01235735745867709,0.37636482727248216,0.2696030645165592,0.24243502672761674,0.03846852326823859,0.0,0.050680038200300016,0.025659326142957888,0.4251812196379655,0.3236266892193624,0.3178342319937576,0.058405266749416825,10,0
1_6113_u,0.0,0.01802364117465908,0.0893882069343817,0.2552504668012261,0.45258239191025496,0.06306155904312613,0.11692841273033987,0.0,0.007352450958828631,0.257446982266655,0.34140888905402167,0.3748973357407048,0.043069768849330343,0.2293637307561353,10,0
1_6134_u,0.0,0.03320027856777108,0.008810253812245879,0.07475467605723271,0.7487416747543547,0.11160413631134558,0.013282881933264379,0.0,0.037687426617809064,0.02326533654599752,0.06826495513848041,0.21950020662101483,0.1213056682176572,0.0271652165357365,9,0
1_6165_u,0.0,0.00882536715944293,0.010103995807003179,0.5069201920181513,0.3284009546041488,0.09207489043474193,0.044059548171935546,0.0,0.006828914915680077,0.02255002419828448,0.34491909771111734,0.2651947184697351,0.08057191279952775,0.09440787984692049,10,0
1_6183_u,0.0,0.07827283188493711,0.0034920348552986554,0.06044705314303018,0.27604106617056656,0.49530967821677524,0.028887493839849565,0.0,0.06864872717919827,0.003972268728883971,0.1509339063262668,0.19103015658987935,0.3220667725381281,0.07697942940576255,9,0
1_6188_u,0.0,0.01913683908060189,0.0018506986933061298,0.13532647844403978,0.5446202173829079,0.2793865930754691,0.00986477113910946,0.0,0.010789969872953659,0.0021484786511236404,0.2109546513292403,0.34200839977110753,0.28553448975639545,0.015438134473370422,10,0
1_6211_u,0.0,0.025322439847513978,0.02379264127812342,0.1784833705052733,0.40239109490066766,0.14301413036882876,0.13109245729283425,0.0,0.025422562292066738,0.048361578335724284,0.2007084386054872,0.2585397844106744,0.10695538517209542,0.2493006093164813,10,0
1_6221_u,0.0,0.010249790770467329,0.00071030410763337,0.7844012662768364,0.17173488000407813,0.029174014553427663,0.0025636327452957,0.0,0.01308741584188051,0.00021772485443286062,0.253133049924357,0.22706050970845468,0.038899052050677035,0.0012787375561284975,10,0
1_6355_u,0.0,0.03451841071780233,0.002155916840170586,0.036197002577994505,0.7885051795414516,0.09378473161320598,0.03750588623889983,0.0,0.04708811172119697,0.0021751723097476615,0.038444301913462674,0.08207981878073939,0.06459959835751895,0.05772659582572334,7,0
1_6370_u,0.0,0.01903537595644587,0.00123950736742693,0.16519113285467024,0.742032079398632,0.0614344001282006,0.00819760113663503,0.0,0.016391189397647003,0.0019027882788546112,0.28276271257108504,0.2616211423590084,0.07240292402794439,0.016513772784526908,10,0
1_6426_u,0.0,0.03949920162558551,0.00232389739830974,0.16739404476247724,0.5203432992100716,0.2353654250502586,0.028679570718668362,0.0,0.03300766405381035,0.0026545480136212734,0.19982798864899937,0.15993532801706012,0.1976516945917596,0.0662753942531366,10,0
1_6427_u,0.0,0.028366101020947047,0.00179523031401909,0.2229651257395744,0.46269007623195646,0.263180161267519,0.014955255133099801,0.0,0.022167459582660462,0.0025270050993383246,0.16888741585937384,0.1693199650039142,0.18014670623178872,0.03129449183552153,10,0
1_6428_u,0.0,0.08238875514103301,0.0018030986636100557,0.08210033157633408,0.46699252393510604,0.29332982955707443,0.003401796469309633,0.0,0.06508902337898113,0.0012238632997871295,0.14909789163879428,0.2303524621157595,0.2128158521640547,0.002382898015129375,9,0
1_6472_u,0.0,0.07024457752704617,0.00120257795206267,0.10763807832263406,0.5639847546815873,0.243841016665101,0.00705403240863227,0.0,0.05835255262490906,0.0008123143709005872,0.14795521299887046,0.20939577768762851,0.24722622062167388,0.004640308409047923,10,0
1_6504_u,0.0,0.0601013865321874,0.0020221571263391,0.09906141720712182,0.6114008694887161,0.11060540750622747,0.09492456680163738,0.0,0.049374249697847816,0.0018518478614282096,0.0758844453901052,0.18886525973275783,0.07815497260983972,0.19306123500256026,10,0
1_6534_u,0.0,0.00649162281770254,0.00430908040143545,0.34569459450431167,0.24327117204666132,0.39261961244046684,0.003952110983664129,0.0,0.00396824538026126,0.004904419071466315,0.3636177115984952,0.2134456001911182,0.36339526490069013,0.00205956481527458,10,0
1_6627_u,0.0,0.0,0.0,0.0,0.0,0.0,0.0,0.0,0.0,0.0,0.0,0.0,0.0,0.0,0,1
1_6645_u,0.0,0.1774111038073897,0.005650098231853881,0.031191313825547663,0.4177120985463262,0.025862125353887638,0.23644085974665355,0.0,0.21245848759577568,0.0065808082838835855,0.029897488669335157,0.4109193487944522,0.022001519281915568,0.318461771226028,10,0
1_6648_u,0.0,0.027196210063993885,0.00385952548822383,0.22324139163829382,0.2443065355531871,0.44800909608602524,0.04728864579810757,0.0,0.011758692333064496,0.003067654466448392,0.2625352329304136,0.2530709147112797,0.426171715087216,0.078895820252959,10,0
1_6683_u,0.0,0.051898808707483056,0.00245476151467298,0.13665591634926383,0.35957926670089363,0.42529036924242974,0.011745683487970341,0.0,0.04848146851052779,0.0015837808480486327,0.2260714347326221,0.24330583549843704,0.30050916601505856,0.012500732253488717,10,0
1_672_u,0.0,0.0307771160267293,0.01496169725432987,0.06376236816868179,0.3888376772403717,0.40582377687096594,0.07974137199926187,0.0,0.01843987090051634,0.01903333560623161,0.10896438848186289,0.2564323887756558,0.25477137481946666,0.1127827429291639,10,0
1_6766_u,0.0,0.029573772242292705,0.0014025159645825098,0.4926485802978277,0.3353077555075288,0.09546632389537987,0.03794315047562119,0.0,0.03428681943860289,0.001557657829792411,0.33772993541375074,0.2462173657139782,0.14627418632634584,0.05340435300418157,10,0
1_6769_u,0.0,0.01633673522155726,0.0015675367234507,0.12192513663321729,0.6690239131450653,0.13456006459891792,0.049550472025293814,0.0,0.01634818942575221,0.002528267023623855,0.10230115889620733,0.1363750009468283,0.1003946169772227,0.10958285143942434,10,0
1_6835_u,0.0,0.00936834197491402,0.00270468237577001,0.43718437635106966,0.31849974533542985,0.19716422976925965,0.023217510315589558,0.0,0.011598785479015565,0.003514905239910808,0.39277282657040274,0.39100417049998487,0.24359913131438654,0.03962285326627155,10,0
1_6860_u,0.0,0.08840548284351822,0.00133568000164809,0.15941327158361668,0.45542865842580793,0.24887441284954542,0.0330800244933925,0.0,0.08995144868828821,0.0011904291045083692,0.19323194653343523,0.22393006346994712,0.2208971769672678,0.047290375538960955,10,0
1_70_u,0.0,0.01715084575698704,0.00254712445894253,0.2892623868538066,0.07338299632538106,0.5984976125881076,0.00463817630952684,0.0,0.031197666985906224,0.0029395096635608142,0.3303337334251498,0.1896379535871563,0.34568499839061073,0.0057842576244953,10,0
1_7047_u,0.0,0.013584593706764242,0.0026267273919074303,0.6878984393551946,0.17562252202769738,0.06061182410921898,0.05836686776601703,0.0,0.01650221830474171,0.006320630390512731,0.3316612659027251,0.21309126012276405,0.07719337271659216,0.15357574737664806,10,0
1_7082_u,0.0,0.018882805807515952,0.00384399453760119,0.39092691340483726,0.3319294326007366,0.22754099122248586,0.02064815336489115,0.0,0.016481907691849897,0.003746142499311718,0.3348900625579786,0.266492224985583,0.24404687856869928,0.04687085163935954,10,0
1_7089_u,0.0,0.03315052158141038,0.01887006936012763,0.37290412073489276,0.2097792306914925,0.2822647274471819,0.056625604725559185,0.0,0.03030872598956407,0.026528010483720884,0.3995183288842897,0.2722078616777218,0.342129392343556,0.10753884797274192,10,0
1_7186_u,0.0,0.0869659479707479,0.14999816868221383,0.1214153597829863,0.06314315134659403,0.38557793647050853,0.06790013291756619,0.0,0.07075650682013096,0.15129430843858346,0.21247101732155618,0.09774295452355876,0.34833883364427526,0.06811625866557279,10,0
1_7281_u,0.0,0.05721802385523912,0.0017223110102349399,0.30555393081158394,0.41171489357948304,0.18000169177539643,0.02496950434288005,0.0,0.05438748647119759,0.0024249808678082755,0.327348418362815,0.21067730900775186,0.1660740202323414,0.06413378312837308,10,0
1_7341_u,0.0,0.17016196567565198,0.01112321862019594,0.1505905566271394,0.23439671620726585,0.16237684451043602,0.227546954882564,0.0,0.21868061991935472,0.008757219735881198,0.2131298345112046,0.18593777758825228,0.2507544546055849,0.2994599149287169,10,0
1_7357_u,0.0,0.1157215169165283,0.010925967810908271,0.02568724004086101,0.38881347253918647,0.417840126529336,0.0326021909480914,0.0,0.19191512897792773,0.024715145686617767,0.02568354473584543,0.30660943639404,0.2878460641534635,0.056878858078520965,10,0
1_7395_u,0.0,0.11750750445644369,0.01436459140095388,0.23018034610431642,0.18501480498816814,0.3122100027452689,0.08456135835149321,0.0,0.08730542958405699,0.022449810685299672,0.40100341759209607,0.1778925039408331,0.26764309051074064,0.12689019721067263,10,0
1_7400_u,0.0,0.04990387836005535,0.00137487484316802,0.5729686125647276,0.1582108280446846,0.2026232583681121,0.00227649735170411,0.0,0.113899099452121,0.0009580921439690071,0.41997279887862987,0.2495245370807878,0.25476015453213186,0.0018735097706068882,10,0
1_7402_u,0.0,0.06130343664553942,0.0071242392470594,0.2257606794708408,0.10893016902264203,0.4739093611948192,0.00474405156273856,0.0,0.06801528855564491,0.007454992429923424,0.4097155279361739,0.20563040501367613,0.33386467319593865,0.00523028408719301,10,0
1_7442_u,0.0,0.030250049172900584,0.00323913232423359,0.19708983275340866,0.2870700642466545,0.3606435008347034,0.014740393427200548,0.0,0.04032675194083839,0.001743997708981536,0.2531967123392435,0.20196694772796003,0.2143936279028013,0.01768914972687296,10,0
1_7443_u,0.0,0.03513850425370033,0.14759452433791007,0.12662380054243835,0.44912518421187997,0.16667323494330047,0.05899394385050978,0.0,0.03875999155234863,0.3119482165833314,0.21604291546130128,0.2768251130179753,0.1453035254600053,0.11330898755693096,10,0
1_7445_u,0.0,0.01986096801701928,0.00103351053257934,0.03456827129703011,0.8972355902194977,0.03532213021535422,0.006360658223275049,0.0,0.02406429421853153,0.0006138064608505637,0.0443524224006873,0.06874269944710776,0.025092534082684928,0.003830499164803499,10,0
1_7449_u,0.0,0.01151857825461771,0.0022913979802978803,0.6022614549379796,0.23076972826384004,0.1125452611595392,0.03289416231418722,0.0,0.014649881403768023,0.0050186318352449365,0.3367631592140079,0.27961251946788984,0.16995375604134463,0.10095399964132715,10,0
1_7487_u,0.0,0.05374327872414139,0.0009748625016072125,0.21001731045544145,0.6766960769891739,0.04324171843472864,0.011331414643791449,0.0,0.05167109197435167,0.0008883855122845827,0.23146942580058777,0.2563467369652685,0.02183018985467665,0.016234281364656114,8,0
1_7490_u,0.0,0.02161784566706042,0.00416682042268799,0.438550619315356,0.24947864012792706,0.1863829482346773,0.08074366173241285,0.0,0.020671390650740362,0.005458344450311674,0.4463695162066642,0.2725873591694923,0.217575141225777,0.1902805874105701,10,0
1_7494_u,0.0,0.03020245386287565,0.00505931995576241,0.04112650803290302,0.44190049907192586,0.4299808531999588,0.04394782881718124,0.0,0.01472458584256242,0.0034759005413070383,0.07581097093575041,0.19380585417957757,0.18897574348788576,0.05205962869476189,10,0
1_7504_u,0.0,0.005483681386976921,0.00035040990915142996,0.8144933990202844,0.159186662902357,0.01709118973813015,0.00179562244738913,0.0,0.011195020318265267,0.00032172158029193616,0.36277284346424865,0.326316684954485,0.026500395308458245,0.002928597999838529,10,0
1_7575_u,0.0,0.00829937963862895,0.01629288023104885,0.34371296875178814,0.40204077027738094,0.18627447821199894,0.023782734089763773,0.0,0.00485925752550692,0.019730536950773966,0.3404214507548539,0.28076415545033506,0.25829102515559393,0.031792181468233156,4,0
1_7593_u,0.0,0.029026800533756565,0.00359655486536207,0.27926926058717066,0.378927356749773,0.16298028826713556,0.07559615148929873,0.0,0.027905063698435418,0.008356938167398466,0.2838357318185717,0.21883702030674607,0.13264221575258128,0.22944883813490652,10,0
1_7641_u,0.0,0.014796350873075381,0.014654802728909937,0.5535543410107493,0.20202007852494713,0.1366895524784922,0.07291937344707543,0.0,0.023809638042313095,0.03312684980118415,0.30168354465131897,0.19936432293608192,0.10168980691228179,0.15973226888925068,10,0
1_7661_u,0.0,0.07080750177717866,0.004044805287978444,0.22644746748523575,0.47124499248133767,0.0484534511601345,0.15330729143331856,0.0,0.060564803339049796,0.005724997657615206,0.2617505093472964,0.3007594015676082,0.07030572876438329,0.23916176948674145,9,0
1_7675_u,0.0,0.009064075883361462,0.00145782818435686,0.7005781546235085,0.16809428706474133,0.10463552857399913,0.014194585342192981,0.0,0.008445254826210339,0.0017768468442478608,0.33643753043776947,0.29074249223737647,0.15780351495536715,0.030938028421679146,10,0
1_7722_u,0.0,0.02741856058128172,0.00385904875583942,0.07088760407641526,0.5724108785390853,0.2959608789533376,0.02344090306432913,0.0,0.01605685251027563,0.00541357892501604,0.09715050312521784,0.17922263225105692,0.15760166332956108,0.0313650802100414,10,0
1_7894_u,0.0,0.03464958374388511,0.01003194043878462,0.12957497917814176,0.18500203583389516,0.4156953401863575,0.20885567820514547,0.0,0.022261203521170135,0.006322849044182802,0.23854699391302903,0.16148755892175412,0.30631952679184793,0.2503547293826942,10,0
1_7938_u,0.0,0.03142941039986903,0.0018648798868525398,0.03206729888916011,0.8035305291414261,0.11642267685383553,0.00633670960087324,0.0,0.037636360070622786,0.0012159249989817252,0.040804597412942914,0.1772458001789788,0.1585877541022768,0.004356629637337449,10,0
1_7953_u,0.0,0.0660574887646362,0.0043583030230365406,0.17437108205631371,0.298724865168333,0.3685706257820129,0.08219995324616317,0.0,0.09281867195054534,0.004311377180984405,0.32422103008490966,0.23381454892720488,0.3342743690732587,0.13131894852011797,10,0
1_80_u,0.0,0.03586161825805899,0.007914056093431949,0.1457232493907213,0.6573967874050141,0.0865042224526405,0.02980131227523084,0.0,0.01754917388567204,0.007542118793451808,0.11331137068072229,0.13376364471854618,0.049628940914338254,0.04459973670701273,10,0
1_8042_u,0.0,0.02241243077442043,0.00493422300787637,0.1839660847559571,0.4661400347948074,0.2796221874654293,0.03844469713512804,0.0,0.01246822518631341,0.007580452296709379,0.24368094820605948,0.24785721261711602,0.18297158912750325,0.08036920812124662,10,0
1_8045_u,0.0,0.09886866883607578,0.0023891020668088,0.15872050152393052,0.33594042151235043,0.22453993638628159,0.01297269454225892,0.0,0.08400413504006382,0.002024888269174073,0.3163872227448459,0.25138225675795295,0.1504532198532264,0.020378933326636036,10,0
1_8052_u,0.0,0.02840140243060881,0.0016398139909142198,0.3455404440872371,0.3443866536021232,0.26968066319823264,0.00617302040918726,0.0,0.027979071644450848,0.0012089530885501442,0.23935691615543858,0.1375032272543173,0.21297822435585867,0.00865240957159171,10,0
1_8078_u,0.0,0.21978947333991522,0.07367744197836142,0.1811103982850909,0.15885141640901562,0.18933296948671335,0.13810539052356033,0.0,0.1908845577549477,0.06685182076523831,0.23183449318258056,0.09743662372732845,0.3438573383108594,0.08193861487774537,10,0
1_8136_u,0.0,0.01926603824249464,0.0022954638465307103,0.07725519938394423,0.4962289554998279,0.3743830259889364,0.01743230012943962,0.0,0.011839443238794706,0.0009790770984152491,0.10491803342502665,0.3299177327426328,0.37859219754006945,0.0413988757486297,10,0
1_8159_u,0.0,0.0845680584199726,0.00390368116204621,0.28266471298411483,0.23415268445387477,0.34760687109082933,0.03769040046026926,0.0,0.09846001275591307,0.006082522766329173,0.3852256694953969,0.27444789254499824,0.356432674811984,0.06926693293859308,10,0
1_8185_u,0.0,0.1693360454170033,0.00834737715485968,0.40000077174045146,0.1800794547598343,0.21871401033131402,0.00966832977719599,0.0,0.23797482988017266,0.020057160530399205,0.3713483310832288,0.23749151589046327,0.31402138570359467,0.017497288861801397,10,0
1_8217_u,0.0,0.05755451340228316,0.006154157652053941,0.12240951245184983,0.21223792806267733,0.5617156118154526,0.02039669814985242,0.0,0.05779769685824208,0.012000553592276402,0.12566391855685366,0.17827296905823503,0.28977624828361354,0.03727799708115497,10,0
1_8407_u,0.0,0.05968861849978563,0.00876911453669886,0.2549194066785276,0.3707619938999414,0.17422120012342926,0.10670042237034064,0.0,0.08159582114960681,0.01819959434277507,0.25069656855886346,0.21713211898221726,0.14854029348594988,0.19662748464156285,10,0
1_8417_u,0.0,0.0811780784075381,0.00257584373903224,0.27441631547408174,0.21403061035671267,0.40676642793841894,0.013489225867669968,0.0,0.09508948533821977,0.002424045794634915,0.4283275779178863,0.21638550833840697,0.3351089406515191,0.013323368703074571,10,0
1_8452_u,0.0,0.05342563658487046,0.027142565604299257,0.2230076618492603,0.11171706877648828,0.4556015729904175,0.10183527171611781,0.0,0.0605716960347273,0.056811074716568745,0.2582265967107921,0.09292843249958885,0.2943080579867095,0.14352038869207545,10,0
1_8505_u,0.0,0.19580376305093522,0.008937610054272179,0.13834378288593135,0.17334922911832104,0.11263389447121877,0.02366457978205285,0.0,0.2193929393784822,0.008371886876221679,0.30745742784165314,0.2833421919131763,0.1349322732549281,0.026500563718307578,10,0
1_8717_u,0.0,0.13103031092323358,0.00347290486388368,0.14201382361352438,0.6644932448863983,0.044006369076669175,0.00825903111253862,0.0,0.13296609049594635,0.006129167642062739,0.18216219580139856,0.17686641859255622,0.02969720124751698,0.011606039860720988,10,0
1_8746_u,0.0,0.09189688218757505,0.00060774499143003,0.3044220995157957,0.5338051076978445,0.03412236315198238,0.008035486028529649,0.0,0.1241617912553443,0.0003570259933029308,0.31011420406990703,0.3065686855131349,0.023723104481774376,0.011574342445313763,10,0
1_8749_u,0.0,0.03657016624347302,0.00140054374060124,0.6266556806862355,0.23219364133547055,0.06700096465647216,0.02073195576667781,0.0,0.03918776606021739,0.0011872404276978793,0.30236287628824976,0.220748189223164,0.06529328996797695,0.041089895617931034,10,0
1_8827_u,0.0,0.03294347280170764,0.00060391612059898,0.1738626516424119,0.6750319063663482,0.11093571670353408,0.0014930745994206,0.0,0.054807564660597156,0.00021383336412714507,0.2529915772273536,0.23778794341503823,0.09812699609446351,0.0007465942616027418,10,0
1_8837_u,0.0,0.09881397009594363,0.0031543853168841097,0.18124961582943794,0.39647733345627784,0.21481399647891516,0.04318599944817829,0.0,0.12628845386957735,0.0037081459604359534,0.2821764483245055,0.21752798306341556,0.16590056469443396,0.10439948067310784,10,0
1_90_u,0.0,0.09683373877778646,0.059991688141599255,0.09077521304134276,0.5696463994681835,0.1501712676137685,0.015374134504236239,0.0,0.10788199188656261,0.18621026312072478,0.1923420015578552,0.27487256950823796,0.11212467757133616,0.02697654768525461,10,0
1_9003_u,0.0,0.0455957699101418,0.00531414627039333,0.25425585559569297,0.42302040606737135,0.06144408239051695,0.12657088360865598,0.0,0.058631816470974235,0.00619275475918122,0.3575891956236942,0.2580519100697295,0.07878607066571224,0.20855552130489607,10,0
1_9009_u,0.0,0.030336875701323103,0.0007996721396920901,0.48927429658360777,0.3878261280013248,0.0783577359572518,0.0051481981761753,0.0,0.024618048976008222,0.0008947493814858384,0.4006780342973247,0.3138992615637038,0.18302220593258617,0.0075049344973831065,10,0
1_9087_u,0.0,0.04906990923918779,0.00608177723770492,0.2803385263774544,0.32881331630051136,0.20355972060933705,0.01782715351437213,0.0,0.045660946801179915,0.007194283450622353,0.3191775280662454,0.2757699427857267,0.2571027978823891,0.021915182984437204,10,0
1_9245_u,0.0,0.07500839689746495,0.001441320835147,0.24638557685539123,0.437420136295259,0.2109539075521752,0.0065378273837267895,0.0,0.14805617023858633,0.0018984589994960473,0.3956200179379961,0.3326867946156035,0.2786322743531755,0.007053356930245488,10,0
1_9594_u,0.0,0.0504597623366862,0.00194281828589732,0.12447457062080498,0.45186419524252414,0.3377642072737217,0.026995579409413002,0.0,0.08451918929517861,0.0025411258663574168,0.1427367264896182,0.22123538177181193,0.2453995851240092,0.06356180803866245,10,0
1_9668_u,0.0,0.05721155842766161,0.00233809790806838,0.03069073753431435,0.4932868629693985,0.39477450028061867,0.00822088199201967,0.0,0.05652287058303074,0.0029916325202683594,0.02447745345934853,0.21571308379453177,0.245756366233671,0.014611124229436636,10,0
1_971_u,0.0,0.07694233191432427,0.0066515964805148,0.30505883943988005,0.1920623880345374,0.26491141319274897,0.11644024979323145,0.0,0.10512421926564182,0.004882545879282851,0.35516183821804126,0.21853722343588844,0.3017023187359287,0.19604757080388047,10,0
1_9963_u,0.0,0.04437036672607061,0.04609212581999598,0.007121582670758117,0.30667176687469083,0.3763032058874766,0.1986397234528946,0.0,0.02420861855040375,0.06869479404449107,0.004642240842467923,0.32344287169753916,0.3149823491394896,0.302019112016948,6,0
1_9971_u,0.0,0.08125252132304009,0.0039124667673604095,0.2075931514962576,0.4030340950470418,0.2702640517964027,0.02125149150378998,0.0,0.07090280225011511,0.004029476083366292,0.33071293473840657,0.2760342821796936,0.23983570574091337,0.024666683626394115,10,0
1_9972_u,0.0,0.01589162020245562,0.00204031967732585,0.11763534746132787,0.4633106395602226,0.3868846313096583,0.01053837443469086,0.0,0.011684551427043149,0.0022749019152237867,0.17363015706172438,0.2792347394043911,0.3031179440254114,0.014554756061483511,10,0
1_9993_u,0.0,0.02084823851473626,0.00156532038236032,0.23964106105268002,0.5388576000928879,0.19408176243305203,0.00261737849214109,0.0,0.0206187264306586,0.0010176838609532429,0.2382709074963148,0.17316935112972637,0.12750993682182146,0.0020190678510878797,10,0
1_S09E01_027_u,0.0,0.056006839056499245,0.00242290807364036,0.1752727731131017,0.2674235420301556,0.47255125152878463,0.00326173053181259,0.0,0.09482353049922705,0.003772390484131135,0.3362440947942597,0.25955497949314027,0.3345377840028917,0.005090491735776064,10,0
1_S09E01_368_u,0.0,0.09418691731989379,0.012986004195408848,0.07622119058505629,0.42945955228060484,0.11359222363680596,0.04234843465965236,0.0,0.09323154043032136,0.022622076722557224,0.12413728734229369,0.3742938836796698,0.1937414556267059,0.05663625105909823,10,0
1_S09E01_379_u,0.0,0.015204327693208999,0.0016346439952030299,0.0031316295091528097,0.21220769509673115,0.7598490357398987,0.0020968391327186803,0.0,0.013178834316457447,0.0011194979870947936,0.004052359694548584,0.22210836786779245,0.24203132130830904,0.0018130689685028803,10,0
1_S09E01_403_u,0.0,0.006981405941769441,0.00371960980119179,0.0012050408899084999,0.01904701148741873,0.9586574316024781,0.0027078856190200402,0.0,0.007327009551437319,0.001944161884193482,0.0008623219038128471,0.027141532416093368,0.04713412930438944,0.003886935483587378,10,0
1_S09E01_439_u,0.0,0.12869133055210108,0.01671493080211797,0.06058217869140202,0.398119843006134,0.2397907048463821,0.14750814078142865,0.0,0.1585810528475428,0.018143026806406733,0.12485200924847956,0.2881086267997729,0.175517332480709,0.16776429834828904,10,0
1_S09E02_002_u,0.0,0.06513170748949046,0.02385902691166843,0.02322891568765038,0.16094504296779627,0.4565160870552063,0.02880261391401286,0.0,0.026619800695247785,0.025728024880383605,0.024633874006596952,0.0973346742752576,0.19391110966429062,0.03435012827322294,10,0
1_S09E02_064_u,0.0,0.051925691775977556,0.01434655875782478,0.11799760295543815,0.2525408241897821,0.3777059473097324,0.16163418474607166,0.0,0.055503216803462756,0.015270973433194888,0.19378920817778333,0.21191653142969014,0.3149360440636513,0.2046018186968398,10,0
1_S09E02_078_u,0.0,0.05757800824940199,0.014193194895051369,0.03708374118432399,0.22337671592831612,0.19628259402234105,0.4416643951786682,0.0,0.07378462717733207,0.01605046929158763,0.06780372678823028,0.20981857313270658,0.23306162875009176,0.40051649152949786,10,0
1_S09E02_178_u,0.0,0.0458990093437023,0.01122775574622205,0.015126259275712008,0.6991586863994599,0.20712557826191183,0.0072672901209443405,0.0,0.10086498187064635,0.028455054599503683,0.017425433628225726,0.33742272120347017,0.2562238805471201,0.01250791464826404,10,0
1_S09E02_215_u,0.0,0.03321403532754625,0.00632520420476788,0.011029044957831451,0.5634069045074284,0.3386355657130479,0.029484569793567006,0.0,0.023322188550285654,0.005777769523004922,0.00966095727213216,0.324811012347377,0.34702653606373846,0.036034179905380305,10,0
1_S09E02_271_u,0.0,0.13289882885292167,0.00840714843943711,0.1375046643312089,0.1679745808243751,0.42913107182830573,0.09946088598226191,0.0,0.18174049260589042,0.011873058189325592,0.19314602043956539,0.10879755492726419,0.30837131735991774,0.17635016555376387,10,0
1_S09E02_371_u,0.0,0.00972719632554795,0.14272627298487345,0.00187287653679955,0.00428435822250316,0.8169661611318588,0.0220622784690931,0.0,0.009719430915373506,0.20091758030569898,0.0014140947091257898,0.005427318782302246,0.22900377630980878,0.02571071134358871,10,0
1_S09E02_386_u,0.0,0.0029544609948061002,0.0037248558073769795,0.29807081902399657,0.011029162036720599,0.6778504214715213,0.00427892214211166,0.0,0.004070471972801839,0.005757772726824872,0.45846346959553064,0.019294703747682974,0.45515272504960064,0.010280043440101095,10,0
1_S09E02_392_u,0.0,0.00343020457657981,0.01991228610277171,0.00241655257123052,0.0018024643359239802,0.942343270778656,0.027886043710168406,0.0,0.005406774180609199,0.030884324910809634,0.00336117877566634,0.004022413096915732,0.12799082079106927,0.08328074964300053,10,0
1_S09E02_424_u,0.0,0.0219690633885976,0.0007395871475131444,0.39085344421780766,0.526453423831198,0.04820380132231443,0.0017053087552388,0.0,0.033579328822848344,0.00023410762258945753,0.391574643561747,0.37145213741441047,0.022081156872259533,0.001135080146468956,9,0
1_S09E03_056_u,0.0,0.17743632240744772,0.026502468858961892,0.13748391310218716,0.23547906011226583,0.2239269387791864,0.07473268047324375,0.0,0.17675549899582374,0.025685903088282343,0.31083853847291465,0.19608710691601156,0.2000379683049937,0.19005168172154904,10,0
1_S09E03_072_u,0.0,0.16225290422444227,0.0031130766103160097,0.6025015827268362,0.05018165112705895,0.10656273469794537,0.007206856017000921,0.0,0.1967244772462604,0.004135148344607122,0.4544788470068569,0.05133673926473691,0.15836778016777697,0.008873934334260019,10,0
1_S09E03_120_u,0.0,0.228855594061315,0.00783462303224946,0.00564486445218786,0.0552734431927092,0.32767207399010656,0.00353231721092011,0.0,0.15586667062367843,0.006548096526556986,0.012503081741786708,0.05065947271158407,0.3045150067634328,0.0033059977675181334,10,0
1_S09E03_125_u,0.0,0.06661247938754962,0.01698788634967053,0.21687688408419487,0.20862018285552036,0.45573187046684327,0.02332865961361672,0.0,0.07717020221749939,0.024851142376096227,0.3400759931485062,0.30230926565614297,0.31391204171280435,0.028822975258266697,10,0
1_S09E03_135_u,0.0,0.09441897626966234,0.00782693153014402,0.6369355835020543,0.1716988623957149,0.04778621969744557,0.01580554189858954,0.0,0.11490197348099526,0.00638090388251043,0.325503917946614,0.23594107134587539,0.04204198646713227,0.014662557434640266,10,0
1_S09E03_143_u,0.0,0.028157055797055307,0.012783547164872238,0.013878695701714561,0.13715346828103062,0.470631805434823,0.31105370437726376,0.0,0.021419825811247302,0.008747422061931536,0.019290224481559672,0.09163059299130592,0.350606634095592,0.36840329759847285,10,0
1_S09E03_170_u,0.0,0.01753231372567819,0.00590723067289214,0.22604355325456704,0.3677232066169381,0.31815224206075066,0.02021232729894105,0.0,0.027775298179435613,0.006877476253988241,0.32150259917185087,0.3611035537238551,0.3613824671152112,0.032300659237824395,10,0
1_S09E03_233_u,0.0,0.1327014209295157,0.00253620702278562,0.29806047218735326,0.07934409289155152,0.467729107523337,0.00165932209638407,0.0,0.27413853114738485,0.0022167368409018546,0.4498060056691425,0.10034141375091978,0.46182962670679245,0.002921503263698281,10,0
1_S09E03_241_u,0.0,0.021848251461051366,0.010640489500171166,0.18695891803751385,0.5207643086711565,0.09336097786823903,0.15254798873017228,0.0,0.038074898856167674,0.0064938923736768475,0.35516727153564964,0.28194735817225985,0.0647594144209792,0.12832055893867622,6,0
1_S09E03_359_u,0.0,0.03577250149101014,0.00067588293168224,0.07259111739695069,0.7616675466299057,0.11604655683040613,0.00289488210692066,0.0,0.01921309990026488,0.00041341440920700896,0.09969392091443233,0.16412747750299997,0.0781914261458587,0.0029414190468740847,10,0
1_S09E03_476_u,0.0,0.04298164551146326,0.00335415765584908,0.01739580377470697,0.5007417380809784,0.3886288955807686,0.00340623719966966,0.0,0.041624105492441735,0.003990392165098504,0.018871734514558047,0.24027165944648776,0.1850893326649733,0.00496612601792614,10,0
1_S09E04_015_u,0.0,0.03320028556045141,0.00539888264029282,0.2121953005669638,0.3045611123554408,0.35570391491055486,0.07314126433630004,0.0,0.04567219835647386,0.00468330549670776,0.24565998731134217,0.24861945810538483,0.2532880581774347,0.10370679137585632,10,0
1_S09E04_053_u,0.0,0.029523754911497203,0.00234138936793891,0.4476606073731091,0.17938601179048416,0.2723321574740111,0.02607709626900027,0.0,0.027521672020858166,0.0021109752628269405,0.388842162153416,0.197558951261275,0.3435552140417554,0.053753664684072576,10,0
1_S09E04_074_u,0.0,0.08326380231883372,0.0069223602797136895,0.6520043976604939,0.03514263874385501,0.06605502086458724,0.13266662962269035,0.0,0.12794596787551762,0.007814633897258328,0.32897082782277925,0.039097096905846965,0.1116816332377983,0.15703876834244557,10,0
1_S09E04_088_u,0.0,0.023361771611962432,0.0062440175417577196,0.8144996523857116,0.03270134702324862,0.01131661921099289,0.10688040023669595,0.0,0.02518120219817179,0.006135448236009672,0.17693006156116417,0.03834047835701471,0.0203756938189379,0.09953890727740422,10,0
1_S09E04_106_u,0.0,0.23668183237314225,0.00295373200206081,0.16786384433507917,0.42425683587789537,0.0784359459765255,0.046154085802845614,0.0,0.18183215578967582,0.0024064114033406094,0.2197855251551359,0.16649187482911373,0.05876860337144441,0.06967203623142157,10,0
1_S09E04_207_u,0.0,0.04314564261585469,0.00256088029709641,0.22154574736487115,0.4462184876203537,0.23931150930002326,0.024987085442990033,0.0,0.043810672744395915,0.0027116516011906674,0.32581332288556125,0.24662036696841394,0.1607441393558474,0.04405235327060132,10,0
1_S09E04_230_u,0.0,0.02364363856613632,0.0037859184201806395,0.03282310338690875,0.35413937754929065,0.47689514644443987,0.03498671358684073,0.0,0.028701770126822783,0.004264134876047621,0.04469579291989085,0.2866595550013067,0.2759089121026464,0.08359170490849781,10,0
1_S09E04_267_u,0.0,0.0766647811979055,0.00425466763554137,0.0396850672550499,0.06819482175633305,0.6452121570706367,0.007671314117032981,0.0,0.0795637312236562,0.0018229023669636781,0.06678125213207702,0.09491376156485443,0.2767975856328897,0.005617045204501359,10,0
1_S09E04_288_u,0.0,0.19069186896085738,0.01107330019585784,0.033040820655878586,0.09257786846719677,0.315328449010849,0.09368585045449432,0.0,0.08633842099703196,0.010222914996160045,0.062139267178719836,0.08706946756519164,0.24548557724582087,0.1644347634309235,10,0
1_S09E04_342_u,0.0,0.03057565647177395,0.01403168961405749,0.3791056493297219,0.21607100591063494,0.19701568321324883,0.15602412596344944,0.0,0.024492372335791497,0.016948109561693656,0.33097659444966016,0.2506721492221351,0.18689920845183247,0.24850934142841605,10,0
1_S09E04_351_u,0.0,0.016390863480046362,0.00439970406878269,0.2515583803411573,0.40754997450858355,0.30602484978735445,0.00993754337541755,0.0,0.01050092356154078,0.00517824884332662,0.3629723304570603,0.2745736574879265,0.3025190835629015,0.008101006878975612,10,0
1_S09E04_382_u,0.0,0.03089383700862524,0.00261041407939043,0.1282370176166296,0.7252577781677246,0.05876978132873769,0.04889465295709665,0.0,0.014234632394885696,0.004222005608795502,0.08537943692348729,0.11717044296456018,0.04370600766531632,0.11861857620661376,10,0
1_S09E05_022_u,0.0,0.11045971955172713,0.015229659248143401,0.00610095150186674,0.08721516031073402,0.5066648058593273,0.03856913822237397,0.0,0.11999840092293092,0.015245989266815968,0.00669920818277607,0.16108299478679342,0.35899814964842713,0.06942220965804143,10,0
1_S09E05_213_u,0.0,0.046536602068226726,0.02787926654564211,0.01599771492474242,0.12587320823222395,0.5927905172109604,0.0747031369945034,0.0,0.04472890712427887,0.03301084228356026,0.04251481436999696,0.20626641289323422,0.27763679056216056,0.13479624406889745,10,0
1_S09E05_222_u,0.0,0.10605955056380478,0.00594378408277404,0.04762089969590301,0.43709824830293653,0.32348377034068104,0.02172556953737508,0.0,0.08724057774487222,0.005120602125668601,0.04318722036766451,0.24546251305256875,0.2264499240361061,0.01811519128100849,10,0
1_S09E05_258_u,0.0,0.01672070831991726,0.0046928947034756896,0.16498771402984852,0.44019050244241953,0.3537857126444578,0.00889665059512476,0.0,0.008792536104461356,0.006440097503420231,0.14547395743764152,0.2397238683149424,0.24360207813917398,0.012073442421174967,10,0
1_S09E05_278_u,0.0,0.01200110109057272,0.00220634321740357,0.24841571585275232,0.24956962727010246,0.44711147882044316,0.00897098630084653,0.0,0.011502726371636612,0.0027475989821521226,0.24619331985320403,0.22534150490067809,0.37603437791433164,0.022066967148318784,10,0
1_S09E05_284_u,0.0,0.054573678039014306,0.0062643672572448295,0.033741725061554415,0.30200995206832887,0.3480995379388332,0.16670017095748332,0.0,0.026585312862005515,0.0055316194694895494,0.04699562200669124,0.22014329539297287,0.2696134557078722,0.20521841358616852,10,0
1_S09E05_291_u,0.0,0.01630413243547077,0.0013365701364818502,0.0989472346846014,0.5262813657522202,0.32639211472123864,0.0077671743521932,0.0,0.009080007633205205,0.0004969127465068862,0.12358062215929462,0.17842514064791207,0.25211661571752203,0.011629038685620478,10,0
1_S09E06_055_u,0.0,0.021234518615528893,0.00166231793118636,0.12806168316164984,0.45653519593179226,0.38040158115327355,0.00335280590225007,0.0,0.026024357414711208,0.0014329322519489004,0.20225705369720023,0.3551377874270957,0.3493629100905436,0.005012371610736453,10,0
1_S09E06_168_u,0.0,0.0227728600148111,0.0037121973000466294,0.07901416557724586,0.09656259908806528,0.7863754615187645,0.00538299924228334,0.0,0.032649116271513755,0.0015596222116547372,0.13740835924412753,0.1465253467455951,0.28125228749049835,0.0034626416659860773,10,0
1_S09E07_054_u,0.0,0.0418700417503714,0.007514110801275781,0.20639964337460692,0.4028342738747597,0.09122563451528544,0.23792399774538348,0.0,0.034858984736091246,0.005901243534305486,0.34142761290135987,0.2730491833103375,0.0817536650830893,0.25712213139045326,10,0
1_S09E07_135_u,0.0,0.05381715574767436,0.00344326749327587,0.03001405249233353,0.477969235740602,0.3619994428008794,0.04682561658119081,0.0,0.04813157657067201,0.003088130474486815,0.05327011281932931,0.37626799717163284,0.4249521518990338,0.09486536321065328,10,0
1_S09E07_285_u,0.0,0.07225217968225472,0.0034332344977882996,0.10278431097976859,0.5237297266721725,0.21681730560958382,0.04859572559362274,0.0,0.08669223988413079,0.006760377307247055,0.22495677956342708,0.25785854343216785,0.21579023174969883,0.11721920212386114,10,0
1_S09E08_255_u,0.0,0.01658556087350003,0.01060324552163359,0.5169329747091979,0.04949483773671086,0.049133931097458075,0.31704382732568775,0.0,0.021711113453326648,0.013672455918486886,0.5061231359900309,0.08254686568217506,0.06866050485739647,0.34905138290424564,10,0
1_S09E10_065_u,0.0,0.04841548409312957,0.02372914378647686,0.08570267590112048,0.4350277930498123,0.2508487151935696,0.1469238435151055,0.0,0.042460721383058994,0.04370454843050334,0.1453566714911191,0.2863469117014478,0.2133765786143623,0.21351519386501497,10,0
1_S09E10_208_u,0.0,0.0652468297630548,0.01032078750431533,0.00610493747517462,0.5433233428746462,0.23698990121483804,0.007608853210695041,0.0,0.014528303675124827,0.012642495223620384,0.001342131443279035,0.21145530528139952,0.20439219931792957,0.013594009752731865,10,0
1_S09E11_045_u,0.0,0.03911659694276744,0.00949876158265392,0.00118970832263579,0.040019843509071465,0.8385097399353981,0.00980389744800044,0.0,0.05252048149022419,0.008139909962431259,0.0008319667233985441,0.1212168916562502,0.2765357840044904,0.02585362376127553,10,0
1_S09E12_184_u,0.0,0.04912376865104303,0.051099282111681486,0.5944703753106296,0.027932438772404512,0.04592651489947452,0.20911266610492016,0.0,0.10611763790522068,0.07831896920067842,0.4736746818551775,0.030732542455927648,0.06752876865787648,0.2832023990823474,10,0
1_S09E12_369_u,0.0,0.05991479789372528,0.08099380562780421,0.00517943805607496,0.07990937535651024,0.6937821298837662,0.028185533650685053,0.0,0.08252710283091665,0.13757617414278275,0.004979322100172105,0.13955708200552513,0.3217901585986904,0.0422040864920982,10,0
1_S09E13_024_u,0.0,0.02036619330756361,0.0021547990152611897,0.1877926608023699,0.33577639922732483,0.436632476747036,0.0037175682635278698,0.0,0.026491144985752134,0.0015008925575514611,0.27051383645437277,0.3666950464216782,0.4519141881611825,0.004239655582226332,10,0
1_S09E14_045_u,0.0,0.06481476426124569,0.0012735205818898599,0.4031031569465995,0.4070285588502884,0.08839028328657146,0.005894776899367521,0.0,0.0923630104026781,0.0008535945380852731,0.33506067425261626,0.21511758315614923,0.08996104095528994,0.002657160445232043,10,0
1_S09E14_455_u,0.0,0.04895162428729232,0.00488060257630418,0.0970154265989549,0.35643874630331995,0.400102761387825,0.00973385911202053,0.0,0.04931657461985019,0.003517190875167347,0.21353782160771692,0.2200252165094105,0.2834068602861893,0.013962121262644626,10,0
1_S09E16_101_u,0.0,0.10872385967522855,0.01462751191575076,0.005462342151440621,0.15186685228254643,0.5227560937404633,0.04156354134902353,0.0,0.09796514879355962,0.01268202010076645,0.004948601099044927,0.23065723105546052,0.25274252092066263,0.10031100089041377,10,0
1_S09E16_189_u,0.0,0.20430396720767016,0.0065137975965626205,0.03079197029583152,0.2078056199476123,0.17605904620140786,0.0361168504459783,0.0,0.18792050004159802,0.004442761680499502,0.05492925750305018,0.20603170933113377,0.1912901244897681,0.058570324151823054,10,0
1_S09E18_033_u,0.0,0.16908014938235277,0.00391240072494833,0.38182028029114,0.21048856116831302,0.15209720823913805,0.055487238624482384,0.0,0.22517527908037796,0.009053177918496769,0.36746011891228003,0.17966769283651512,0.23712307970806965,0.16356260697933708,10,0
1_S09E18_147_u,0.0,0.019852696172892988,0.00303487729397597,0.06964296880178147,0.28373464383184904,0.43538834899663925,0.00586403615889134,0.0,0.007830087499182355,0.0018977786414546476,0.1303285952776502,0.23566298625610593,0.3039756383373465,0.0045643868621393635,10,0
1_S09E18_357_u,0.0,0.06869763543363656,0.0040937763638793905,0.00811121881124558,0.2484120745211839,0.30830884650349616,0.00510265536140646,0.0,0.0435242712765151,0.0037061541606771557,0.012095059321443157,0.3063317060699304,0.2333132958154836,0.0038307025936840005,10,0
1_S09E19_044_u,0.0,0.04156509754247959,0.01139092303346838,0.15895679132081567,0.4366758599877357,0.20409861579537386,0.13972046959097492,0.0,0.04667278689570096,0.017447748521326738,0.21877845797160717,0.2627816046115732,0.16878005017918665,0.15908413213001033,10,0
1_S09E20_029_u,0.0,0.03443949387874451,0.00393849129904987,0.18515372211113573,0.4335110059008002,0.20377033017575735,0.056200759694911485,0.0,0.03340117137863974,0.00469000641887916,0.30865260985326054,0.35849383604832,0.2811091056325147,0.13751556417195354,10,0
1_S09E20_127_u,0.0,0.03493591323494906,0.012755544291576309,0.18519406286068257,0.4905822664499283,0.24321202752180393,0.020010778092546342,0.0,0.049370632384974994,0.024689940166302448,0.2740827495894393,0.39718871565470215,0.28935689605558235,0.02436290788006626,10,0
1_S09E20_156_u,0.0,0.06732165282592173,0.01334731837268913,0.02379538894165302,0.2522862775251269,0.3469026774168015,0.2456212207267526,0.0,0.06117255794886525,0.012683476670773347,0.027656719055608705,0.24953386331185173,0.2969686236523515,0.25071994890770744,10,0
1_S09E20_179_u,0.0,0.02364745433442291,0.05069961394183331,0.00998011167393993,0.16047246763482687,0.5344367649406194,0.14963226305553687,0.0,0.028909051032896732,0.09792465185206248,0.01510284690313113,0.23222108090388885,0.4173790372783956,0.2698881284259931,10,0
1_S09E20_237_u,0.0,0.10956084113568063,0.00990252068731931,0.0211722935782745,0.4414388008415699,0.16505367625504727,0.07790838747750964,0.0,0.09365016085530968,0.0139494510355732,0.02519802892013986,0.30546636323000204,0.1407639367444044,0.1659361163271584,10,0
1_S09E20_354_u,0.0,0.00704965183977032,0.01482533361995588,0.0708812697906978,0.028409804566763286,0.8655737414956093,0.00983330772723997,0.0,0.007281256299551609,0.022524060594203785,0.2083956170240688,0.05289051206202391,0.25632928032586066,0.012343286131458117,10,0
1_S09E21_024_u,0.0,0.33774021416902544,0.010780673427507239,0.03649125656811517,0.18881298117339607,0.1724638298153877,0.00395029670326036,0.0,0.22684739877506604,0.01166090840364236,0.061079079144826895,0.2853960164312877,0.24049208229113286,0.0019367283959332976,10,0
1_S09E21_255_u,0.0,0.030751624004915323,0.018636165827047017,0.00480639259330924,0.6266415238380432,0.243173224851489,0.06289351112791332,0.0,0.016729889318039936,0.04150372332476762,0.00401704521646719,0.3147251867438777,0.24656134691097692,0.13089298914112477,10,0
1_S09E21_401_u,0.0,0.02887825219077052,0.00792819558409969,0.602322088368237,0.24379898350453005,0.04090600498893758,0.0542844870127737,0.0,0.037565429279220734,0.01993932873777506,0.4319294065612137,0.3502687693861381,0.06581298552465904,0.14712218523749557,10,0
1_S09E22_015_u,0.0,0.05532103608129542,0.01077574803202874,0.03031866576639,0.1815910558332689,0.460673613473773,0.0059301616827724096,0.0,0.0733563091462914,0.008319193601080037,0.048894239423697895,0.33223618340807226,0.4268876107004459,0.004779776044701941,10,0
1_S09E22_075_u,0.0,0.0257248940877616,0.0019554786296793704,0.3746964521706104,0.13624122953042384,0.445991494320333,0.00872103665024036,0.0,0.016976914584475047,0.001426177455761907,0.2708542357241524,0.15180319319914046,0.37180268609838496,0.005298835826267348,10,0
1_S09E23_017_u,0.0,0.026604911568574568,0.030286670743953397,0.02115039878990495,0.33970389675814655,0.5605014372617007,0.01368521469994442,0.0,0.032460372976025054,0.0667428840438345,0.03388554295095044,0.26683640155539157,0.29186457963119644,0.013203548164979977,10,0
1_S09E23_102_u,0.0,0.18957357015460724,0.010432664625113799,0.07474714868003499,0.31718942972365766,0.35952271632850163,0.01689570846501734,0.0,0.19278279561279293,0.014795068246318101,0.13412907748504793,0.28162384065266,0.2768022452453362,0.02484638672201801,10,0
1_S09E23_270_u,0.0,0.11878593767178243,0.00389917513530229,0.24102094214176756,0.21138345221115737,0.3987729866988957,0.01395866419188673,0.0,0.10552570494567634,0.006847270859946694,0.40278076379042016,0.14923286434680785,0.2626095066546945,0.0242680982655525,10,0
1_S09E23_420_u,0.0,0.04787519935052839,0.00129403268219898,0.16887892731465395,0.5727290595765225,0.17654438090394248,0.00271886395639735,0.0,0.048127958297256745,0.0005975905138708966,0.2956188490288463,0.3588249555213459,0.24908600294835054,0.0021571979883302263,10,0
1_S09E24_014_u,0.0,0.16288117542862887,0.00430386047228234,0.18067910666577514,0.08142680441960688,0.15162755502387876,0.00443755685118953,0.0,0.1192324939078264,0.004358264141782858,0.31791361002975776,0.05824016020234499,0.2671776965430718,0.003173768076634383,10,0
1_S09E24_152_u,0.0,0.03060521582374346,0.01029493571259076,0.10107353894563853,0.12351604552241038,0.6731469747144729,0.0022633822372881097,0.0,0.030032355035725895,0.01328442589401838,0.3043613881583938,0.25478321659486786,0.4203664587703544,0.0022127497918738954,10,0
1_S10E01_075_u,0.0,0.03305454589426513,0.00112473959889025,0.12407737444154913,0.6524214029312134,0.17175609618425364,0.009292248991550841,0.0,0.019156844771392886,0.0010815735945436558,0.17910432877921773,0.27387568423502245,0.16216717600538205,0.010231735661658857,10,0
1_S10E01_197_u,0.0,0.03166610132902855,0.00066840643121389,0.40004056207835664,0.5149649381637573,0.03783477786928411,0.00508859355468298,0.0,0.03252238881682678,0.0006182453056134203,0.32128731576002145,0.2654048843484308,0.05561259350501281,0.01163334075054693,10,0
1_S10E01_225_u,0.0,0.03861044067889447,0.00489944642176845,0.16069572567939755,0.4432093173265457,0.0675885596312582,0.27640655306167894,0.0,0.02149041301790612,0.004045718783270721,0.13659593303980774,0.23513765913552584,0.06538102639277836,0.2276226671104357,10,0
1_S10E01_381_u,0.0,0.13909099535085256,0.00282586886314671,0.2101089630508795,0.4490453936159611,0.13107964619994159,0.00987788313068444,0.0,0.16499656723623113,0.0016691084234686966,0.22892953641251285,0.2376890450987215,0.10818220062117384,0.003757010940325979,10,0
1_S10E01_474_u,0.0,0.11785897184163327,0.0094624198158271,0.3453753966838121,0.07604353521019216,0.4126480983570218,0.02470078028272834,0.0,0.20473417287464812,0.010427806806805924,0.31271522340720675,0.11684508997612092,0.3310375085317523,0.029048005484582366,10,0
1_S10E02_101_u,0.0,0.3131480760872364,0.00586154354969035,0.12771039069630202,0.20088906344026322,0.03401208380237217,0.2700205367058516,0.0,0.25463308860450107,0.00444292747791653,0.2447845219843299,0.23510644431212638,0.023844961452115492,0.2689789538443033,10,0
1_S10E02_123_u,0.0,0.01986794727854425,0.04631435857154424,0.18723453590646383,0.2278459826484322,0.18996629472821946,0.323175326641649,0.0,0.016024506298735447,0.05461130335172629,0.2076552110517028,0.16555820111897246,0.11227324966557756,0.2754487259898814,10,0
1_S10E02_327_u,0.0,0.02151200454682107,0.00045424573763736003,0.2972994271665811,0.6346680972725153,0.03681010256987059,0.00186736913747148,0.0,0.017062792667942982,0.00012524430862095065,0.37032558766916795,0.33784948692638345,0.020565271942687778,0.0010074884045729422,10,0
1_S10E02_372_u,0.0,0.01426510517485434,0.0127961347534437,0.6420817229896784,0.21555206645280123,0.057995123072760134,0.053006404842017185,0.0,0.011419740177641588,0.03601874715847501,0.4083345937190176,0.30915514311105635,0.09508799607821805,0.15688429180903055,10,0
1_S10E03_144_u,0.0,0.24299365840561218,0.01491765404643953,0.1964316256460733,0.13185626976191994,0.06787014122819525,0.03974086076195811,0.0,0.17545738368252742,0.014093293992656098,0.33569570479466365,0.13495811447252679,0.05956412131096881,0.06919766542164116,10,0
1_S10E03_154_u,0.0,0.00454632061009754,0.00859362173505357,0.833294689282775,0.06685486978676632,0.06342761475243601,0.01925405958609184,0.0,0.0037486532465205767,0.021801380612200022,0.28781303370338884,0.09905396347255821,0.17407261570410074,0.030899770782527595,10,0
1_S10E03_177_u,0.0,0.02619666744722049,0.0012566575547679798,0.21138287440408016,0.7127567812800407,0.0329659905750304,0.00386826782487327,0.0,0.03752448754852161,0.0007007427496560635,0.2597577656982196,0.28442495481910535,0.028296350111867336,0.0030382626710035165,10,0
1_S10E03_224_u,0.0,0.003888550809481033,0.013050320933365967,0.0024927385448891555,0.03636126224106794,0.937565717432234,0.0010333847830123445,0.0,0.003979116953287293,0.026150351583414562,0.004343396629705107,0.10080223346609858,0.11508190902731733,0.0014925636333890558,9,0
1_S10E03_260_u,0.0,0.20644877888262267,0.0030253281700424297,0.00157905730884518,0.12094959886744616,0.5655544474720955,0.00389702138490969,0.0,0.16337023807882733,0.0014793232144734581,0.0009950695854570543,0.1357139502780933,0.26836628535997,0.003956823403400263,10,0
1_S10E03_282_u,0.0,0.01755316783674056,0.04530184301547702,0.04628658914007242,0.44464978873729705,0.1225200239568948,0.2925283453427254,0.0,0.020547074308580368,0.05584288582579466,0.08203560823406435,0.39677263561146686,0.13344858067838944,0.38271961986294933,5,0
1_S10E03_311_u,0.0,0.035144539782777366,0.00808285264065483,0.05579438848653804,0.3489009674638509,0.3274441555142402,0.20207635337137614,0.0,0.03616603849295161,0.008371159211311924,0.07773076546147709,0.27034184005201245,0.20359200573331304,0.2673520270042584,10,0
1_S10E04_007_u,0.0,0.02035698154941196,0.00991952354088422,0.2905467342585325,0.48355473577976227,0.1482117839157581,0.02190961833111936,0.0,0.01163935717714889,0.007464196406681462,0.25234154697059524,0.23129921539123907,0.10045607847642986,0.018758404419647916,5,0
1_S10E04_021_u,0.0,0.061959933489561,0.0514270849525928,0.1435209810733795,0.4445867538452148,0.1398450136184692,0.0733941495418548,0.0,0.0,0.0,0.0,0.0,0.0,0.0,1,0
1_S10E04_043_u,0.0,0.04749198793433603,0.01396034549688914,0.14340253602713343,0.5327668115496635,0.2122782849706709,0.02751552382251244,0.0,0.05348531011499572,0.03973771130936879,0.17480046409578243,0.18358012132839668,0.17629460963497923,0.05727502663530824,10,0
1_S10E04_057_u,0.0,0.043916833214461756,0.00326811177073974,0.11168045189697291,0.5807897791266441,0.17389660049229858,0.03672970656771208,0.0,0.049968801514537635,0.005839150174565642,0.1662639537096114,0.22413844641309646,0.21021815518743223,0.10316892577752587,10,0
1_S10E04_082_u,0.0,0.10862572509795423,0.03405128782615062,0.0038061347964684898,0.1371084135957062,0.48446032255887983,0.02923461073078209,0.0,0.13446640996665735,0.04257073427074152,0.003969124040140097,0.1871937752876296,0.21064482803851933,0.03368080685721639,10,0
1_S10E04_105_u,0.0,0.09022546652704472,0.00412543880811422,0.2373408336192369,0.48315919786691663,0.04405238302424546,0.11603436728473748,0.0,0.05571017250431073,0.007259056064047457,0.18476089003241383,0.21230295203563768,0.022189456004506176,0.1872950325003181,10,0
1_S10E04_158_u,0.0,0.21418520137667652,0.00440175104886289,0.0020426355069502597,0.10791919827461238,0.07651889305561775,0.0015999635157640303,0.0,0.15340777025431013,0.0008454728463597823,0.0012209736516473292,0.053213434470216266,0.06545461686666204,0.0005470053969569348,10,0
1_S10E04_177_u,0.0,0.03039175188168878,0.0012994039600015901,0.08988308089319613,0.6931201547384263,0.17064033616334195,0.00233229990699323,0.0,0.04271436468388313,0.00087073372007269,0.12978015222413086,0.20497948608332825,0.1605884752070256,0.002277294713428821,10,0
1_S10E04_194_u,0.0,0.04510631402954454,0.00874006915837522,0.0240137889515608,0.6976626873016357,0.08911258224397893,0.10831000848556864,0.0,0.0386551998425041,0.011571693936128058,0.014492719785179803,0.25982506413679357,0.06409273551266786,0.2256978912720874,10,0
1_S10E04_238_u,0.0,0.014480340899899542,0.01036632315372112,0.02338081225752826,0.5397281413897872,0.2730550780892372,0.09511956904316317,0.0,0.009586105019289158,0.010147891525266106,0.022829756834458325,0.33976735241304357,0.26069076982417144,0.1969964093879742,10,0
1_S10E04_262_u,0.0,0.013587209163233588,0.006048533668217659,0.01620723744854326,0.9142731487751007,0.03674863753840322,0.004617338086245521,0.0,0.007851245540053562,0.01788424921452537,0.03637426640754854,0.14247010643359737,0.05434227837602443,0.010853080042384607,10,0
1_S10E04_277_u,0.0,0.02725466694682833,0.07288738377392287,0.2868142714723944,0.08602580552687863,0.25362591911107296,0.24792710199253634,0.0,0.03333107094574898,0.10642324327719692,0.2873169289299575,0.0944847153328316,0.28931638470192433,0.28173726032978175,10,0
1_S10E04_307_u,0.0,0.04030857235193247,0.02532389599946323,0.19578258758410808,0.454718620236963,0.11704111245926466,0.14912674305960533,0.0,0.03722829992217876,0.06463969103175973,0.16617697734869877,0.2109632743796083,0.13990773724259675,0.2203467920813353,10,0
1_S10E04_343_u,0.0,0.23641261532902713,0.02569304974749681,0.2265657572075724,0.04833076223731037,0.04158520363271233,0.08086205879226324,0.0,0.2286821575765584,0.03336665896759029,0.2498483187244773,0.04561120791705289,0.02716401384983113,0.07543178474377885,10,0
1_S10E04_361_u,0.0,0.09527433104813096,0.02251285448437551,0.2191665675491094,0.17259241016581653,0.3451137982308864,0.047464771015802334,0.0,0.13568986156795623,0.030320529229286474,0.36126707597195334,0.14100379686306985,0.31062913293523137,0.08694996378708847,10,0
1_S10E04_398_u,0.0,0.020083397463895338,0.02953077197889793,0.09330906296381722,0.42152130156755446,0.33593521476723254,0.07083110529347317,0.0,0.01707133984446242,0.04215408530906823,0.2613942335153898,0.3423087539828963,0.25762407650680536,0.13608169071337078,10,0
1_S10E04_403_u,0.0,0.09089048393070694,0.025027970445807967,0.0062184530077501595,0.29089367948472494,0.20390872023999687,0.32188627668656405,0.0,0.08389535200515,0.03361664239989644,0.009655761450220039,0.24917075202145572,0.19916492638429395,0.28701159819868005,10,0
1_S10E05_079_u,0.0,0.09305307553149757,0.00683079375885422,0.02013240579981352,0.5401003880426287,0.05797073449939484,0.1732961428817361,0.0,0.14349526775571492,0.007959214514121214,0.047340718643292895,0.34817094948187255,0.045743992976510404,0.30541357632303034,10,0
1_S10E05_110_u,0.0,0.037718032253906075,0.00529442046536125,0.2551198571454733,0.4961602985858917,0.1428281022235751,0.05924000724917272,0.0,0.03284973844430215,0.0015499401450604282,0.2735922137580483,0.25032107722981645,0.11317060757659149,0.0549167883921993,4,0
1_S10E05_120_u,0.0,0.027953874412924,0.0037117144151124605,0.24009605529718098,0.5752646496519447,0.11423876909539096,0.030270663602277592,0.0,0.026665984764649823,0.0024111650058041526,0.2931741979441028,0.2838955862196067,0.11645472907027749,0.03370059965927174,10,0
1_S10E05_288_u,0.0,0.012895280068429734,0.04124558092250174,0.5634499701360861,0.052392594516277265,0.26240116767197225,0.03577361069619652,0.0,0.012490353188900643,0.06415421691426117,0.40348411202776924,0.05767923728507215,0.36530889020483365,0.034697543523791015,6,0
1_S10E05_319_u,0.0,0.13377036247402424,0.00205581985646852,0.11800539438845588,0.37721189148724077,0.3047037218697369,0.036477563570952,0.0,0.22550432425533581,0.0019785040933201154,0.28556174931803857,0.3212412194496813,0.2836398604978906,0.09468266351698815,10,0
1_S10E06_003_u,0.0,0.1858978612348437,0.01931910067796701,0.00392474436084735,0.00511892725480715,0.7506757259368897,0.009724921244196551,0.0,0.2750193911589794,0.018518041733457436,0.006161343632528171,0.0047181666153382085,0.27632107990419946,0.009928781878655573,10,0
1_S10E06_062_u,0.0,0.01357933459803456,0.07422289295936929,0.4414590406930074,0.12422816236503417,0.2891319353599101,0.03644218543777237,0.0,0.021917375140039688,0.18661560950203768,0.37292632061632836,0.1543211631008791,0.29809841413565824,0.04368557169274556,10,0
1_S10E06_091_u,0.0,0.12406169970054175,0.0035338571178726297,0.3988990822806954,0.1161366430460475,0.3101593949482776,0.014217443222878452,0.0,0.15446933370192029,0.003191185602498501,0.3935138537560897,0.10581273609182971,0.2598605115199939,0.02054227378903048,10,0
1_S10E06_166_u,0.0,0.14414122346788644,0.008430848864372769,0.007976442179642561,0.3568325822008773,0.4456792429089546,0.0044054825848433695,0.0,0.26392862007118123,0.00669008304902352,0.004840922863505796,0.3479581223566109,0.3445260027130641,0.005019794310708631,10,0
1_S10E06_255_u,0.0,0.05132433148100968,0.004435607796767689,0.38646022690227255,0.22347220794763417,0.24541140552610155,0.006909255398204489,0.0,0.08006223979288643,0.004819507472210105,0.3226502026564222,0.12411137916067627,0.31342053779986107,0.005607401923857197,10,0
1_S10E07_069_u,0.0,0.002936759734034689,0.0007853276830347111,0.851314477622509,0.0862601794651709,0.054962173463233385,0.0026214941948030776,0.0,0.006424467460210245,0.000903244112327178,0.3266549153266488,0.22943525150438207,0.10094633661008817,0.002142425316351181,9,0
1_S10E07_110_u,0.0,0.02029785569757218,0.00241730885463762,0.19608020172454413,0.32675545737147327,0.432556402310729,0.00839627867098894,0.0,0.016290887022689885,0.002526809590432109,0.326967037710239,0.2106085987390656,0.29203929065826556,0.013289875448854798,10,0
1_S10E07_140_u,0.0,0.07766102738678451,0.10047393712447954,0.00134719400084572,0.10870484905317424,0.33118959367275236,0.13226801317650821,0.0,0.03884933919242485,0.13237719415133947,0.0020844856176839522,0.0913445208434799,0.24653793125799242,0.13007071910856693,10,0
1_S10E07_163_u,0.0,0.015465450947522141,0.019965864797995843,0.2477912191301584,0.38896852415637106,0.199892682977952,0.12226340373163107,0.0,0.009412130087970629,0.050659316061713526,0.3826592261133428,0.3107173948220838,0.16809481795898326,0.24271021988574643,10,0
1_S10E07_187_u,0.0,0.018918474005269113,0.007823486887251114,0.02779470829825313,0.7637129042829786,0.08867820192660601,0.08309581025969233,0.0,0.011386998978497044,0.014252243793755294,0.03132670379916115,0.2111175677739265,0.06502759829589397,0.12867813018781116,7,0
1_S10E07_198_u,0.0,0.031501811183988995,0.01734958333254321,0.045532895997166575,0.6624975830316544,0.10982956718653436,0.051470021018758375,0.0,0.0233510623816578,0.022153976354700733,0.019873613137317336,0.17004329455170578,0.0958409971359393,0.04010252553774864,10,0
1_S10E07_247_u,0.0,0.04988428596407171,0.01911503400187936,0.08093288140371438,0.4235163675621152,0.30894460035488003,0.07475354693888216,0.0,0.030845581074005562,0.04783654259373153,0.16836711476856966,0.26902860250367794,0.26463993245745704,0.13489980966899662,10,0
1_S10E07_267_u,0.0,0.06709930642973629,0.00636751721613104,0.2962630476104095,0.44655026103719136,0.10865239034174005,0.029846330545842608,0.0,0.06586422656174705,0.01207181908854787,0.3490687527959078,0.30694949826767576,0.107573566008403,0.06079339321537773,10,0
1_S10E08_063_u,0.0,0.29858846422284835,0.00270525109954173,0.44486696682870386,0.1475213393568992,0.030368235614150717,0.030173287261277416,0.0,0.25090273755077896,0.0021043574138452244,0.33957956050227767,0.14358112914009197,0.0244666487176849,0.03652573565500613,10,0
1_S10E08_131_u,0.0,0.2926471568644047,0.04543050248175854,0.00813959932420398,0.016555773932486712,0.2999321512877941,0.02636003468651319,0.0,0.22116976741167801,0.0440058029632195,0.0056226949483278495,0.019852203856170324,0.2568206643102049,0.025383419651718645,10,0
1_S10E08_140_u,0.0,0.10386552554555233,0.00879520537564526,0.009019342763349359,0.4140814498066902,0.30720036327838895,0.10788260183762752,0.0,0.08305110372029617,0.011928773767686399,0.006511599283191581,0.2136412699604534,0.14851154681680515,0.16940854838265784,10,0
1_S10E09_021_u,0.0,0.01847643870860334,0.02216178606613535,0.00874448753311293,0.18224703706800932,0.5298573583364486,0.19446123039815572,0.0,0.015398117688977581,0.03786707242734325,0.014809158223257849,0.16643225330524525,0.3376681080260046,0.31146010543893593,10,0
1_S10E09_066_u,0.0,0.00631035803817207,0.0010135880525921801,0.11291710997465994,0.8338376700878143,0.03371891188435252,0.00379813401377755,0.0,0.004680245745509399,0.000729108415208007,0.2035802999228985,0.19711767395349206,0.041034874652418264,0.004513124527802756,10,0
1_S10E09_081_u,0.0,0.02557438262738281,0.01072288397699591,0.2935977943241596,0.5635602755472064,0.0594463442917913,0.037540597387123814,0.0,0.016817314726331516,0.012945042134083845,0.3219625459712324,0.3045658302213167,0.04454967728399837,0.048630767972803295,10,0
1_S10E09_100_u,0.0,0.11538915978744621,0.0065558797330595095,0.00123494926374401,0.1226034864550456,0.49924104399979113,0.00139073531026947,0.0,0.26240348405632147,0.0038079467253927116,0.000591515379095718,0.12899766970770993,0.2987075242232587,0.0004601274524247878,10,0
1_S10E09_169_u,0.0,0.08288863571360702,0.0035754125565290095,0.07280845242494247,0.10121092558838421,0.7184324905276298,0.00900988035136829,0.0,0.11299780355428338,0.0026412922490124976,0.12255728561255377,0.1380675672193277,0.3068005047883884,0.011654299730524337,10,0
1_S10E09_186_u,0.0,0.01237099913414565,0.00121507124276827,0.11092583686113353,0.4433150936383754,0.42020106464624407,0.0012975089077371799,0.0,0.006206009045297169,0.0002980527987632091,0.29871715346514965,0.2195736647715351,0.21444932369037917,0.00024947984325127636,10,0
1_S10E09_194_u,0.0,0.2851034469436854,0.00111230776528823,0.02800750890746707,0.6066250099800528,0.04162417845800514,0.00124237587442615,0.0,0.37337524720512877,0.00129159109351659,0.07242803000640248,0.48071495374248924,0.0467631303477437,0.0006778628217307919,10,0
1_S10E09_258_u,0.0,0.028295575641095583,0.0038777295732870198,0.2674687299877405,0.4194927121163346,0.20174054848030204,0.06962579190731044,0.0,0.018420450298783246,0.0033379838229616824,0.3475177027324812,0.3792577323007589,0.24597502303610486,0.1185665535159364,10,0
1_S10E09_324_u,0.0,0.03528270923998203,0.016438168636523122,0.05050247523467984,0.275267551257275,0.41511372178792955,0.19150188402272755,0.0,0.038944164449129785,0.0220332244046155,0.05706861879508063,0.26951252151284355,0.3170586680647629,0.31191032439437105,10,0
1_S10E10_009_u,0.0,0.03204321539960796,0.00725740611087526,0.12303028996393543,0.22227366445586086,0.3944438178092241,0.19598596097785045,0.0,0.031444255349606716,0.009295861293598941,0.19567772570119263,0.2008246985261835,0.36336431769825656,0.2933359229733869,10,0
1_S10E10_090_u,0.0,0.0803089727647602,0.03673762422986324,0.03837819185573603,0.11039305487647647,0.09419399462640281,0.629244576394558,0.0,0.0979217631923754,0.03324291052489155,0.033994180101178925,0.12675017196139965,0.17482364262692873,0.2824435286750407,10,0
1_S10E10_158_u,0.0,0.00392181885545137,0.001962229333003,0.49925362672656776,0.4470583638176322,0.04118718924000856,0.00451265072333621,0.0,0.0033065441103519813,0.0028266487993668338,0.409919670579005,0.3996243387650303,0.036265533226688976,0.003499014471426214,10,0
1_S10E10_269_u,0.0,0.03177393509540701,0.00792400381178591,0.2104468847624957,0.06042757946997877,0.5862494185566902,0.00526088864426124,0.0,0.03564738099161913,0.006934116008628548,0.3213671717699372,0.0747145703976836,0.3678266137400425,0.004480878704505488,10,0
1_S10E10_376_u,0.0,0.030863269511610232,0.01237533183302726,0.0073189192102290305,0.06911953464150425,0.796438992023468,0.02816193441394711,0.0,0.033624907322940725,0.01787176743730811,0.006355646872893615,0.11003218544414575,0.19235031771314012,0.056027768560334666,10,0
1_S10E11_321_u,0.0,0.008676159090828089,0.01964167905971403,0.02730433861725029,0.43596260822378097,0.23818657211959363,0.2646871448727324,0.0,0.006880747321219864,0.032342281157784904,0.02626317770271482,0.35987196833974294,0.2603435071896565,0.34546975696606835,10,0
1_S10E12_115_u,0.0,0.01762829602230335,0.1771785517223179,0.0011623158148722202,0.00738953081890935,0.7207820624113083,0.04260430304566394,0.0,0.0260103582365411,0.16770069519782135,0.0006858053644929412,0.004818485392758696,0.22009012010945828,0.053512291358231524,10,0
1_S10E13_095_u,0.0,0.06445175649132576,0.00225225782196498,0.8545907095074654,0.03280531052732836,0.0092501244274899,0.032828655725461384,0.0,0.1896566815876716,0.004342524272461109,0.230889840746095,0.02895552467460081,0.008593275731009141,0.07064372133192853,10,0
1_S10E13_135_u,0.0,0.07454834226518867,0.00549026137450705,0.03000471456907685,0.2253579761832952,0.3178578831255436,0.04686743225902314,0.0,0.05831383530392321,0.0053411854178602785,0.04227381826776824,0.10869591526259183,0.19388506083527124,0.10510004324333015,10,0
1_S10E14_032_u,0.0,0.06480371372308577,0.017565954593010188,0.12709697093814606,0.5957554250955581,0.11026721457019444,0.031278717273380566,0.0,0.07369861557327312,0.033666712688107066,0.18127545109952323,0.18995247057479106,0.11155959642118991,0.057040147658485765,10,0
1_S10E14_056_u,0.0,0.15561020271852607,0.00803014612756665,0.20036888341419398,0.27213212624192235,0.1421096655074507,0.0175562337855808,0.0,0.17474527010837324,0.011615733169310076,0.27267800507771983,0.23914900850993645,0.17298597200996094,0.020611856167999123,10,0
1_S10E14_094_u,0.0,0.09494907036423679,0.01404680666746567,0.10396604138077234,0.19920266605913634,0.4575579387601465,0.048997316567692864,0.0,0.06818292622899282,0.017303168112725382,0.27663028191361944,0.1860346509002469,0.3098948048160038,0.07251786932175933,10,0
1_S10E14_476_u,0.0,0.030222155153751328,0.0018135726975742402,0.07583741834387178,0.5525006949901581,0.2727837793529034,0.006705438753124271,0.0,0.025625849723139936,0.0014787502402640337,0.08071250279061225,0.1714097644422491,0.1743228201048919,0.011046267499020974,10,0
1_S10E16_009_u,0.0,0.03257324947044249,0.00168366027646695,0.09065004191361363,0.6545692086219788,0.2123659078031778,0.0049544990644789805,0.0,0.028103680144324385,0.0018168265274500965,0.06731412461417124,0.13647760352603627,0.12468323523041809,0.003814068535522371,10,0
1_S10E17_032_u,0.0,0.10031744055449958,0.0031532823224551497,0.029503959813155168,0.46583973467350004,0.3462356723845005,0.0443024087348021,0.0,0.08715677920212604,0.0016687383066012092,0.02967482248736526,0.203394083105481,0.3050922539439278,0.04124867343941877,10,0
1_S10E17_096_u,0.0,0.008246750570833619,0.025998640526086053,0.00402697218232783,0.09108541223686185,0.8407279722392559,0.01419796965783457,0.0,0.004915233748652384,0.04321294527316995,0.006027738406468377,0.27270978103110965,0.2734319788221797,0.021303463220558146,10,0
1_S10E17_125_u,0.0,0.07504854116123165,0.014016124536283269,0.14793212672229852,0.20263967653736467,0.27044697343371804,0.2796054594218731,0.0,0.09265276211961039,0.010031990871921161,0.2794715517302741,0.23612847054556915,0.3140332777288921,0.28989042042988467,10,0
1_S10E17_146_u,0.0,0.0419903683738084,0.017092409904580518,0.5095770575106144,0.16050439543323586,0.056753843484329956,0.15670666160294783,0.0,0.05055032519573814,0.022319958637574282,0.4435293926478572,0.1996762440500592,0.05047538898534997,0.2255811254678945,10,0
1_S10E17_287_u,0.0,0.00777900638058775,0.0258495123707689,0.0887941010296344,0.5591843575239182,0.025664093904197202,0.26190844783559436,0.0,0.005148373864318851,0.03503990129433279,0.06845709771916061,0.4847264582312744,0.008732243541023154,0.3579672950361956,2,0
1_S10E18_164_u,0.0,0.08116199013311412,0.00299329897679849,0.24962374432943757,0.4503125254064798,0.17499118769774208,0.026806503155967176,0.0,0.08297631277028197,0.0031315006391679254,0.31339937693581116,0.25206912018786715,0.19539360860324606,0.0616961651273718,10,0
1_S10E18_266_u,0.0,0.02764216260984534,0.06968969234731046,0.01860666631255294,0.22067541871219873,0.4840978682041168,0.17105051884427663,0.0,0.021063319993506063,0.10121036922262504,0.022807181996106794,0.24406491979369602,0.2639397584955132,0.16467424778330728,10,0
1_S10E18_323_u,0.0,0.02826287411735388,0.00548826145241031,0.1062672480999026,0.3396872016601264,0.4956765854731202,0.01113582858524744,0.0,0.029112592352155093,0.004542661343390442,0.1553059665449358,0.3540819731444232,0.4875010427908542,0.008641010261255043,10,0
1_S10E18_391_u,0.0,0.02380831975024187,0.00438434286625119,0.051335427490994276,0.32354959957301616,0.49903412684798243,0.08214478254085401,0.0,0.036199137201949144,0.004644480945374598,0.111534227099162,0.20272785884490313,0.2551418497471787,0.17937822492346628,10,0
1_S10E18_423_u,0.0,0.03762489960063243,0.05618987954221662,0.0032217938452958504,0.02667985720327119,0.7967377454042435,0.05968485046178098,0.0,0.032680537033118254,0.05469661455497507,0.005942136120125936,0.037284727420184724,0.18358348356001597,0.07456625792325976,10,0
1_S10E19_015_u,0.0,0.01793594369664784,0.013306516199372651,0.13307405542582268,0.553360940515995,0.15427168812602754,0.0879314487916417,0.0,0.010832103542656325,0.016067866605549923,0.17981650132615373,0.23831944904374744,0.17635329989032555,0.1089450357865008,10,0
1_S10E19_252_u,0.0,0.16796454517170784,0.14314492726698513,0.060485384694766185,0.20353770611109206,0.11937564867548642,0.24934918861836192,0.0,0.14718328228219396,0.26819930286941346,0.13306065168940331,0.23335460696099242,0.10220984291860091,0.1638087818814641,10,0
1_S10E21_151_u,0.0,0.03141004885546858,0.00812584052328016,0.00692572494735938,0.1019181090407073,0.7280925661325455,0.00458208735217335,0.0,0.02615304249125528,0.006202184763383503,0.00836867331235999,0.1666519964559898,0.24147253250957632,0.006671996211480255,10,0
1_S10E21_200_u,0.0,0.02028505466878409,0.0010110578587045498,0.032474188064224974,0.4926736682653427,0.4204119239002466,0.00722527350881131,0.0,0.010018296626870794,0.0004169681537807694,0.03602074173874973,0.27867382565457105,0.3067447964930025,0.011629713174778837,10,0
1_S10E23_165_u,0.0,0.02013779049739235,0.01132362342905248,0.005286914284806659,0.4010019078850746,0.4704504445195198,0.01293178626801815,0.0,0.010106609915095592,0.00864236410667007,0.006462437139977077,0.16242562288359583,0.22470341649482597,0.019882031792725897,10,0
1_S11E01_100_u,0.0,0.09681104430928822,0.00296802051598202,0.1666104422882199,0.2868026886135339,0.39294540919363496,0.03322942689992483,0.0,0.09249516306504427,0.0029136273690503803,0.15348148237293094,0.19218372062001993,0.3345201679951418,0.06197983744776515,10,0
1_S11E01_222_u,0.0,0.043032041378319216,0.0043685843236744,0.11331176972016688,0.20978081375360486,0.48456202894449235,0.13606736529618496,0.0,0.03364506478937852,0.003740899726502474,0.16857124556644254,0.10259468626145493,0.24813229502585846,0.19633691529773128,10,0
1_S11E01_337_u,0.0,0.01667115549789737,0.01881839512498114,0.5016921169619308,0.04254341322812247,0.33452059347182506,0.015421663282904721,0.0,0.02848588653691131,0.0331300287171553,0.4659451956790097,0.09715291366132686,0.39629202715273126,0.023324610685782888,10,0
1_S11E01_400_u,0.0,0.03707690585870292,0.01857031390536569,0.07579235894954758,0.00519558657542799,0.7894375875592232,0.06486964377399995,0.0,0.10294235963602542,0.03119081596934391,0.2256865937432447,0.006300582661741248,0.36782855807775455,0.13855918858935917,10,0
1_S11E01_446_u,0.0,0.02162039133545473,0.010255278235126711,0.48458187403157355,0.2236283003701828,0.19164895507856267,0.013218134823546229,0.0,0.02030920699030736,0.015490611549391003,0.38112015889908596,0.244011842347969,0.1787558671160362,0.02236147227805541,10,0
1_S11E02_008_u,0.0,0.09897318482398984,0.0016721627820515598,0.037914466066285915,0.4939252853393555,0.324664850346744,0.00258178506046528,0.0,0.059948063168062005,0.0009229327132235526,0.0394858797756641,0.22665854540875655,0.2243318661179051,0.002275025176378426,10,0
1_S11E02_030_u,0.0,0.09591241232119495,0.00147377577377478,0.3697100549004972,0.40182127312291416,0.06465404145419593,0.0244000599137507,0.0,0.07271832623656,0.0006932118809077316,0.33409900663123393,0.26086330261874935,0.06536603894320843,0.03146444860569653,10,0
1_S11E02_049_u,0.0,0.06289865658618506,0.00335940602817566,0.6477813817560673,0.0305976818548515,0.19236576522234822,0.00388106358004729,0.0,0.09371736189628437,0.004366720208765397,0.4256146466927086,0.033947395523204894,0.3114044498662738,0.0019897412899965417,10,0
1_S11E02_127_u,0.0,0.00088045131415123,0.00057393042225153,0.9815942406654358,0.00869206287025003,0.006287741754203979,0.00101619239721908,0.0,0.00112608377557093,0.0007944421180880571,0.035913798857380774,0.019727546051024544,0.012196564644757348,0.001158188138254771,10,0
1_S11E02_205_u,0.0,0.01988893598318094,0.00952668830286708,0.05191761548630889,0.7884612947702407,0.053672569058835454,0.02701120231649834,0.0,0.01263154197402133,0.012788896779684897,0.10692375408204913,0.16647843545856642,0.04728174809643684,0.03771638896503016,10,0
1_S11E02_299_u,0.0,0.03010453032329672,0.03554200951475644,0.2958215011749416,0.16494052311172705,0.16388499822933222,0.22461195009527724,0.0,0.031508599655729906,0.07822745708702554,0.4036157894051758,0.2172448752267923,0.2816566449628264,0.3590346882818743,10,0
1_S11E03_006_u,0.0,0.01387800709926518,0.00196132411365392,0.00442915138555685,0.03000083868391808,0.8804239243268966,0.05466730362386437,0.0,0.03916317241538628,0.0034613109387766914,0.009806271846833862,0.044203602205762006,0.27771124549530385,0.17178653908650984,10,0
1_S11E03_067_u,0.0,0.08119970520492639,0.02629554056911727,0.6288269557058811,0.06781895898748184,0.0472558018751442,0.11905008163885208,0.0,0.14650678523358301,0.031524540683071714,0.3586060385433483,0.09512839062309725,0.06638454859676826,0.2220717504867477,10,0
1_S11E03_169_u,0.0,0.05284870276227589,0.02687892650137651,0.3594850588589907,0.18359837734606113,0.24353515454567964,0.1245238763862289,0.0,0.07916178918839692,0.05136693431534807,0.3537913656388885,0.23341187848894293,0.23788737617173247,0.2305497740779095,10,0
1_S11E03_220_u,0.0,0.00486806493718173,0.00243810240644955,0.006775109691079651,0.02166680637747045,0.9512217938899994,0.00195245716895438,0.0,0.00487679166731419,0.0026539103280611995,0.007595846178371864,0.0202421093722847,0.043224199218718486,0.002801625709279428,10,0
1_S11E03_250_u,0.0,0.01099807540886098,0.06422440299647855,0.10417529237456616,0.6249654054641723,0.09916579797863956,0.09116015320760193,0.0,0.00884063323508551,0.10497382181051461,0.23549045813272357,0.3230314100682233,0.0992363198356436,0.16492294220529555,10,0
1_S11E03_321_u,0.0,0.01459381491877135,0.052219329099170805,0.03561051008728094,0.011815673770615789,0.7499679788947106,0.03873122833319934,0.0,0.024724258184051936,0.08796975386796185,0.08555535887834036,0.02170253019861823,0.37992762777628725,0.07777108239754958,10,0
1_S11E03_365_u,0.0,0.01602296910714353,0.0179498593177413,0.02105406958144152,0.5113264982239343,0.06974636986851687,0.33184744163881985,0.0,0.013889148203799126,0.027656888256736806,0.02590397603088372,0.38024690340605066,0.05160488142983848,0.36350753099125166,10,0
1_S11E04_005_u,0.0,0.053364224592223744,0.008645637362496881,0.2684932052972726,0.259922736370936,0.24952156273648143,0.14559900024905797,0.0,0.08856672583079106,0.010067689307427886,0.3246752932050881,0.23063858197468573,0.27697309418596877,0.2851126247559213,10,0
1_S11E04_016_u,0.0,0.0013811871787765399,0.0004238853391143,0.9879583358764649,0.00548399020917709,0.00083246502326796,0.00330113360250829,0.0,0.0022840160225453625,0.0005578651675154081,0.023206173632445114,0.015116750113660241,0.001245842241056923,0.003934774488278592,10,0
1_S11E04_024_u,0.0,0.10201498728711156,0.01670747874886724,0.4286811197642237,0.1715649580582976,0.133745966583956,0.12459346939576788,0.0,0.10415645997788221,0.0175437864788707,0.38265679071685843,0.1547712328612968,0.18448802324782373,0.18754817239350985,10,0
1_S11E04_067_u,0.0,0.09998495057225222,0.0034868973947595203,0.041230900428490654,0.21192654445767398,0.19534824118018146,0.00747572195250538,0.0,0.09249840210328085,0.0034834556333175402,0.07495214952608988,0.21725073231045788,0.15400371064447346,0.016602302463298885,10,0
1_S11E04_137_u,0.0,0.0011192789243068,0.00052713397017211,0.980735719203949,0.00617768486845303,0.0030941444303607,0.00744730849983166,0.0,0.0008574586177005146,0.0005194791047868534,0.01738231895857364,0.005258285744760069,0.0026538951264944034,0.017078068414478575,10,0
1_S11E04_162_u,0.0,0.14639724399894474,0.0031665527727454497,0.288172270078212,0.11044381763786071,0.3486269393004477,0.04575742275919763,0.0,0.13650087267350847,0.0026550500402227617,0.30901224513709785,0.11312704658713832,0.34107696061332116,0.05550370691709547,10,0
1_S11E04_273_u,0.0,0.007128043514158944,0.0018219617583477888,0.25407236167747116,0.6138629536661837,0.09970699426614574,0.021253367342675664,0.0,0.003239202886310545,0.0014596969502687234,0.31485287195174505,0.3425269177255475,0.11278578225119375,0.054646956051015494,9,0
1_S11E04_298_u,0.0,0.029652470536529963,0.0057226367294787904,0.7117700684815645,0.13860895438119764,0.09073648285120721,0.0123384777340106,0.0,0.030540538772554998,0.004247334544142358,0.2661620640803666,0.147144382645114,0.10195375501838194,0.010096335957682298,10,0
1_S11E04_315_u,0.0,0.02827564380131658,0.020015701605007,0.12747394698671993,0.2365198328159749,0.12558038327842944,0.38596537346020343,0.0,0.02899137655081955,0.028691946253428833,0.12756909640615846,0.23370469990948986,0.12313294869706437,0.315582054989127,10,0
1_S11E04_347_u,0.0,0.08834839398041364,0.04314863822655748,0.18969442811794573,0.01116561393719161,0.15075295958667992,0.5089010752737522,0.0,0.07247158515461997,0.032714312757540484,0.29293452281477955,0.013792057609732985,0.24376803187432877,0.27665061814802683,10,0
1_S11E05_005_u,0.0,0.022950410057092037,0.050519418762996746,0.4884200167725794,0.0883306128031108,0.24298493833630347,0.07111892624525348,0.0,0.023396160194823705,0.061823985018765515,0.48257868275764304,0.1285934228364864,0.2882197692728881,0.1433519037877399,10,0
1_S11E05_060_u,0.0,0.01886288259411226,0.01353276181034739,0.00517606249777595,0.0014333916944451,0.8498384863138199,0.011557713785441551,0.0,0.032924889357082106,0.01002630827042359,0.003830103335208754,0.0013794198132114708,0.23054269721866505,0.018860093897151462,10,0
1_S11E05_099_u,0.0,0.00929238416720177,0.00611767077352848,0.14139970786636688,0.15659902822226282,0.6602929286658764,0.024814091902226172,0.0,0.005798784454790803,0.005006821200708432,0.30810788714912535,0.14865095990144603,0.2577791898128996,0.031050323983275785,10,0
1_S11E05_156_u,0.0,0.061780443042516675,0.02256557834916742,0.00711162466322998,0.26715427576564255,0.30066685378551483,0.052729767176788234,0.0,0.04223916823994129,0.04395967609714201,0.009020503958757168,0.3066042331952676,0.22157097213642696,0.10122558489802072,10,0
1_S11E05_186_u,0.0,0.2014332563616335,0.02355066614691165,0.0380241949751507,0.10190842803567646,0.28743675276637076,0.03589610593626271,0.0,0.1901980531691572,0.034587463202542586,0.05743453978422205,0.16737328422317393,0.3635638041357699,0.05347465902844004,10,0
1_S11E05_193_u,0.0,0.09236601907759902,0.06369692631997162,0.3472739374265075,0.11404186158906664,0.24107150845229622,0.08946844695601608,0.0,0.0788179002322718,0.05827974350488412,0.28461373102401727,0.14684606356159854,0.19904333757877374,0.09740022594154935,10,0
1_S11E05_253_u,0.0,0.052300827228464165,0.00541910806205117,0.06904742342885581,0.6654406309127807,0.13610124122351405,0.03720419274759474,0.0,0.09014033657238772,0.00870843097161202,0.08216900990342735,0.31689667639629593,0.13962097235681006,0.06025115218209969,10,0
1_S11E05_306_u,0.0,0.01051766582531849,0.03431704230606553,0.5268821626901626,0.05020166505710218,0.241071583260782,0.08736792546696956,0.0,0.010428095486360924,0.03807380360270904,0.35970544657500325,0.06185779851709174,0.33874290852831945,0.10661246199857699,10,0
1_S11E05_343_u,0.0,0.051242393394932105,0.01868693184223952,0.22268081568181514,0.5319077636115253,0.12658567726612088,0.04166400472167874,0.0,0.07754668792189018,0.03352523296443596,0.13764382872861877,0.3216231751622206,0.13328886029748413,0.07247848661515864,10,0
1_S11E05_370_u,0.0,0.059348717657849145,0.01928318184800442,0.01736485570436339,0.08135940362699326,0.5470579192042351,0.02259614559006873,0.0,0.1107227909386801,0.016731152481047406,0.039440867200951316,0.04937319670090942,0.2816704492753905,0.02099518732192656,10,0
1_S11E05_402_u,0.0,0.16783860406139864,0.06808263681450621,0.10325802583247419,0.051662050653248984,0.34109989462886003,0.16810577379364983,0.0,0.139453296476208,0.06529365567966171,0.30250493548788043,0.04016262300951633,0.2806120654317545,0.17721016701257772,10,0
1_S11E05_429_u,0.0,0.09562092218548056,0.025326668610796278,0.01205300516448909,0.1393601896241307,0.5028516136109829,0.09527834093896667,0.0,0.06655289995924929,0.02160849435744042,0.008201953024472667,0.16207684472089764,0.23831143708686733,0.18525588044386126,10,0
1_S11E05_448_u,0.0,0.07240185094997283,0.00249577970535024,0.04056484564207489,0.573281629383564,0.16095668189227577,0.025604459666646973,0.0,0.06475170992040816,0.0025273837533495848,0.03409693562706569,0.3010114604700239,0.14213874304882507,0.05879617501817055,10,0
1_S11E06_003_u,0.0,0.1244511682307347,0.00686600686749438,0.08286366539541629,0.377146430965513,0.23721784502267834,0.1306325706420466,0.0,0.18813500634107985,0.00758738413051339,0.1453225234475016,0.2262553464237048,0.21463127866613854,0.1971182718412252,10,0
1_S11E06_019_u,0.0,0.04181264773942526,0.00303632193536028,0.13349571479484434,0.6053497850894928,0.11898092008195812,0.09350266969995566,0.0,0.05448232198551697,0.0028445010494341505,0.1469194091715049,0.21692405447991406,0.1523504606285176,0.14080963506933267,10,0
1_S11E06_060_u,0.0,0.011512386944377739,0.0013408895523752498,0.49476572331041097,0.33208932019770143,0.1535473036114126,0.00207017541979433,0.0,0.01842132911140639,0.0017340651543985815,0.44393513880992885,0.38611889396505705,0.30341459132786464,0.0018127893477481258,10,0
1_S11E06_102_u,0.0,0.05811607993673529,0.00663877123733977,0.3487439485965297,0.07836469357134769,0.3402024336159229,0.15602107978775165,0.0,0.10186060186014415,0.007343370413116375,0.43445974538681753,0.14469770439573865,0.4320875707339277,0.31101404572459096,10,0
1_S11E06_187_u,0.0,0.2955525089055299,0.02354284012690182,0.050970157166011575,0.16027911491692062,0.15691763898357744,0.28317652493715284,0.0,0.2742036534215216,0.015065555928861428,0.06672255116006515,0.13291658996108427,0.1616290999569967,0.20769458867037438,10,0
1_S11E06_249_u,0.0,0.007087480870541141,0.00135678230435584,0.42089756317436694,0.47792292581871154,0.08748541222885248,0.00196094627608543,0.0,0.0035591134099314057,0.000673729813040376,0.35751614075856586,0.29146624164166435,0.10177924784929533,0.0010306180628448511,10,0
1_S11E06_391_u,0.0,0.02178088123910124,0.00762324039824303,0.10033620469039302,0.7264406181871891,0.03409126745536919,0.10404035144601945,0.0,0.011387226886532811,0.011221287436823758,0.22864682034980346,0.3307792620087232,0.019701464273494524,0.23249412195849095,10,0
1_S11E06_410_u,0.0,0.3139701509848237,0.05868464037775989,0.01253724249545481,0.1047484755516052,0.32724461108446123,0.16240935884416102,0.0,0.22895593743027137,0.04569863095149642,0.02076652824716191,0.08683173695764425,0.19900404304392305,0.10138138945836461,10,0
1_S11E06_448_u,0.0,0.015615230123512392,0.00266893366351719,0.020287339168135028,0.3352659860625863,0.5900805369019508,0.00166787244961592,0.0,0.013388028227103381,0.0020624345604686387,0.02597315744768649,0.2685290995192304,0.29677775693401204,0.0014263777594856993,10,0
1_S11E07_026_u,0.0,0.15616146354004737,0.01151810096926051,0.16073417891748246,0.25567953076679256,0.16295213955454524,0.07649185997433956,0.0,0.20553737148019302,0.020297919641313902,0.20152610329328807,0.23795047369725938,0.17139707770970772,0.1880496591450495,10,0
1_S11E07_112_u,0.0,0.025249261851422438,0.03341318028978999,0.12209257900831287,0.046334601001581134,0.6499712133780122,0.050532385951373694,0.0,0.023545011403779823,0.054647373304778424,0.2441671360677341,0.09680446284002019,0.3655886679633219,0.13147732009140445,10,0
1_S11E07_153_u,0.0,0.013550087553448938,0.0042747978761326,0.02992472187615926,0.6464686516672373,0.2911865915171802,0.00885484448517667,0.0,0.009426138690451157,0.004165300306216173,0.023891795330985056,0.28316073814448406,0.2655053321447757,0.010893962489658177,10,0
1_S11E07_161_u,0.0,0.02855725111439818,0.0100494885584339,0.00164076158253006,0.12427624741103498,0.7959633886814117,0.015948932321043628,0.0,0.031254300248721334,0.012338817717602929,0.0013240925688323625,0.15140148396479602,0.19228567214271552,0.033547900730565704,10,0
1_S11E07_220_u,0.0,0.01460254844278093,0.00478347777388985,0.01131395519478241,0.06022888985462482,0.8967350602149964,0.00185111949976995,0.0,0.012836396103205699,0.004443539175140648,0.013455925121124078,0.05236951168181087,0.06795519733018796,0.0015846978552521915,10,0
1_S11E07_265_u,0.0,0.014579513855278442,0.007252916836296169,0.0917980060447007,0.5184913504635915,0.34956311592832207,0.0083599353791214,0.0,0.02076101766857718,0.009060684984342548,0.1873198754341637,0.39099521242046525,0.38664326356592255,0.010184379642431763,10,0
1_S11E07_271_u,0.0,0.00956980234477663,0.024753062275703952,0.046472404972882894,0.27093053602147843,0.5911898187361657,0.035579587816027866,0.0,0.008030498067599512,0.027644234361246148,0.05912132468744044,0.3049508129683753,0.3346879021527969,0.04092260888334041,10,0
1_S11E07_381_u,0.0,0.04507680437527593,0.00161128098261537,0.27316397875547405,0.6447270050644874,0.0122672888450324,0.00857770028524095,0.0,0.02457075663846757,0.0007678039334337819,0.2272843657451316,0.21233256495897357,0.003964968861370232,0.0048381342669707944,10,0
1_S11E07_405_u,0.0,0.00033726889523674,0.00018115055718223,0.9960885763168335,0.0022004229598678302,0.00049652249726926,0.00062097572954366,0.0,0.0001006668488262276,3.218624194239668e-05,0.004231423800495594,0.0037084451221584777,0.0005205614941660885,0.0001958331866791549,10,0
1_S11E07_415_u,0.0,0.05872946374583985,0.08832939253770741,0.3782878465950489,0.19666698221117254,0.11704007610678668,0.0912122816778719,0.0,0.06458314541348437,0.1255821278412769,0.3395426649250865,0.07848326940488129,0.1101785836488083,0.10242402287477999,10,0
1_S11E08_005_u,0.0,0.01663243428338313,0.00307841692992946,0.35496362489648164,0.5074801355600357,0.10225938470102842,0.00935695267107798,0.0,0.015816582968693323,0.004107156918236509,0.3862861332920528,0.3752995917031543,0.10259353071141332,0.01856280396764215,10,0
1_S11E08_113_u,0.0,0.02363979989895592,0.00209837080328721,0.26357412994548207,0.07321847870480265,0.6140522062778473,0.00883542411029334,0.0,0.02629307694052551,0.0013532557374553711,0.2212833521603592,0.07112719064752522,0.23509002817877558,0.017253994476424603,10,0
1_S11E08_137_u,0.0,0.07011180818080898,0.01531916062813248,0.025503894232679108,0.01896935650147493,0.5012109376490116,0.02713850106811147,0.0,0.03843959370230314,0.012264660342913299,0.04019655537741881,0.020952322765119928,0.37767889900911733,0.03610704847942125,10,0
1_S11E08_142_u,0.0,0.08452961295843121,0.007689396571367931,0.0034582661115563802,0.13719973675906655,0.3536444902420044,0.00943890861235554,0.0,0.08365296273317915,0.0015517750309999424,0.0018013232186481684,0.21235006402766973,0.20816167437221436,0.019230121474232524,10,0
1_S11E08_195_u,0.0,0.06709225559607143,0.00612874104408542,0.013155861396808119,0.3012398160994053,0.4764240227639675,0.02040153513662512,0.0,0.08718348719087973,0.0051246848281144685,0.026291745605072008,0.21512215925702494,0.2541615299362816,0.018229260861952715,10,0
1_S11E08_217_u,0.0,0.21853670990094543,0.014406874403357459,0.06665012342855334,0.06981364656239744,0.06491220556199548,0.3683079986833036,0.0,0.12590785875264662,0.010897643341297895,0.08241360553415314,0.05122429167146974,0.02726342063452346,0.3340043556978663,10,0
1_S11E08_283_u,0.0,0.2145410075783729,0.09970244844444094,0.00360444209072733,0.0023796394350937998,0.47487049326300623,0.030298927705734925,0.0,0.1533359613845002,0.04612312304266665,0.0021833409852326274,0.0013602745176157802,0.2468900975333819,0.02285498899173376,10,0
1_S11E08_305_u,0.0,0.046716133132576894,0.02650452745147045,0.033990383520722325,0.4660029262304306,0.2968238742090762,0.10593439899384971,0.0,0.026756551507951837,0.026103895308686204,0.029495834917149494,0.20608688417977172,0.15893878272072254,0.0693944730486509,10,0
1_S11E08_351_u,0.0,0.023876568255946,0.02936619736719872,0.046444879251066565,0.2138467299053445,0.34895836128853264,0.2964713755995035,0.0,0.021611779028418668,0.045469586127450015,0.12969854887807009,0.24161444647503122,0.2970606287682876,0.40552442132771827,10,0
1_S11E08_428_u,0.0,0.04204464950598772,0.00174314722535194,0.08719399301335211,0.3285099364817142,0.43926641903817654,0.00712038015772117,0.0,0.045010110642978204,0.0011050535266130506,0.14605138724991176,0.2777636116869822,0.4244986955879499,0.010381439605799792,10,0
1_S11E10_009_u,0.0,0.03513694051653142,0.00180430235341186,0.11189900236204262,0.6167650908231735,0.22092719003558153,0.0035585905832703603,0.0,0.021171248632999934,0.0009732945334860471,0.13678620408453912,0.182357230333958,0.18412857178888684,0.004131945356799994,10,0
1_S11E10_062_u,0.0,0.08785083168186242,0.10143814575858412,0.00101511011016551,0.06214558960637073,0.6948045283555985,0.00751669062301512,0.0,0.0811710706815121,0.11367114565877286,0.0008257742452179761,0.18263028462160436,0.18289708318304893,0.006016695748020652,10,0
1_S11E10_143_u,0.0,0.06717977174557742,0.02148239654488858,0.17476271782070396,0.12071789614856239,0.367858449742198,0.2305572401732206,0.0,0.06689953077368851,0.02455101234046608,0.1977792879594561,0.1436104209833055,0.2215614231969641,0.2985243501242182,10,0
1_S11E10_228_u,0.0,0.24591419026255606,0.07474296996369956,0.018307061726227362,0.1684563997201621,0.099466498568654,0.35241181068122385,0.0,0.1808302235145821,0.10150776573625142,0.01416316660157679,0.13947432419494846,0.0582785443651056,0.21263845830149286,10,0
1_S11E10_240_u,0.0,0.044271906727226404,0.0035424899018834796,0.34557034999597813,0.16184256300330158,0.34999328672129193,0.04242428012657906,0.0,0.10111827034588851,0.004177536829190126,0.3987699752170412,0.1484530687016102,0.33907463634951135,0.10910887818476078,10,0
1_S11E10_249_u,0.0,0.40608045384287833,0.00946998742874707,0.08617171193473036,0.09528862461447711,0.28875257745385163,0.0725975247099995,0.0,0.28326853662583096,0.00684791403418717,0.13436881253398708,0.06817097462131042,0.32048323389410216,0.050999097532951634,10,0
1_S11E10_297_u,0.0,0.13094659894704813,0.00456486700568343,0.05283136530779298,0.10080699548125263,0.059593484736978966,0.013209288299549319,0.0,0.05994104959275882,0.0025986393543149977,0.07458502027705809,0.05800517221964616,0.07035753884157624,0.013537345297253318,10,0
1_S11E10_309_u,0.0,0.08727152608335012,0.027665091201197322,0.01599087280919771,0.20707197822630402,0.611392080783844,0.03115553360548797,0.0,0.05623433844617897,0.0642637155634754,0.031870410291355226,0.22670976274691124,0.24690529217897986,0.05894181215394564,10,0
1_S11E10_337_u,0.0,0.00260690941940986,0.0086815545277204,0.011802794993855,0.39741857312619683,0.5130730256438255,0.0643814498791471,0.0,0.0008584709361565177,0.022885895522750364,0.01000809064342795,0.45540372518194683,0.45153674553652406,0.17949024986768797,10,0
1_S11E10_432_u,0.0,0.04778589283814651,0.00445598146179686,0.3186385199893266,0.3031073187477887,0.23030617771437392,0.00377483103948174,0.0,0.050235172469030184,0.005202021823528094,0.41349751260270673,0.27252117342061477,0.31427264022674734,0.003729142050682263,10,0
1_S11E10_461_u,0.0,0.01838744231499727,0.017895485810004108,0.20268477648496624,0.38288398012518876,0.2718582142144441,0.08748339394223872,0.0,0.010059086333611729,0.034730204052447804,0.1977698608659106,0.20867770522935417,0.27520031187625427,0.18112901890288277,10,0
1_S11E11_024_u,0.0,0.04232033658772702,0.00390463898074809,0.02066455224412486,0.3498881154693663,0.49204350635409355,0.05699173993489235,0.0,0.03738460841927602,0.004342883589799895,0.028026929696974696,0.2884170043751084,0.3233716995343181,0.10884880691529157,10,0
1_S11E11_055_u,0.0,0.050369144883006756,0.01407169862650329,0.0070022999541833495,0.18201385380234564,0.545785104483366,0.06793664533179249,0.0,0.04221198993134263,0.007225879285204407,0.005249229478901222,0.13570859364657312,0.2642195567503127,0.07566518211158992,10,0
1_S11E11_077_u,0.0,0.09317758856341238,0.0069150322815402804,0.3406091642566025,0.2194041289389133,0.2650498865172267,0.060362076433375454,0.0,0.1275330843401968,0.003813112379331873,0.36328763322951113,0.19816782565833427,0.2782386615773762,0.07648975501107715,10,0
1_S11E11_098_u,0.0,0.08157522249966856,0.008516616409178779,0.09332013139501211,0.5045888856053352,0.16708899773657318,0.01111482777632767,0.0,0.06850089146455232,0.00976961128702088,0.11299789237457313,0.2025080298422086,0.1509789290930762,0.01240537581352302,10,0
1_S11E11_127_u,0.0,0.16535528574604536,0.00637096979771736,0.44067145250737666,0.09331088821636509,0.15647272509522733,0.05871219923719758,0.0,0.24264974878415346,0.006088683872561073,0.4022260735841682,0.12771249766225046,0.17512802221214058,0.09266899848255215,10,0
1_S11E11_182_u,0.0,0.01191278002806936,0.00249730330542657,0.4311605155467987,0.3934142371639609,0.13490844383195505,0.0235935323638841,0.0,0.009868020039614057,0.002617018162422854,0.42355156026211144,0.3301877800055088,0.08739466705900094,0.035096983004333296,10,0
1_S11E11_217_u,0.0,0.00942373954458157,0.007824289612472,0.129254525527358,0.5687928810715676,0.24792053150013085,0.03169508196879173,0.0,0.0075776548502748415,0.01083639065472655,0.19431615926223164,0.30810490982252736,0.25199361656974356,0.07292024070576511,10,0
1_S11E11_301_u,0.0,0.24528129862155765,0.005117874150164381,0.0855145492823794,0.37551061604171987,0.1654104256536811,0.01171000250615175,0.0,0.28537656232153075,0.004183292999202342,0.13523418744665902,0.4049138473192571,0.1377607492242605,0.013066886995274883,10,0
1_S11E11_343_u,0.0,0.09266560164978724,0.04561636236030603,0.00849567063269201,0.00331846357439639,0.8240785211324692,0.01906172379385676,0.0,0.16402813461615956,0.05726222772628201,0.008990532546737012,0.0020099213037300437,0.2582421413299115,0.028126564371330272,10,0
1_S11E11_403_u,0.0,0.02310716733336443,0.00107550824759524,0.4623187255114317,0.46002687588334085,0.04511667862534518,0.00159847947943485,0.0,0.02073328122773025,0.0008469577165430294,0.2935184629738723,0.2552337706279402,0.032650577788128014,0.001146689246140667,10,0
1_S11E12_038_u,0.0,0.09151444942690427,0.00410824672435405,0.12862736354582008,0.3999583080410957,0.2920058799907565,0.05803491171682251,0.0,0.07766605717514452,0.004065830870597624,0.26133501941980847,0.2038874945127552,0.1562892425878948,0.05412042841907789,10,0
1_S11E12_237_u,0.0,0.11349348807707424,0.03760477649047967,0.00224277495872225,0.00532493456266817,0.7708543449640274,0.015043441415764339,0.0,0.13901522801308305,0.014385057995080223,0.001172943266350708,0.005030784064508839,0.18954541279040243,0.021022602512233025,10,0
1_S11E12_279_u,0.0,0.3844352803658694,0.01203526337631043,0.00248270099982613,0.20076873505022372,0.23878917135298247,0.01418743673712009,0.0,0.36906901221813,0.01974485677994654,0.0019246284535583906,0.2924594446410214,0.2564841966765144,0.02377811170213561,10,0
1_S11E12_290_u,0.0,0.3960606649518013,0.00609560192096973,0.00116053066449236,0.01599154127761717,0.07525196392089124,0.00513033962342882,0.0,0.15920414846405082,0.0032544764604628,0.000544407803058164,0.004533444436331847,0.06425655393461231,0.007848894693672953,10,0
1_S11E13_001_u,0.0,0.32224092781543734,0.00628801633138204,0.01815990612376475,0.06254783701151603,0.11068854220211499,0.00299703715136269,0.0,0.2126356409169797,0.003291410448441294,0.04027761035291392,0.08692680146722201,0.05923656004828896,0.002034930117539226,10,0
1_S11E13_211_u,0.0,0.020588020188733867,0.0016850932821398101,0.47025290615856646,0.22315852269530292,0.2395481832325458,0.03489487071637991,0.0,0.02695562680980421,0.0013525230420404419,0.2879881978159186,0.20202396895150826,0.14018127499853236,0.075868500105145,10,0
1_S11E13_362_u,0.0,0.18768191842827942,0.02661097110249096,0.04963517141295591,0.05934170386753971,0.4253536552190781,0.03160800198093052,0.0,0.16933880433461002,0.019418543601257277,0.08768157952744166,0.05711497896953923,0.2041568387343547,0.05240586262674587,10,0
1_S11E16_170_u,0.0,0.03267543663969258,0.018365563254337712,0.6346336596645414,0.07945171926112377,0.1924236215418204,0.02531792412046338,0.0,0.03276195830722311,0.01903281348218054,0.3468566871088831,0.21177716964677626,0.27370602216853657,0.04251713726039422,10,0
1_S11E18_206_u,0.0,0.10507317730225615,0.00232930205529549,0.07516488889232273,0.2911872580647469,0.48090378679335116,0.00960435304150445,0.0,0.1346782108090381,0.0013841101628775335,0.0930533651431035,0.18107058151626956,0.26602145520863096,0.010637067219060709,10,0
1_S11E19_030_u,0.0,0.00437781669897952,0.00252607255824835,0.08179506469750773,0.1053532905876636,0.7958546739071608,0.0068665748724015,0.0,0.0035365055630295376,0.0025111122917305137,0.18515167781471709,0.21994120344365478,0.3773504716093805,0.014451849039512054,10,0
1_S11E19_143_u,0.0,0.042074172850698185,0.02368982937186952,0.02624359019100661,0.3352740608155727,0.3392154190689325,0.16254435324808578,0.0,0.04031071539023771,0.017751829961464984,0.03586397091732998,0.2205855441266815,0.256141029984196,0.20943109547889044,10,0
1_S11E20_143_u,0.0,0.0156974635086953,0.0017285838956012799,0.05343380635604259,0.7131198853254318,0.20844994336366648,0.004934910580050149,0.0,0.009494619548177942,0.002008058845472006,0.04451218194671362,0.13594161405603694,0.11702912293554223,0.010988839528387324,10,0
1_S11E20_332_u,0.0,0.02255963865900406,0.00139502630336203,0.5353718232596293,0.27757088430225846,0.1393580844160169,0.00246704465534997,0.0,0.025236318375255588,0.001374565241673037,0.4424279747632708,0.31044736880079765,0.20864272867464118,0.001906809544108539,10,0
1_S11E21_080_u,0.0,0.02677849971223616,0.01681161077722203,0.38498261749045926,0.2098753870115615,0.28801452885381873,0.06614030887139957,0.0,0.025414879298348958,0.026472876146622838,0.4876512116557341,0.2364949220058306,0.27925818787791856,0.07782917275937211,10,0
1_S11E21_201_u,0.0,0.05290242331102485,0.01679654149338599,0.5478395439684391,0.12876461535342965,0.11619143597781653,0.11189129655249412,0.0,0.05824430095079318,0.016076981866260942,0.36840699096258944,0.2080939382072611,0.2017140700142174,0.20567352808329298,10,0
1_S11E22_069_u,0.0,0.02802892206236715,0.08933946497854774,0.09380553250666704,0.2277517716865986,0.26868381816893816,0.2149171138356905,0.0,0.020842678962114537,0.15937337369204363,0.2370574201415627,0.26826961791456555,0.28354896445927863,0.30563979465678476,10,0
1_S11E22_149_u,0.0,0.1458483268273994,0.07244235904654482,0.15992911113426084,0.12279806137084956,0.21407693084329363,0.21303030571434642,0.0,0.16601245470059547,0.07563515630080132,0.19944065054384644,0.14792580619037776,0.2728197889178104,0.22028652837673876,10,0
1_S11E22_205_u,0.0,0.3103696949779987,0.0076742473058402,0.013071067223790988,0.13619013428688045,0.27010155171155925,0.012390080536715638,0.0,0.15957102627222797,0.005732469462991843,0.02196047071870484,0.1673062650134015,0.09619622138469837,0.015253792324995956,10,0
1_S11E22_260_u,0.0,0.02891550508793438,0.0036163112788926296,0.04406854440458115,0.4080470323562622,0.4861668337136507,0.01046960787498387,0.0,0.028505080336268793,0.0032011832747816547,0.08039774401280142,0.3155629629841386,0.33829349437737277,0.013639075598834207,10,0
1_S11E23_048_u,0.0,0.07493606731877658,0.07884947588754582,0.47792806137586014,0.05583917112671766,0.11676001247251402,0.09860452440916558,0.0,0.06557324118451456,0.15437926350730416,0.4653898876400621,0.07068191798683085,0.18029473778494629,0.16442205453402406,10,0
1_S11E24_338_u,0.0,0.01125265581067645,0.06921166150132188,0.31387202946934845,0.2906473864568397,0.03753910288214678,0.2729787985095754,0.0,0.01328615102046291,0.16089501914692186,0.38068739445229244,0.3494975023103317,0.02419834486701928,0.3575854100280922,10,0
1_S12E01_111_u,0.0,0.16737852329388256,0.02431383924558752,0.00938017270527775,0.2005866826511919,0.408558751642704,0.02263247377704824,0.0,0.18309000492165475,0.011643201103208028,0.018680598237355295,0.2951542514702071,0.2470825081270587,0.0364594430738912,10,0
1_S12E01_139_u,0.0,0.22601126302033658,0.060056317015550996,0.00286423484794791,0.25559512339532375,0.334600692242384,0.01159623514395203,0.0,0.26266579453262423,0.08216405780030277,0.001629295536287731,0.2530855413594632,0.23399309541328112,0.010171982015807844,10,0
1_S12E01_150_u,0.0,0.012991841533221249,0.002039615571266,0.6293310821056366,0.2561831004917622,0.08052785415202374,0.01069452639203514,0.0,0.011079283634374566,0.0025858690262820466,0.22808538992625477,0.18362721645924973,0.10883988097447371,0.017010226771023637,10,0
1_S12E01_248_u,0.0,0.013239473130670329,0.004713915325555649,0.5934193712892011,0.23058684691786763,0.04494327007560054,0.11120806527615054,0.0,0.021386481275898126,0.008734564135261958,0.4045810053876631,0.29062292260254224,0.05767069260320802,0.2942589174741762,10,0
1_S12E01_268_u,0.0,0.02891147267073386,0.007084720639977571,0.00609231081325557,0.6153188735246659,0.31219932492822405,0.024827063840348218,0.0,0.028872352792496607,0.007595312843252945,0.003467291601956295,0.21944259299272872,0.21242059866250718,0.04087287616914762,10,0
1_S12E01_274_u,0.0,0.22794186333194372,0.00464244653703639,0.0071362433372996,0.20013383515179153,0.36844402551651,0.06497069030301642,0.0,0.15809020223845308,0.002652071074521801,0.005266851182464896,0.25265325386914833,0.18844283964580924,0.08038195102567676,10,0
1_S12E01_297_u,0.0,0.03828657876389715,0.0156328598192582,0.21692289101580772,0.425422802567482,0.22710324513415495,0.007468306672914534,0.0,0.024694201019024094,0.02995676674788528,0.25710723875127744,0.175083099673697,0.19787357828393598,0.012418563713303786,6,0
1_S12E01_325_u,0.0,0.13030104301869866,0.021083268115762582,0.13693648986518375,0.4684795647859573,0.0824122745543718,0.15136219002306459,0.0,0.07353551969226232,0.028350495150074654,0.14507637908375973,0.1515196074062342,0.0413432840329032,0.10803470227015921,10,0
1_S12E01_332_u,0.0,0.01634009939152743,0.0024555179988964898,0.00409245800692583,0.553990701213479,0.4106454562395811,0.00333050857298072,0.0,0.010318554698169818,0.0010385073045000158,0.0028209914041553725,0.30961150031822304,0.3101402000566543,0.002963843264450587,10,0
1_S12E01_339_u,0.0,0.00102554314071308,0.00068341624864839,0.9944451332092286,0.0004994379298295201,0.00150138637982305,0.00135740955593059,0.0,0.0007959471187689482,0.0005692563971573998,0.003839925775853702,9.822019685861081e-05,0.0013571412719659646,0.0009046622274918333,10,0
1_S12E02_006_u,0.0,0.03437969634833274,0.0044701736434944505,0.2503309919033199,0.39170103073120116,0.2133323740912601,0.019186393535346673,0.0,0.04198759162183799,0.010055226852078384,0.30754547120118725,0.3296380333362716,0.16260105146148843,0.045041101088314106,10,0
1_S12E02_105_u,0.0,0.07954699108377093,0.05540173522895199,0.025587082654237703,0.1831869421061128,0.37129387483000753,0.2471229983028024,0.0,0.11261414147118928,0.09768235484071555,0.028021567397424486,0.16725656265696234,0.19384412204981027,0.22502404450850866,10,0
1_S12E02_118_u,0.0,0.06386146913282567,0.0014198782417224301,0.47269097343087196,0.3751760106533765,0.04222146542742844,0.02122457375517112,0.0,0.07131714399074758,0.0009904649909018922,0.32648004141038395,0.27794071650665875,0.03387522752797533,0.01453157057905158,10,0
1_S12E02_204_u,0.0,0.016053481027483902,0.0017254955513635,0.49362502079457043,0.1431059226742945,0.3304398456355557,0.00264612729079084,0.0,0.024071406526187722,0.0018221402091642155,0.4932898895013256,0.1786314986975175,0.3623679786793328,0.004660333710134092,10,0
1_S12E02_228_u,0.0,0.12301380648277697,0.02746789620723571,0.11338028071913864,0.08755891183391208,0.12276001616846768,0.505305546335876,0.0,0.17361841342708875,0.02440263703960256,0.3042036970079565,0.09211941474738822,0.15590109991819237,0.3724950703971472,10,0
1_S12E02_262_u,0.0,0.00722011718899006,0.04055649599758904,0.0019129431035252698,0.01736396825872356,0.49244682979770005,0.3731408307095989,0.0,0.003614185150126733,0.047839859736179983,0.002484372202146552,0.014919565199639826,0.43933355727482637,0.369544932787981,10,0
1_S12E02_274_u,0.0,0.0327650473453104,0.02237044163048264,0.32187593281269067,0.2097012713551521,0.23974950015544888,0.08408519271761175,0.0,0.015367398032756463,0.014514487346125381,0.16524617795491628,0.07201400575725221,0.15485865578914038,0.0763242439677017,10,0
1_S12E02_358_u,0.0,0.05493130092509084,0.0035980386921436796,0.4175308816600591,0.4340631753206253,0.03816936458460983,0.03734678364708085,0.0,0.05587731208102903,0.007636065499754128,0.41568793462221887,0.3484511799379866,0.030974117385597882,0.08759405760086651,10,0
1_S12E02_385_u,0.0,0.02385628026822809,0.01735687749023777,0.3749844189849682,0.1798228665720671,0.23676012624055143,0.030729568537208214,0.0,0.04982677503522116,0.02164491980432962,0.44200494439221205,0.23355699852048678,0.3285494869180889,0.04419498680919433,10,0
1_S12E02_433_u,0.0,0.0046405007014982,0.00568941422388884,0.199515406275168,0.23272375511005516,0.5474686816334724,0.00137446918524796,0.0,0.002828156445610531,0.014061689524677607,0.34994813580392187,0.23829311621529553,0.35339861150516494,0.001195452075178097,10,0
1_S12E02_443_u,0.0,0.07970906952396031,0.009569335065316351,0.00503587698331097,0.01945672016590829,0.8421051263809204,0.00259164334274822,0.0,0.10719792926049847,0.013113495963919523,0.006571791314723339,0.015971554157062366,0.18026740948514727,0.002599617295230056,10,0
1_S12E02_466_u,0.0,0.00280343471385998,0.00129921785846812,0.7229566518217325,0.20718406672822307,0.05739321703440505,0.00513400072231884,0.0,0.0043175307249097164,0.0018248353429954672,0.4366748085835964,0.3322140424639662,0.1068833629736867,0.008444770370837608,10,0
1_S12E02_471_u,0.0,0.0,0.0,0.0,0.0,0.0,0.0,0.0,0.0,0.0,0.0,0.0,0.0,0.0,0,1
1_S12E03_061_u,0.0,0.05401943810284132,0.00532108279876406,0.16398942638188596,0.31745096370577813,0.3856861673295498,0.0656089522875845,0.0,0.04101639728139611,0.0024679270702320307,0.2120844215305333,0.17424117381977416,0.20471640392340723,0.08982252546062344,10,0
1_S12E03_095_u,0.0,0.06755101922899481,0.020867342164274237,0.12646249812096352,0.4064781296998262,0.1036113047972321,0.12485299665713676,0.0,0.04881421181321601,0.02500228650508436,0.27106737463132946,0.29446398200593926,0.04984672114125412,0.20010089603509312,10,0
1_S12E03_101_u,0.0,0.12830398306250568,0.012667904631234659,0.0016507521795573999,0.032212396711111015,0.3539472252130508,0.01756977334152903,0.0,0.05557073867552332,0.014300651898586083,0.0019112000433728934,0.019092749829407084,0.06489396974023096,0.03529028741067368,10,0
1_S12E03_118_u,0.0,0.209949174337089,0.03184233200736341,0.00515845969785,0.09749549552798267,0.4176047772169113,0.13845903417095537,0.0,0.1556876685288266,0.02680911643573862,0.0024768412842712715,0.12557023778022397,0.20019607957717367,0.16657946398128778,10,0
1_S12E03_174_u,0.0,0.01195587557740504,0.00285809836350374,0.14643289186060424,0.3062802301719784,0.5242503233253956,0.0045713362400419495,0.0,0.009578472757982208,0.0022933151568411115,0.15889572952270042,0.2710399935342472,0.3032202128825875,0.004595683750232009,10,0
1_S12E03_195_u,0.0,0.10993683766573666,0.04200124532217154,0.44516610614955426,0.11582626700401302,0.09236257988959547,0.17023937969934191,0.0,0.08186574147611964,0.053984323169225246,0.2852584906327626,0.14342388583805502,0.06577701978963954,0.16987498815084623,10,0
1_S12E03_239_u,0.0,0.03515763496980067,0.00850717312423507,0.037425802508369035,0.49079236686229705,0.356466919183731,0.06795402558054771,0.0,0.026202005457785654,0.008309324399830868,0.0574981223100626,0.21632893045924306,0.22325448026524788,0.09016201675919171,10,0
1_S12E03_263_u,0.0,0.0447849096730351,0.12604296710342164,0.00257810851326207,0.13155397558584805,0.5806712985038758,0.07890810745302583,0.0,0.05488062926099278,0.1710993067213058,0.0018594937305460868,0.15002669317748224,0.2797679298476228,0.16885908505889957,10,0
1_S12E03_286_u,0.0,0.0673894433304667,0.00403801281936462,0.07352983700111503,0.21566435173153872,0.4983074629679322,0.03813937179511408,0.0,0.03282108926288737,0.0033485510288189854,0.08777032254795294,0.13517116561434328,0.2747507034288903,0.059312138652266984,10,0
1_S12E03_310_u,0.0,0.01205441812053316,0.043244068702915646,0.038825801433995326,0.3503276647534221,0.5143456869758666,0.035665575775783484,0.0,0.006543667255175197,0.07000665116337307,0.05611491942465465,0.44226309775459666,0.44780594227584175,0.0706721463004877,10,0
1_S12E03_337_u,0.0,0.04338327618315812,0.051144817098975136,0.031069572851993098,0.051031895494088465,0.6287119567394257,0.18246495272032914,0.0,0.039704032421158456,0.05606822527684045,0.03703276121498579,0.07041853864279682,0.23168457145242993,0.19587632584417405,10,0
1_S12E03_338_u,0.0,0.08857270509761288,0.016763732247636602,0.19959165952750477,0.13905223146139173,0.2025327136216219,0.12207380166510115,0.0,0.19016545844301766,0.02917337742215387,0.41107649943909125,0.28208569103469044,0.2887177470346136,0.2590174378742972,10,0
1_S12E03_380_u,0.0,0.02145047918893393,0.00153392702050036,0.1468806808814406,0.590505214035511,0.22694753855466837,0.00589506309479469,0.0,0.013702039068299584,0.0008922795484894125,0.14290374965077468,0.2508752689082985,0.22629282057660713,0.007567770850187386,10,0
1_S12E03_410_u,0.0,0.00594412642822129,0.00125309903814918,0.6670480653643608,0.04007291835732753,0.27631776073249054,0.00487179243791612,0.0,0.01228968232138033,0.0014636894240917851,0.4279723385639583,0.06834805690261636,0.3753628350761308,0.011229685198306628,10,0
1_S12E03_449_u,0.0,0.01567197215626942,0.00090633453073673,0.4054909498314373,0.3420734111685305,0.19242958703543986,0.00082885933225038,0.0,0.01972825610632698,0.0009203400618569288,0.46350113533040915,0.4113946117151926,0.3598037544024704,0.0005637154192271217,10,0
1_S12E04_003_u,0.0,0.1398718670010566,0.0072286710143088795,0.0805384555831551,0.23582233637571332,0.4412339169532061,0.01498205689713355,0.0,0.12476155165434671,0.004098507866490408,0.1808737973423507,0.2285984941664344,0.25720649743156127,0.011247016927052354,10,0
1_S12E04_027_u,0.0,0.05770326894707974,0.0057439684686767896,0.03298063744376926,0.4309873945183224,0.3177982947478692,0.05368121796184111,0.0,0.08726735612337702,0.008977466971247171,0.08613980957688132,0.31958144762593427,0.30294208091468616,0.11444738406954579,9,0
1_S12E04_040_u,0.0,0.08208059852477158,0.0040969273657537495,0.029594155657105096,0.10876376926898954,0.6709922820329666,0.04171848829137156,0.0,0.16614850907586526,0.004301176633377867,0.0382131086325475,0.07271298859860344,0.27864690823680044,0.061439501976052475,10,0
1_S12E04_046_u,0.0,0.04240772812627249,0.009104419138748151,0.14597228919155894,0.2994631249457597,0.4318488609045744,0.04676729602506381,0.0,0.03201071768044237,0.005500844375610549,0.14253804993363314,0.32705486341141604,0.24730320108579099,0.04471671614455439,10,0
1_S12E04_055_u,0.0,0.03588009243831036,0.01893736526835704,0.00269600428000553,0.08130256528966126,0.7968941926956177,0.0071323898271657,0.0,0.036560571786868334,0.016921918009489324,0.00502743674589638,0.12398655721682666,0.1530257248912103,0.00822597493305936,10,0
1_S12E04_070_u,0.0,0.01578368612099435,0.00425132963573557,0.08563495357520873,0.1927829813212156,0.6867991788312793,0.00592616584617639,0.0,0.01254302319054529,0.006795242609141889,0.19575097491973076,0.20739953688367468,0.31988881627356286,0.010243562699169914,10,0
1_S12E04_076_u,0.0,0.00699979064520443,0.01635804416146124,0.24574623469961804,0.036242130387108724,0.6756718489341438,0.01299937407893589,0.0,0.007537983342512431,0.019785278768395406,0.39476119110248403,0.06553415792030602,0.42610670366347914,0.018512224987219616,10,0
1_S12E04_102_u,0.0,0.08439522827975447,0.08105709366500372,0.3131129733694251,0.10548388846218582,0.09997957362793379,0.24116587918251747,0.0,0.11047414049473665,0.13162338931680095,0.3856181743763478,0.15103530555593253,0.14106429670816958,0.29711647360720145,10,0
1_S12E04_195_u,0.0,0.01603669895557681,0.0069254936985089,0.2817029295489192,0.6039865800179541,0.08007914725458246,0.0037881605414440502,0.0,0.024616037229488193,0.01260946709743704,0.36737018334526383,0.3250546162572798,0.09057494812207836,0.004678274746152061,10,0
1_S12E04_204_u,0.0,0.09532836582511658,0.0063591906451619705,0.20090671171201388,0.15626354068517684,0.28877272643148894,0.05881119868718084,0.0,0.13251206905435872,0.0038227812777297874,0.36913075875714757,0.20021325291087116,0.2816076641317161,0.08591076009100175,10,0
1_S12E04_233_u,0.0,0.02533411537297065,0.02594428835436697,0.0045412409221170895,0.18387349278200416,0.6311096280813218,0.031004047091118942,0.0,0.01830816699049579,0.027364871004697124,0.004893228503225328,0.30850544803902663,0.28481291003120945,0.031420138892667995,10,0
1_S12E04_242_u,0.0,0.06555369608104225,0.00337424618192012,0.11859048019396137,0.3197977257892489,0.17529651410877703,0.02609801155631426,0.0,0.018000638670255822,0.001842332636444744,0.2687479749655756,0.22532930597153294,0.1860411547210464,0.05026981464956632,10,0
1_S12E04_249_u,0.0,0.16439447867451232,0.01483029210939998,0.02510684122680683,0.15313449780223887,0.3558076754212379,0.01775437899632375,0.0,0.1407860482473354,0.013981402382971226,0.049397233678224704,0.21598077233928617,0.2965204076189539,0.02235715676744353,10,0
1_S12E04_276_u,0.0,0.03637865525670346,0.00397399317298546,0.04779561576433475,0.32111376747488973,0.383106131805107,0.05500344523461531,0.0,0.02509091479522583,0.0041624913650027354,0.07961054163264526,0.25575449402023553,0.26856832566832095,0.15330863139645176,10,0
1_S12E04_456_u,0.0,0.07628998670843426,0.021843919486855108,0.5075106564676389,0.01820579769555475,0.3509993312065489,0.00242146821110505,0.0,0.14600878233518752,0.032682112669865995,0.5103131125228623,0.029285613439045437,0.4112242732864538,0.0032236254597340286,10,0
1_S12E05_030_u,0.0,0.021637784619815616,0.0038858539119245904,0.4801087373867631,0.04205219213035884,0.3137253536144271,0.12974456818192265,0.0,0.02668885342933124,0.003646811599897023,0.41304701984475367,0.06667212612645534,0.39561241098378824,0.3029398750739646,10,0
1_S12E05_054_u,0.0,0.03300597241614009,0.02160730023751961,0.1519347974535776,0.13626453768229108,0.28823442920111114,0.28505638714414083,0.0,0.06149798760009291,0.01792182014581132,0.22524444986430936,0.18834649465976563,0.3754508576786482,0.4190391915124714,10,0
1_S12E05_083_u,0.0,0.00405236252117897,0.00292661121347914,0.7470636476296931,0.0859614721848629,0.1504826799500733,0.00682163862220473,0.0,0.0028037858803948326,0.002947698809442953,0.38334127794706346,0.1561123826099456,0.22916424645290615,0.00820674829927316,10,0
1_S12E05_110_u,0.0,0.05305033707991238,0.00352045890176664,0.18363594303373246,0.3348271537572145,0.3727955892682075,0.02016731210169376,0.0,0.03961103094274427,0.004051759993389567,0.26529374362462466,0.23849642943535934,0.24967854802577388,0.04799814995814137,10,0
1_S12E05_134_u,0.0,0.09613700453191991,0.03462735847569998,0.025949802983086512,0.26398447975516315,0.13714713901281353,0.3600665152072906,0.0,0.0786597684570584,0.03011432287499728,0.020075841126455652,0.1996150983544514,0.07415617546091394,0.16509849979834354,10,0
1_S12E06_010_u,0.0,0.05310869447421278,0.02535948104923586,0.2638699593953788,0.09395860001677643,0.22784267987008203,0.2848600189725402,0.0,0.062134592569186915,0.02089757876747422,0.3956066611289817,0.07888971102135645,0.19395800800169002,0.2538021762174181,10,0
1_S12E06_016_u,0.0,0.0090304273180663,0.02094616205431516,0.00506862520996942,0.013107789307832667,0.9033457577228546,0.00549063813523385,0.0,0.010671102840872745,0.016229717576315895,0.0094736911516399,0.022826394787101946,0.12244644514884327,0.008988010061308558,10,0
1_S12E06_027_u,0.0,0.39519931823015214,0.01394752406049515,0.036336357751861184,0.07559136431664223,0.17296024858951567,0.0267987850354984,0.0,0.19421804420583805,0.011684837094683488,0.07598228655499767,0.06905115414294642,0.1395920347358341,0.03488103994853313,10,0
1_S12E06_088_u,0.0,0.019460790982702682,0.00174567818175997,0.7137707200832665,0.1731165755947586,0.07826537149958307,0.00715086429845537,0.0,0.024082414289895118,0.001245214804031069,0.3833316999687789,0.26394570399770745,0.14307303254221482,0.005513828135613512,10,0
1_S12E06_111_u,0.0,0.1333546925336122,0.01137771327048535,0.04739515727851535,0.4590199008584023,0.18427014015614981,0.13673824016004796,0.0,0.13561013508394526,0.008745814389320084,0.07547432952419089,0.13065070701429582,0.11500508682087572,0.11825997968662662,10,0
1_S12E06_171_u,0.0,0.33414768688380714,0.02296096199424933,0.2623519904911518,0.0362839159322902,0.04612301848828787,0.20471026800805697,0.0,0.25884192827339736,0.026398283061528475,0.15806614658550217,0.03670679578444363,0.024410272185136334,0.22017258185570932,10,0
1_S12E06_229_u,0.0,0.01082107704132789,0.01600976786576206,0.13018546402454373,0.03405301091261203,0.7686482846736908,0.035292548360303,0.0,0.009838451754898614,0.02088700853657703,0.07891152454849676,0.027622233589230147,0.11562349338219444,0.04316031245770955,10,0
1_S12E06_248_u,0.0,0.08772748513147231,0.045460172393359206,0.157229137327522,0.39833388328552244,0.12971826996654265,0.15338988131843503,0.0,0.1231716116892183,0.06931466880633506,0.18666244090611267,0.27052518717141477,0.09991769167907229,0.20269086031126432,10,0
1_S12E06_287_u,0.0,0.09830993260256944,0.00262306149816136,0.5078379331156612,0.15495108785107728,0.12358236704021688,0.0114665391418384,0.0,0.11245033497300307,0.002145958981510465,0.39210973314902114,0.24521808233663595,0.17895209944574172,0.014612178178089328,10,0
1_S12E06_316_u,0.0,0.02758260667324061,0.012273831653874318,0.02576579810120162,0.12914539407938713,0.5884873196482658,0.16481945946579796,0.0,0.03349707746894125,0.01304988748160579,0.03510323329158582,0.19368818080347916,0.28625079328557873,0.23839413301091403,10,0
1_S12E06_367_u,0.0,0.10543931741267439,0.00926976284536063,0.044199791713617695,0.5352012525312603,0.1195567646063864,0.02247046481643332,0.0,0.1910850683593576,0.01737754745823709,0.026318274669641713,0.28735900610371373,0.2597636486967944,0.04259660362278026,10,0
1_S12E06_412_u,0.0,0.3413937091827392,0.00868644055444741,0.00236441899905906,0.02962875310331578,0.1341156460344791,0.00808259075274686,0.0,0.2077955904034704,0.009086487730402869,0.0019183029598802805,0.01867958552776561,0.08016815483272709,0.01810124120884299,10,0
1_S12E07_005_u,0.0,0.02078715609386558,0.00366823745716825,0.13150166468694804,0.7681366086006165,0.04405970890074963,0.02138615894946266,0.0,0.013003902098572438,0.0053507342746618655,0.2441481179345231,0.2480790823453631,0.03363337106995114,0.04768079310921923,10,0
1_S12E07_060_u,0.0,0.10150177739560602,0.01034622611477967,0.14735037968493997,0.14497360233217474,0.04319031136110421,0.03265385779086496,0.0,0.038194789551585284,0.009999310660842822,0.16118611673437871,0.18252113073601234,0.033076654867935,0.06507635836209406,10,0
1_S12E07_092_u,0.0,0.02288194526918226,0.01785520414123307,0.21173042282462115,0.3986161343753337,0.17967671505175525,0.15945610944181676,0.0,0.016829276040007043,0.02790003991585345,0.26860362402724564,0.2968581006520531,0.24262759432862152,0.21569809978151697,10,0
1_S12E07_105_u,0.0,0.16466751773841676,0.04445202082861209,0.0077662437688559,0.11141715086996551,0.37831286359578364,0.27018379787914454,0.0,0.10190987810111211,0.04267511554209315,0.006800408845861452,0.07004514192539216,0.2823881849242254,0.3330146405961846,10,0
1_S12E07_147_u,0.0,0.05743793429573992,0.0011338152253301298,0.42283631935715676,0.17651275722309948,0.33221650258637964,0.00120448859815946,0.0,0.10211189701324047,0.0007025578569433685,0.43515096476001197,0.18147366352108332,0.2876174640976494,0.0012806585166042841,10,0
1_S12E07_169_u,0.0,0.04479268188588316,0.08195716452610209,0.14847237709909672,0.46842827848158775,0.1511922201141715,0.0992376637179404,0.0,0.09972204749895784,0.24662669964934764,0.12479967189903439,0.35165739673531815,0.2819852762812828,0.2445385014919164,10,0
1_S12E07_179_u,0.0,0.15803782828152174,0.01098374691791827,0.03670281900558615,0.19659993443638082,0.46572005897760393,0.01766921695088964,0.0,0.14181891024609866,0.007647151119576135,0.0457222375760019,0.1821064520095362,0.17865323030278635,0.021913600769768646,10,0
1_S12E07_264_u,0.0,0.07102122523356222,0.02509284801781172,0.025594553432892957,0.0622760790516622,0.7503287184983491,0.00829415478510777,0.0,0.10660516138046883,0.021427033560837177,0.046437903460303735,0.14213633291935923,0.33216441376892664,0.005826426295663606,10,0
1_S12E07_424_u,0.0,0.01600987957790489,0.009863086641416819,0.00421955630881707,0.35035997400991614,0.5227567117661238,0.07793419897207055,0.0,0.007996278239899323,0.015403839496777415,0.004170620329750385,0.41800024965539717,0.4395166742903156,0.11422946908471288,10,0
1_S12E07_443_u,0.0,0.09462481068330814,0.00873030953807752,0.6611067436635494,0.11715906943427394,0.07035896545276041,0.03023822803515936,0.0,0.19984149430284057,0.01615635049035548,0.44249571571169494,0.30267839375647665,0.1604704395338703,0.054224400706106936,10,0
1_S12E08_006_u,0.0,0.015123736648820291,0.00248784860305017,0.5155155757442117,0.2457827889360487,0.17979458658955988,0.029720072814961827,0.0,0.01746238969712142,0.0029082927755932483,0.3956442011122017,0.31760578680447954,0.2184775912146815,0.06334658684814662,10,0
1_S12E08_023_u,0.0,0.02424974725581703,0.00619406733312639,0.08021846069023007,0.5089098781347274,0.27965617328882214,0.00797203793481454,0.0,0.022983749979337238,0.012174316270938167,0.11067101658313504,0.22138852714843735,0.170379486440999,0.019626079858750603,10,0
1_S12E08_071_u,0.0,0.12312252111732955,0.0028831229661591,0.23284466266632076,0.19435109822079538,0.43642054554075005,0.006903890613466459,0.0,0.22634010974546276,0.001382628469302263,0.33580083505983394,0.1407840007263599,0.2960630056857898,0.0035938461854811625,10,0
1_S12E08_098_u,0.0,0.07051912757257615,0.010560616281711366,0.015760402272765775,0.40432819724082947,0.3888105708691809,0.020282071239004478,0.0,0.03859564488367829,0.013096179083394657,0.018605582922270842,0.2310676146520952,0.21481066907035665,0.016635205279000986,9,0
1_S12E08_103_u,0.0,0.01978105972521002,0.00493409674963909,0.02381816597189749,0.3146538125583902,0.6187300071120262,0.013792213960550661,0.0,0.015109608887496491,0.003998064928018195,0.032672310680241935,0.3967587849524087,0.4222111026290854,0.015775272536585724,10,0
1_S12E08_135_u,0.0,0.10847808886319395,0.01443979215109717,0.04465337537694719,0.3684920554980636,0.20374948680400845,0.2113261947175488,0.0,0.15115520237423224,0.015121715557294718,0.05484057737621011,0.2732422259367886,0.11643914562282784,0.25337169388357145,10,0
1_S12E08_258_u,0.0,0.029290776947163928,0.007599591114558231,0.6843468744307757,0.08037853647256266,0.1863545447529759,0.007170501070504491,0.0,0.047325561891335716,0.01423724119658726,0.3800093402680707,0.20534288323503785,0.3138868932922748,0.011955792026788242,10,0
1_S12E08_445_u,0.0,0.01126719842868619,0.00057070917246161,0.9507741093635559,0.028728476393734992,0.00516997872618953,0.00072337547317142,0.0,0.03032828494895731,0.0005183204137114718,0.08710300717768456,0.06994732779039614,0.010097633712105205,0.0006538119974173643,10,0
1_S12E09_005_u,0.0,0.0052859330520731804,0.00522240184654943,0.5940310057252646,0.057925067542237176,0.31993701199535274,0.01081693655287376,0.0,0.007222387456596759,0.010559678789074316,0.4613777906301671,0.09637389019194255,0.39829665319083235,0.027796228292437986,10,0
1_S12E09_081_u,0.0,0.03901136985514308,0.0033896509296027404,0.20637209072301627,0.33390703507466235,0.356566727347672,0.05006078739825166,0.0,0.04937814820236722,0.0030018823806771647,0.2617239366242549,0.33061165059729836,0.4106997371979992,0.13425886029907635,10,0
1_S12E09_090_u,0.0,0.10855390541255469,0.03646110998524813,0.01034196985128798,0.14398451149463648,0.6223851576447487,0.016940735437674388,0.0,0.10454172489922796,0.04648763314405254,0.0278264809036242,0.2883162082965561,0.2489071995295742,0.021842732857455187,10,0
1_S12E09_103_u,0.0,0.06346552865579719,0.01621465249918396,0.012249504821374959,0.09606728730723257,0.4536154605448246,0.2937581675359979,0.0,0.045892357941041004,0.017834751500635713,0.012702519511506097,0.10252761950348285,0.2844530797477237,0.3173980310913805,10,0
1_S12E09_175_u,0.0,0.00715689269127318,0.00091921755811195,0.3444832686334848,0.39315128945745526,0.2508533844724297,0.00174595089629287,0.0,0.006423357301630038,0.0003046154238991966,0.4318052015245325,0.32439416813684524,0.2628313458412194,0.0008734532503188666,10,0
1_S12E09_207_u,0.0,0.07272760523483153,0.00442486666142935,0.013471293722977812,0.37413079421967266,0.44475819617509843,0.014015113806817631,0.0,0.0555992528109995,0.004249142075340518,0.026306363223787124,0.3258182509450277,0.3597929633197042,0.012442409124176554,10,0
1_S12E09_307_u,0.0,0.04205389337148513,0.03849262275034557,0.00233815195097117,0.00786585126188579,0.8716911375522614,0.00686304738046598,0.0,0.043106708115687856,0.02938853998319676,0.0015590122519003177,0.014569523563882986,0.09990862170076398,0.004268296728524755,10,0
1_S12E09_369_u,0.0,0.00474786071572448,0.0040351405914406694,0.0044757318042683795,0.14404981229454278,0.7655703991651535,0.06653915933566164,0.0,0.004170847524163665,0.0050617801467965715,0.004347818022322499,0.1967849224583868,0.28566178920736107,0.13838419588804762,10,0
1_S12E09_413_u,0.0,0.02127438276074821,0.02419901691755507,0.10373913522344078,0.20149110695347186,0.5757938622962684,0.0617240632709581,0.0,0.011298525696994344,0.012447127354363713,0.30994504977687404,0.11451272320665871,0.24547462361587694,0.061829573736265256,10,0
1_S12E10_076_u,0.0,0.04855996955884616,0.0039500114449764895,0.23929749107919634,0.2806957974098622,0.40003283163532616,0.00807604660512874,0.0,0.08228805472753678,0.005059016566869387,0.3902797577510776,0.2163619999678624,0.24549284617109024,0.008643220895496191,10,0
1_S12E10_195_u,0.0,0.00857272963039572,0.00280910793226206,0.40358920600265263,0.4337655195966363,0.13916392074897882,0.008562431484460769,0.0,0.007316451700255785,0.002494780441328267,0.3393395832540546,0.30460774201855917,0.13731817928104872,0.009291570410196856,10,0
1_S12E10_245_u,0.0,0.49367214888334277,0.01685371852945532,0.0050371596938930206,0.02585215894505376,0.2543583944439888,0.03099677870050068,0.0,0.2263305654437179,0.018605212055417573,0.0038743905914510085,0.011519885706542903,0.2096514023296075,0.03375727156291378,10,0
1_S12E11_002_u,0.0,0.01389174943324174,0.00131122675084038,0.5654266620520503,0.2636479415465146,0.12841066131368276,0.023207458673277816,0.0,0.017363917279250633,0.0013920110445181254,0.37229377040743145,0.22295058531512119,0.1903190525832646,0.051401309495513775,10,0
1_S12E11_072_u,0.0,0.053474858147092116,0.049229585810098744,0.12728953296318646,0.6461461911909282,0.05518862600438294,0.02422673597466196,0.0,0.035537299255960164,0.14098681508827862,0.23713288617116757,0.3020023311402256,0.04830110218387524,0.03711848785925996,10,0
1_S12E11_190_u,0.0,0.00544063448614902,0.00316600960650245,0.7395306006073952,0.061129939515376416,0.1586810341686941,0.02812024016602658,0.0,0.0063780167511129976,0.007187826362598897,0.3320201668379918,0.057646058811710504,0.2696553963149301,0.06396508018016736,10,0
1_S12E11_199_u,0.0,0.18776337145827707,0.00400464027188714,0.02785921404720279,0.16347044669091698,0.5115763336420059,0.00330469958716999,0.0,0.22540339574691853,0.0014750091246598799,0.03016914049870706,0.10917595590380315,0.21077427678703847,0.0018910404721695492,10,0
1_S12E11_216_u,0.0,0.00223164425697174,0.0014388203504494801,0.00056478744372722,0.0029808403109199697,0.9868971228599548,0.00031630685698470003,0.0,0.0017672119026134231,0.000780692062438241,0.00018485014294907333,0.001003113404753052,0.006739814818651488,0.00014489565854369682,10,0
1_S12E12_030_u,0.0,0.028438476193696223,0.014538763859309209,0.4151285745203495,0.09927504919469353,0.3558416659827344,0.07684307086747136,0.0,0.030880401315596523,0.03680876615207299,0.3920766038750899,0.13344342683132668,0.32252765048590426,0.1894573862089258,10,0
1_S12E12_043_u,0.0,0.02342513927724208,0.030631272995378767,0.26574068716727195,0.23344245497137303,0.2065132103860378,0.23258231533691287,0.0,0.024500018698883318,0.04651802493657255,0.3223725009441799,0.274204531439231,0.1756334440227953,0.23788349643972834,10,0
1_S12E12_086_u,0.0,0.0035478273464831997,0.00116704830725206,0.7871767491102218,0.039053990342654235,0.16606869172537697,0.00076089627982577,0.0,0.0018223945010283373,0.0011235892470016643,0.2140755640069718,0.036636736042148836,0.2108889848473446,0.00034926985562489833,10,0
1_S12E12_266_u,0.0,0.02597392499446864,0.03821533696027468,0.15833343320991838,0.31750790472142393,0.40746068507432937,0.0301945351005997,0.0,0.022715679527079622,0.05560456177999629,0.15654904617349694,0.2935785846467148,0.28496999658118166,0.05390748982560909,10,0
1_S12E12_281_u,0.0,0.07619754402112446,0.0026154464198043003,0.6227597266435623,0.15454226494184692,0.09299036806332873,0.01933752852928588,0.0,0.08431869354213326,0.0026398705531781607,0.2990599485936618,0.1675878270740309,0.14270332694941518,0.024843670029059284,10,0
1_S12E12_371_u,0.0,0.07208107854239638,0.00364152153488244,0.01098281613085415,0.44381875842809676,0.4396499276161194,0.00992555455304677,0.0,0.04849167481109934,0.000746993486976429,0.01856713049150851,0.18144864595893465,0.18108199390459007,0.01722724076838987,10,0
1_S12E13_088_u,0.0,0.021198366116732308,0.00158764871594024,0.2495807589963078,0.5893538355827331,0.12084387782961126,0.0104815199214499,0.0,0.015915095250855087,0.0014446326102228967,0.2283356991729871,0.17061496151168154,0.12988963577862303,0.015878422555510016,10,0
1_S12E13_224_u,0.0,0.021787025162484437,0.012651861354242941,0.10600537244463334,0.3121977807022631,0.33327082535251973,0.07807644117274318,0.0,0.03395226155187144,0.017913996413295517,0.3028550778895324,0.271646025871597,0.35683444339303627,0.14401595848917428,10,0
1_S12E14_125_u,0.0,0.10034558246843513,0.02610718973446633,0.31932669337838887,0.04706994711887087,0.13819954905193294,0.3632176477462053,0.0,0.10287213319263169,0.025583188080381607,0.3121408034756999,0.07204766467822733,0.25325876754594423,0.2588698230991619,10,0
1_S12E14_152_u,0.0,0.05536249279975887,0.00126456953585144,0.1284521176945418,0.7239027708768845,0.07406530994921919,0.0027837652742163698,0.0,0.04897120584599621,0.0011037970726338494,0.2092802370078363,0.20879367201487017,0.06939313262536181,0.004290853093042626,10,0
1_S12E15_013_u,0.0,0.03260886760835998,0.0068639297067420195,0.7622152294963598,0.01119563779211598,0.1691557065118104,0.010484721628017672,0.0,0.060012375302165646,0.009613142793114312,0.3499895414374487,0.01362980894849334,0.2550232947365157,0.014274916641284392,10,0
1_S12E15_064_u,0.0,0.00832829667488108,0.0017352580180158398,0.49633117765188217,0.38174166567623613,0.10037048964295532,0.00940706511028106,0.0,0.00679118030116779,0.0011946810424753056,0.36478578995364286,0.33645043976702843,0.1037424483061552,0.010191795296086823,10,0
1_S12E15_154_u,0.0,0.02136929027943141,0.007345391654073111,0.39863699509037864,0.4081042847699589,0.021559445342669844,0.07904667598712772,0.0,0.022695867584670893,0.018147214575887017,0.2933534031437849,0.28235605977524986,0.01585263780947987,0.16453304280159867,9,0
1_S12E15_273_u,0.0,0.02320492584258313,0.00156150439288462,0.00888381949625904,0.2834864825010299,0.6601943738758564,0.00132618084317067,0.0,0.01509549476242727,0.0009418178618032658,0.013053979120164897,0.2581090066413927,0.289963196890242,0.0011980522039187187,10,0
1_S12E15_351_u,0.0,0.01722938849125053,0.01367343664169308,0.12071143379434937,0.13770363871008154,0.6684044167399407,0.03520277007482942,0.0,0.0156538660242104,0.01569013475610868,0.22047534556932505,0.1416759790104346,0.22342513351498955,0.05041208179230151,10,0
1_S12E15_420_u,0.0,0.07172242971137163,0.041152819152921384,0.00965251820161934,0.4163733020424843,0.33404061794281004,0.1065773699432611,0.0,0.14185691716444285,0.05402395634893724,0.008057617851826335,0.23712585329883915,0.20659128942439717,0.10556817101769238,10,0
1_S12E16_140_u,0.0,0.009194981004111421,0.00222908125724638,0.07116478239186104,0.6842337111011147,0.12380624562501903,0.014544345333706538,0.0,0.007025617869858153,0.002949963319812687,0.10011617267313057,0.26744635533301686,0.10618600711328759,0.030482957620223565,10,0
1_S12E17_085_u,0.0,0.07542223761556666,0.00111626551079093,0.1605689703021198,0.6123149113496765,0.12233693439629856,0.00216658080171322,0.0,0.049631359750691106,0.001018827955038519,0.2989107087390864,0.28475324586206496,0.1659767630096329,0.0012571802641753015,10,0
1_S12E17_124_u,0.0,0.29998807068914174,0.00292333426186811,0.24249873524531723,0.11479000411927698,0.25872176364064214,0.01349424205254759,0.0,0.2619197884611579,0.0016075279905014004,0.30346213381776355,0.08385452471983294,0.24008023316891122,0.01183482533580071,10,0
1_S12E17_195_u,0.0,0.05847434978932137,0.0206235153949819,0.3485396374075208,0.08926922315731642,0.1922145231161266,0.1531056481879204,0.0,0.05328269462494687,0.023270186629935834,0.44722528619442176,0.07464983139731877,0.205098072329653,0.17283779774850247,10,0
1_S12E17_336_u,0.0,0.049436592083657104,0.0035029132995986804,0.4577438559383154,0.32041301205754275,0.1373829742893576,0.011785094195511148,0.0,0.08158320000416162,0.008362667477141062,0.33975833395475435,0.325259610588299,0.22336685188407648,0.03316021170271251,10,0
1_S12E18_030_u,0.0,0.06068496638908978,0.0066782587149645705,0.21350692808628083,0.36290345937013624,0.2533749335445463,0.06201025464106345,0.0,0.05288696076063447,0.008388744749492071,0.3018217899987278,0.1999403047977429,0.2506225143490308,0.08441491103413487,10,0
1_S12E18_159_u,0.0,0.0426532079465687,0.02397188358590932,0.2672097153961658,0.42417568415403367,0.07066205842420456,0.14940953914774577,0.0,0.03647574347138126,0.03506131245860854,0.3050768917144014,0.21234402325861404,0.050104336700048095,0.1983389644434583,10,0
1_S12E18_198_u,0.0,0.021172049723099863,0.00547299669997295,0.11855195807293054,0.4371057476848364,0.3903671570122242,0.01911653554998334,0.0,0.016995789447134917,0.008337976668620076,0.3029810109477604,0.23533365993585628,0.24390267363864365,0.03807354263008341,10,0
1_S12E18_225_u,0.0,0.01921942385379218,0.0014862133597489,0.029454011376947104,0.5951580226421356,0.3347401857376099,0.00309658634942018,0.0,0.014154892581903358,0.000936114887560864,0.025072101103711858,0.17826523329918548,0.1649201892063311,0.0032119861958774245,10,0
1_S12E18_290_u,0.0,0.2828140657395124,0.0075067122117615905,0.02212863537715744,0.23599075544625517,0.16125152343884108,0.06706383489072316,0.0,0.20812938524930596,0.003944460395629126,0.03914403068217272,0.24078179961969337,0.14044103762327761,0.03753621965956325,10,0
1_S12E18_303_u,0.0,0.01547053819231218,0.0067901144298957,0.4780323475599289,0.3309495125315152,0.10671705006388943,0.056754182244185304,0.0,0.010210848925861236,0.01134805914709771,0.3600534625173984,0.28039761774824656,0.19178554539950396,0.05128598003862618,10,0
1_S12E19_143_u,0.0,0.0587915180251002,0.0046113320975564,0.14239312559075185,0.3351989697664976,0.3654453881084919,0.0370569483377039,0.0,0.04827383950350789,0.0034539942073686406,0.15467277366424756,0.2138717817175599,0.34440742005414526,0.056174965542167575,10,0
1_S12E19_354_u,0.0,0.08214102629572148,0.010970871843164729,0.04957409042399374,0.3084127446636557,0.31354418992996214,0.02059139032498929,0.0,0.0774174662662493,0.01559765245378075,0.06817905011226676,0.30613444419016744,0.2063119713601805,0.036756349551485656,10,0
1_S12E20_378_u,0.0,0.00882808037567878,0.08766457531601185,0.028118652617558793,0.08269842267036434,0.3336095675826073,0.44130063531920316,0.0,0.006310108296880553,0.06501342302993554,0.03231584265437296,0.10533453933391564,0.2906194052057338,0.29357650338436553,10,0
1_S12E21_167_u,0.0,0.1670308798551559,0.00307514902669932,0.02427142015658315,0.27745996937155726,0.19673077389597887,0.00615991199156265,0.0,0.06782568596374325,0.0017822857174326114,0.030782215707467277,0.12542087677417335,0.12782528366665263,0.006304245513931199,10,0
1_S12E21_261_u,0.0,0.12955041439272458,0.00568899953796056,0.49943164493888614,0.01794114616350264,0.26335341687081376,0.01215374731109473,0.0,0.17370498437832194,0.009209000376191889,0.5132180470032868,0.0262159110852472,0.32414018084980384,0.017974331852846772,10,0
1_S12E21_285_u,0.0,0.09498029947280881,0.0034941070829517702,0.03275537784211332,0.09459765185602004,0.6948280364274979,0.00901518396858587,0.0,0.18756520679693625,0.0026414262559468845,0.037251683919250524,0.09679299126502544,0.2402619947648901,0.01746345334159655,10,0
1_S12E22_004_u,0.0,0.03808312371838834,0.013982916518580132,0.10513319451129058,0.42333802497014394,0.3090068987105042,0.011119140911614481,0.0,0.0466379008864738,0.02173778159489207,0.3078235448680739,0.42424730219806817,0.34913466229194784,0.021696607812475163,10,0
1_S12E22_066_u,0.0,0.06326634245924648,0.03007345047080886,0.01601280511822547,0.5155885122716427,0.22421182617545124,0.1425395112019032,0.0,0.06839419482077928,0.05003948828289305,0.022863410270473547,0.2837170446686326,0.12819712991304563,0.2262055805510675,10,0
1_S12E22_188_u,0.0,0.04288036229887176,0.005612767104009514,0.2910311522095331,0.5542650262692145,0.07202412737699752,0.03139885879188238,0.0,0.061664456779511115,0.010393284446610833,0.44379128580447424,0.3727515126649118,0.06502387644263606,0.06438874195802703,7,0
1_S12E22_211_u,0.0,0.033535859314724754,0.0080154716270044,0.07673171563073988,0.39892261996865275,0.2959748530760407,0.1826732253655791,0.0,0.01991812832418335,0.006693327775037859,0.09011713364379942,0.19893430224173986,0.2743876773250074,0.25177082951350055,10,0
1_S12E23_209_u,0.0,0.02150706273387182,0.00443545201414958,0.6764584545977413,0.15579087694641197,0.02795185144059355,0.11063484270125623,0.0,0.03020092331370507,0.008125276010372317,0.42485190214983504,0.22323388768713,0.024868319329218014,0.19186771485155563,10,0
1_S12E23_350_u,0.0,0.3152489563450217,0.00729208925040434,0.00088751872826828,0.00729423711309204,0.32200315147638314,0.00781495552510018,0.0,0.2148502515012342,0.005411678266470349,0.00041262253005710375,0.003771272359634712,0.3068836522355432,0.0045057774313998974,10,0
1_S12E23_389_u,0.0,0.03642693152651187,0.00439067763509224,0.06971003966173153,0.03819289451930667,0.8306596577167511,0.00722660107421685,0.0,0.030880548058903962,0.00313547100248069,0.12438861947237174,0.04796602740772351,0.1625647469264735,0.010027366090222582,10,0
1_S12E23_470_u,0.0,0.14502671309746798,0.030129172909073486,0.0032565630972385,0.21136002298444506,0.104746869392693,0.0203096410958096,0.0,0.11357974203863144,0.02372129346683504,0.0025217630242710216,0.34669942581410734,0.11206485841346868,0.019622932902851078,10,0
1_S12E23_488_u,0.0,0.029954723408445662,0.0009221947460900399,0.5718027446419001,0.35659289748873557,0.02311563336406829,0.009439383237622629,0.0,0.03649413301919379,0.0013850050560985894,0.4654876191064744,0.39432855557029356,0.030868801565263997,0.021680579865334233,10,0
1_S12E23_539_u,0.0,0.04780433137784708,0.0038369565561878994,0.45542010695207863,0.16613255827687676,0.18955519679584534,0.00575517930556083,0.0,0.04194476303382042,0.005346665510915838,0.476333190262146,0.17714478233102585,0.23017010032093604,0.007769180648546375,10,0
1_S12E23_576_u,0.0,0.051576478779315905,0.00124583471333603,0.13102913470938798,0.5991418033838272,0.1810181442648172,0.01076461370103055,0.0,0.02287358026564465,0.0005920382291371928,0.21688896986020392,0.2086666838946847,0.18790937600837798,0.011888073177577433,10,0
1_S12E23_600_u,0.0,0.04243895011022683,0.015843661583494352,0.21930871198419477,0.32787085399031635,0.20243867472745475,0.18558157857041802,0.0,0.021797974639801678,0.020938832500150408,0.29489704171566156,0.24543182106734407,0.18275148119556694,0.2398533726566745,10,0
2_1_u,0.0,0.06403015420073639,0.036583239751053,0.2041024975478649,0.3535954849794507,0.26527467276901007,0.03480669726559424,0.0,0.09140940203920639,0.06115227646867317,0.28622863561279516,0.2962790453169122,0.24768429630991157,0.062400210405274124,8,0
2_102_u,0.0,0.037990139228188266,0.0036567620570874338,0.0776428636939575,0.740803622537189,0.08728007206486327,0.038502412822304447,0.0,0.041525656112490546,0.004002857331763596,0.11528146923050218,0.21505271422053454,0.05276865106848392,0.07062144143568878,9,0
2_103_u,0.0,0.10073088057753109,0.013794477744441846,0.05511149628243092,0.4947446021768782,0.18557473313477302,0.08054021709702076,0.0,0.07143665263020064,0.012411186804149385,0.12159133858324887,0.1358181373617205,0.18431992388676863,0.1658456730317733,9,0
2_104_u,0.0,0.5743908319208357,0.008398622390814054,0.03209512618680789,0.17801222143073872,0.09040300548076625,0.030667408395351578,0.0,0.2379373283271664,0.008674960197912425,0.02453272390872358,0.15153722549664392,0.07704645515737203,0.05554125383034626,9,0
2_105_u,0.0,0.03718895440106276,0.00207328048127234,0.18702790541574354,0.5814706841483712,0.17762179048149845,0.00406827993574548,0.0,0.03841479582269974,0.001015601241546936,0.30015877307095246,0.26024961419082315,0.187540213602711,0.003334362561675425,10,0
2_107_u,0.0,0.020521072748427547,0.00873891526781431,0.22916702636414105,0.5509559050616291,0.13313146556417144,0.04062136996718532,0.0,0.03318033090141274,0.009125789500269096,0.30782795481253306,0.34388162529461874,0.1433666470130355,0.04328454913157322,9,0
2_109_u,0.0,0.05661519310281917,0.003910576294098633,0.04727207574372485,0.7282688021659851,0.13188881178696946,0.0018304484935166502,0.0,0.0710791855331854,0.0023179689140759487,0.032909992667911024,0.14393771724772403,0.11562962703423525,0.0008858962141192144,6,0
2_11_u,0.0,0.02948210122995073,0.007398208847735009,0.30792943965643643,0.44694745168089867,0.1849613917991519,0.01002556972089218,0.0,0.019457777486957904,0.012565297979732375,0.3224283365203367,0.26051914105575497,0.1556855131125911,0.014689505528055794,10,0
2_111_u,0.0,0.04681898951530452,0.15725818523205812,0.00633412229944946,0.14143971824087198,0.057639392651617494,0.21196594452485437,0.0,0.030490693036465226,0.23304350313784206,0.006627179330951503,0.12864075644268771,0.056264938980522705,0.26896559695632316,10,0
2_112_u,0.0,0.054264144223998244,0.0017389154992997,0.46523751113563777,0.2531939040520228,0.14066108030965546,0.008832167490618239,0.0,0.0765930031673438,0.0021553337144415755,0.4800399036868291,0.32153042151154143,0.20131926463993768,0.013694598324804269,10,0
2_113_u,0.0,0.027196866781741803,0.0017319070670054697,0.5392252018675208,0.24048145340930205,0.15788310792995613,0.00741911357035855,0.0,0.041842866871714436,0.0015943608982901924,0.4886602119593392,0.32378299314670306,0.287960584004482,0.008692565466448959,10,0
2_114_u,0.0,0.0906329063698649,0.00197848349926057,0.03435644059209148,0.7005306094884872,0.15416572280228133,0.00383281699032518,0.0,0.10441516302716156,0.0012615145459493548,0.03119914656074752,0.1619366242338144,0.10813933641542277,0.004429770149806125,10,0
2_115_u,0.0,0.03088651616126294,0.02299686733167612,0.06738170443568375,0.3620424635708332,0.40628350228071214,0.01983098362106824,0.0,0.029477150621629557,0.03139674830470736,0.10900132515329714,0.33740804610429986,0.31804921618355725,0.03807227928061876,5,0
2_118_u,0.0,0.02287755962461227,0.00225988241145383,0.00156898993882345,0.08960736724548037,0.8636124789714813,0.00268509180168616,0.0,0.016583432120410434,0.002224006974136258,0.0015715888970311005,0.11416346876539342,0.12624771670924753,0.0027361824623135566,10,0
2_119_u,0.0,0.17493235596921292,0.0013054498587734401,0.12736267815344032,0.2840003170073032,0.38504909425973893,0.006970674378680949,0.0,0.1764739395182659,0.0009465593907306714,0.16494191779611958,0.1295400117833043,0.21364708498065935,0.011091605168850542,10,0
2_12_u,0.0,0.11279977955855425,0.05352183163631703,0.18598121353425082,0.02680689434055234,0.4393943361938,0.14712801254354413,0.0,0.13403706381097785,0.12289920989728978,0.23451939878946534,0.04659971574367626,0.34453212279772566,0.18489507899167967,10,0
2_120_u,0.0,0.03927830021296224,0.0038671158960953433,0.31760641240647863,0.526598551443645,0.09753515544746601,0.010369812354578458,0.0,0.03223344858792012,0.005472049470148904,0.3888674916757403,0.3164822483939621,0.11053016999672229,0.018842928999290198,7,0
2_121_u,0.0,0.00643113087862725,0.00593005170230749,0.09635668592527506,0.7261586308479309,0.15193658173084254,0.010379428055603001,0.0,0.003170090334135386,0.006750306181203575,0.07913434771846484,0.09437122982666625,0.10391506438152519,0.009464123018132134,10,0
2_123_u,0.0,0.0203189946012571,0.0009457948704948199,0.021452925913035832,0.9105966925621033,0.03798860702663655,0.00262824976816767,0.0,0.027159113304404132,0.0006475150096632734,0.01890097017479563,0.04720494276450091,0.026576350822913288,0.002458446717103471,10,0
2_124_u,0.0,0.09825226776301858,0.00327339177019889,0.06641198950819668,0.6151772409677505,0.16089621894061562,0.007126874767709461,0.0,0.03826181404627842,0.002896128644399884,0.10883001452730134,0.15210502394268097,0.11136413489472413,0.012094395464215408,10,0
2_125_u,0.0,0.00909864351851862,0.0014866383862681101,0.09029434071853751,0.1170874129980802,0.7749397188425065,0.003933201584732119,0.0,0.007123294655895508,0.000638744387180828,0.139517441307318,0.09921631799845826,0.21483801189052426,0.005229513261313344,10,0
2_126_u,0.0,0.017468308971729074,0.004779409020557,0.08896351745352143,0.5453547649085522,0.27562334481626743,0.041116206921287764,0.0,0.008669435728727519,0.004318200039549877,0.08499630106899193,0.17979062697389694,0.14804375638780842,0.06940080031208,8,0
2_127_u,0.0,0.20574226267635817,0.00299101765849622,0.02152542655821886,0.27090361267328256,0.37590980343520636,0.02300413789926093,0.0,0.13082820885220578,0.0030227728967208386,0.04528226684694394,0.2707974071635711,0.27590402749952914,0.04966680444991163,10,0
2_128_u,0.0,0.2212011501193046,0.01063705133274193,0.006959159881807819,0.3931828200817108,0.21146446019411083,0.02535697279963638,0.0,0.07024598899580191,0.01344862841572532,0.005456031269329968,0.15000713010365072,0.10348347982792899,0.044142641590821874,10,0
2_129_u,0.0,0.0129646316345315,0.0020169419003649874,0.08673215191811319,0.8253699615597725,0.06760148575995113,0.0030027989923837126,0.0,0.007298362014378729,0.0008880386661043926,0.08123999221256985,0.10330270329629465,0.052327595597801355,0.001579463591417155,8,0
2_13_u,0.0,0.09897669008933002,0.01048164574312974,0.06642983634956176,0.4306648033671081,0.31526347324252124,0.01331995424116027,0.0,0.20062701752896517,0.01619361163436377,0.07841498385695013,0.3364226518031272,0.25955634891969825,0.01587312611072126,10,0
2_131_u,0.0,0.028295671276282488,0.0009407986508449,0.198206846602261,0.5128227360546589,0.25416389200836415,0.001445571404474275,0.0,0.037862485618868916,0.000407674317682744,0.14662300708070347,0.2596747515673109,0.17520744972459862,0.0004386454721876142,8,0
2_134_u,0.0,0.04356296630576249,0.02101682380307461,0.025504149333573832,0.12288685750681902,0.6608514428138733,0.0024499184684827298,0.0,0.04301950745680891,0.016228788324301382,0.056326504562087966,0.12924164191871454,0.24116907962833403,0.0019066783254990582,10,0
2_135_u,0.0,0.03357758326455945,0.0014955520979128198,0.2726420164108276,0.5836036801338196,0.0925400073640048,0.0073661213391460105,0.0,0.032067298557778595,0.0006651081717074343,0.24464079903686048,0.21180304802726257,0.08330622259046123,0.010753548246716486,10,0
2_137_u,0.0,0.0305783177936973,0.001614710417925325,0.5117198303050827,0.2241271467719343,0.1879827965494769,0.007920896183350075,0.0,0.06696622310023824,0.0012520521743836766,0.5083453299921343,0.28787984174564185,0.2687124867976909,0.00562293193446584,8,0
2_140_u,0.0,0.011521005741087663,0.0010504418969503125,0.044146653963252874,0.8986791372299194,0.03853208734653885,0.0029216935945441374,0.0,0.005769152737541075,0.000569575586109013,0.03887399244506585,0.04077882766554816,0.016019388667563403,0.0028397529071288283,8,0
2_141_u,0.0,0.08997883909614754,0.0026125245261937003,0.21055307073984292,0.13233796419808638,0.5217824516468681,0.00312300165824123,0.0,0.1724813278590908,0.0024226252052420064,0.4094333012660679,0.124020007278319,0.37412798497988464,0.003640038325810266,10,0
2_144_u,0.0,0.01237618387676769,0.00070537451101696,0.09839791553094979,0.8611855685710907,0.02303487127646799,0.00181326325400728,0.0,0.01773811661207786,0.0006368683027965232,0.08837313718268572,0.09322188236756386,0.018555305006529535,0.001366716613889186,10,0
2_146_u,0.0,0.06657034456729885,0.0026982780545949303,0.05654462121892716,0.25753824068233366,0.5877314414829016,0.01921484229387711,0.0,0.04649414701729974,0.0014666118483946454,0.0647868109053218,0.280582047369216,0.3039486834612827,0.017281548910664985,10,0
2_147_u,0.0,0.0565297801047563,0.00509587742853906,0.12592673148028546,0.362040875852108,0.3373364396393299,0.01575245120329778,0.0,0.04833138687810627,0.008500939742126366,0.2609865119216167,0.22694315454884015,0.2153689832462379,0.04343000716746982,10,0
2_148_u,0.0,0.03756827497854825,0.00282016877899873,0.2141604581847787,0.4838158294558525,0.24578139223158355,0.004964888840913709,0.0,0.03127588179783578,0.002274053957651734,0.2528605714348962,0.2478862616005735,0.24344941949946475,0.008191402885293885,10,0
2_149_u,0.0,0.00277037785854185,0.0033547942992299302,0.057551762461662236,0.31573158949613567,0.6157417118549346,0.00053219411929598,0.0,0.0004285817863196627,0.0015879594378144543,0.02234317571873158,0.19082334629711276,0.2023173450319787,0.00014178597625554964,10,0
2_15_u,0.0,0.0451463414356112,0.00427083378308448,0.01452604127116496,0.7610798805952073,0.15136553831398483,0.00629184747813265,0.0,0.03512741447406913,0.004848675906979085,0.007044083246471853,0.1948656096795039,0.1731798815172414,0.007416333896791023,10,0
2_150_u,0.0,0.07165181166492399,0.0035057420143857097,0.039300329377874685,0.5181321620941162,0.3434771003201604,0.00516685093170958,0.0,0.10340594238832934,0.005241183761163113,0.034684551512219046,0.2637588009752476,0.2639529502100949,0.004754391652898796,10,0
2_151_u,0.0,0.04191152257844801,0.00125561775639646,0.6394040969200432,0.23456631875596937,0.0646975272102281,0.00292662793071936,0.0,0.08314173760348864,0.0015522179279994746,0.37367737894312697,0.2716372424027282,0.07247357201978274,0.003668384540085791,10,0
2_152_u,0.0,0.054404866881668526,0.009463817230425749,0.02577675087377425,0.6362110823392868,0.20782249420881269,0.01502441772026935,0.0,0.020827013517463275,0.009062777700300081,0.015198720011219819,0.10372948816363173,0.14053768409208953,0.017730059016011365,4,0
2_154_u,0.0,0.00855950086843216,0.00893908499856475,0.2027152380906045,0.5542815756052732,0.2060261890292167,0.016613859735662068,0.0,0.005521561583748143,0.01553069475646705,0.28964516989423283,0.3180214753319064,0.21986710639790955,0.031117618072541698,10,0
2_155_u,0.0,0.029474885459057947,0.00123776003892995,0.39144134158268573,0.5085320107638835,0.05201717903837557,0.00269420850672753,0.0,0.052107172719623875,0.0013880770855033725,0.33100232255308387,0.31573272506661076,0.07664868949062512,0.004409238150792125,10,0
2_158_u,0.0,0.009248061873950001,0.0018903093005064302,0.4544229328632355,0.4702932873740792,0.054638798860833004,0.0018467827641870198,0.0,0.005551793291287962,0.0031552878413410495,0.2908159195107617,0.2843577341285854,0.04847792593737313,0.0015951655972439886,10,0
2_160_u,0.0,0.02658614560641575,0.19565796546521594,0.2584907147102058,0.04362037967075588,0.3548846225021407,0.026143349386984437,0.0,0.024526325221850828,0.3268964993824693,0.4552548550097637,0.09779763175012171,0.3929390415326214,0.06088338577437394,8,0
2_161_u,0.0,0.0076993524213320895,0.00185972614854104,0.2607948814518749,0.4414564698934555,0.2804808491840958,0.0017676922958343802,0.0,0.004369563913116636,0.0012854447640484586,0.2986012533737703,0.27390063144701315,0.2704079717206303,0.001221779976453256,10,0
2_162_u,0.0,0.00716031428892161,0.00497080292552704,0.30684691239148376,0.44513937681913374,0.20010866420343515,0.031368953501805616,0.0,0.004075796172892872,0.0041502380181002,0.32217912461241366,0.3955990980188613,0.211983969067737,0.04593801485762899,10,0
2_163_u,0.0,0.059123487418724405,0.16810397043203312,0.24761604903162343,0.06415452211836555,0.11658080781085618,0.3319013920716113,0.0,0.0855736081985926,0.16855282201263108,0.40915378243308637,0.09080551097043761,0.13539212137942006,0.31058398083169547,9,0
2_166_u,0.0,0.05285838157869871,0.00280997746740461,0.051529581937938884,0.12631972897797822,0.702286034822464,0.017960670753382098,0.0,0.04193839066361919,0.001790500110087302,0.06882723801759226,0.09808077752702965,0.22242657871798094,0.03407734539470054,10,0
2_168_u,0.0,0.023010658643518835,0.0183780250760416,0.0578621663153171,0.30334495753049845,0.5189097821712494,0.009312952247758632,0.0,0.02108644539794515,0.018979496942852697,0.03820841535973872,0.20074432326436076,0.3328711008006101,0.002863542606298037,3,0
2_169_u,0.0,0.02303766706027085,0.00388081113633231,0.12018619147129353,0.7428671449422837,0.07942856419831511,0.0240713434061035,0.0,0.023663788276855956,0.009997557775665602,0.16589316696167397,0.21095729827671483,0.07256723127564547,0.06462634309338408,10,0
2_170_u,0.0,0.027599843265488692,0.00828287979529699,0.751311911456287,0.13711797185242175,0.05446616294793779,0.016272832721006082,0.0,0.056355899136512164,0.024504740692499263,0.3715580654673136,0.19125668547389127,0.10074302604887599,0.048339270777928045,10,0
2_171_u,0.0,0.040452002757228864,0.0027375081263016398,0.32406651454512025,0.19632517769932745,0.38819868117570877,0.00962880966253574,0.0,0.037507954521643516,0.0027866792563792857,0.4261010021962146,0.23510926077761213,0.33551713312234605,0.01406433387724517,10,0
2_172_u,0.0,0.12765592486248348,0.0058153527876129,0.4538057314231992,0.03363822893734318,0.18757755954866295,0.058539163065142875,0.0,0.2598321500504829,0.006514471292006845,0.48107829710366,0.06585242651194412,0.30608382533467143,0.13225214985968925,10,0
2_173_u,0.0,0.2077661795308813,0.00199136835872191,0.01645463232416656,0.2686326491646468,0.45048951655626296,0.00325590205320617,0.0,0.20935521598130408,0.000930422196100382,0.014091327662940413,0.20252025330144077,0.378679899325735,0.004501522828094395,10,0
2_174_u,0.0,0.00547933178022499,0.00219241799786682,0.7469796863035298,0.09310334313195195,0.13583539988030677,0.00529510269407177,0.0,0.00955729765649511,0.0036274602545371126,0.39997762754329585,0.15594605881097529,0.24526996301263107,0.002739617212037731,10,0
2_176_u,0.0,0.06067236581875474,0.01499923874507654,0.5327455144375562,0.18118950023199426,0.08916813006362642,0.07549617469630901,0.0,0.06484930264895705,0.02809526684435005,0.38424234886913866,0.2108832859599418,0.14521653997338832,0.14773149979032324,10,0
2_177_u,0.0,0.018394410633481982,0.02388134907232594,0.16896397103555497,0.03860176304588091,0.6543688222765922,0.040401551048853394,0.0,0.01692666166878583,0.037099168326814605,0.27609539244535247,0.05156705383146481,0.3122251723883754,0.10014953610086914,10,0
2_178_u,0.0,0.02636930104345079,0.0037110349832800704,0.046684266161173535,0.8028268396854401,0.09943919037468728,0.017576860741246442,0.0,0.040517457424997357,0.0033894069011361477,0.04255229327971622,0.12137289106863823,0.0899944860447135,0.03034093131798591,10,0
2_180_u,0.0,0.00384255171520632,0.0006062741405912199,0.9059585079550743,0.07874714788631532,0.00406561132986092,0.0030127697216812003,0.0,0.005079901274351685,0.0006167722537249073,0.2548929230300018,0.22976601052521875,0.007256845368367008,0.0031590229095086035,10,0
2_181_u,0.0,0.00503671431215474,0.0039284321421291,0.2669628653675317,0.25021715238690373,0.4682348370552063,0.0019590816169511,0.0,0.003059900746903258,0.0025679876582925206,0.3178827811230429,0.18365121423274128,0.29743902552338003,0.001172217847151146,10,0
2_182_u,0.0,0.009369457104185087,0.0012160274054621874,0.5601718900725245,0.34427111846162006,0.07715534453745927,0.005293936352245462,0.0,0.011535330236881141,0.0010594265943532728,0.4195199704187272,0.35418214207400384,0.07238170864763166,0.007996705821562465,8,0
2_183_u,0.0,0.01614332268945868,0.00682985456078309,0.226307737827301,0.5502583652734756,0.18506666719913478,0.01052872453583399,0.0,0.020258318103573397,0.009998204093527951,0.24612476195069732,0.22831243817874858,0.1597723922938754,0.012911144279356853,10,0
2_186_u,0.0,0.05851072948426004,0.0019118144526146003,0.1975099577568471,0.2860823482275009,0.41281471624970434,0.035679060861002615,0.0,0.05198953261724424,0.001534977423725172,0.2349902941585016,0.17443509403518026,0.28145915900996876,0.091589627214352,10,0
2_187_u,0.0,0.022234874156614116,0.0016560536265993666,0.1075028628886987,0.6007086311777433,0.25669367052614683,0.003980582007594967,0.0,0.011109159083353746,0.0020757649164498773,0.14476294721417085,0.2727748449741293,0.3029752402865398,0.008042635204048338,6,0
2_188_u,0.0,0.03047489966265852,0.12853361068409863,0.22534649700392034,0.08372887626755979,0.13458385067060585,0.3356438492424786,0.0,0.04036875758283993,0.11636230199339324,0.32695260426574313,0.13135760498282367,0.15319284115984466,0.22454448599498636,10,0
2_189_u,0.0,0.09099159943725674,0.0018418477266095201,0.1751802236307412,0.5453016952378675,0.06235041394829747,0.0075761564949061305,0.0,0.09447043310086027,0.001738237695625247,0.3123241339211993,0.3067549894375823,0.06960109520243539,0.009599724384393058,10,0
2_190_u,0.0,0.06792380996048444,0.01149261614773417,0.1355614349711686,0.6075429022312164,0.0519639900885522,0.10766223268583412,0.0,0.0566834402839896,0.02016545918984175,0.17700452858999852,0.3360405008069116,0.05050664105661115,0.20660619400115984,10,0
2_191_u,0.0,0.0858394725597463,0.00173889886937099,0.0053495962405576995,0.29618506418773904,0.5827741637825966,0.00643510934896762,0.0,0.06767946553718489,0.0017620424598072928,0.0027263457504220936,0.24880668101869277,0.24447176649600855,0.009989553610622334,10,0
2_193_u,0.0,0.02949390448629851,0.00581277365563433,0.13682795986533164,0.4993760883808136,0.19759815745055673,0.12505976406391706,0.0,0.01751269764574365,0.005545052876734152,0.1006510019545323,0.19468474490738094,0.15229811561678036,0.2430749593459489,10,0
2_194_u,0.0,0.00848651460837568,0.0025899637446854602,0.6125331550370902,0.023318770871264802,0.34251808859407895,0.00552074933948457,0.0,0.01039136555919674,0.0016230933921541455,0.4201822594669311,0.02799220972392635,0.4042820096486144,0.003714034948587927,10,0
2_196_u,0.0,0.026028168387711013,0.0036896970850647873,0.023837511660531115,0.5088547896593809,0.4209751468151808,0.005023161545977888,0.0,0.013269419926536019,0.003874282215640586,0.01621046376250159,0.19062314277144057,0.17986214595841798,0.0032678435851898487,8,0
2_197_u,0.0,0.02406085843394971,0.00153023103775917,0.42185814592521637,0.3019207932607969,0.1798619954817695,0.06674799324828196,0.0,0.037964926259943826,0.00211061671234209,0.49036853753149595,0.3738007405608818,0.31594954816983467,0.18923179376239788,10,0
2_198_u,0.0,0.00722508065518917,0.00533678093925112,0.18620013105683025,0.0794659768696874,0.6864601593464613,0.033069751603761625,0.0,0.005633168628194188,0.008025822132643268,0.31220751636472877,0.06827485237658242,0.3097415715221713,0.08671680270323018,10,0
2_2_u,0.0,0.025728962694605145,0.006392481452267978,0.11633357819583676,0.6107034732898077,0.2104853640000025,0.008297618103420522,0.0,0.013585290006712306,0.010743387648195938,0.1301252970299676,0.22835776656796136,0.2113118344442545,0.009275308451244687,9,0
2_20_u,0.0,0.17321578983683134,0.00430075621698046,0.01748444319237019,0.20895813573151822,0.40066624581813814,0.00449572202342091,0.0,0.16182607307207106,0.0033021029835124693,0.028526140503318087,0.20030224018039233,0.4415927613642892,0.003984259484008546,10,0
2_202_u,0.0,0.12902411771938202,0.00095844876195764,0.5659639120101929,0.22773681432008738,0.048885345552116585,0.00769502694020042,0.0,0.12990705487439516,0.00038079385578395036,0.20726553661581418,0.06792850965125087,0.032051665348965246,0.003683257853746044,10,0
2_203_u,0.0,0.03707521678879852,0.00621019455138589,0.01402238467708224,0.28910755664110177,0.39388600662350653,0.01329731428704686,0.0,0.03373662432349333,0.005318758788169767,0.013382664870005313,0.2277379046567857,0.34839805457668926,0.020561388537493064,10,0
2_204_u,0.0,0.07412332918029273,0.01641229274246139,0.11716873077675696,0.4282639903365634,0.2660942824091762,0.034459288665675505,0.0,0.051873938142619015,0.028072440012138662,0.3103015944015666,0.23504770146185688,0.24312073340156135,0.05007196876677832,10,0
2_205_u,0.0,0.025884928281552,0.004999094792375543,0.035338469232166415,0.2718325153525386,0.6310990657657385,0.013647209520318627,0.0,0.030987727401947107,0.005875157925378973,0.05452207722636793,0.2731355992279756,0.37602611516959383,0.022676666876397866,7,0
2_206_u,0.0,0.0578532511911665,0.014792963401608433,0.04450871671239532,0.44442356502016384,0.3612333945930004,0.028666300335316867,0.0,0.0905751710555042,0.019044859065697882,0.07040322540288288,0.32309974508669825,0.3252184254309601,0.04662742081720327,6,0
2_208_u,0.0,0.08329079784452911,0.00184961027989625,0.00739086609100917,0.37607386801391834,0.5193317636847496,0.00136562976986165,0.0,0.12512458121755246,0.0011719396075206578,0.007401055115615994,0.3801872982900288,0.409541892487675,0.0010810106279195734,10,0
2_209_u,0.0,0.01074290059041227,0.024127508432138657,0.03914814991876477,0.5522563844919205,0.014959906972944682,0.35117955768946557,0.0,0.010901104133971032,0.022847755502011433,0.027450828185561698,0.3655310400359568,0.010641219386327352,0.31966729878475875,10,0
2_210_u,0.0,0.007665460580028529,0.00641940491041164,0.14288863576948638,0.3401839996455237,0.44858425855636597,0.04979303340369366,0.0,0.007929768615951903,0.011806270022591717,0.18452354811889837,0.3325130022531694,0.3906205111458702,0.11646104687261662,10,0
2_213_u,0.0,0.09343996364623303,0.00470916671911249,0.04425185170839535,0.09067477954085915,0.7163459718227386,0.00287127096671607,0.0,0.11883532528651113,0.002211128075591553,0.09707357246958245,0.14055123724005306,0.25032130456482166,0.0018346294115354732,10,0
2_217_u,0.0,0.019024453777819812,0.007385757053270889,0.12083939863368862,0.16956499069929118,0.6543905854225158,0.015096999902743791,0.0,0.009906723722163618,0.004765404713984161,0.15248168825321778,0.06999559830554852,0.2090316011662903,0.020129745844256,10,0
2_218_u,0.0,0.05573979951441284,0.00123633451294149,0.08179384591057892,0.6449039518833161,0.20132699133828277,0.0020632432599085896,0.0,0.07742657270735015,0.0006195851096608777,0.09073642673649598,0.24905418611864527,0.28561031313910046,0.0010175123023466656,10,0
2_221_u,0.0,0.05001703592845131,0.010161239951331535,0.04022747686960626,0.5890718450148901,0.2471945672813389,0.0300841347003976,0.0,0.03967904655474325,0.011095240870161678,0.06269051829138482,0.24651035356688267,0.16703786600723816,0.04379765101143654,9,0
2_222_u,0.0,0.0078881867229938,0.0022019409419347003,0.09528354182839387,0.8256227175394694,0.0606106147170066,0.0060888491570949,0.0,0.0007950578779958152,0.0017580509913997574,0.034663576955089564,0.07587138361324931,0.044947879935506196,0.003517062869260308,3,0
2_223_u,0.0,0.013798144943494722,0.03438627428517464,0.08241656557139418,0.7160037110249201,0.10161261407968897,0.03524677517513429,0.0,0.009824270016281614,0.07988114498711027,0.06866405751134533,0.2768502725288502,0.11445735814670081,0.07885311329925045,9,0
2_225_u,0.0,0.00847431363654319,0.00511284194071773,0.6525834914296865,0.06589216764550651,0.02428218207787717,0.24260397077887313,0.0,0.009837501269717674,0.007727631469311635,0.39729944406560547,0.1092960691026388,0.026703368090480076,0.3888973346461481,10,0
2_226_u,0.0,0.01391266419086599,0.00534567203139881,0.16823567119427021,0.6427419550716877,0.13369652628898615,0.012310581619385568,0.0,0.011100310680524635,0.007376499025997545,0.21533645403869658,0.31718983780110377,0.10723701703247196,0.01501183033656188,10,0
2_227_u,0.0,0.08255618563853201,0.00899221990839573,0.03293833866482595,0.4824226453900337,0.2552343223243952,0.02018816570052872,0.0,0.08126906614353545,0.008900495904894406,0.02677072301630532,0.26001652822354454,0.1603269098588271,0.026451920246420405,10,0
2_228_u,0.0,0.054362537758424846,0.00099746413179669,0.5438420278485865,0.30222254656255243,0.06653113871579985,0.013945556600810918,0.0,0.06381863290762771,0.0006368584187912144,0.46153027363011934,0.34709953989911146,0.10584674927052819,0.01999230503368721,10,0
2_230_u,0.0,0.02283238773234184,0.00264068480173586,0.3565239073708653,0.49814660400152205,0.10110178086906665,0.00278057065734171,0.0,0.028868773811021504,0.005469718734267655,0.33414252097439173,0.31312752861533044,0.10354810215781537,0.0057678248295826955,10,0
2_231_u,0.0,0.03956112987361844,0.00266383089474398,0.02353944223141293,0.46779475416988137,0.411473410949111,0.022158187814056828,0.0,0.039413606318045594,0.003112536050961492,0.04721663147421436,0.34501666931880187,0.3522449009668664,0.03924740239104139,10,0
2_232_u,0.0,0.08346841176971788,0.00899767411174247,0.10430327993817626,0.1965388478711247,0.4901274263858795,0.10624117930419741,0.0,0.06744210010865392,0.008539603758523718,0.12341596505562853,0.15362502421039803,0.2759103795597538,0.19919575616345975,10,0
2_234_u,0.0,0.017489367444068128,0.01040470113293844,0.3075892651453614,0.054225572856375914,0.6040239350346381,0.0047420170682016295,0.0,0.022390043410289565,0.02357212354480421,0.4471313294813216,0.043648018747006426,0.41898700731866567,0.005632112643668463,10,0
2_235_u,0.0,0.056950114516075664,0.00079439999099117,0.6407815843820572,0.24753929262515154,0.046538068947847885,0.0012508231098763201,0.0,0.0723184718262428,0.0007433754847130333,0.3615045056582005,0.23707758573680962,0.05090406758000042,0.0008048727603627927,10,0
2_236_u,0.0,0.0863462064415216,0.046106371958740004,0.09076565154828128,0.467546696215868,0.21081436444073912,0.08074347805231805,0.0,0.06694910451428354,0.10780293037982458,0.15006872734025195,0.19946268616268514,0.17118028994996518,0.06742018976390088,10,0
2_24_u,0.0,0.0203331961044265,0.004884253037744133,0.5075523594083885,0.09828099070000461,0.24069660047340824,0.06334650149801742,0.0,0.03464001128542473,0.006949453078714929,0.5284431008268015,0.1347971034421213,0.28729229939376416,0.14347733060989465,6,0
2_240_u,0.0,0.2573063969612121,0.008220034372061421,0.1858265986666083,0.06436474760994311,0.4256529673933983,0.019732456887140808,0.0,0.11654196668442407,0.011945681846760025,0.16495881462931905,0.06456275876381233,0.18976039987259888,0.022474192824089318,10,0
2_241_u,0.0,0.041854778692747105,0.016802924620504964,0.08618316659703845,0.5343376505706046,0.24544581646720567,0.044981669686320704,0.0,0.05032460031828762,0.028207078788468898,0.15792864292737727,0.33806603710156624,0.2501822032713447,0.10077640128582162,9,0
2_242_u,0.0,0.0367843717297849,0.004775289594868355,0.1872870926227834,0.5483837005578809,0.18179660869969258,0.02598457869155223,0.0,0.040535527794645046,0.007686277969244107,0.28767621976788976,0.25405733873546144,0.14665412119261295,0.0464035251502243,9,0
2_243_u,0.0,0.00850314870476719,0.014932086202315939,0.00259426515840455,0.21760021951049563,0.7419688493013382,0.005137339263455901,0.0,0.004527703868738632,0.02563607948761384,0.0034781298130067036,0.314041954833658,0.31237526862559095,0.005626000362115868,10,0
2_245_u,0.0,0.02782097542658444,0.07545475342776622,0.05651751039549705,0.15082693565636868,0.44735579639673234,0.1518413895042613,0.0,0.023375935916638443,0.06576854955837046,0.054592693735883616,0.06196363272848806,0.1823096405242759,0.10189975447209144,10,0
2_246_u,0.0,0.04484620206058019,0.009291261900216289,0.06934662051498884,0.6272494554519653,0.20805322285741562,0.01882706328760828,0.0,0.04150816683350861,0.013273255587035336,0.08820210326297412,0.20625044353602842,0.1579161309324839,0.031079875885282,10,0
2_247_u,0.0,0.00880311608780172,0.0109194217366166,0.526528425514698,0.20937140993773937,0.14125342611223454,0.09900738005526359,0.0,0.006472596215570333,0.013791538477692322,0.22768573977284334,0.1318680193040625,0.1108848324409264,0.14410852893113973,10,0
2_248_u,0.0,0.2465126022696495,0.0032487522985319996,0.16267149774357673,0.34797134301625193,0.0749631554819643,0.014287909149425048,0.0,0.2532604209601108,0.004640142178435464,0.19722291275291373,0.3729928791596554,0.05910229745825037,0.02476972998333676,10,0
2_250_u,0.0,0.20661157565191385,0.00440600042347793,0.15570484912022944,0.06072116894647476,0.4704588521271944,0.09005956081673497,0.0,0.27904213282524987,0.005579676228993653,0.15719785792167873,0.047571628016266646,0.30281042983381595,0.23379308321245018,10,0
2_251_u,0.0,0.044564266363158786,0.03529595751315351,0.004809850209858231,0.14416222707368428,0.5963725328445435,0.10373453781940038,0.0,0.03506435754498945,0.030804631750741236,0.005808252045675841,0.13482007063774393,0.19911330396035032,0.1810038926847545,10,0
2_253_u,0.0,0.0846350191161036,0.12154523236677046,0.01322712271939958,0.1918442463735118,0.4096041575074196,0.08774554207921025,0.0,0.04825470624562338,0.11667864656594192,0.010717534343968695,0.24924580816938777,0.24374973824641452,0.09105205231727719,10,0
2_254_u,0.0,0.6314814895391464,0.01574789141304786,0.03163127475418145,0.0060930742649361,0.23208252228796478,0.03537386007374147,0.0,0.3048672176814465,0.021364818991156304,0.04954681552195933,0.003891356672007128,0.3006449135460771,0.05895790338327902,10,0
2_255_u,0.0,0.005083325435407409,0.00835251058451826,0.2924808740615844,0.5531000763177871,0.11893511265516277,0.01800512357149269,0.0,0.003491976925032259,0.0037015495783368105,0.06459544516953886,0.06763619194382839,0.05982016395856093,0.015721103009575788,10,0
2_257_u,0.0,0.021489330462645707,0.0016050460195401201,0.08851315139327194,0.41012177616357803,0.46572301220148804,0.0031568837526719505,0.0,0.03144159395166457,0.001091765962883844,0.1437160055249902,0.30840880195759474,0.3870343153404466,0.00413791664672576,10,0
2_258_u,0.0,0.05852136721368876,0.0076975368778221,0.032149734348058664,0.7133845448493957,0.15659455060958857,0.01828184199403035,0.0,0.07020042795030955,0.006589390763775122,0.020673233138637413,0.14598238188811563,0.10049668035688511,0.0257916235813561,10,0
2_259_u,0.0,0.03855527008417989,0.00277742368634784,0.27172070194501424,0.3372301179915666,0.3387421450577676,0.00533407990005793,0.0,0.04611598991365035,0.0039681171881367425,0.36673886143463286,0.33399533888407,0.3496034834465862,0.00677616495386644,10,0
2_260_u,0.0,0.09963586591184134,0.00963609824539158,0.05768316285684699,0.28597316145896906,0.17833887841552493,0.03592073192121456,0.0,0.06374645798633516,0.017762830310306624,0.11015105562353293,0.2415840855141811,0.19106604533685836,0.09591765631879808,10,0
2_261_u,0.0,0.07852931767702098,0.02378648783778768,0.14714003431727174,0.21225633467547592,0.1019523505121469,0.21922872501891102,0.0,0.07457175795579615,0.027270011703200196,0.2703746582650569,0.25275593956946835,0.08956936284157155,0.3002797535862999,10,0
2_263_u,0.0,0.027876247721724152,0.00948768102098252,0.19347997382283208,0.01897951404680493,0.7183564946055412,0.00252837710431773,0.0,0.026851875585740943,0.005485725471614465,0.21483503076206184,0.01372754727202647,0.22155354606866004,0.0015026774865325577,10,0
2_264_u,0.0,0.010025978201883801,0.0006949150294530699,0.30476247542537743,0.6518842749748728,0.01392138615192376,0.00393855962902302,0.0,0.007865009532058773,0.00014340661486538813,0.47691998609982716,0.44982712714430517,0.010342030435436802,0.001792896755079,10,0
2_267_u,0.0,0.0033821925520896396,0.00202538528246802,0.7903678333386779,0.00307586475973944,0.19186779211740937,0.0083210132666863,0.0,0.001712596218101289,0.0008046211279615576,0.385635519619879,0.002622605821935725,0.3868324247474099,0.0041615579769266825,10,0
2_268_u,0.0,0.03174437060952182,0.00602028667926785,0.13812132142484185,0.41363808885216713,0.37547513097524643,0.01989813689142462,0.0,0.024844978711939823,0.006360853481137332,0.1593448110143581,0.22125775987015261,0.19570834255523006,0.022629283115657463,10,0
2_27_u,0.0,0.0671066557290032,0.00371796775725666,0.0084040609421208,0.31280682897195217,0.43559677619487047,0.0018620015121996,0.0,0.07936685065451211,0.0046658810173466955,0.005434431978946763,0.32629622123531765,0.34868863815339607,0.0009973244449512349,10,0
2_270_u,0.0,0.08431162750348445,0.01993501167744392,0.03068461897782976,0.29908170830458397,0.36230890154838563,0.17184502044692632,0.0,0.0468817284621154,0.019030722670703895,0.02259687300041451,0.22976638487862425,0.27274674669803567,0.1579696664952772,10,0
2_271_u,0.0,0.1580840770155191,0.0059646686248015,0.061579273012466684,0.5409541733562946,0.11337065845727916,0.027708931965753397,0.0,0.19632343636308897,0.004611511953506297,0.11177715533667171,0.30581267605343293,0.04750203310721736,0.06300851027375921,10,0
2_272_u,0.0,0.05351837156340474,0.02111105702351774,0.00733381682075554,0.13380149602890012,0.6666668295860291,0.05881064585410053,0.0,0.036771077649582644,0.015309679109451965,0.006183053019778721,0.06113914879819596,0.13220123411094145,0.06450175563825519,10,0
2_278_u,0.0,0.0052530798129737,0.0500498265027999,0.3028082549571991,0.1031964495778083,0.458546370267868,0.0618682317435741,0.0,0.0,0.0,0.0,0.0,0.0,0.0,1,0
2_279_u,0.0,0.009761907492897315,0.005278663597502043,0.10437284463218276,0.6149972421782357,0.24091330795947988,0.0050189398794567575,0.0,0.007531746605389474,0.007746979630809526,0.11303644976372261,0.3084070970263829,0.26143128172998653,0.006159756903896579,7,0
2_28_u,0.0,0.00473472600278905,0.0005525531916645903,0.8494203150272369,0.03738745572627518,0.10505710779980286,0.0020579091229592,0.0,0.009698008282274283,0.0008315626584799507,0.26703009725983534,0.05889645562467896,0.24430961796962739,0.0044359800364731855,10,0
2_280_u,0.0,0.018862299108877732,0.009490680298767932,0.06695431079715486,0.5598113372921943,0.3311632215976715,0.00737524874275544,0.0,0.019611248003923307,0.012704486787343991,0.07352280874099563,0.22547818639745412,0.22077777062151382,0.007462333655390707,10,0
2_281_u,0.0,0.00436171228066081,0.00046186287945596,0.011887050559744188,0.9584825098514557,0.02182927699759598,0.00117125519318501,0.0,0.0013522374664691511,0.0001700676731039165,0.006962559234162284,0.016741348492009058,0.011006946901596289,0.0005639866908980094,10,0
2_282_u,0.0,0.09015062777325508,0.206894189864397,0.02007979941554362,0.23503337204456326,0.17264306023716922,0.19918308486230668,0.0,0.17572265614504914,0.28582179553657167,0.01984104867296319,0.24128973715089616,0.11354379267561117,0.23334289256537974,10,0
2_283_u,0.0,0.06635530525818462,0.005825033459889984,0.019724609951178165,0.6032787511746088,0.23910933857162794,0.05417406089448678,0.0,0.08952138754852679,0.005648097779236682,0.013009230609421591,0.21048829070910144,0.18597051992540947,0.10590627941919989,6,0
2_284_u,0.0,0.00832420531660313,0.2599958332139067,0.0063972649455535605,0.025319106923416212,0.11016685506328938,0.5738421163754538,0.0,0.006473074821101091,0.2978855884901149,0.010468837445135395,0.033558828330354736,0.2686207617074295,0.3632270917602771,10,0
2_286_u,0.0,0.0548474039882421,0.002121786319185,0.1447688553482294,0.6347631305456162,0.13374260962009427,0.02706585188861931,0.0,0.03009501146819523,0.0011233615658924002,0.13733525332687307,0.17375726272797584,0.09557750169445381,0.021270670392343257,10,0
2_287_u,0.0,0.024281398315603466,0.004742248075975349,0.06710328495440378,0.7050061722596487,0.1667973734438419,0.012776699683551317,0.0,0.035244385723864784,0.0038281645253126872,0.050109688405757614,0.25145833020885333,0.18587448923128094,0.011535972556884839,6,0
2_288_u,0.0,0.12342835785821074,0.0058735749218612405,0.02886217401828613,0.3976176565513015,0.11368591524660583,0.00739924645749849,0.0,0.11198569980446473,0.0037939916393524378,0.020535974346202857,0.300170381782664,0.06687915507321086,0.011605602226421655,10,0
2_289_u,0.0,0.058826005156151905,0.006570113968336899,0.38804003010736776,0.04851735879201437,0.4654059808701277,0.016111686785006858,0.0,0.1018954724979479,0.008424281755570999,0.36770124000210624,0.04165605719670908,0.3750635478271197,0.025612568836108598,10,0
2_29_u,0.0,0.015235936362296301,0.00211616154410872,0.03276460450142617,0.5663672238588333,0.3782267853617668,0.00070531641540578,0.0,0.009088584986063995,0.0008009527623881891,0.018861991246011896,0.12050729836496142,0.11815747868104493,0.0006865664427405932,10,0
2_291_u,0.0,0.08210559748113153,0.0036043271364178003,0.0432174045592546,0.5972694098949433,0.18824035674333567,0.07386714474414469,0.0,0.06077087566492986,0.0029174927765267585,0.036420575127769916,0.17339353047464742,0.13400351799203244,0.12706388642270083,10,0
2_292_u,0.0,0.0109286705264821,0.00826179829891765,0.07360441749915478,0.4838498532772064,0.4015766866505146,0.01337239076383405,0.0,0.0031149647954961477,0.002520192026932344,0.057431188802888965,0.22958363565693662,0.27536092588990174,0.010444086707192287,4,0
2_293_u,0.0,0.01757963525597002,0.01211805469356472,0.17981735114008182,0.24990242319181558,0.4925665805116296,0.039987374446354765,0.0,0.02741124228313539,0.019661271988624527,0.23333537176086197,0.20488520356241896,0.274848082854597,0.07536602341393225,10,0
2_294_u,0.0,0.02546349868644026,0.0036132426699623,0.7888796169543639,0.03954263926716518,0.08388290492584924,0.00794596495106812,0.0,0.05575426450380801,0.0068057493955378445,0.44018390466522167,0.08386775899622466,0.1846317178559558,0.004377823717182511,5,0
2_295_u,0.0,0.10951489787548777,0.1012902975082397,0.1327083440497517,0.06943561688531187,0.29079905115067956,0.23015874549746512,0.0,0.15846251317817442,0.1286948421863038,0.19673753649755266,0.12939393462779836,0.29467396294061327,0.2721500426374597,10,0
2_297_u,0.0,0.03783024211879814,0.02328270488069389,0.06321571866283189,0.587634701281786,0.23688286058604713,0.027398783294483968,0.0,0.04183079190150097,0.06021565323399126,0.10600577009833695,0.2564308495309557,0.1809273513678927,0.06765227075082873,10,0
2_299_u,0.0,0.09359328886494037,0.00115040513046546,0.23018378491979088,0.450751056522131,0.18652616338804362,0.00646518403664226,0.0,0.20947962132074865,0.001140528724158958,0.28376198903744326,0.25001925074571024,0.24369014719376764,0.017005318586016362,10,0
2_3_u,0.0,0.044403984211385215,0.042751513072289464,0.038369264608869906,0.4374443677564462,0.19638224442799881,0.1938983872144793,0.0,0.03582981792023506,0.06104392709439751,0.034385381521113645,0.31442277253867756,0.099913575996801,0.29428495887380707,6,0
2_30_u,0.0,0.022919989214278687,0.01130738048814233,0.25845777572831136,0.20028519015759225,0.4934096701443195,0.00934383062121917,0.0,0.026085648474788177,0.014894887377889047,0.33732237762763473,0.16181333629084535,0.38741478069817176,0.016006290556130467,10,0
2_300_u,0.0,0.13596235942095514,0.01297117647482077,0.04185515635181214,0.06648601219058034,0.542912095785141,0.14909810876706614,0.0,0.1197540276133333,0.023197616553994067,0.05163277305962008,0.08196951913547856,0.3080991442798162,0.2107175813008548,10,0
2_301_u,0.0,0.06211374878330385,0.002676295662240537,0.2520495609205681,0.26564945652353344,0.27894395502517,0.03659372876427365,0.0,0.04789966151710973,0.002102381332611367,0.4513893603214299,0.2294395803881148,0.21105155090442448,0.0845719513078005,8,0
2_302_u,0.0,0.04537932872772212,0.0029467508313245497,0.2784421425312757,0.23165768049657345,0.4197490081191063,0.015624895581277021,0.0,0.052075854066430095,0.002324110871739086,0.19866549651274498,0.18048105876025292,0.23031944774272095,0.032449221753365246,10,0
2_303_u,0.0,0.07812326803687024,0.00280121495015913,0.15524251894094046,0.6340134222060442,0.1092541124206036,0.00377708267769771,0.0,0.13408449596958588,0.003510989761382242,0.2946512972363961,0.2755613073520211,0.12941560017611106,0.002960328106069868,10,0
2_305_u,0.0,0.11184215610846873,0.00623294779798011,0.010715802072081681,0.1905838523060083,0.5172955855727196,0.06708400637726294,0.0,0.15397247314615514,0.008329580978197632,0.016589585591224986,0.1613607240324214,0.2502251804299993,0.11648277738351971,10,0
2_306_u,0.0,0.064136522822082,0.06795613449066873,0.04238047045655543,0.4582450225949287,0.21216870741918678,0.09142949227243657,0.0,0.059431298033206154,0.12350043404413852,0.06058526852963249,0.303501427245579,0.20074996353577165,0.1413850382793019,10,0
2_31_u,0.0,0.04472241943909059,0.013607124228858243,0.3140783747658133,0.16848639869648543,0.32284805840916103,0.1260611247271299,0.0,0.043363741036040626,0.015465193300309212,0.3353762880191119,0.20278861202765552,0.2734563516038029,0.23736979988375487,9,0
2_310_u,0.0,0.1305601912481506,0.004629566603398375,0.12771236713160755,0.5152553577936487,0.16175142749125368,0.012042008580465273,0.0,0.11188131526361436,0.006689500611479577,0.3516071753733223,0.3503646862665275,0.20710303838168162,0.023272627514755923,8,0
2_312_u,0.0,0.003894315773828122,0.04968933823208009,0.22582296443740935,0.1332254494643873,0.02154481504112478,0.5626361552211974,0.0,0.0039088909451914355,0.07114733509479894,0.30745998264999685,0.25648999869453193,0.0371599680796562,0.3365096450007478,9,0
2_313_u,0.0,0.039924382977187575,0.00189083327713884,0.02473205979913469,0.7492604821920394,0.15502371713519092,0.02473976700566704,0.0,0.03574633977114184,0.004222642031796464,0.013933116795511527,0.2476571098087461,0.2144094958793536,0.07037506054629793,10,0
2_314_u,0.0,0.05778353105415586,0.006572751246858339,0.2353783464990556,0.40676991471555085,0.1971469680778682,0.06621597121120425,0.0,0.07833369610813899,0.00723557361288977,0.348491695342403,0.323858583653648,0.11130054990894964,0.15308251837744494,10,0
2_315_u,0.0,0.02527982701431023,0.05584367071860465,0.37004462657496334,0.0829080741910729,0.03806212418130596,0.41093612198310436,0.0,0.029186894851290498,0.04855573449051811,0.4572292105545901,0.09926269250607363,0.0370067135665707,0.3198729006675683,10,0
2_316_u,0.0,0.04101430861046534,0.013080372929107362,0.01632737806066865,0.10841894852928813,0.7766116112470627,0.00466591954464087,0.0,0.039941094722912115,0.02108923173341639,0.026204022369229193,0.12226096927366588,0.2071802278377006,0.0048823297459022336,10,0
2_317_u,0.0,0.010150898323627129,0.007220127451000679,0.3167815944179892,0.33345367136644194,0.29673016360029575,0.03151248771464447,0.0,0.008872750842530351,0.014019995985549332,0.37115087573283595,0.3384078995325826,0.3230388646013614,0.08320994296717286,10,0
2_318_u,0.0,0.10305757476016875,0.00816045876126731,0.18306974135339255,0.07045467616990206,0.6030328899621964,0.01874180483864614,0.0,0.0873767239074022,0.007930867128827696,0.2040306560993528,0.05614424944591287,0.1497146846968588,0.017488206355732262,10,0
2_319_u,0.0,0.0018704527756198599,0.0030391826294362,0.00058333520428273,0.0017016817640978302,0.9908313632011414,0.00043390040445952005,0.0,0.0007341496739740105,0.0016962534980575301,0.00029572588579726577,0.0009350686839121221,0.0014021650212011824,0.0003819924340228137,10,0
2_322_u,0.0,0.04823757351841773,0.004991567693650679,0.2848818887025118,0.5494272269308567,0.0828746318817138,0.014153717423323501,0.0,0.041557057678150204,0.00924766095498378,0.2841328765017215,0.24199185847880086,0.06801272215382659,0.032658788140232,10,0
2_323_u,0.0,0.00042410569149063995,0.00028605276602316,0.9948594689369201,0.00108730114297936,0.0007187928189523001,0.00232029350299848,0.0,9.774163362738072e-05,0.00011438619700697284,0.003430156479328128,0.0003329263450009864,0.00022164780107134896,0.0028560757956608306,5,0
2_326_u,0.0,0.013722155660798268,0.012940817222988659,0.20666293695103372,0.15353711416246366,0.29428409633110275,0.19318990067113187,0.0,0.008173124206709282,0.011124191136855796,0.41656950192626674,0.13522913879873646,0.2942412475735491,0.20141731341080724,10,0
2_33_u,0.0,0.12718909233808512,0.00743438672507177,0.00829176196129989,0.39163512773811815,0.4019799642264843,0.01864893469610246,0.0,0.14830649663707857,0.009339160679608471,0.010095079833333161,0.2099472224987684,0.22622248708408452,0.04436109853458789,10,0
2_334_u,0.0,0.06865954380482432,0.00278156850545196,0.00225450876168901,0.07913884092122311,0.7556915521621704,0.00195480617985591,0.0,0.06805143204717752,0.0017374972671384847,0.0012227384651706736,0.04746796580940657,0.17343608501077715,0.0013115098193252636,10,0
2_337_u,0.0,0.04794958988204595,0.00104177205648734,0.2964422004297375,0.4806343992240727,0.16134954455774272,0.00850310421665194,0.0,0.038106530593008295,0.000817708769238885,0.3702600236159444,0.2812150454849041,0.1326150460325297,0.011075073573045368,10,0
2_338_u,0.0,0.11966258268803354,0.00586778954602773,0.17216741796582935,0.41866125389933584,0.04709342839196319,0.03220937576843421,0.0,0.0791178416810244,0.004276579379180284,0.1784153135109561,0.26072070503419786,0.03200496554848824,0.03952511947901798,10,0
2_339_u,0.0,0.0181981325265951,0.01827624390134583,0.5019516287371516,0.21551500945352015,0.19475642107427116,0.041240412084152855,0.0,0.02728867805932265,0.027499341223036145,0.4386041967499604,0.2677176432457742,0.1418356403064778,0.06939104935701496,10,0
2_34_u,0.0,0.060688300430774646,0.00140326451510186,0.23557684235274787,0.5623250484466553,0.1294789783656597,0.00399494078010316,0.0,0.01471348213734958,0.0009323508284118712,0.14062320099613196,0.15741370468563537,0.09008012717910156,0.0031434531193418962,10,0
2_340_u,0.0,0.00171978610742366,0.00040963873616414997,0.9620540022850037,0.005506667654844871,0.0288460534648038,0.00046880418085487005,0.0,0.003568307628002234,0.0003614156208827705,0.08950415331215189,0.01185584714056057,0.07186357275207206,0.0001437056020371382,10,0
2_341_u,0.0,0.016388455708511128,0.018537414591992228,0.3990971260471269,0.009817322914022899,0.13243930670432744,0.40014790610875933,0.0,0.015167045309948153,0.017840567217652648,0.3722483406014484,0.01371883272094456,0.16603344754545626,0.37187464418001176,10,0
2_342_u,0.0,0.01380882374942297,0.00134518241393375,0.09374043047428128,0.5957108736038208,0.28654081076383586,0.005822662124410219,0.0,0.006620080669204359,0.00036415306147649754,0.0764537707344585,0.10397147117345557,0.13402065173060637,0.005198723070027997,10,0
2_343_u,0.0,0.025546772917732552,0.019753265025792603,0.03639036444947119,0.4105924604460597,0.42158330902457236,0.07974833403713996,0.0,0.02151224404529878,0.04407259862423929,0.05742788817177853,0.2849866515691879,0.20316318175814,0.15472318308615343,10,0
2_344_u,0.0,0.01705345809459682,0.02192258590366686,0.3099440943449735,0.4725177649408579,0.10083505194634194,0.06813080476131286,0.0,0.013275830501636823,0.05916933294142608,0.2870844916505714,0.2902796252891893,0.13647687497464908,0.1795689542713698,10,0
2_345_u,0.0,0.0645834624767303,0.00465048948826728,0.28506451942957933,0.35759684219956395,0.1644167330116033,0.05849245659192087,0.0,0.0749070059651693,0.009698747773517388,0.2838751937030014,0.22665054423614867,0.15727033507228752,0.13263800749713428,10,0
2_347_u,0.0,0.012767438555601928,0.01611225403612474,0.39686863496899605,0.07833027630113062,0.41502501741051673,0.06460802647634403,0.0,0.01192705650456689,0.031870405071837464,0.37218307259552036,0.14147113886811089,0.3258037899759313,0.14100406847893412,10,0
2_35_u,0.0,0.051106607009257544,0.07298640434497164,0.039070125935333086,0.3766255389366831,0.13612544084233894,0.06782650330569591,0.0,0.03960108505440135,0.10465015523433607,0.051723836041125876,0.39281644352826967,0.12389893513167323,0.11728396026202943,7,0
2_350_u,0.0,0.010141134572525766,0.0017997476776750669,0.09726185289522009,0.7749118606249491,0.11166949942708014,0.0020459565954903335,0.0,0.004795276480698373,0.001522088641992091,0.06582257504537675,0.18658884281513016,0.15105042367484536,0.0005946258339935455,3,0
2_351_u,0.0,0.02135266573168331,0.00086084163340271,0.1650538763031363,0.733873164653778,0.07068507866933936,0.00345808285637752,0.0,0.021278388502294347,0.00036108256333060605,0.15912976218931524,0.17838954967297707,0.08855870272354899,0.003165916256663108,10,0
2_352_u,0.0,0.01066658189520234,0.00449119441327634,0.4067847334779799,0.4116717787459493,0.06621287781745192,0.09516528337262566,0.0,0.007012948811723369,0.008673589424104282,0.21671802310182284,0.19685382399388113,0.0542347602073576,0.2911303745945805,10,0
2_353_u,0.0,0.12915044948458668,0.01948729626019481,0.01014778011012818,0.24064264059998092,0.549576186016202,0.0223213263554498,0.0,0.15922754286239235,0.04422774857556457,0.0058067694210091,0.29544125411770444,0.31153180245684553,0.039782911254795196,10,0
2_356_u,0.0,0.01372143714688713,0.00995922235306347,0.04949209736660118,0.01818667678162451,0.03937012031674381,0.8643691837787628,0.0,0.00724813229613245,0.005047043376472203,0.038212052428064,0.017601495667506083,0.018844977914577274,0.07632947223517302,10,0
2_357_u,0.0,0.0024852043134159897,0.0006706510088405899,0.9347620606422424,0.043656963907415004,0.01189611211884762,0.00474801526870574,0.0,0.002475485793065364,0.0008370294310212246,0.09547568688824258,0.07227150587762038,0.017773783468255547,0.00824136499838114,10,0
2_358_u,0.0,0.02370065763534507,0.00106504836003292,0.4712228410877287,0.3815187002357561,0.09265300369879693,0.00730580167728471,0.0,0.047692459750494666,0.000729760193669943,0.4418667399395893,0.3400559595812228,0.09633128854423867,0.00760365976628733,10,0
2_359_u,0.0,0.03303987412364218,0.00299780365312467,0.4239772150758654,0.4273797713685781,0.09195658168755466,0.0112207004160154,0.0,0.03465464075859641,0.00406223167891221,0.43232164880067664,0.3408066012483181,0.12450551281626542,0.015744260585984857,10,0
2_36_u,0.0,0.05394223183393475,0.00461774829891505,0.01465412033139723,0.19241674970835446,0.5986093953251839,0.06107441184576595,0.0,0.05081818713918774,0.004916022134281765,0.02094070159228342,0.15394691820972473,0.27687763492448897,0.10393130019988923,10,0
2_361_u,0.0,0.04970306456089016,0.04463190925307567,0.01100631891749794,0.24152363240718838,0.1981370277702808,0.42842057552188634,0.0,0.02269003687736734,0.04084156281587398,0.01647095330596639,0.27132043304524595,0.10118020117977282,0.24793506614988095,10,0
2_365_u,0.0,0.03085288183065127,0.0065966483598458,0.3337954206392169,0.3310674206644762,0.26664276375086043,0.0047985704062739,0.0,0.04727635187780166,0.014943903629901483,0.3916074508054869,0.3540558597709223,0.36122008044806675,0.008444799160217786,10,0
2_367_u,0.0,0.01469610077328975,0.01822918833931903,0.060394931863993376,0.09489993611350651,0.3548191010951996,0.44389871461316943,0.0,0.013455955069943246,0.015503872603025107,0.0724390849815046,0.16727748820654362,0.3048074047688002,0.3557650371090599,10,0
2_369_u,0.0,0.017018753880013983,0.0008066616089005334,0.02787832977871095,0.9080057243506113,0.04051968952020003,0.0012723526548749,0.0,0.012532914503171675,0.000444490472522707,0.01670082200025295,0.04393105775314598,0.02597594889621567,0.0006865130507967315,6,0
2_370_u,0.0,0.01717606913298364,0.002331043430604,0.04318389482796188,0.8639483213424682,0.0607709733769297,0.0064474014448932995,0.0,0.007162697391290394,0.002225068675039038,0.025600756648780875,0.06010748118578027,0.060946690871436345,0.011029874507230301,5,0
2_371_u,0.0,0.07512500111479307,0.00234314668923612,0.14284582678228613,0.498543756455183,0.24772951751947403,0.00729438877315256,0.0,0.057073018944942315,0.0014262957297277064,0.1489145305397631,0.24804222289558653,0.2681340726000676,0.006280076418358879,10,0
2_372_u,0.0,0.09005007810062829,0.03632762816010246,0.020466518691844366,0.4242417613665263,0.3553308182292514,0.0316747701597503,0.0,0.05089097619187256,0.05770776424278001,0.015484912774365237,0.12667926332733373,0.13964612852105343,0.032014599512492775,9,0
2_373_u,0.0,0.07287118770182129,0.03407199545763427,0.0330982511863112,0.4222094688564539,0.29413197226822374,0.08014508085325357,0.0,0.05802016509363432,0.0535568076772039,0.013220406635277512,0.2883131226470338,0.15019481113663907,0.10181961572398267,10,0
2_374_u,0.0,0.01241016681306059,0.00207790815620679,0.15264303437434132,0.4941237598657608,0.3230567937716841,0.00942389428382737,0.0,0.005495530261163565,0.00288702736686679,0.2244746343431824,0.29619738928000566,0.2733378962564248,0.022342101991954768,10,0
2_375_u,0.0,0.017674900079145968,0.00634290620218957,0.19554330259561534,0.6038457676768303,0.09201325452886519,0.04954663389362392,0.0,0.015499758773156755,0.005991402485846723,0.18048638072082324,0.27003817225840065,0.07885030653422352,0.061942159027457915,10,0
2_376_u,0.0,0.07395170927047726,0.00460237390361722,0.1015713428147137,0.5764468729496002,0.21118536293506618,0.006866545986849761,0.0,0.04790800974999075,0.0034533610445579596,0.08019531029305937,0.1621231669767963,0.21936677232365803,0.008029730457940507,10,0
2_377_u,0.0,0.039288795242706884,0.005538905776726667,0.16857734260459736,0.6738208134969076,0.07532701082527633,0.017102904928227233,0.0,0.033086447209999585,0.006191580455732343,0.21635435901469527,0.2679923453904663,0.0806942302386984,0.024434751561178226,6,0
2_378_u,0.0,0.03189781918190414,0.00425999814178789,0.4582385510206223,0.30800307765603063,0.1751747507601976,0.01396172870881851,0.0,0.0472188976181439,0.005317448701889231,0.2680781235823212,0.21398557513370073,0.22719779936591972,0.017149460070749675,10,0
2_38_u,0.0,0.054064456745982106,0.0090846470324322,0.23796238154172894,0.2753138383850455,0.08668775474652644,0.038225613971007946,0.0,0.05302880551917691,0.012071274039103647,0.3139620804019256,0.3116462263203932,0.0810625799144804,0.06065360865735247,10,0
2_380_u,0.0,0.01899306091945614,0.24988200579537073,0.10954900451179124,0.11635973444208499,0.35988991125486786,0.12864520717994304,0.0,0.01988152003197156,0.34913656172322927,0.16325559191623473,0.12298524413468,0.29925429333899867,0.12514221014624544,8,0
2_381_u,0.0,0.09144181488081808,0.007948047091485898,0.041439806472044385,0.15204765351954846,0.09651027447544033,0.05095731611363585,0.0,0.12871681666654572,0.006156792902530749,0.05879037274347868,0.236676163087185,0.09038382152291007,0.055731856441579616,10,0
2_385_u,0.0,0.05453536203131075,0.014991857856512001,0.04366862236056472,0.13467206042259927,0.5364903673529625,0.1270085774362087,0.0,0.0374244935835686,0.00762447643678332,0.03584740780468473,0.1557806936962069,0.15589615332110235,0.07343379441844639,10,0
2_387_u,0.0,0.07821058556437487,0.00556008281419047,0.11931971529265864,0.25611084550619123,0.41758273020386694,0.00884856284828852,0.0,0.04726556773810566,0.004231167621087967,0.27168686350637644,0.17846841633404106,0.189416961936376,0.010041731681420895,10,0
2_388_u,0.0,0.03314697280875403,0.00112361893625343,0.8412492366507649,0.05041725655901243,0.041482163619366436,0.00148089860595059,0.0,0.07869911524822625,0.001876695423377985,0.31113232328207957,0.07872035508489973,0.09276492999465703,0.001849725633446174,10,0
2_389_u,0.0,0.039285117015242524,0.0052116105915046805,0.14147076206281778,0.3965664867311716,0.39800718780606986,0.01178051675087766,0.0,0.04991175298177929,0.005970615938353766,0.26610393433145574,0.2792793428645932,0.28332071560111255,0.02069364438193997,10,0
2_39_u,0.0,0.11082449918612833,0.008103506802581189,0.07419428359717127,0.5318173348903656,0.16027624923735853,0.060162372514605475,0.0,0.10052366634068523,0.012033353602050193,0.06408873094354232,0.18765481764977937,0.09332409768424947,0.07817358176015501,10,0
2_390_u,0.0,0.01636163862422102,0.0040323832974535805,0.07610289626754815,0.7459371298551559,0.12007624246180053,0.032822217693319514,0.0,0.007816360231851657,0.0083896594780082,0.07267902683991397,0.16747195990776959,0.11329133391373102,0.07669956245944386,10,0
2_392_u,0.0,0.010876795243737913,0.003929101371405871,0.7143064443288105,0.08999755441410728,0.14220059784461875,0.028690378007013313,0.0,0.017972287942563916,0.008411157776764818,0.46745027004859585,0.20965323137885258,0.29597353195267617,0.05687945668588796,7,0
2_393_u,0.0,0.031303726660553324,0.00229854562203396,0.006496233143843649,0.13869118089787658,0.8016872048377991,0.00085636841249648,0.0,0.0499318899398901,0.00407934357422987,0.011581933675549667,0.24018452802601237,0.3307840411018314,0.0007991765451718926,10,0
2_397_u,0.0,0.13840191997587678,0.00511321671074252,0.00477533658267925,0.11614902578294273,0.5416670054197311,0.00476502705132584,0.0,0.08066878942652227,0.0026888003841348753,0.004010040752391391,0.08616739720317511,0.22320389101921695,0.0030703630373854875,10,0
2_398_u,0.0,0.0074764842477937,0.00258754790411325,0.1219726620862881,0.6706253786881765,0.19140002069373926,0.00353378495977565,0.0,0.00457271554916923,0.0028414222886112674,0.11492373435010066,0.23395138037133595,0.23304277892416725,0.004235563850652271,6,0
2_400_u,0.0,0.012862033373676201,0.00343766976729961,0.3767963666468858,0.34772322438657277,0.22251639179885382,0.01958135418826708,0.0,0.018674238674456774,0.004393099314583414,0.2856105373314385,0.234991425129776,0.13919029064934624,0.03723460599869778,10,0
2_405_u,0.0,0.13953473828732962,0.00528924264945085,0.03994698764290655,0.20197117647621776,0.5122800730168819,0.06764830360189075,0.0,0.11662086840182129,0.00593882955280331,0.054321673675800944,0.15292930086676076,0.28452109610163695,0.11176004460101956,10,0
2_406_u,0.0,0.048349925503134675,0.05325958256144072,0.0028917576011735498,0.022891625948250248,0.5888800621032715,0.16618551642168308,0.0,0.0369529470537988,0.03783148100969006,0.0018326350057069976,0.016567319101271738,0.24217396851745746,0.2335833715395816,10,0
2_407_u,0.0,0.00138617874472398,0.00027288730707364,0.9729326367378235,0.016014422330772448,0.00749627271434288,0.00157195758947631,0.0,0.002196574810541672,0.00021398317592969995,0.0372767727196301,0.023314804261350783,0.011968002097661867,0.002636253573436912,10,0
2_408_u,0.0,0.023559319476286533,0.0035721269960048833,0.32409911851088197,0.49435254248480004,0.09634266452242927,0.04655315572745163,0.0,0.01599827363026515,0.0024158383166229393,0.3219599031490463,0.22443080971228288,0.09021243414602582,0.10382383345123086,6,0
2_409_u,0.0,0.018922479776665523,0.0016600982926319602,0.32323732748627665,0.49410124123096466,0.15398493018001316,0.0016466577537357402,0.0,0.014269284751183562,0.0009625842849828909,0.27658172686662824,0.22429934264888235,0.20589544128158901,0.0005775433979656032,5,0
2_410_u,0.0,0.00957415130396835,0.00135625795082884,0.5463274516165256,0.1734685414674459,0.26137397672282525,0.00620343594928267,0.0,0.010682250945492997,0.0013680358199917415,0.44904770426495016,0.2132197339022403,0.2792490214254637,0.010839085920714437,10,0
2_413_u,0.0,0.020406015170738027,0.03549244166351849,0.14858130339998749,0.13898670617491002,0.613218629360199,0.033880111901089506,0.0,0.011883799830950665,0.09245919835142602,0.2644735478185416,0.10911775467116948,0.2618909877580055,0.0545276900381574,10,0
2_415_u,0.0,0.04372263941913838,0.00560745180118823,0.01226770430803293,0.6062348365783692,0.22022817935794586,0.09707768067019054,0.0,0.048422845128783906,0.008037894860748806,0.013014117499673917,0.27766749331425356,0.20933259735632634,0.20303004285344983,10,0
2_416_u,0.0,0.11550624756556416,0.0024296219344250446,0.1462110455872284,0.5652517908149295,0.08992649180193739,0.0053096524853672895,0.0,0.07092694362273033,0.0022287792227364974,0.2433981779872957,0.15148413083036735,0.04846180686871568,0.007430951470134406,9,0
2_419_u,0.0,0.00428746426478024,0.00059110903821415,0.5761366784572601,0.29239926487207407,0.12439524978399272,0.00098461210145611,0.0,0.0011903544857370866,0.0001366946995629554,0.16838812506674844,0.09094925144056552,0.13069586264170632,0.0002193840038706993,10,0
2_42_u,0.0,0.046078814798966,0.00157188241719263,0.22664459701627487,0.6287470847368241,0.07561703370884057,0.00899134715436952,0.0,0.04493076593471247,0.001488634833974755,0.2170540619847796,0.21092732740788395,0.045548109749536214,0.012411750871380583,10,0
2_420_u,0.0,0.022573779709637108,0.00724337416468183,0.04570255782455201,0.6241751540452242,0.28563446290791034,0.0057159639662131,0.0,0.023712725931527484,0.00796117849932873,0.024853321427853958,0.2702757187343584,0.2553355886326554,0.0057940551780060095,10,0
2_421_u,0.0,0.052148031603012714,0.060346924142712415,0.05563661010403713,0.5771231002041272,0.2000511661171913,0.03326152058850439,0.0,0.029259053887715217,0.1328923936342145,0.06925629038051949,0.30739533472475283,0.15167567265889634,0.041610973544746147,7,0
2_422_u,0.0,0.04807608244009311,0.00223597937729204,0.21022911458276208,0.4668254852294922,0.24017141498625277,0.00581152876839036,0.0,0.03405711087411464,0.0008677724883607001,0.15319780150627568,0.16194829372710123,0.13158408391556797,0.0027960261448008524,10,0
2_423_u,0.0,0.01079691998311313,0.2994098533992655,0.22630536693031894,0.12700497015612194,0.04887956064194436,0.27485878248699,0.0,0.010823326880379316,0.3483330312953384,0.3948770813058257,0.19812930831466707,0.056177592436975655,0.28135645319356095,10,0
2_425_u,0.0,0.00240638748218765,0.00415743183839363,0.9150656342506409,0.008527772457455231,0.029627858591265932,0.03923032530583437,0.0,0.0024021624367470094,0.008261956652498136,0.12508478547538657,0.021786138915787606,0.0783963391000102,0.08143022634862708,10,0
2_426_u,0.0,0.01772493370226581,0.0171671671501826,0.5030143758514896,0.01154638941807202,0.370591177069582,0.069272479659412,0.0,0.03363442992315909,0.04131603940321573,0.4478507493957824,0.018559184167933868,0.4009982824833329,0.12036974362958126,10,0
2_427_u,0.0,0.02528940984047945,0.00266884396551172,0.08393749450042373,0.007611170600284781,0.861671207845211,0.00278414603963023,0.0,0.04641023813362152,0.0015255252701901424,0.23271152629845948,0.0139784176503436,0.2693403670164364,0.0036618918372176333,10,0
2_428_u,0.0,0.05149663314223285,0.006924970936961421,0.14572757380083198,0.4797577101737261,0.278026607632637,0.00973893182817842,0.0,0.024429564006892435,0.008648928053263144,0.13482441607631176,0.2698620068058197,0.16943422670233185,0.014208169523183352,10,0
2_429_u,0.0,0.25279784887679846,0.03048615855950625,0.10874551197048274,0.17386202404741194,0.28387806535465643,0.01708257179125207,0.0,0.23417392550884422,0.058578098818346934,0.31189872288672316,0.14829482531775456,0.20794188729133395,0.020606315006303763,10,0
2_43_u,0.0,0.18142571244388814,0.00515649667941029,0.02090005767531688,0.353689918294549,0.2554452449083328,0.05742329897475425,0.0,0.10467108195721768,0.006921687848003056,0.019833304176396067,0.2019184106848444,0.2714473222575094,0.13713972623969875,10,0
2_430_u,0.0,0.0163364045050305,0.0033369434919828835,0.3352929149599124,0.3425239301674689,0.2520721734617836,0.012875443402056852,0.0,0.013737442143437247,0.0027442891077705685,0.49955576126236034,0.2743043939497101,0.2177656435181494,0.004271725311780664,6,0
2_431_u,0.0,0.024875385570339813,0.0027367143920855124,0.03187586023705075,0.3999046254903078,0.5253495648503304,0.009398082540428686,0.0,0.02173133745714064,0.001425474637933838,0.027650961412745072,0.22110533704845786,0.2544827625664546,0.01183063199570646,8,0
2_433_u,0.0,0.12117626313120122,0.005705132015282241,0.039201271999627293,0.5698101490736007,0.2263335406780243,0.01229974126908922,0.0,0.09663027081339243,0.0060642666666738615,0.028459105159319945,0.22210022080087433,0.20245072936544897,0.01750406757017219,10,0
2_434_u,0.0,0.0075024848047178,0.0013258456213709668,0.3324958075148364,0.5385923840512987,0.11243676037217176,0.004912961487813484,0.0,0.006849345793852514,0.001055461560412858,0.35662115674941064,0.32024648577245857,0.1065881010779805,0.003671110163516603,6,0
2_435_u,0.0,0.05503611476160582,0.009168058750219591,0.06958720086258831,0.3080526265315711,0.35776963569223874,0.067702748440206,0.0,0.028854989855197154,0.00981211175200114,0.0818936439084327,0.21096278607211075,0.2983246539846294,0.06759848724017949,10,0
2_437_u,0.0,0.05584766799584027,0.00291654373286286,0.09157430276391092,0.28054962167516345,0.4016143573448062,0.00932977272314014,0.0,0.041136522359582,0.0013043725206615417,0.1085242076119134,0.1853244240395803,0.23861878847116905,0.013842194146086157,10,0
2_438_u,0.0,0.02283641593530769,0.00191253759548995,0.28597329212352635,0.3741661265492439,0.3013620384037494,0.00820317552424963,0.0,0.01937189262582587,0.0015250097257432458,0.2542974551265938,0.26472339924787697,0.2233619418258221,0.014946006244978416,10,0
2_439_u,0.0,0.02938502850010986,0.07669996253680432,0.10952498214319344,0.11692469841800628,0.4466943211853504,0.1883711061440408,0.0,0.028796282061144908,0.12572604488425393,0.1842119053820955,0.1350544564645363,0.2578034371960668,0.26004472277041407,10,0
2_44_u,0.0,0.02441739097703245,0.016535322763957038,0.01430592190008606,0.0439537226222455,0.805621686577797,0.054502386465901456,0.0,0.023794464621204645,0.015138998275751414,0.02322235795496062,0.022801057181223883,0.21502033011187272,0.11206510786841414,10,0
2_440_u,0.0,0.015103842644020852,0.00310992366576096,0.2576512255705893,0.588249309360981,0.12369974274188275,0.008310050109866959,0.0,0.01133561555015081,0.0030102520297068435,0.32903736210214585,0.2842270463652746,0.09484185920897971,0.011515705719263311,10,0
2_441_u,0.0,0.04964039886835958,0.0016778857272583398,0.00865786343347277,0.2298978589475155,0.6915733322501183,0.00110597270540887,0.0,0.058555556823402265,0.0006647505522846637,0.007396669749187937,0.2947480224607696,0.31831742378351585,0.0006262564655269482,10,0
2_442_u,0.0,0.02554807806154709,0.010171286354307037,0.07640369853470469,0.7162830680608749,0.12306050746701652,0.025490868196357,0.0,0.019558353633382302,0.023801912530443232,0.07085673624351616,0.1583796539788927,0.1048754407237648,0.03562046698770623,8,0
2_443_u,0.0,0.009113658219575814,0.004352114362908215,0.1980010334934507,0.6788049063512257,0.10021534216191082,0.004211521607690558,0.0,0.004500106167898012,0.0039028821985271356,0.2183170527857308,0.24038892312410093,0.08916925456059048,0.0024305802465409113,7,0
2_444_u,0.0,0.016411895584315023,0.026958848815411267,0.0012187214568256902,0.017634799471124958,0.8555103540420532,0.02776915378053668,0.0,0.017386701584358906,0.033998891338479595,0.0024231677446609973,0.014408294320155285,0.14757785197239356,0.04472872733400444,10,0
2_445_u,0.0,0.01791005907580251,0.0016220830235396902,0.014679803187027541,0.8748535096645356,0.07679127939045424,0.0088550577522255,0.0,0.00955987458323149,0.0012768759589159373,0.009043177384458846,0.07931453956754857,0.07382992245701538,0.007535299912945773,10,0
2_446_u,0.0,0.0259554854012094,0.01181600569980214,0.3070581172592938,0.4961901314556599,0.0791554128285497,0.06632327062543478,0.0,0.038430485500784185,0.02896562846551703,0.4365238339694387,0.4284455516592259,0.08761665907467817,0.1622976564727088,10,0
2_447_u,0.0,0.06559553015977139,0.00213536706869486,0.12366905482485886,0.6467899471521378,0.1424521159380674,0.00598994455067436,0.0,0.03740047887014957,0.0016298575051910671,0.15532499062670171,0.16417079119875233,0.12613755272830393,0.010243635108868315,10,0
2_448_u,0.0,0.00590171983349132,0.00135151207214217,0.4105629486730322,0.364546038210392,0.2125029636546969,0.0013311759452335,0.0,0.007398506935564166,0.0010037160403448615,0.3008604985840696,0.2040625833685877,0.23934570551665268,0.0006532011968383176,10,0
2_449_u,0.0,0.016934236644634143,0.09651166785624805,0.026190839940682,0.5918762651937348,0.22831934956567626,0.0282050310634076,0.0,0.015306614699911566,0.24729470800291237,0.02771108667947876,0.36526918788410667,0.26449154926758167,0.06457799305358847,7,0
2_45_u,0.0,0.011040334423471715,0.0018977628621671286,0.21403577152107436,0.714354042496,0.03583763227132809,0.01855699054431167,0.0,0.009835940303621114,0.0018381753908872946,0.2648321336240069,0.252344711986489,0.034785709678878306,0.03374049697934258,7,0
2_450_u,0.0,0.07970731835812325,0.00576366275199684,0.039141506585292474,0.6403092086315155,0.17393451249226924,0.015444124065106679,0.0,0.05530412609511774,0.0053345830092701605,0.08174524081313429,0.16228787207756928,0.1881590493132492,0.030409651445162836,10,0
2_454_u,0.0,0.02405224216636265,0.031238392554223497,0.026072140876203707,0.055035322345793204,0.6592392273247242,0.1948176662321202,0.0,0.02658525490827759,0.030006456963968132,0.05049680056409159,0.05355970420556051,0.2763037284236274,0.2361426051453146,10,0
2_456_u,0.0,0.10778219997882839,0.005734004400437625,0.015599427279084876,0.5927768647670746,0.20169348432682452,0.0107718503568321,0.0,0.08380336667722452,0.003144216244896504,0.01054498816876536,0.23292130922790644,0.14081675578103342,0.011094803347075398,8,0
2_457_u,0.0,0.0017428122470542998,0.0022531873983097834,0.8341922598580519,0.07940122178600474,0.07709546022427573,0.00459263260321065,0.0,0.003113343922723737,0.004847654812354362,0.38775650829601926,0.19157185429611182,0.18755329513859073,0.0011554481519974393,6,0
2_458_u,0.0,0.00697439543146168,0.00031271360858222,0.6468086466193199,0.27428321377374226,0.06991712166345673,0.00071611203020433,0.0,0.005731337844321347,0.00017276988404653246,0.33899525280139164,0.25684762729176996,0.11958300840089231,0.0003838697427594864,10,0
2_461_u,0.0,0.1759273125790059,0.010065749386558269,0.03484634524211282,0.4169692240655422,0.2750676486641168,0.028559963556472175,0.0,0.19085691315704473,0.01225275499304202,0.04698509126942119,0.23415107780146013,0.17485281944279688,0.0492949485463773,10,0
2_462_u,0.0,0.00965740336105224,0.00180332599556999,0.23629097007215022,0.6903008185327053,0.05501308939419682,0.0037208535301032795,0.0,0.00453040281580454,0.001358029693435823,0.34639687855776435,0.3307776461715077,0.05807060815683953,0.0036909983091976033,10,0
2_463_u,0.0,0.13887125495821234,0.05369734764099117,0.00745049795368682,0.14667093511670826,0.4031351078301668,0.23361859545111652,0.0,0.08904072446518081,0.08335956063370897,0.00521140672633885,0.15102404666631672,0.20863906994134043,0.24263943595695248,10,0
2_464_u,0.0,0.006799707235768381,0.00216063342522826,0.10397960320115085,0.7224481344223023,0.15953086763620372,0.0036970352288335,0.0,0.0035459842385695967,0.0016034034184832255,0.08052604572347817,0.11029962281798734,0.11550212631360428,0.0021753859652104825,5,0
2_465_u,0.0,0.03459332503844047,0.00102598512021355,0.4357251338660717,0.42025427031330764,0.09944960563443597,0.00256033635232592,0.0,0.030175920290194846,0.0012217776942744449,0.28635301541854813,0.2602905744326201,0.15076402077612158,0.002159272727017687,10,0
2_467_u,0.0,0.08113620877265924,0.07856008494272824,0.00546584320254619,0.14375379160046572,0.4474299311637878,0.19769318355247376,0.0,0.045751191162392874,0.04037727559183843,0.0018838558843911066,0.09020655333633858,0.11865084598334177,0.11337609262000306,10,0
2_471_u,0.0,0.02213044925592836,0.0025930627249180697,0.24954413929954167,0.5085174947977066,0.20596237936988468,0.006283235544105941,0.0,0.021641027319955895,0.0027060643547557766,0.19216745801888557,0.20640186108727554,0.278120058235822,0.009572944765550208,10,0
2_472_u,0.0,0.06063710305736292,0.008403668555224045,0.05807378970914409,0.5942469735940298,0.2494475758737988,0.009725182226652022,0.0,0.12141852686309657,0.010569825558172258,0.024583089376782694,0.29114051491885723,0.21106533056127352,0.011870289006839299,9,0
2_473_u,0.0,0.01001721981447186,0.00123397379647934,0.01608332125470037,0.8951954185962677,0.07466202266514296,0.0017967810214031,0.0,0.006797129450926602,0.0007605778625806258,0.012419051965234195,0.06444142869693789,0.04814898779097119,0.0009860399626577445,10,0
2_474_u,0.0,0.03780812334734942,0.00564366034523114,0.8280755341053009,0.0009111805586143901,0.11187182381981979,0.00306159653118807,0.0,0.05958272279747595,0.0074498133683522615,0.27434825020392656,0.0007394400233782497,0.18801888030091507,0.0021382248102282415,10,0
2_475_u,0.0,0.031891639926470775,0.0010127223504241,0.07078720050049012,0.8235465362668037,0.06046286399941887,0.003418005711864625,0.0,0.02980834867350713,0.0005694611361542284,0.09675840629807547,0.14693170493325783,0.04190670630891588,0.0025391937481597884,8,0
2_477_u,0.0,0.01142175908607892,0.001013488651369638,0.6169591664336622,0.33871517698280507,0.024001793703064274,0.0051799238499370005,0.0,0.011868151753420755,0.0011077986258896722,0.4302483844743979,0.3892191062984725,0.02959587507871302,0.013373447425698503,10,0
2_478_u,0.0,0.01242283275350926,0.01434294723439956,0.09379144348204131,0.6153704270720481,0.2365490652620792,0.00972461970522996,0.0,0.005318915931351773,0.022150231423772163,0.0795007860640036,0.31748602089369204,0.31780394747061336,0.010241200579195949,5,0
2_479_u,0.0,0.01842813771218054,0.00109667366486969,0.06626654202118512,0.8345929980278015,0.07118809912353749,0.0040277369495015205,0.0,0.017429395334533363,0.0009701962174677669,0.09195506945033763,0.13779033542873598,0.1013516615889356,0.0044222483960181715,10,0
2_48_u,0.0,0.0852890403650235,0.04615834381838791,0.28055928843095895,0.07936537509085606,0.38622987357084637,0.06628084143740122,0.0,0.10873744705415814,0.096276529682242,0.4002709309866642,0.10528066393498883,0.3227729540272684,0.12858212796564816,10,0
2_481_u,0.0,0.0076069489587097805,0.00443000572267915,0.00755490614101284,0.35338380336761477,0.6221311956644058,0.00067720946390176,0.0,0.001725470412950472,0.0017768320312877587,0.003920256800179119,0.18848546121759718,0.1916318915300297,0.00033543654921168177,10,0
2_482_u,0.0,0.06597530059516425,0.00465121459856157,0.053363342094235065,0.5466719668358564,0.2647573202848434,0.04352878671488721,0.0,0.06486602175134373,0.0073941803769319945,0.06996345238475651,0.3004220142544352,0.2464522356060515,0.0890605672438919,10,0
2_484_u,0.0,0.030773406662046848,0.0024420279252808,0.02142664974089708,0.8429967939853669,0.0927727782167494,0.0025523920136037797,0.0,0.02135128570939514,0.0019000460745259426,0.021722610586954787,0.13196194964640423,0.1312854699956611,0.003383246205588275,10,0
2_485_u,0.0,0.01143072482664133,0.02771060439699789,0.44030491090379653,0.27074635513126843,0.02388685641344633,0.21791237506549802,0.0,0.01641479189316681,0.05007022289448977,0.41518147882681056,0.35730307677975265,0.03826150962123934,0.29892493871725057,10,0
2_486_u,0.0,0.02818375097122039,0.00991077951621258,0.45617058962816365,0.07548373051686207,0.33012813977547917,0.08832430675975042,0.0,0.034400464235320165,0.019011558420049222,0.4755430887921956,0.16526718421855088,0.37778099047672825,0.22430930180942962,10,0
2_487_u,0.0,0.0253300751662916,0.016575142146191598,0.08838698247240644,0.6255994008647071,0.1994294499357541,0.03485011304211282,0.0,0.022274954639112287,0.017831891129135528,0.09046248464155335,0.12075329558389858,0.06960270935041889,0.0441903265324181,9,0
2_488_u,0.0,0.0201829267200082,0.1615908230654895,0.00527535837609314,0.029806422226829422,0.49601956102997063,0.23865456904750318,0.0,0.016323194752293366,0.1945962642346945,0.005702764215820958,0.0166883730010936,0.352256516581241,0.2093665151804867,10,0
2_489_u,0.0,0.018286347803142276,0.002517346331539211,0.21903772734933424,0.6683858897950914,0.07783618900510995,0.009663896790395123,0.0,0.009700826655437696,0.004026728414476053,0.20149170969230654,0.20725827829499688,0.09281973459297785,0.010061845212134171,9,0
2_49_u,0.0,0.04145520627498621,0.00335547244758339,0.02783273023087527,0.7839570581912995,0.12447203584015365,0.007460148166865061,0.0,0.05623919345967714,0.003091636847047928,0.03254919119259829,0.16942026549509995,0.12566590445278417,0.0065633770945820475,10,0
2_490_u,0.0,0.06622590553597543,0.00647684739669778,0.6908351285615936,0.11467167341616,0.034530276182340405,0.04057883452624078,0.0,0.11005367480259215,0.013493199852154771,0.47319508336442995,0.21254045445211264,0.05624427976118093,0.08876147652095846,10,0
2_491_u,0.0,0.04800899309338999,0.0130124628412886,0.0195525539165828,0.524788617331069,0.2161986115388572,0.14496703958866414,0.0,0.05419144387905888,0.01684052020240735,0.021228683196766535,0.32154511937860936,0.1909085636795045,0.2965346055874098,8,0
2_492_u,0.0,0.01319522233679887,0.00127407652616962,0.09819860449060794,0.7858020901679993,0.08921171240508552,0.00765472300990945,0.0,0.006461551918156504,0.0008878549651354465,0.1220957438790325,0.13451800041131246,0.06719537543653725,0.01829778272578653,10,0
2_493_u,0.0,0.03776420657393621,0.0018799382443022,0.26774336340733695,0.5250195577488436,0.1314302689473455,0.002211888715262578,0.0,0.029353297774945872,0.001405712429167418,0.3718441437281054,0.3241872547948682,0.15327676634138354,0.0023504192786464166,9,0
2_494_u,0.0,0.03617346645332867,0.01525839380337852,0.0300353814847767,0.7604902431368827,0.10509042721241708,0.026580031239427582,0.0,0.04394470017562876,0.03564083465367514,0.024787276379509296,0.2523889617641282,0.13324684919149826,0.06346951326776236,10,0
2_495_u,0.0,0.032449763682153444,0.12146974754998355,0.12702005297695798,0.47023336299591595,0.12342566810548303,0.08112302132778693,0.0,0.02358400474156411,0.2449417657873299,0.2615736377034333,0.3382079031629485,0.10770907196072713,0.1554225025314264,9,0
2_498_u,0.0,0.05404941746965046,0.0013143355841748,0.04241204578429456,0.8348120629787446,0.05786939710378643,0.0035613419517175698,0.0,0.05296000841228928,0.0006025239303258934,0.05432204842067434,0.07129310658566515,0.05189801065073934,0.004174338126748555,10,0
2_499_u,0.0,0.030411708727478937,0.0037331294210161403,0.37729750573635096,0.2755913089960813,0.27992978459224105,0.029364137188531418,0.0,0.04640541362522887,0.0044119241624803514,0.23005198051090403,0.1859447043093255,0.18438758481874667,0.05415980942210507,10,0
2_50_u,0.0,0.05977926303166892,0.02421153773611874,0.11202622421551492,0.3374142497777939,0.33525702394545076,0.04697559059713964,0.0,0.03613537875116388,0.050812729675175826,0.26365383773023393,0.28971148747904407,0.19396504752061516,0.09410088744244188,10,0
2_500_u,0.0,0.021650811052596555,0.004528475925326288,0.2681974648084078,0.622012445030527,0.068143011484709,0.012771907669957679,0.0,0.021740304178973595,0.007049549004348232,0.40652398575614845,0.3548394690734396,0.04992452267119926,0.0250546651444235,9,0
2_502_u,0.0,0.013673348300572843,0.001647222651323889,0.4503313031875425,0.4897305659121937,0.03483925431242412,0.006450600747484667,0.0,0.009255401515842568,0.0007913837864046653,0.3004656179170159,0.28298446478957884,0.017148059615309973,0.008680705428569652,9,0
2_504_u,0.0,0.09181834792252624,0.010818925520288711,0.4425127766095101,0.04449620206141841,0.29262394004035736,0.10135171764413822,0.0,0.127983881691912,0.024435201067969224,0.43951118587981697,0.047141861903080146,0.305568605991697,0.2719454726517191,10,0
2_505_u,0.0,0.01818118416704232,0.004881095513701391,0.06985584662761535,0.3156639080494642,0.5181233078241348,0.00966231303755188,0.0,0.015028507679133097,0.002029984354525533,0.06033291587416799,0.2552663044927884,0.29492687781661,0.005850876990411087,10,0
2_506_u,0.0,0.05203737041447308,0.02049165666103358,0.0867281573126092,0.3200595028698444,0.41406400948762895,0.057525054336292625,0.0,0.07386690252981337,0.042681293135082767,0.08814952069500795,0.1859072920803349,0.1997860405423633,0.14590336953280578,10,0
2_507_u,0.0,0.01080165232997383,0.00177460555569263,0.29375410247594114,0.6056702256202697,0.0694890165701508,0.00557913595112036,0.0,0.004858164752334866,0.001073291094664826,0.19928381614818727,0.22820391525779693,0.050710289509745446,0.004822275274366846,10,0
2_508_u,0.0,0.05155524425208563,0.0029716148099395803,0.02591690281406041,0.7225660026073456,0.15681432411074633,0.00374550890992389,0.0,0.04725385528270838,0.0030842915075357407,0.016714386495170496,0.08276591051682118,0.1139505086619653,0.004060860433366615,10,0
2_509_u,0.0,0.06938363909721368,0.00269936854019754,0.02419685497879974,0.7623515367507935,0.1303897716104984,0.00282829328207296,0.0,0.07070509878038292,0.0014134002382752916,0.009753492902980498,0.12226048030274181,0.0673033007186872,0.0019749614338079218,5,0
2_51_u,0.0,0.10183715485036368,0.00858736984664569,0.32267589606344693,0.33516127169132226,0.14067081604152915,0.05206869463436301,0.0,0.10485551163219968,0.006817739997330009,0.23251246196878486,0.15623817326036732,0.10068395304157277,0.07834412158555067,10,0
2_511_u,0.0,0.0681570240994915,0.024110773974825812,0.16507714375620702,0.3292479990050196,0.2761262182611972,0.05863313604277206,0.0,0.0453881196551193,0.02463432849821738,0.30969809663057213,0.19081993702076755,0.2599443621053259,0.06242745528064349,8,0
2_512_u,0.0,0.04681560564786192,0.00439298329292791,0.11115763941779729,0.6960298418998718,0.10383802251890299,0.01260519144125278,0.0,0.035845846604046216,0.01069998202622759,0.1192389569023508,0.19072916498895653,0.10521269509903654,0.030045526421431934,10,0
2_514_u,0.0,0.01764602409675712,0.00596911890897894,0.07390911616384979,0.6572923868894577,0.11410110518336292,0.12248862739652391,0.0,0.0141702056493301,0.005211106312528988,0.08854992774579828,0.1921042898820301,0.06927790406362187,0.14980342007739814,10,0
2_517_u,0.0,0.011958118248730859,0.00068725893797814,0.49034709148108957,0.14586629727855321,0.3472032714635133,0.00092317664821161,0.0,0.008118204760214142,0.00022713185215704633,0.31946656422240804,0.1508271269407192,0.36520043533959345,0.00041924155569783534,10,0
2_518_u,0.0,0.1344283716753125,0.00428823102847668,0.01080183638259764,0.5812997207045555,0.10575398076325651,0.01059851967729623,0.0,0.08473014730620052,0.0030506389249714016,0.010306103471062176,0.2697333740732081,0.11760668112166915,0.01703596625916777,10,0
2_521_u,0.0,0.01133632252458477,0.31845472473651165,0.04903264087624844,0.0089790396537864,0.01568551845848556,0.5381893545389176,0.0,0.01403965010415161,0.2191715795302154,0.13063275721661877,0.021881181365574653,0.0060742242704740395,0.20134155127769793,10,0
2_522_u,0.0,0.07852305304259058,0.00170824581873599,0.2289316605776548,0.4587449535727501,0.1930317502468824,0.011232144362293129,0.0,0.06264728486168052,0.001238664053197061,0.15684443816875518,0.2861438459179027,0.11687912501204802,0.009027915701979012,10,0
2_523_u,0.0,0.04765062890946859,0.00923024724470445,0.08879529645200815,0.5632195010781288,0.16088025588542218,0.044403491052798894,0.0,0.023767122798894834,0.01397190033036144,0.1762471395631624,0.2929983878508545,0.20116561794481586,0.07446125800011798,10,0
2_524_u,0.0,0.03528069972526276,0.00199862090521488,0.16558412658050653,0.6909255981445312,0.08783756420016285,0.0037014900386565805,0.0,0.0433343388352578,0.0016864146490309234,0.18395837763530168,0.168122400480755,0.07470185537424824,0.00496433729169835,10,0
2_525_u,0.0,0.02108854893594975,0.3310403086376027,0.10415798912290479,0.02316752831684421,0.1153933215886354,0.4004338845377788,0.0,0.015541540037869703,0.24000250800918524,0.28348683481993475,0.026277516906508504,0.10422376304245462,0.3376147400059866,10,0
2_526_u,0.0,0.0128787004699309,0.0194818640593439,0.1322729618599017,0.6650261282920837,0.1311540727814038,0.025666272888580935,0.0,0.0045248574664043095,0.01942917740155519,0.11099012386990421,0.13673799006894272,0.04572797411084986,0.00712227984951065,3,0
2_527_u,0.0,0.02028644348029043,0.03599598985165352,0.13266363816801455,0.1945276860147714,0.04262977167963978,0.5676053266972303,0.0,0.017248624517360613,0.02144065501518269,0.16294205093077738,0.2832224232142426,0.05322030393419057,0.3012828856566204,10,0
2_53_u,0.0,0.02353594098240133,0.00826227966463189,0.0035753462929278405,0.09680453138425943,0.8489706873893738,0.008052665443392419,0.0,0.014866028685318881,0.012111737525581017,0.00515279873326547,0.09035149024416644,0.1318666239180454,0.012265632868172246,10,0
2_530_u,0.0,0.01455608634278172,0.0013735568412812,0.07899719709530467,0.8194119900465011,0.07435077382251618,0.005488255782984159,0.0,0.00625935211375851,0.0010989999301539357,0.16534104656108103,0.17093476678379138,0.07276229165096991,0.005629538045304091,10,0
2_531_u,0.0,0.07827194626443086,0.0055718319956212705,0.03721730658435257,0.27383693307638163,0.4558406462892889,0.12610719360527578,0.0,0.08724521584737384,0.005296874453500252,0.05844931682252629,0.29163485432238145,0.34353183884894856,0.21192642266643727,10,0
2_532_u,0.0,0.03403836386278269,0.00477717630856199,0.08357211598195131,0.5823417112231255,0.22340997401624912,0.01405667914659712,0.0,0.018675319107234353,0.005113186781067708,0.14319330673177944,0.22701957962399316,0.20247273206453817,0.017934054740006835,10,0
2_534_u,0.0,0.01996909999288613,0.041659063333645406,0.35450592208653686,0.04403376438422123,0.38034637691453094,0.15465211009141056,0.0,0.021626391273330214,0.05147082567622262,0.3817532419953486,0.11182530584651632,0.3732534685765569,0.21260482368470593,10,0
2_535_u,0.0,0.0175926203373819,0.013605029333848462,0.03464677003794344,0.01683042068034405,0.8774457812309265,0.034478647680953114,0.0,0.012999235393066763,0.019408760089217412,0.06506392370331852,0.012504331324949297,0.15243621143126035,0.05019629693588868,10,0
2_536_u,0.0,0.00308210705406959,0.00085982376476744,0.00353250638581808,0.06209757551550862,0.9287196576595307,0.00041651860228733995,0.0,0.000537884482355569,7.726967714166671e-05,0.0006612313144605847,0.022945152565432683,0.02385380075887649,2.9309773478231683e-05,10,0
2_537_u,0.0,0.0515468185767531,0.007628472958458521,0.02152576202061023,0.7036004140973091,0.19141096463426943,0.00406233077519569,0.0,0.052859637889462276,0.01833844125278841,0.02332524265590525,0.3116505063915468,0.25592292285761425,0.009003202317525482,10,0
2_54_u,0.0,0.23899686045479024,0.007526498485822179,0.02287180905113921,0.0858762588119134,0.39325447008013725,0.015931639765039987,0.0,0.2123238209974453,0.0055374295163519325,0.06304359267064409,0.11246644919488999,0.35019976965357474,0.023517944023388516,10,0
2_540_u,0.0,0.020807293554147052,0.0015173843777220556,0.0041259130359523445,0.5895331667529212,0.37806036820014316,0.001643687810024411,0.0,0.00956368705609914,0.0003807401883884751,0.0012485305411237583,0.20665164498508573,0.2023048382140188,0.001126724127102362,9,0
2_541_u,0.0,0.016105675415019463,0.0029172562826715372,0.4783565328616532,0.061006930438452345,0.4099025648756651,0.00367251423085685,0.0,0.028335766389987103,0.002942765515380402,0.511583861778947,0.1238118679160582,0.44406052378460675,0.003157274261831392,8,0
2_542_u,0.0,0.027575450926087743,0.01615396972629237,0.02101461054990063,0.02911578295752401,0.8463816404342651,0.05602309196838172,0.0,0.03597389436614991,0.021709830716904143,0.06322820961963212,0.03261560410806382,0.21229015663623974,0.10831835185815376,10,0
2_546_u,0.0,0.05195939647965129,0.012667963810963509,0.2669827841222286,0.3803070105612278,0.14215586446225642,0.12256618725368751,0.0,0.05904285507970454,0.024150944055285888,0.31413472382770224,0.31613009831803024,0.14326522048232243,0.24805607013064165,10,0
2_547_u,0.0,0.07392448969185347,0.00561600450891995,0.00180067444453011,0.26784264910966155,0.2230794984847307,0.01828935482772062,0.0,0.043231693221781914,0.005470913823760656,0.0013104585672917607,0.27780071811612195,0.27304645523981935,0.033809099508341274,10,0
2_548_u,0.0,0.0004472812492167,0.00027919957356056,0.9894635677337646,0.00410945614567022,0.0051477415952831,0.00031643142865499,0.0,0.00035048856655096926,0.00010106648824909233,0.005156278179217074,0.0018163146908442918,0.0036585023528998475,0.00013280523444702953,10,0
2_549_u,0.0,0.017895028305550332,0.0033357494200269,0.4814871549606323,0.40926068524519604,0.07499740521113073,0.008793701572964533,0.0,0.012159963075173193,0.0021224764668997076,0.19472619923528842,0.18185059418914953,0.009084754819779021,0.004463081130969801,3,0
2_55_u,0.0,0.026006449182750628,0.00161095297225979,0.11861752285622058,0.4256955561228096,0.4126437655184418,0.00687658167298644,0.0,0.014556056664401084,0.0008801552975664832,0.3076208173007294,0.22738278420729086,0.22016641668668843,0.006711190938268123,10,0
2_550_u,0.0,0.02001862330362195,0.00630525494343597,0.34877960474696007,0.3523727465420961,0.19320305883884425,0.06378583916230121,0.0,0.012838487608902202,0.01092796974072664,0.37867615189422354,0.2810960031271787,0.15551614688700077,0.1367607732387904,10,0
2_552_u,0.0,0.17536870725452897,0.02065109601244325,0.3040401970269158,0.02987095834687347,0.23664577454328534,0.01098810210824008,0.0,0.15483599503894083,0.0149842080097983,0.400884223827213,0.021792180800961028,0.16082047326418047,0.006843639210751515,10,0
2_553_u,0.0,0.0741955608595162,0.0045840497885364494,0.0060374616849003,0.018630921514704767,0.8524167597293854,0.008105299295857491,0.0,0.09678440736010308,0.003942635910428098,0.016447114415810895,0.030081293771786387,0.14742967968707726,0.013704769322883243,10,0
2_555_u,0.0,0.00504853178863409,0.02926907669025236,0.6457674069330096,0.062288807088043505,0.01978282479103651,0.22816167647251856,0.0,0.004697893623606524,0.04666175666728475,0.4384191988942743,0.09684273536058301,0.019857798802480817,0.3468063024482145,10,0
2_556_u,0.0,0.05017100139521058,0.00536092373076822,0.01063730008900161,0.7331911772489548,0.1654977265745401,0.01560254186624655,0.0,0.04778532608557751,0.007910885164672572,0.010213146910835604,0.2168417725535619,0.14695194658223687,0.02954352017640763,10,0
2_557_u,0.0,0.01688518640585238,0.02144208156969394,0.00055057838326314,0.02835657680407162,0.8382193386554718,0.00960135622299271,0.0,0.013942142071975349,0.018433835555864447,0.000423249269238524,0.057724330530337785,0.10667551079687708,0.014549209738072087,10,0
2_558_u,0.0,0.0248193180537782,0.00657653297530483,0.08082427815534168,0.26341029927134507,0.5251937657594681,0.03059106476139272,0.0,0.03125885485434181,0.006921158261544133,0.12182333117152885,0.3052116672066117,0.3550118296577716,0.055812171362418374,10,0
2_559_u,0.0,0.015100132301449732,0.4362453378736973,0.01840108002943448,0.0195471516344696,0.07371396003291006,0.4191815033555031,0.0,0.004520111788419359,0.17900821195492944,0.02902542131736172,0.024403973701179107,0.07803278061946545,0.13860453336666456,10,0
2_56_u,0.0,0.00243770762172058,0.00045703600044357,0.9565106570720673,0.0252170251536881,0.01079249360918761,0.004143859073519661,0.0,0.006441514445844255,0.00032440608283274507,0.11596628756528851,0.07768532948824088,0.031718189003231874,0.004580707459603208,10,0
2_560_u,0.0,0.11286868096794929,0.00857466178713359,0.01956194845843125,0.05465934855164957,0.7256427071988583,0.018198137060971897,0.0,0.17738154354386357,0.012480958132334243,0.039724684440582345,0.10444773327305137,0.34237053176535776,0.029335302364534226,10,0
2_562_u,0.0,0.038443214446306176,0.01778116327477615,0.07777014160528775,0.39122440293431276,0.34917465690523386,0.10744079207070167,0.0,0.017564887825740675,0.025141152365833346,0.0897861967122587,0.2350623630896031,0.34442937295354,0.15075562316129762,10,0
2_564_u,0.0,0.27665382772684094,0.00941757531836623,0.06476788497529919,0.2854547016322612,0.1434704422950744,0.013167861779220368,0.0,0.10044090335028129,0.0043031387090483346,0.0784943908282432,0.1539433347696409,0.1920428269202448,0.007467870723409362,10,0
2_567_u,0.0,0.00668229667935516,0.00189226860529739,0.48082669503055514,0.23916022889316083,0.25737025886774056,0.0021837753476574703,0.0,0.008606499576060363,0.0010384968939363207,0.39141912981012894,0.21200579815544182,0.2022076350362548,0.0012494253613253112,10,0
2_569_u,0.0,0.09508039988577362,0.3305599525570869,0.00956679198425259,0.10951576675288374,0.3056097283959388,0.1099035501480102,0.0,0.05045037077356601,0.159284789005186,0.005171439601764769,0.06625867454440752,0.08227948566660574,0.04188628448372614,10,0
2_570_u,0.0,0.046260805179675374,0.03959613964737699,0.016162271895963243,0.5775731553634008,0.24118849097026715,0.06684058467443614,0.0,0.023397453640418217,0.10329823342945814,0.028389741806762573,0.29596583539546895,0.23040696420523457,0.1391291252969464,9,0
2_572_u,0.0,0.055288361664861396,0.00958154855179595,0.031878759805113024,0.26204274687916035,0.5559384807944298,0.037776039057644026,0.0,0.0547903096463245,0.012019708214204582,0.0331645626122814,0.23965555642768108,0.24640517008732302,0.08959419170519271,10,0
2_573_u,0.0,0.03835831105825485,0.005721771571552349,0.10400259990710763,0.6616546904668212,0.16079463399946686,0.025104845536407027,0.0,0.024745874954238127,0.006556057789934313,0.2966364458430119,0.2866361481194604,0.14971039168180558,0.03218827213901606,10,0
2_574_u,0.0,0.03632998906282909,0.011772382681051023,0.14198877579636038,0.45403367405136424,0.31990435781578225,0.009208190591177966,0.0,0.03216715441533264,0.007408979066091287,0.15845676029389932,0.3126856328705177,0.28850648448408417,0.008150916926860409,9,0
2_575_u,0.0,0.1980587905156426,0.00682301181659563,0.42983028953894975,0.2121412206441164,0.07215687893331046,0.07264629048295315,0.0,0.32266319753501477,0.012354896642388797,0.4465560718346465,0.3618569816745256,0.09885433080944732,0.17825643978039168,10,0
2_576_u,0.0,0.057763437088578895,0.011023657722398609,0.0038103847589809102,0.08729606894776219,0.7949026226997375,0.006767549435608031,0.0,0.054579409608690906,0.00943950545903886,0.004331254990534302,0.09449257916567365,0.16185358788368784,0.006785371308331535,10,0
2_577_u,0.0,0.013765175291337032,0.00616525911027561,0.023425352433696343,0.13651118427515024,0.8061203718185425,0.009808413265272941,0.0,0.011973298628285467,0.007878003124338685,0.019852073055845427,0.11215836022571128,0.12605101205992872,0.013191713602059632,10,0
2_579_u,0.0,0.07147292755544182,0.03348102392628785,0.14516810466302554,0.06800490736495698,0.24371737763285636,0.4076452534645796,0.0,0.07182564273989353,0.0222679186964627,0.28204863163310956,0.09013123879924155,0.1474949210218778,0.3229381339678097,10,0
2_58_u,0.0,0.00064866527391128,0.00045540150895244,0.9967766106128693,0.00045455099898385,0.00081890274304892,0.00046517112641589995,0.0,0.000421337598848372,0.00021512388174540565,0.001277998799042404,0.00010647715713642508,0.00029309496570226407,0.00016242853881166762,10,0
2_581_u,0.0,0.12791571662657789,0.011795079529595822,0.06003632924209033,0.4030306703514523,0.2637387671404414,0.05174835799779325,0.0,0.11461128432187329,0.010568168710087335,0.05248165195111277,0.26318225120959043,0.18782608140213444,0.0566309454931831,9,0
2_583_u,0.0,0.02056449977681035,0.01668061010423112,0.11333804375802474,0.5681257272760073,0.24001974798738956,0.019902390107745267,0.0,0.014428926826916287,0.02580893259874581,0.1855631995298737,0.3315897443472524,0.21911418630913707,0.02727333641240784,6,0
2_585_u,0.0,0.06137917116284365,0.0023185461235697797,0.026511762011796204,0.18075199685990806,0.6862524688243866,0.018164072069339402,0.0,0.04327929596783222,0.0022051209799194772,0.03224507661620723,0.12321411975684278,0.17633940000127027,0.03579776846604706,10,0
2_586_u,0.0,0.02389122510794545,0.015579884377075309,0.23894348870962853,0.5539601415395736,0.13543548956513402,0.02227171536651436,0.0,0.023226763073529416,0.040651150087303,0.30666424747345905,0.29677498622646503,0.15920896573255228,0.05673300421275655,10,0
2_587_u,0.0,0.01179441944696004,0.01421789455343965,0.04268891345709558,0.7647511780261993,0.14061428438872095,0.01138697441201654,0.0,0.005517173653651504,0.024772824370682234,0.03246066484527845,0.19345594331787594,0.16547370242203666,0.017518394745305806,10,0
2_588_u,0.0,0.07665653675794598,0.00397419136716047,0.01793801586609331,0.30172069333493706,0.44718606024980545,0.00686576084990515,0.0,0.05822330624560858,0.004272718468689696,0.016583774767309965,0.1663989188477501,0.2690227390300311,0.00822923569961972,10,0
2_589_u,0.0,0.00999418459832663,0.003567420810993186,0.039317241470728556,0.6571734164442334,0.2784908669335501,0.007132378639653285,0.0,0.007025708838354856,0.0024849468838779487,0.03298264104038594,0.2628222957638883,0.24281606610817266,0.00494390709051093,7,0
2_590_u,0.0,0.12612016787752506,0.00166785658220756,0.06307198163121934,0.08743805401027199,0.6878376036882401,0.00275337293278421,0.0,0.13660555700651159,0.0007305123089883864,0.1281498882153507,0.07245904971038603,0.24331431102154044,0.0023918921439142525,10,0
2_591_u,0.0,0.01100857411511235,0.00494143995456392,0.35201779305934905,0.40487233325839045,0.13790765404701227,0.0866822911892086,0.0,0.0075952822885335764,0.00569363180794857,0.24508782613245975,0.24798945361732933,0.14966496233396376,0.16515134098804965,10,0
2_594_u,0.0,0.18103448078036305,0.00724857801687899,0.04550795599352563,0.17898700889199967,0.27935291491448877,0.035189069295302,0.0,0.11273848500366439,0.00491831340519615,0.08297764118200542,0.2181724607126398,0.25096656551827984,0.02653493625523866,10,0
2_595_u,0.0,0.05182139594107861,0.00234415273298506,0.06897056233137841,0.6947980403900147,0.16561619658023113,0.0035277239105197997,0.0,0.026327296470302974,0.0014980995138156536,0.06027740995828671,0.12863353220924728,0.11460320732344426,0.003772208353870093,10,0
2_596_u,0.0,0.013322582798233833,0.024883847969855752,0.16314947884529826,0.4553332249633968,0.04481676065673427,0.29514787088555744,0.0,0.017659716232097097,0.03356732891760255,0.3820192720536841,0.47039794065996643,0.06584728403045612,0.4542951456294703,6,0
2_598_u,0.0,0.03783194941934195,0.00907588931659115,0.4342446511145681,0.21380734583362934,0.2695060644764453,0.0139770409732591,0.0,0.04560128735218769,0.015586379633895807,0.33945028923259857,0.16356403095550448,0.3037415656278848,0.018999841581555335,8,0
2_599_u,0.0,0.007175817707320613,0.00307658987003375,0.07961598003748799,0.8518271520733833,0.04225265409331764,0.011896099043951775,0.0,0.004781555172028018,0.0048957095390215815,0.08633968738292974,0.12817464548185797,0.02698520571002656,0.019005984166531743,8,0
2_602_u,0.0,0.1210099637508392,0.00573891405947501,0.0039852905669249,0.24998741857707496,0.41751734390854833,0.03538440135307605,0.0,0.07512297793525256,0.003963522542638787,0.0018743858726749817,0.20524605797513631,0.2018715575850891,0.04944633016192389,10,0
2_604_u,0.0,0.015265936497598833,0.0017601229192222834,0.05482105817645782,0.8316627442836761,0.08869103870044148,0.002695711019138467,0.0,0.007326690588084266,0.0015390732568323765,0.05287871033145179,0.15048683632776275,0.09033529951776334,0.002216490244997408,6,0
2_607_u,0.0,0.050927961478009764,0.00423138064797961,0.0378634898224845,0.6382269412279129,0.20314515307545658,0.00380002852762113,0.0,0.05356384630941999,0.003987932601195849,0.040492796135593555,0.1263853011799289,0.09653101872970823,0.004936332782331381,10,0
2_608_u,0.0,0.10770695852115748,0.0023640798113774,0.04325635079294438,0.758151313662529,0.06544882096350188,0.01312797586433585,0.0,0.1017382004428378,0.004772975584260718,0.028634743359365923,0.13803562330958052,0.02752055993894241,0.030060729162144667,10,0
2_609_u,0.0,0.02576469697523857,0.0041726330469827695,0.2750149570405483,0.5264902347698808,0.147090695425868,0.0054088546719867295,0.0,0.025841377594284804,0.003940710108321,0.3144654450239842,0.3242800585604798,0.1652974903278099,0.004177266085583174,10,0
2_611_u,0.0,0.00194467356777747,0.0011116732610389,0.9920889794826507,0.00038143450801721,0.00184396725380788,0.00210275197168807,0.0,0.0009223850091653444,0.0006483198138699673,0.0037405576268590463,8.220011739315827e-05,0.0011146399214152598,0.000979073791589983,10,0
2_612_u,0.0,0.01543729740660632,0.0044787444057874,0.1042564965318888,0.5480535393580794,0.29521124083548783,0.02556196991354222,0.0,0.010214514112766361,0.004332822575434863,0.08163593346523457,0.25219777328970083,0.2863129926939023,0.05567993721660642,10,0
2_615_u,0.0,0.0034250870608956998,0.0015473762643523,0.7128774408251047,0.13353369644610208,0.1439349153079092,0.0027174507558810996,0.0,0.0034526644453548192,0.001934523850494336,0.3494796267371788,0.1847646748707223,0.28716183129468614,0.004622515540731629,10,0
2_617_u,0.0,0.08541594184935089,0.00437507228925819,0.0058653185027651,0.3873823814094067,0.4325952433049679,0.00634839390986595,0.0,0.04577118122138345,0.0021767373421768565,0.005633228061228187,0.22193133159966283,0.2366985665101721,0.008708400594793568,10,0
2_622_u,0.0,0.04676891382162763,0.0029486458030683997,0.1288004584300021,0.4492710555593173,0.3531287262837092,0.0076705499862630665,0.0,0.04126224029264978,0.002200770565938272,0.16042338425729158,0.19588929880816391,0.18838120658962831,0.010769475651111898,6,0
2_623_u,0.0,0.009328953246585971,0.0008159423014148599,0.6074197981506586,0.33386526182293885,0.04103668835014102,0.00347962714149611,0.0,0.008824222504677686,0.0006228674491624257,0.29637582971842524,0.27791033642188706,0.023858554673456673,0.0027969484574212715,10,0
2_626_u,0.0,0.16198652107268569,0.00303829152835529,0.17753896830836308,0.0349774230504408,0.5767693012021482,0.020811808286816752,0.0,0.1713354044618761,0.003227046456486835,0.2997190936271086,0.03640898957641465,0.37689800643545307,0.03110881773604798,10,0
2_627_u,0.0,0.02333931159228083,0.01053062291466626,0.01320933159440751,0.31880467142909763,0.2569166107103228,0.36287665627896787,0.0,0.016710896160814528,0.014081096541111735,0.012845901176649929,0.3122279309850341,0.2668542126033038,0.40503956994719786,10,0
2_65_u,0.0,0.022081588255241473,0.00256359198829153,0.6570037692785263,0.2717506721615791,0.02350540156476195,0.011176032549701589,0.0,0.022326068970562066,0.001359602106668421,0.14110916070833987,0.11261170620403542,0.019434074031069816,0.0062573925879573725,10,0
2_66_u,0.0,0.007086715873447211,0.00395687241252739,0.5017439478076995,0.37109707323834296,0.10781439124839376,0.00296282436174801,0.0,0.006745811932172233,0.00891919878009759,0.39863363510607736,0.33254687628191276,0.13426534006594737,0.0043993285321779355,10,0
2_69_u,0.0,0.0208286880049854,0.03634150337311435,0.08924630419351157,0.49294187035411596,0.27558314986526966,0.0630578711512498,0.0,0.010258138086001185,0.09225657635243875,0.189346922000102,0.37963146033182643,0.28916650587314624,0.12178589653638393,10,0
2_7_u,0.0,0.005977464350871689,0.00267913097632113,0.652488911151886,0.023461613623658128,0.3031367232557386,0.0065092471428215,0.0,0.004971536545149834,0.002901118462536227,0.3955381982712054,0.029170475922007364,0.37567348341042933,0.00547551251560183,10,0
2_71_u,0.0,0.01674719555303449,0.012509134603897059,0.1488796707242727,0.5111692100763321,0.2745032615959644,0.02202605672646309,0.0,0.009611466814009572,0.01799315192955749,0.10428909114485345,0.2079640089265158,0.15421918526565923,0.015431286865459788,10,0
2_72_u,0.0,0.00621479222318153,0.00203748256899413,0.25774069888284423,0.051077117002569096,0.6751610539853573,0.0035050247446633404,0.0,0.005082679497519871,0.0017933796790916305,0.38285000767246086,0.05469894675126356,0.3975673931127198,0.0024964541873975033,10,0
2_73_u,0.0,0.021208613691851418,0.01624901772011066,0.1029026386328041,0.5970476418733597,0.09551306143403047,0.13132570262532678,0.0,0.017919293629128332,0.021831727790535885,0.11121696656431891,0.28530387893488635,0.0804508395608758,0.21657788355669996,5,0
2_74_u,0.0,0.012968190753599559,0.00129981797945214,0.5166731419041752,0.34928550682961934,0.10916887074708936,0.0038803068222477604,0.0,0.013787244690338337,0.0009284041083288039,0.3635662583092544,0.32340899546233143,0.08711022124602644,0.004526830614681024,10,0
2_77_u,0.0,0.059763699094764845,0.03453810867504213,0.34668030478060247,0.3012632780708372,0.18224697159603234,0.02285879507544445,0.0,0.05594269942107253,0.05435409625556186,0.3625861772191475,0.28764177743511193,0.19304592612064544,0.034379405753322066,10,0
2_78_u,0.0,0.35261135697364804,0.00618626449722793,0.05003097085282202,0.2197771422564983,0.12936082556843756,0.009104140184354,0.0,0.07345086073814637,0.002252760029144749,0.0753092382500453,0.10852945335201156,0.11050421208983259,0.010342140586612874,10,0
2_79_u,0.0,0.11528432518243785,0.00106550229247654,0.02839800356887276,0.6644421488046646,0.17066146600991483,0.0014087598538026001,0.0,0.09457257802783368,0.00038490177745855385,0.021179779575725102,0.1299105905427269,0.14504597724823376,0.0004175837457626769,10,0
2_8_u,0.0,0.15776314660906787,0.01591701633296903,0.0010097827500430401,0.03668766303453591,0.21881034970283508,0.012650638469494829,0.0,0.08834264897363556,0.009009127835389685,0.0010352809067505136,0.061945905724379406,0.11922960875558031,0.016151701407363588,10,0
2_84_u,0.0,0.09503361899405713,0.010318763452232779,0.13129855976440008,0.5261047706007957,0.17645332980901,0.012658221379388091,0.0,0.1054732515848032,0.012420088380198894,0.18806720528030144,0.24872166191404013,0.18527560851366037,0.020246484370306083,10,0
2_86_u,0.0,0.01066316422948144,0.00168237682082686,0.43212157650850713,0.12390364846214648,0.42468399057979694,0.0015804375463630501,0.0,0.01752194781108946,0.0016514546248905108,0.48975263938929026,0.15454749260475995,0.419680099189507,0.0017373359012414604,10,0
2_87_u,0.0,0.22132265698164702,0.00545403991127382,0.04837150773964818,0.17051990851759907,0.32717985622584816,0.04342894433066245,0.0,0.1678709475959927,0.0032842262056244445,0.11259909240135034,0.13021719408141066,0.24587885279216995,0.04991768915218563,10,0
2_88_u,0.0,0.00980478764977304,0.0069379481719806305,0.00104028477071547,0.007316463463939669,0.9559217929840088,0.00064137180161192,0.0,0.007203411534206803,0.0068474711315219625,0.0015877690363066087,0.006713371777891533,0.02649352968899896,0.0004080289706290198,10,0
2_89_u,0.0,0.0223248746246099,0.00386805065209041,0.16300428081303833,0.635052102804184,0.14533947259187696,0.02229295368306334,0.0,0.00980883826288498,0.0024755821801838358,0.09758359135472423,0.07796437196744942,0.05360376060373452,0.02168910802835223,10,0
2_9_u,0.0,0.0063485867706023335,0.016993123326554022,0.27714526611897683,0.347941196627087,0.2059542613310946,0.13172366584573558,0.0,0.0032426338880528027,0.018705620755021312,0.3172495350999204,0.2450971504139034,0.24027985685092487,0.17997284977269662,9,0
2_91_u,0.0,0.00513102427357805,0.0016285661724395398,0.09162744251079853,0.4238101180642843,0.4747648574411869,0.0007381219096713901,0.0,0.005184373959687693,0.00045584002366762043,0.11837369252954379,0.2565697540649117,0.24631755533822652,0.00028990636732107225,10,0
2_92_u,0.0,0.01961623452370981,0.01402807952035795,0.03885661147069179,0.771805215626955,0.11186380544677373,0.030783661437453664,0.0,0.014120311886428438,0.025997208148103624,0.023442640874285506,0.19910869902664635,0.11017772394279227,0.051125973078034785,8,0
2_94_u,0.0,0.03501128094503651,0.004424888815265119,0.019422068799030908,0.021535821515135428,0.9031546354293823,0.00797376313712443,0.0,0.04737990433184671,0.0030110079406075684,0.028158283027438138,0.02287906923194096,0.08913257238960985,0.008306897531904542,10,0
2_96_u,0.0,0.017459496286594156,0.02771290352878467,0.041057039666662146,0.5379850692633126,0.18153584562242026,0.18158357805805275,0.0,0.02310482366896684,0.048435379313451994,0.05961498118540187,0.3771289163438151,0.2894239998478488,0.2820062824801749,9,0
2_97_u,0.0,0.01353776729665693,0.00257579447934399,0.17626652312465008,0.0163213484920561,0.7835614413022995,0.0011670432519167201,0.0,0.005959636803508,0.0015209784453338701,0.2162299122215301,0.007891179809060464,0.21151131682441607,0.0004055793720114078,10,0
3_S01E01_128_u,0.0,0.05037873983383175,0.00211413344368335,0.022343355230987016,0.7787233392397562,0.11973670559624827,0.0252639446019505,0.0,0.02104433076295332,0.0015057655610946712,0.020179884853487613,0.09437632241377342,0.07129084242832326,0.032211310572307736,6,0
3_S01E01_226_u,0.0,0.07453311973949892,0.00955544289899984,0.13704588324762876,0.04132576948031777,0.6426304621621967,0.06955401024606539,0.0,0.08042288999742433,0.011237776003111091,0.2166949960331337,0.03587349782348303,0.3671977297081812,0.10045809074171988,10,0
3_S01E01_255_u,0.0,0.18612851481884712,0.03432463086210185,0.13460187660530204,0.2439153715968132,0.2212772164493799,0.06412964756600555,0.0,0.25787874350552686,0.021725213071577796,0.2159277717331025,0.19651310205558256,0.13601398706365697,0.10101379632351111,4,0
3_S01E01_568_u,0.0,0.15521281398832792,0.09977512960322196,0.046511906106024944,0.2672997161746025,0.1845602441579103,0.06740988530218596,0.0,0.07532632923996026,0.11377738200695924,0.052257810240687555,0.17072459223200168,0.13438438081245754,0.0857685270093661,10,0
3_S01E02_004_u,0.0,0.10936566395685073,0.021831589983776163,0.08674849852104669,0.23675965052098033,0.2677324255928397,0.10684272978687656,0.0,0.06338710157168409,0.012522315218667888,0.13357728641837907,0.12043098848458546,0.17911841635083334,0.17859775543555084,8,0
3_S01E02_324_u,0.0,0.055366075038909855,0.019349001813679913,0.031214740592986297,0.06796660535037514,0.18955630660057063,0.6195460623130202,0.0,0.07981291707220674,0.010978894892476339,0.09174781414078817,0.10385185668884354,0.3150772856140226,0.4203004086770191,10,0
3_S01E02_461_u,0.0,0.03919304090086366,0.08557948971865695,0.0005050389765528501,0.029172770935110698,0.7944374263286591,0.00427049551508384,0.0,0.046600470170502076,0.15981059847625856,0.0003162511723464731,0.06001750946063894,0.21381020674636697,0.007311053759749504,10,0
3_S01E03_021_u,0.0,0.02250807750970118,0.04425467841792847,0.007234212686307679,0.24591235136613246,0.6081066552549601,0.06539935606997456,0.0,0.03173274719907777,0.12461040577843865,0.004656165834935415,0.16113378383929236,0.24740433973692877,0.13751561776420065,10,0
3_S01E03_024_u,0.0,0.5970197916030884,0.055237293346888455,0.022577517252001446,0.05337570431745711,0.11166603490710253,0.03719455107218686,0.0,0.14777001112265045,0.061946070830871086,0.03188126379199171,0.04782115009341998,0.09908886106328807,0.03688339535197595,9,0
3_S01E03_056_u,0.0,0.1257983065675944,0.02794801401905711,0.07861802959814664,0.08730982495471831,0.09615530027076599,0.516395217180252,0.0,0.15873764335914756,0.01704453500101589,0.12257747656959646,0.09390867597318227,0.1464297236515462,0.38495433501098036,10,0
3_S01E03_122_u,0.0,0.19006010480225086,0.13197436546906827,0.00699735315283755,0.14735773708671326,0.1985813364386558,0.16692730786744497,0.0,0.09405874419456924,0.11430986574228662,0.00782441402952356,0.11942589803485656,0.10345061624613217,0.15616828723561232,10,0
3_S01E03_249_u,0.0,0.24094735905528064,0.06223272639326747,0.01793806019704783,0.23480419442057604,0.22610747460275885,0.1242952886037528,0.0,0.18261272234308842,0.058530203788410486,0.03189972291097276,0.21643840121755364,0.18380022596570633,0.18599821947422832,10,0
3_S01E03_359_u,0.0,0.2005986290751025,0.01004762029042463,0.04064485868439075,0.6670375347137452,0.03288891734555359,0.02591308131813998,0.0,0.3016316823358317,0.01206675733626507,0.05244494116976167,0.3647897704745538,0.017340603489306484,0.020196824925840608,10,0
3_S01E03_517_u,0.0,0.2009220127947628,0.01470278080087151,0.0843136850977316,0.42767076641321183,0.2393816821277141,0.01479915401432659,0.0,0.12285591677881202,0.03125567753152741,0.10193812237583293,0.22457534503198015,0.3013647627496395,0.023169889212242303,10,0
3_S01E04_009_u,0.0,0.005559541000467155,0.008359188692540712,0.19497347105708385,0.3568246798693306,0.373425870305962,0.057466450393096405,0.0,0.0013139551413621385,0.01525038385565261,0.23492356275226478,0.2669792614124079,0.24328974645731047,0.13780374008171414,9,0
3_S01E04_327_u,0.0,0.07372455615550275,0.053633584268391085,0.01831260139588262,0.1534372385591268,0.11394818481057878,0.47250121999531985,0.0,0.04671704268553764,0.026938085343489678,0.02315820708952636,0.14483974654681153,0.21972016505449266,0.2815223496717703,10,0
3_S01E04_342_u,0.0,0.07793820733204479,0.04312996377702798,0.4115217350772582,0.09677809756249185,0.06536066802218551,0.10650339848361905,0.0,0.08678916966536261,0.08269705136063972,0.3540512359958505,0.11235661860801123,0.14654920922441014,0.22597943507059157,10,0
3_S01E04_356_u,0.0,0.03698796071112152,0.01774388198973607,0.18878984972834584,0.4455575250089169,0.21788193411193785,0.04985779668204483,0.0,0.026729891310305485,0.02433642814830389,0.2962892080998367,0.3725381622965251,0.24843858634476831,0.09515194167294563,10,0
3_S01E05_417_u,0.0,0.375969485193491,0.17682660821592433,0.07709663980640466,0.15994640998542303,0.12071310728788373,0.04002601720858361,0.0,0.22923688218988975,0.16076152391518128,0.11721924437906772,0.13782226996135064,0.12818238732855355,0.04779257880886358,10,0
3_S01E05_456_u,0.0,0.05178453568369146,0.0759802683256566,0.055272897891700236,0.2632301703095436,0.362060184776783,0.15759523436427111,0.0,0.02773634318468824,0.04311118486958073,0.02972691938062458,0.10985619858027715,0.10236050231058287,0.1389447607211205,10,0
3_S01E05_520_u,0.0,0.05916425902396436,0.017893407074734517,0.00062461106572295,0.00929248102474953,0.8300938129425048,0.00431722699431699,0.0,0.04123943976191635,0.00794890503935105,0.00021711569005024558,0.004165762165198425,0.0853223730701327,0.0022621719828055816,10,0
3_S01E06_054_u,0.0,0.14599001612514254,0.10715124387061219,0.05533018452115353,0.40622306186705825,0.13212050870060915,0.08817899699788535,0.0,0.11265049722683813,0.19294456494178358,0.12373564672598181,0.2797119219344761,0.08821827538095404,0.15867225278079916,10,0
3_S01E06_266_u,0.0,0.06360866054892536,0.00871076449984682,0.3272449858486652,0.31051970943808554,0.2033421110361814,0.029276741459034326,0.0,0.043377597409858366,0.010222059268643257,0.25289267994441794,0.17466519297048722,0.15221816443724465,0.026395107346915286,10,0
3_S01E08_422_u,0.0,0.12347500501200555,0.04721525809727604,0.07439535876037547,0.22145664170384408,0.39211910106241704,0.05508247773395845,0.0,0.13053647831704504,0.07342244259464603,0.1243557974419424,0.2465402573120484,0.2836973051732879,0.107551817655753,10,0
3_S02E01_050_u,0.0,0.05709887128323312,0.027421994460746592,0.10240726900519799,0.32508207485079765,0.34032054580748083,0.052229518583044365,0.0,0.031167121251282598,0.030390021185774548,0.18992886303493833,0.19079980799816373,0.21029961536452363,0.09325950208768931,10,0
3_S02E01_096_u,0.0,0.13042649282142516,0.02433769307099278,0.030022260849364057,0.3384798854589462,0.44767193384468557,0.01276614647358652,0.0,0.1614671850534951,0.046581653687391845,0.038017224477966835,0.31478605060225356,0.3049094662377749,0.015485358962717627,10,0
3_S02E01_413_u,0.0,0.05317268371582027,0.13350970459869127,0.00472797125112259,0.15055243843235072,0.5406982447952032,0.0882649874896742,0.0,0.10639434010142793,0.19905975143224927,0.004194656869017862,0.22888696230904756,0.3834524594527613,0.13652567569483418,10,0
3_S02E02_081_u,0.0,0.06784814838320012,0.0933810763410292,0.006367725355084941,0.19588094130158423,0.11070324927568431,0.47934199789888227,0.0,0.05395338381563396,0.1432986149166264,0.008347182943101033,0.21488142369499758,0.05725756722284339,0.2777962852240666,10,0
3_S02E03_218_u,0.0,0.13886923827230926,0.0346255502197891,0.09407263752073045,0.5206909894943237,0.10407082047313447,0.038781166542321374,0.0,0.11720485820185066,0.02588515645834425,0.06728212004574967,0.15140209835674195,0.09505564763580233,0.03720676967723829,10,0
3_S02E03_229_u,0.0,0.2013068504631519,0.006721660797484159,0.0203401145059615,0.2284411047585308,0.4306873299181461,0.032340204110369045,0.0,0.21578763218511565,0.003907414159461731,0.012567122626748884,0.18445751660135898,0.20182100563119068,0.0352832330724488,10,0
3_S02E03_244_u,0.0,0.3036754392087459,0.01208465539384628,0.10834766700863832,0.4809683158993721,0.05903243757784362,0.00868895642925048,0.0,0.1938681076958036,0.010718800391150335,0.03825847446192726,0.23038623501421757,0.08324351015045245,0.00524692325508218,10,0
3_S02E03_370_u,0.0,0.05480693411082026,0.12728732544928784,0.0890844280860619,0.01035809360910203,0.048746046423912,0.6581591454334557,0.0,0.03470677936665497,0.0927213134382868,0.27846109145273884,0.014799626428251278,0.03355973868586817,0.24297214887506605,10,0
3_S02E03_561_u,0.0,0.22136081196367735,0.01799810901284215,0.20727772628888483,0.08061669156886632,0.3960464518517256,0.04477761178277428,0.0,0.13726026394868163,0.015803686816209923,0.17119105612713278,0.07655087157332341,0.18729291838611162,0.10070209464786835,10,0
3_S02E04_162_u,0.0,0.07699105506762857,0.00739489451516417,0.10950290746986861,0.6589597493410111,0.11116654612123962,0.007353875541593851,0.0,0.07153080054987422,0.009248293362654108,0.09810535616257329,0.18360294377720124,0.07074625349440296,0.006586483106788366,10,0
3_S02E04_395_u,0.0,0.0313048997195437,0.003169763488889,0.08251656296973424,0.8260901570320129,0.04119771517192319,0.005403527417608183,0.0,0.059016381727638324,0.005390142690751682,0.06972528548988871,0.1551442049210763,0.03178746337881137,0.008672689840551428,6,0
3_S02E05_179_u,0.0,0.11626945547759526,0.06765915937721725,0.06733404193073507,0.3235147923231125,0.1463551066815853,0.07612720960751172,0.0,0.052482506566363406,0.043194195085969486,0.038540531818749925,0.1502598199242734,0.08028799516133625,0.04583235546937615,10,0
3_S02E05_378_u,0.0,0.031616121478792655,0.005726764386054089,0.039842481078166056,0.7901958359612359,0.11141186352405279,0.016438496195607666,0.0,0.032019161927614496,0.00776685856075144,0.04098070740097487,0.09490603017469197,0.06417733325783881,0.013706943890671628,9,0
3_S02E05_466_u,0.0,0.02686720676720137,0.00827566863736132,0.02567649304401125,0.32860751189291476,0.5725051566958428,0.00457201191456984,0.0,0.014370998013019377,0.005688075620780708,0.013193743642152051,0.2067298785520962,0.221962484906343,0.002284910804796718,10,0
3_S02E07_256_u,0.0,0.02377823877613987,0.0009050582302733699,0.1308773277327418,0.6497268948704005,0.18886631131172177,0.00076823790150225,0.0,0.022260334671739237,0.0005578142645173307,0.27878430043218566,0.34921977837330404,0.2648205556173785,0.0004779848259447419,10,0
3_S02E10_133_u,0.0,0.0306485593318939,0.0043503134511411,0.0489628091454505,0.598297119140625,0.1722044497728347,0.0977479517459869,0.0,0.0,0.0,0.0,0.0,0.0,0.0,1,0
3_S03E01_185_u,0.0,0.16815817989408965,0.010190590191632461,0.0210849645605776,0.28035282343626017,0.16541255600750443,0.007213212072383559,0.0,0.10290947649713672,0.009052008826929393,0.04906589281368537,0.2856205406009162,0.0998501385104236,0.007500667675482996,10,0
3_S03E01_409_u,0.0,0.3072731878608465,0.01779903392307454,0.02444404364214273,0.13692390322685238,0.23837451040744778,0.06341439206153149,0.0,0.13781234463899036,0.009383162901471651,0.034768307628531656,0.11721070009353578,0.2406239115222555,0.0509229887776762,10,0
3_S03E01_431_u,0.0,0.03422223841771479,0.011750886961817688,0.30906076235696667,0.5180513709783554,0.06438755355775352,0.05117638417286794,0.0,0.032628223234262684,0.015870025995493177,0.2938115338585115,0.2950823185939368,0.05092792807330033,0.05797655833255108,10,0
3_S03E02_062_u,0.0,0.00992809003219005,0.00166324028396045,0.07838537194766097,0.8587997853755951,0.04284799052402372,0.005594730115262725,0.0,0.007281532235101231,0.0014441265387430465,0.08867673926187034,0.09034824752430684,0.028652202268557664,0.004338859688747845,4,0
3_S03E02_111_u,0.0,0.02802898492664093,0.0028446667944080697,0.07269490621984001,0.5440828472375869,0.29787449166178703,0.040101252472959405,0.0,0.0167373808840294,0.0023034531363485206,0.10124495231468875,0.23990013604675012,0.23994912216235367,0.08023010725490608,10,0
3_S03E03_012_u,0.0,0.03652556496672329,0.00117631203829655,0.013045467290794425,0.9198072925209999,0.02214469690807159,0.0045173605503805,0.0,0.020181464519361047,0.0014300304578124042,0.008199222637117051,0.04384927884252425,0.01727187274598585,0.008151373362112349,8,0
3_S03E03_111_u,0.0,0.01885489514097567,0.03327913545072073,0.07343634627759452,0.6252713799476624,0.12040762901306148,0.0855708863586187,0.0,0.00694561735153014,0.019868717974060944,0.03349315636624552,0.14515752220550884,0.09707787657886523,0.09063111093698424,10,0
3_S03E03_126_u,0.0,0.04387107715010638,0.0046795892994850406,0.10245130676776167,0.7127665989100933,0.117662419937551,0.00416442444548005,0.0,0.03575378657685275,0.001683892083625985,0.0734873907023202,0.24715754378688876,0.2509333794525841,0.0026384695137176674,10,0
3_S03E03_316_u,0.0,0.017747392493765758,0.00536969231907274,0.15129020319436676,0.32244293692056086,0.06372072431258852,0.43292075814679265,0.0,0.01855253230380797,0.0030336207041171013,0.2744157825131603,0.35172217724071075,0.0550104597402365,0.44130536596775394,10,0
3_S03E03_511_u,0.0,0.007259346195496561,0.00642473965417589,0.121581570059061,0.7259035862982273,0.10757153115700926,0.00463636450003828,0.0,0.0024376484222252606,0.004617097775469341,0.285926174967462,0.25543232481964545,0.09233830828811793,0.0017465210899520558,10,0
3_S03E04_437_u,0.0,0.01896684194216499,0.00210628223139789,0.08915666014654558,0.01756266960874197,0.8547616243362427,0.0007911598513600799,0.0,0.0315527486122714,0.0012227618298540196,0.15101553265715073,0.014052972614803106,0.1583936979401273,0.0009934848207708408,10,0
3_S04E01_575_u,0.0,0.11317883413285013,0.0070347142755053495,0.1177511533722281,0.2239477669820189,0.34459754000417886,0.01354513184633101,0.0,0.10887928649619677,0.006878715781408161,0.14153972634760828,0.23950797519321293,0.35054807344403455,0.011465563994021242,10,0
3_S04E02_217_u,0.0,0.07289527095854278,0.00944875545101236,0.2666219124104827,0.2722670932300389,0.3329433444887399,0.01656572177307675,0.0,0.0395173566842383,0.012889290917474122,0.2726531271199344,0.21234361792082795,0.33115949096286834,0.02116034201156135,10,0
3_S04E02_326_u,0.0,0.07813400700688357,0.008050655107945151,0.20013920143246647,0.3843189649283886,0.2403857908211648,0.01395974440965797,0.0,0.04405764590397341,0.008303307470990647,0.2563148765850342,0.28956474620921996,0.29294047552625807,0.02503510050031083,10,0
3_S04E04_363_u,0.0,0.021750577376224062,0.0031950711127137397,0.33330282587558024,0.5850783571600914,0.03555849682306868,0.015268541499972279,0.0,0.01633487496504432,0.007799879044490909,0.38148585785892125,0.37648424974258077,0.048098641243614376,0.04308394441417495,10,0
3_S04E05_313_u,0.0,0.19707401469349856,0.10108462478965519,0.04551116578513751,0.12140814121812578,0.24892080519348378,0.049350182991474825,0.0,0.1768502200217875,0.08916113619993117,0.027141942450194658,0.05641922200761279,0.18202120277668335,0.050599200434990686,10,0
3_S04E05_320_u,0.0,0.1697663955390453,0.0673434084281325,0.07336095944046969,0.25059352219104764,0.24652382731437683,0.025948977377265654,0.0,0.03429301646797196,0.05315432325953629,0.050444562143333954,0.11571358796830651,0.11448157851072185,0.01837327890058388,10,0
3_S04E05_485_u,0.0,0.6567663624882698,0.012459787307307079,0.00300093716941767,0.00274262952152635,0.25712630152702326,0.00130934568587685,0.0,0.25321842807568296,0.009096632606751698,0.0018345752126543134,0.002338086853717059,0.24748645557647347,0.0005763434617431827,10,0
3_S04E05_497_u,0.0,0.3736115114763379,0.04925731178373095,0.00126651821774424,0.02173107629641885,0.5063078433275223,0.01344518638215953,0.0,0.32395885029512916,0.039246241013344015,0.0006127925642094884,0.015174792231217139,0.3248604304401513,0.007777735922495845,10,0
3_S04E06_526_u,0.0,0.27517181131988766,0.03910371093079443,0.24768455922603602,0.2960767522454262,0.054502323083579496,0.025154931098222682,0.0,0.1894234483446182,0.031242387093039312,0.13660434884629888,0.1575332913603087,0.03870593387824532,0.013250330296315387,10,0
3_S04E07_292_u,0.0,0.11783762127161021,0.00389086543582375,0.01645788531750436,0.5177048563957214,0.2601728737354278,0.06976303197443481,0.0,0.07372780281797131,0.00160363487528264,0.010167069601486351,0.17407202271253758,0.12887663020965995,0.03360205756839267,10,0
3_S04E10_120_u,0.0,0.02251822261938023,0.012778961527926272,0.11823085322976105,0.5513053685426712,0.24019677976944614,0.036867487576923146,0.0,0.015949057602191705,0.01294438827328479,0.12170455194366402,0.23510457599843537,0.2881574599643302,0.026683608088790525,7,0
3_S05E01_120_u,0.0,0.0961423159576952,0.03347222856828007,0.10385525813326235,0.5871351077221334,0.058266987092792946,0.10618337877094741,0.0,0.21762154715994664,0.0829194015328366,0.07438605068472158,0.3492714315614594,0.07270699385808269,0.21719482472022253,10,0
3_S05E02_072_u,0.0,0.16667454084381458,0.01197366234846409,0.16540911663323637,0.5668976351618766,0.061652977019548375,0.01836056509055192,0.0,0.13728578586695608,0.012479684123176203,0.1486567407521092,0.28527922389709787,0.0647360469244761,0.0187630180414869,10,0
3_S05E02_532_u,0.0,0.03198990174051783,0.005170453385087711,0.02569099119864401,0.7717591557237837,0.09900202809108623,0.05464263213798401,0.0,0.011509255192879854,0.01180800784319893,0.020854129556264967,0.22698311456016967,0.1245116614975618,0.12567526654827363,9,0
3_S05E03_098_u,0.0,0.23322406187653538,0.00598234873032193,0.3316071772715077,0.18454313580878073,0.14566788719967003,0.052643777010962324,0.0,0.24121393163591154,0.009187146066238243,0.3607445771523366,0.17198546016217864,0.24185087248639459,0.12736186918611048,10,0
3_S05E05_119_u,0.0,0.04274390749633309,0.01666588746011253,0.06960704475641247,0.33865692466497416,0.16175403296947474,0.03258083267137403,0.0,0.01453817958842465,0.0072198830465985036,0.08303631411403826,0.13774711442833507,0.06902933147987898,0.018361717670303236,10,0
3_S05E06_207_u,0.0,0.05868764305487271,0.007629050518153199,0.061362637043930544,0.705364602804184,0.1314504261128604,0.013006476871669231,0.0,0.07321331311371719,0.009678593173220576,0.07121142812880213,0.2767033054130973,0.1370125275880572,0.015281598756359501,10,0
3_S06E01_317_u,0.0,0.16120608635246753,0.021023479150608128,0.03169787296792488,0.5791903033852577,0.12515733540058133,0.00770795753924171,0.0,0.13858015807855728,0.056596199827328,0.07106726725724109,0.1723547765351029,0.19574487894299686,0.006188168679178565,10,0
3_S06E01_417_u,0.0,0.15435924269258972,0.05822182302363212,0.1188399460399523,0.2453462604433298,0.25281694233417507,0.027559171349275807,0.0,0.1130145196237402,0.09521654700995691,0.13816203690892417,0.14217146100259934,0.1169412944819511,0.019439240704886538,10,0
3_S06E01_460_u,0.0,0.17935691513121124,0.01295214493293311,0.03574330186820584,0.3183056018780917,0.37065106444060797,0.01722673843614753,0.0,0.26366255761881524,0.00864115746752093,0.030010991204454628,0.2301566007464571,0.2213224830574939,0.01202564672646663,10,0
3_S06E02_152_u,0.0,0.08889701124280686,0.016845576628111262,0.2131355285644531,0.22269192263484,0.2889641350135207,0.02071440294384953,0.0,0.053432488709860226,0.018125525118509237,0.2238056714654677,0.1479438120340465,0.3264843368249834,0.015912860358276108,10,0
3_S06E02_171_u,0.0,0.31140964627265927,0.00607052877312519,0.051536452258005704,0.20006416793912646,0.38879961892962456,0.01114953426877032,0.0,0.21376416472434792,0.004613823238571956,0.09724380149718254,0.12995363007921304,0.2403423811892109,0.011504795982030998,10,0
3_S06E02_398_u,0.0,0.0123391971457749,0.3928244412876666,0.006232769181951861,0.3176437792368233,0.17615590859204527,0.08625536886975166,0.0,0.009025621663862466,0.3538594936513848,0.00439363420436011,0.2550856903589602,0.15874690871216243,0.09272905174420061,10,0
3_S06E03_366_u,0.0,0.07212979821488257,0.00815185530809681,0.5604462222196162,0.07382844239473338,0.2465869856998324,0.026342021976597563,0.0,0.07371342141623721,0.012472455297528393,0.39435031281785377,0.06976938062990581,0.2633487235715636,0.03931311879336365,10,0
3_S06E05_355_u,0.0,0.07435903754085299,0.029709261958487283,0.0692927637370303,0.1207277942448854,0.14349455088376994,0.17199605681817043,0.0,0.03188380033055597,0.016393323371620007,0.14177356992856108,0.09808530552230178,0.09783139127794083,0.1530704782980416,10,0
3_S06E06_143_u,0.0,0.01120734442956742,0.03412439929088573,0.0343531589256599,0.6793571405112744,0.20272638816386457,0.014942237525246982,0.0,0.005196412666280354,0.07334025971963193,0.08654320583594602,0.3183504778346779,0.22438993910144592,0.021840126797423892,10,0
3_S06E07_272_u,0.0,0.08226325809955592,0.01580733648734161,0.043602042054408194,0.15488845035433763,0.6487670727074146,0.040161510510370105,0.0,0.06423413238938726,0.01544645953297149,0.09733037238824035,0.2943451515598513,0.33546808769014624,0.03404261232108386,10,0
