KEY,y_true,text__svm__pred,text__svm__prob,text__logistic_regression__pred,text__logistic_regression__prob,text__random_forest__pred,text__random_forest__prob,context__svm__pred,context__svm__prob,context__logistic_regression__pred,context__logistic_regression__prob,context__random_forest__pred,context__random_forest__prob,audio__svm__pred,audio__svm__prob,audio__logistic_regression__pred,audio__logistic_regression__prob,audio__random_forest__pred,audio__random_forest__prob,visual__svm__pred,visual__svm__prob,visual__logistic_regression__pred,visual__logistic_regression__prob,visual__random_forest__pred,visual__random_forest__prob,text+context__svm__pred,text+context__svm__prob,text+context__logistic_regression__pred,text+context__logistic_regression__prob,text+context__random_forest__pred,text+context__random_forest__prob,text+audio__svm__pred,text+audio__svm__prob,text+audio__logistic_regression__pred,text+audio__logistic_regression__prob,text+audio__random_forest__pred,text+audio__random_forest__prob,text+visual__svm__pred,text+visual__svm__prob,text+visual__logistic_regression__pred,text+visual__logistic_regression__prob,text+visual__random_forest__pred,text+visual__random_forest__prob,context+audio__svm__pred,context+audio__svm__prob,context+audio__logistic_regression__pred,context+audio__logistic_regression__prob,context+audio__random_forest__pred,context+audio__random_forest__prob,context+visual__svm__pred,context+visual__svm__prob,context+visual__logistic_regression__pred,context+visual__logistic_regression__prob,context+visual__random_forest__pred,context+visual__random_forest__prob,audio+visual__svm__pred,audio+visual__svm__prob,audio+visual__logistic_regression__pred,audio+visual__logistic_regression__prob,audio+visual__random_forest__pred,audio+visual__random_forest__prob,text+context+audio__svm__pred,text+context+audio__svm__prob,text+context+audio__logistic_regression__pred,text+context+audio__logistic_regression__prob,text+context+audio__random_forest__pred,text+context+audio__random_forest__prob,text+context+visual__svm__pred,text+context+visual__svm__prob,text+context+visual__logistic_regression__pred,text+context+visual__logistic_regression__prob,text+context+visual__random_forest__pred,text+context+visual__random_forest__prob,text+audio+visual__svm__pred,text+audio+visual__svm__prob,text+audio+visual__logistic_regression__pred,text+audio+visual__logistic_regression__prob,text+audio+visual__random_forest__pred,text+audio+visual__random_forest__prob,context+audio+visual__svm__pred,context+audio+visual__svm__prob,context+audio+visual__logistic_regression__pred,context+audio+visual__logistic_regression__prob,context+audio+visual__random_forest__pred,context+audio+visual__random_forest__prob,text+context+audio+visual__svm__pred,text+context+audio+visual__svm__prob,text+context+audio+visual__logistic_regression__pred,text+context+audio+visual__logistic_regression__prob,text+context+audio+visual__random_forest__pred,text+context+audio+visual__random_forest__prob
1_10009_u,0,1,0.5598190125866491,0,0.429990490831226,1,0.5224888751890928,1,0.6025612122345767,1,0.6602005940457093,1,0.5863034485094148,0,0.45265278890625676,0,0.4252706771934482,0,0.4450150688608222,0,0.478749073582229,1,0.5163829329906774,1,0.5851584900772308,1,0.800602745239409,1,0.9457342118250901,1,0.6718948457484261,1,0.507952299453538,0,0.4548027863122655,1,0.5097718421036307,1,0.6020952520458812,0,0.435856107287073,1,0.5793809523809524,0,0.4500231474590942,1,0.8661416059467155,1,0.5644117740182624,1,0.6028070036066991,1,0.683995418385274,1,0.6108746908592112,0,0.474964802300461,0,0.45901758763482026,0,0.4535628098617653,1,0.754116355786098,1,0.9447594728954051,1,0.58,1,0.8178741910980515,1,0.8303948124238631,1,0.6421481864835944,1,0.621619809313885,0,0.4527433864246174,0,0.43525433095343685,0,0.43831615690114545,1,0.8596687986225854,1,0.5633333333333332,1,0.7587752958511056,1,0.9479268981334369,1,0.6117437705590114
1_1001_u,0,1,0.6962625090811289,1,0.7817163959676106,1,0.6069304009850589,1,0.6901315325812645,1,0.667575480106983,1,0.661383465532347,0,0.4009502977617136,0,0.3302264192474524,0,0.4588663724740124,0,0.508679159428561,0,0.45440846037820776,0,0.44778598438245715,1,0.9129627778355268,1,0.9974663778493125,1,0.6572807087059004,1,0.5654864853516506,1,0.7323414753831765,1,0.5110534285176521,1,0.6974908091775496,1,0.7633377232302131,1,0.6051031746031746,1,0.6461570770231935,0,0.1435852676640618,1,0.6538270445151911,1,0.6880518764035017,1,0.5946096477351279,1,0.6254707280198822,0,0.37638452921789867,0,0.30020279029940244,0,0.4060255596012713,1,0.8888211735882481,1,0.9867481390699872,1,0.6233333333333333,1,0.9117155506268372,1,0.7745546454794825,1,0.6089109895461733,1,0.5,1,0.689056972519149,0,0.48539490410648267,1,0.6228713252056124,0,0.12056273958394843,1,0.6119829787234042,1,0.8845269599923408,1,0.979643908880798,1,0.6809007435669504
1_1003_u,1,1,0.6893938253171846,0,0.47189350476640635,1,0.5791908760101603,1,0.8509599315463292,1,0.7483022762291014,1,0.6601904424329578,1,0.6743440330829148,1,0.6457713346669453,1,0.6809921363950182,0,0.4663034054531856,1,0.5527174679461505,0,0.3466730400979398,1,0.8514585045767435,1,0.7361035074074509,1,0.6819827005794754,1,0.7829274267129545,0,0.44220529669867276,1,0.6757232209107323,1,0.6964503251678787,1,0.5389795836459649,1,0.5504191086691087,1,0.960050751740014,1,0.9825179538011722,1,0.6861421604333661,1,0.8675630280280979,1,0.7775776523472634,1,0.6845801185501741,1,0.6765183558524346,1,0.6485114689919161,1,0.7082187907374626,1,0.9295553902309164,1,0.7938947504008895,1,0.6366666666666667,1,0.8627759629407147,1,0.6500328769582691,1,0.6115640819772633,1,0.8295566277081972,0,0.4930264404088662,1,0.6381638857627998,1,0.9621878880777341,1,0.9852050716431241,1,0.6899905660377358,1,0.9335806591882626,1,0.873973535472008,1,0.7088442345755717
1_10462_u,1,1,0.7041889789875396,1,0.6938254646688087,1,0.5837278096955795,1,0.7270780742889308,1,0.7071959721989035,1,0.6126829742884172,1,0.6822037747640655,0,0.4677372510375592,1,0.7119062187272441,1,0.5733120202183531,0,0.4728052016346089,0,0.4438833627944977,1,0.754761411550833,1,0.8720850060779318,1,0.6189158139374196,1,0.7531089728767463,1,0.7806585098939242,1,0.6891639227369837,1,0.6662651183395414,1,0.5823799203873022,0,0.49978968253968253,1,0.736281809772421,1,0.5002572570252022,1,0.6565804110859252,1,0.6764135779983488,1,0.7293531942507202,1,0.6149448473468904,1,0.6657292715025132,0,0.4490241867209084,1,0.6682809672464693,1,0.8149520544157945,1,0.6779933293427358,1,0.65,1,0.7366214537388193,1,0.9115873081511455,1,0.5940750489133065,1,0.7730771899566434,1,0.710704053065634,1,0.663029970714033,1,0.7299709878954889,0,0.42994182545602033,1,0.623935555290112,1,0.8064193596658946,1,0.5211721376077095,1,0.6398093756796066
1_10495_u,1,0,0.45187569625574747,0,0.4946681654960894,1,0.5454746300043793,0,0.10813986009816796,0,0.44746744124734084,1,0.5775582848596247,0,0.44065156496879127,0,0.3343297480193129,0,0.40626804364821406,1,0.5373272796767052,1,0.5872946370908368,1,0.7333112886723856,0,0.41536673997603774,0,0.07780501612990176,1,0.6353703445615996,0,0.45826674282435387,0,0.41823655030309403,0,0.4859438333517029,0,0.4629765731120264,1,0.5911278928632004,1,0.5464673382173381,0,0.20060489403488785,0,0.002665819911776827,1,0.6165221534748517,0,0.13122293230774038,1,0.5207607958944116,1,0.6352046116642525,0,0.46582982557489727,0,0.40172476733376333,0,0.46477743507817015,0,0.32905595468340587,0,0.03244539128882891,1,0.5399821746880571,0,0.43765167990500636,1,0.5735321846895938,1,0.5668225900848544,0,0.3956185770679727,1,0.5456261524886744,0,0.4722437633788185,0,0.24112497042365624,0,0.006961355780675053,1,0.5839355401033816,0,0.3572897607686028,0,0.05853416839034233,1,0.6298191588928129
1_10748_u,1,1,0.6847547391438589,1,0.5553204462821273,1,0.5920804014517885,1,0.7372047499110133,1,0.7718043340493903,1,0.7801353816317413,0,0.49179192083441214,0,0.32881159665547,1,0.5049761892017811,1,0.6573516173526501,1,0.688885669930939,0,0.3999030414118285,1,0.8164116142303062,1,0.6090046534717031,1,0.740730334243516,1,0.5953483703180857,0,0.27487230382048705,1,0.5637715216394723,1,0.7277848912861479,1,0.7677370639564226,1,0.5665450937950937,1,0.7616629067999492,0,0.35131997637345846,1,0.7097689778293936,1,0.7909197518310195,1,0.8518165347855987,1,0.7708115286221374,1,0.5469018447892927,1,0.5255749425285504,1,0.5474218730306765,1,0.6779885239773362,0,0.16440349412596078,1,0.6965635738831615,1,0.8588058133185936,1,0.8344978377849688,1,0.6833404306917568,1,0.6370793622934209,0,0.4357934475032666,1,0.6154748184164957,1,0.7972953809479394,1,0.6872114036038856,1,0.7478650778820145,1,0.7212169452322659,0,0.3735762741591649,1,0.7287577817431001
1_10797_u,0,0,0.2679592817313352,0,0.2231754459248697,0,0.46788304911747364,1,0.8162110915558172,1,0.8865605616174548,1,0.6642515497552647,1,0.8131008104539585,1,0.6884270987338552,1,0.7390260394631537,0,0.4868532567399403,1,0.5393119131724462,0,0.48471874470928294,1,0.6341270343007636,1,0.6890770795941036,1,0.6427809735851197,1,0.5202021069063504,0,0.32528725282660464,1,0.6037942539202739,0,0.2625059079997608,0,0.24582425134013683,0,0.41447222222222224,1,0.8637086767269382,1,0.9132137338796066,1,0.6654705595283068,1,0.8607750562071622,1,0.8990264281022956,1,0.6903519896382115,1,0.8162673553767635,1,0.7149545516357628,1,0.7414244370863858,1,0.5534363423270762,0,0.439931124939483,1,0.6498790819045519,1,0.6448996944682652,1,0.6463833785525741,1,0.5552768197422249,0,0.41809212638465043,0,0.327159902091549,1,0.5595601212298693,1,0.8798307143897452,1,0.9472042420051985,1,0.7248055977923133,1,0.5694056097825365,1,0.5555597109444906,1,0.6311069741020334
1_10849_u,0,1,0.6305379390595076,1,0.7078321481837476,1,0.539863444725644,1,0.8398405017893049,1,0.8872748303924328,1,0.5924170453039629,1,0.5877260969167234,0,0.4841046447583935,0,0.403218826430979,1,0.5835260105916676,1,0.5488112392537744,1,0.5510633418141446,1,0.8757602108914442,1,0.9649073722297159,1,0.615117636167004,1,0.5792020882151309,1,0.7923325098784249,0,0.46197890997891,1,0.6319223045647376,1,0.7482181884884617,1,0.5497099567099567,1,0.7913276822990093,0,0.28067099814222873,1,0.6010208199126001,1,0.856101157763481,1,0.925882594081569,1,0.5766727981901909,1,0.5972573770780512,1,0.5328074501837017,0,0.4647497517310139,1,0.788918041016235,1,0.8941805297022145,1,0.5433333333333333,1,0.8834713761825012,1,0.8233775375653497,1,0.5678183045239916,1,0.5,1,0.8151824937001794,1,0.501995112813991,1,0.8092187648256512,1,0.5540467591734438,1,0.586,1,0.8015306574107911,1,0.9339274428865754,1,0.6063764515384064
1_10853_u,0,0,0.14175728224781559,0,0.07804775281629597,0,0.3629707177230857,0,0.21127362971363742,0,0.29215849156076384,0,0.3227285914503768,0,0.479697037010332,0,0.3435667584549236,1,0.515949521870697,1,0.6250644743043109,1,0.5159078678257913,1,0.7899842902526835,0,0.044224125094441014,0,0.002152492646495973,0,0.348257588929189,0,0.12888962099040907,0,0.08665560070421241,0,0.45990042701863354,0,0.1379967782060026,0,0.0763878103360074,0,0.4655443722943723,0,0.12609879652713152,0,0.13695915893707547,0,0.36945498516078396,0,0.2321589585657427,0,0.3332007086550894,0,0.31982663390181437,0,0.4866973838303036,0,0.3569501931611558,1,0.5140718309603884,0,0.030570547897419607,0,0.005030993580115507,0,0.36666666666666664,0,0.04513137774367823,0,0.17002129427323096,0,0.40116382073786744,0,0.15778986091088337,0,0.0885959655038683,0,0.470427179675388,0,0.1252716358399812,0,0.1392603429851253,0,0.3899418164419209,0,0.03144661422695602,0,0.0048313111384202835,0,0.354613458812703
1_10857_u,0,1,0.5687468010918028,0,0.4554393512326641,1,0.5467178245438272,0,0.2938510624057754,0,0.24217533977021014,0,0.38397317407105436,1,0.738040566158343,1,0.6566239752051811,1,0.7006633467328751,0,0.4576616091643889,0,0.4690985440165234,0,0.47995406742581487,0,0.3093786757769928,0,0.029773141009175868,0,0.4806249797710159,1,0.7742493427013809,1,0.6507376852175022,1,0.6197646181339587,1,0.5708056023721824,0,0.47590910764180994,1,0.5094682539682539,0,0.2384611896956704,0,0.10981114408225776,0,0.4451963520359942,0,0.2825537465304243,0,0.29445121315300843,0,0.40389341611701224,1,0.7003689283185629,1,0.6233163566005845,1,0.6515069184821559,0,0.40109670070818143,0,0.043701330602681054,1,0.5498266550522648,0,0.3097286508007718,0,0.1985385862689166,0,0.4662654880932161,1,0.7334512672222832,1,0.6175499278919366,1,0.6304431482367938,0,0.2208581542602732,0,0.09190098488826197,0,0.4659168084446293,0,0.38816970799656597,0,0.03326698499995201,1,0.528886684114839
1_10859_u,0,0,0.38490042066092023,1,0.7564132238999507,0,0.4647805065861579,0,0.4934615843772627,0,0.44002978233055273,1,0.5678687365680768,1,0.7905458726113418,1,0.700741342576733,1,0.7447996678329746,0,0.5219130797322264,0,0.4959894962299586,1,0.5294619842620718,1,0.5182313147773803,0,0.4456450804969081,1,0.5446413311420898,1,0.6357785628787198,1,0.9013939707535842,1,0.6058753576628692,0,0.3731169615952673,1,0.7448303883527541,1,0.5433690476190476,1,0.7670706294888957,0,0.3733164874075028,1,0.5979959324818469,1,0.5231954690715062,1,0.538844502426214,1,0.5554057405522818,1,0.7913111424872703,1,0.6797252649653363,1,0.7016391225901998,1,0.6721679329597696,1,0.8129130326436227,1,0.52,1,0.5193109882318011,1,0.8069387302586309,1,0.5029764636542416,1,0.6416339429209138,1,0.8810480059865294,1,0.6060927750525413,1,0.7799850742027886,1,0.5190531784585394,1,0.605944331380409,1,0.6731599913471522,1,0.846147590180757,1,0.5839630723566528
1_10890_u,1,1,0.7438751161367971,1,0.7869168260158127,1,0.5877369923859,1,0.8708624541423262,1,0.7975500958915567,1,0.7482113765741527,1,0.7801326525146092,1,0.6494705565374534,1,0.6947861680041004,1,0.593476891864029,0,0.4827736940156987,1,0.5408138265283944,1,0.944426456215961,1,0.9866169549817252,1,0.7513745469411087,1,0.8679039829772767,1,0.8305319604441054,1,0.6919047622315779,1,0.7514984685988548,1,0.738082821863742,1,0.5893730158730159,1,0.9749419048350492,1,0.8808947802100945,1,0.8215089360624416,1,0.8642552839479584,1,0.807272912876394,1,0.7884436576557915,1,0.7605969731112633,1,0.6408317979688805,1,0.6695958669609712,1,0.9766096652522603,1,0.9837297316415166,1,0.7232195121951219,1,0.9442627796943209,1,0.9073929529673489,1,0.7009340781917707,1,0.8515227667089774,1,0.8017733992183678,1,0.6291013398635741,1,0.9732682942422819,1,0.8948858766547775,1,0.8317635746137834,1,0.975886675147792,1,0.9774934273288437,1,0.7688651838459076
1_10977_u,0,0,0.3815319618195359,0,0.2511373087969078,0,0.4991494111205943,1,0.9230153581838443,1,0.8929817320168679,1,0.7241783435894181,1,0.526789869480555,1,0.541771621024144,1,0.546640584990012,1,0.5394559159247203,1,0.5584681510957795,0,0.4563283967086541,1,0.7377902027661888,1,0.6746664191729951,1,0.6305317361741885,0,0.45344937307852834,0,0.3759436263727895,1,0.5338760459954756,0,0.39383160701304964,0,0.3071730413653569,0,0.40085966810966817,1,0.8777880633500522,1,0.9402968066959644,1,0.7021331142567957,1,0.9301567364554058,1,0.9179057359557249,1,0.7169130158357745,1,0.5542243142806602,1,0.5822929019296202,1,0.5651692680527318,1,0.6940886695836154,1,0.8030290706343891,1,0.5965528455284553,1,0.7515411395279828,1,0.6532042622233094,1,0.6763838254837298,1,0.5106765754211312,0,0.3900636026196155,1,0.5008950273234316,1,0.8730398114009696,1,0.9685624737994585,1,0.6939149969206324,1,0.7000091341672228,1,0.8547434201055492,1,0.6486249506028082
1_11006_u,1,0,0.3667816696112301,0,0.3277303223727421,0,0.4844740902055273,0,0.4100894482263731,1,0.6234576685778644,1,0.5334522474099794,0,0.30173269269742176,0,0.32472230197245544,0,0.33231275815518274,1,0.5268242137434902,0,0.4404444529228983,0,0.4210104552206092,1,0.5,0,0.12476271286271887,1,0.5572266625811546,0,0.23260316198444406,0,0.3380817387815264,0,0.4113789789520824,0,0.358341186157809,0,0.3167013897116215,0,0.4402142857142857,0,0.34102145004673984,1,0.6279483358380765,0,0.4726305499698519,0,0.4377082182051961,1,0.6070340422933128,1,0.5542509755462481,0,0.2980927350686438,0,0.2768755876775808,0,0.3329005158605147,0,0.37510728424721695,0,0.3996949452368761,0,0.47333333333333333,1,0.49040025889633004,0,0.4953635425678487,1,0.5395363649111837,0,0.32327072127887224,0,0.36130817069116755,0,0.47148414287632157,0,0.3533813040755506,1,0.6662232548770853,0,0.4999795918367347,0,0.37426147638487267,0,0.41341946222362835,0,0.48062618712769334
1_11021_u,1,1,0.536716374091157,0,0.4045309410777204,0,0.4989070162614581,1,0.8310383024783431,1,0.8641998932254622,1,0.6465400059638245,1,0.6100453179841719,0,0.4974615435481868,1,0.6151533564875106,0,0.4830167033752593,1,0.5450158293863305,1,0.6532537985850169,1,0.8149654447167641,1,0.9540154505417512,1,0.5839611777110632,1,0.6771495455230051,0,0.41232699576579956,1,0.6276840362138794,1,0.5487588169457852,0,0.4084761409816238,1,0.5374337329337329,1,0.7719657796397099,1,0.95190605549509,1,0.6488374537316104,1,0.8627873233657958,1,0.8809174987706806,1,0.6808648858092401,1,0.6323860999051124,1,0.5275701909927457,1,0.639333294480867,1,0.818255844568907,1,0.9816541152263898,1,0.6166666666666667,1,0.8259216964824357,1,0.821576822490325,1,0.5990463095785123,1,0.6585512155145288,0,0.44446054302737203,1,0.6508217675473884,1,0.8070120496529185,1,0.9852550275166385,1,0.65590418002796,1,0.8383932211303591,1,0.9900139670525699,1,0.6065802964770366
1_11046_u,0,1,0.7370115555057284,1,0.825220774130325,1,0.5916969178744734,0,0.27070465381222497,1,0.553001973287515,1,0.5557687250263932,1,0.6027348848852736,0,0.46867663378967267,1,0.5490913360816565,1,0.554141606749432,0,0.48867667199416615,1,0.5809697061029215,1,0.7866153149065378,1,0.8249157554671342,1,0.5643466541450711,1,0.7420149905065946,1,0.771170384319636,1,0.6218239632560876,1,0.7221395847156518,1,0.7737782143634064,1,0.5406868686868687,0,0.42284269703706945,0,0.21623349249475135,1,0.5742124844704346,0,0.27345526098062695,1,0.5390815961076748,1,0.5749867464219066,1,0.5978201219754598,0,0.4247404654971098,1,0.5500553250972003,1,0.7103491080114825,1,0.8177945336974155,1,0.57,1,0.783861311129297,1,0.6431070629494018,1,0.567273611362156,1,0.7108354345555962,1,0.7183268706205139,1,0.5734031358950112,0,0.431355395699431,0,0.24153149781355562,1,0.5799243957589608,1,0.7172523436404593,1,0.8132482111841716,1,0.5572444506347801
1_11051_u,0,0,0.4652518592173152,0,0.3673139863829731,0,0.46414082138531815,1,0.8209844367962201,1,0.8540120824057541,1,0.6316037940783787,1,0.5476106240943466,0,0.44737845569049295,1,0.5303646308501014,1,0.5862637152872324,0,0.4973376152974022,1,0.5970028580877884,1,0.761694321728136,1,0.9819633209451397,1,0.636547652294472,0,0.4715754882276867,0,0.29775318984179705,1,0.5057197081978545,0,0.46190146926675274,0,0.378291934396078,0,0.4650995948495948,1,0.5112570948042096,1,0.9204400592340568,1,0.6039370174326092,1,0.8371865646746548,1,0.8529716504667044,1,0.6253930169530274,1,0.5340719034142399,0,0.43645540620205464,1,0.532886364407777,1,0.6331205796434316,1,0.9541011182909017,1,0.5366488413547237,1,0.7732109302897199,1,0.8888489801186253,1,0.6085403194140897,1,0.5399458097799755,0,0.2815871881175128,1,0.5304892458655321,1,0.5156356920055853,1,0.9126498633475568,1,0.5818641939363403,1,0.651068675073142,1,0.9568385333723988,1,0.6132244420599936
1_11055_u,1,1,0.6745215923174883,1,0.7822466430981021,1,0.6156981226470593,0,0.19872857053680365,0,0.47962497138616467,1,0.6240055917210754,1,0.7075870264711352,1,0.773862616232548,1,0.6702169815655341,1,0.5218925277898752,0,0.4954513154776829,0,0.3893354266040733,1,0.6710344942564042,0,0.44066124326432765,1,0.6513596649863413,1,0.7564064090927755,1,0.8642392953310968,1,0.623320133233983,1,0.6595993544979859,1,0.7699423373695351,1,0.6681089466089465,1,0.6738789272271415,1,0.7626640815717237,1,0.7338603613816228,0,0.19399023485645386,0,0.4698656865520751,1,0.6692345087769329,1,0.7004596810998024,1,0.7559401363821194,1,0.6514009819061337,1,0.7178044957569312,1,0.9523556621020045,1,0.6032934131736527,1,0.6609693314280707,1,0.5822933432056545,1,0.6535200440622011,1,0.6901610305290855,1,0.8615825676700944,1,0.6549127020689408,1,0.6413268861896616,1,0.6860282275634443,1,0.7156234102973158,1,0.7023405522615245,1,0.9464728274239801,1,0.7053618631324863
1_11201_u,0,1,0.726785973855407,1,0.5985974886849702,1,0.5858033859690888,1,0.633648094917198,1,0.66688634658693,1,0.5949141723368182,1,0.7616473359103797,1,0.5821699478260774,1,0.721993824516644,1,0.6166660172516003,1,0.6611520668063252,1,0.6497845305698574,1,0.7765127076875357,1,0.8888936389564955,1,0.6059357011032621,1,0.8275876424885348,1,0.5814764698346675,1,0.7056368919579613,1,0.7733266547846122,1,0.7978831971913259,1,0.6379953102453101,1,0.7791832612728083,1,0.8098074102889958,1,0.6857153767121027,1,0.6978794951224253,1,0.7907286194199351,1,0.5867147967534423,1,0.7959858557379362,1,0.6949004328110335,1,0.7471217844803022,1,0.8312935582088427,1,0.8166772805890924,1,0.61,1,0.8103348074187319,1,0.6871418754293003,1,0.5792475227073756,1,0.8785098846496596,1,0.7560749799194129,1,0.7218938731504432,1,0.7966494162527515,1,0.8404200425980063,1,0.689604638479913,1,0.8563965182594507,1,0.8878582655707498,1,0.6563886558553579
1_11224_u,1,0,0.5059270702479218,1,0.5598763710603434,0,0.49242726497672273,1,0.6795012956479765,1,0.6821875895071955,1,0.6152318925072242,1,0.6245429290036058,1,0.6823368795882864,1,0.5114597566764473,0,0.48365350203099794,0,0.46394666781261473,0,0.42802645832246305,1,0.7665996647634649,1,0.7221268595770727,1,0.6495922012625744,1,0.5454297839632226,1,0.6426204408280602,1,0.529820368339798,0,0.4577557154389695,0,0.4777320156291694,1,0.5542640692640693,1,0.8464569642420784,1,0.968317403057474,1,0.6169945076134298,1,0.6476341870499168,1,0.7030268234200453,1,0.6280739394300847,1,0.5922273661880078,1,0.6251913588038956,1,0.5353623890832674,1,0.8044825524838336,1,0.9365598605741388,1,0.5799404761904762,1,0.7521880892502706,1,0.7234357731334216,1,0.5748629318350368,1,0.5,1,0.5349509733547747,1,0.527733262780039,1,0.8344176591115164,1,0.9429884761987375,1,0.628,1,0.7881424326700325,1,0.8777409754529262,1,0.624288753181651
1_11243_u,1,1,0.7342267309621135,1,0.8276495842921395,1,0.6727023303415869,1,0.7119064942860881,1,0.6974400129388162,1,0.5888534756720557,1,0.6581076786311442,1,0.6706696421147457,1,0.6009849116993804,1,0.5364405169517177,0,0.4763227482741682,1,0.662554365576417,1,0.8846477372015331,1,0.997889766491869,1,0.6725572497680776,1,0.7774009387844587,1,0.796637650549319,1,0.6397093454315482,1,0.7320225181905999,1,0.7580259787531612,1,0.6848583638583637,1,0.7650288877090399,1,0.7327601699596104,1,0.657436939579487,1,0.6324998223236852,1,0.627093218764066,1,0.6408678220962656,1,0.6497383309268413,1,0.6588171218733359,1,0.6226551760189203,1,0.9021940220094602,1,0.9934902534601344,1,0.62,1,0.8729020580231649,1,0.8620460240118623,1,0.5780950176803892,1,0.70867110947401,1,0.758317801576552,1,0.589172277871358,1,0.7437102912039801,1,0.7859080774075722,1,0.6559261213278478,1,0.8947744061140257,1,0.9926835255755033,1,0.6363765186667896
1_11257_u,0,1,0.5474206951854796,1,0.6369775025598279,1,0.5349783222074314,1,0.8207397370944279,1,0.8578120431731548,0,0.4805582335995,1,0.5233821629839938,1,0.5478661417758247,0,0.41299085760609683,0,0.5,0,0.4681214696389839,0,0.42843891812350826,1,0.7119639401603143,1,0.7002997566943898,1,0.5567738801939208,0,0.43921113840659687,1,0.5597214346573294,0,0.4337996860282574,1,0.5395843434403919,1,0.5343553344515559,0,0.48690415140415155,1,0.6703166630439941,0,0.49555374775721256,0,0.4446622418282039,1,0.7967672681940874,1,0.8155989456201588,0,0.46473901399674467,1,0.5082291817157689,1,0.5295709735613445,0,0.4029119104177906,1,0.5,0,0.3303753345808986,0,0.47,1,0.7025747572829074,1,0.7529858795651873,1,0.5249612989584154,0,0.4773980226413686,1,0.5293880753716279,0,0.4528702387172212,1,0.6447898768355225,0,0.4527363263929739,0,0.494,1,0.48650013239036705,0,0.3260177913360083,1,0.5043329897201271
1_11306_u,0,1,0.8066856902337792,1,0.8569645183757146,1,0.6309849550228125,1,0.6222492786073759,1,0.8327766652218438,1,0.7407307068287462,0,0.38032940724895054,0,0.27463000761354006,0,0.2690907511522168,0,0.5183760558593267,1,0.5353855966733072,1,0.5836612559482779,1,0.9408189887499864,1,0.9976451858230343,1,0.7654219472193156,0,0.43811889640213986,1,0.6913520444040677,0,0.431952380952381,1,0.7912469450735494,1,0.864588872416177,1,0.5938492063492066,1,0.5598422959779996,0,0.47311895535167103,1,0.6042068162950434,1,0.6494296092692026,1,0.8762739643898081,1,0.7094377459283594,0,0.3812274292003513,0,0.31405749198905497,0,0.3156072348928207,1,0.7293938218786578,1,0.9935534413143511,1,0.5123809523809524,1,0.9452475879725385,1,0.9522033750267127,1,0.6972151913708244,0,0.4459880344241055,1,0.7276251107302201,0,0.4056326961865825,1,0.5719489739123799,0,0.46262679990039157,1,0.5859613526570048,1,0.7371969328181001,1,0.993864505315245,1,0.6317745560022389
1_11322_u,1,0,0.2954870006617565,0,0.3402076553492218,0,0.4216626372274344,1,0.6210006365859252,0,0.40967387095523594,1,0.5086039456954548,1,0.5310611710325817,0,0.4482194644157428,1,0.5459398263199612,0,0.3882051112140347,0,0.43038076012019527,0,0.33776580552191193,0,0.378740700555392,1,0.6247606364804221,0,0.4867677859977409,0,0.35374719027833357,0,0.3301985371143368,0,0.4617515723924512,0,0.27160947472253527,0,0.31111191228073787,0,0.4125261960261959,1,0.5131316178809342,1,0.8995220533344988,1,0.5300372097450193,1,0.6127968142784795,0,0.39264934377252664,1,0.5225358475975614,1,0.5361486619001707,0,0.40731992239315246,1,0.5163958876574968,0,0.37036135967859446,0,0.4651438328301262,1,0.5333333333333333,0,0.3755046482391897,0,0.36632052622939365,1,0.5172870373663316,0,0.23299350278149544,0,0.3105448585395337,1,0.50750719622298,1,0.5168019983738577,1,0.9059440199232585,1,0.5619816513761469,0,0.37513487107742893,1,0.5204197405723133,1,0.5511182788098098
1_11378_u,1,1,0.7642123747938587,1,0.8613512552436501,1,0.6625877519702784,0,0.4718334283674385,0,0.4585849960333182,1,0.6180918352910331,1,0.7194309799185428,1,0.5853935680601119,1,0.7160496104760067,1,0.5719811007228547,1,0.5880981381828797,1,0.6641940808846631,1,0.6606453209882609,1,0.5890416988249622,1,0.6021205391305684,1,0.8222374590437402,1,0.8283648217525018,1,0.7072079924505174,1,0.7737459251104851,1,0.8779907392299943,1,0.6706439393939394,1,0.6293738334360981,1,0.852053704779715,1,0.6510998699554786,1,0.5,1,0.5507933956413065,1,0.5413302643536447,1,0.7349159520589476,1,0.6361660133804745,1,0.7001201017621124,1,0.6866420567195869,1,0.7976657804026668,1,0.6433333333333333,1,0.6773045697331961,1,0.5689398490013127,1,0.6510196868181202,1,0.8131472007371113,1,0.8486725924313829,1,0.6641989193688168,1,0.646054078477059,1,0.8410475625033167,1,0.6718874739848526,1,0.7007527962360448,1,0.8503498953826157,1,0.6572761086148026
1_11439_u,1,1,0.668434686247044,1,0.7231397449076743,1,0.5213222339960828,1,0.8916164651570193,1,0.720893863540807,1,0.6905503537364277,0,0.48013773585502967,0,0.46245107750329484,1,0.5247018378823347,0,0.3133326991478473,0,0.37048743975393245,0,0.32003838751882785,1,0.9426001026618679,1,0.9985445903791538,1,0.6461030761333217,1,0.6411875378799138,1,0.6442382088855534,1,0.6016109799649897,1,0.6013479723610907,1,0.5550200875855104,1,0.5201684704184705,1,0.8671455740288382,1,0.914896323860585,1,0.6829169794398926,1,0.8565499422546367,1,0.6564012246148843,1,0.6781699155893306,0,0.42750428400726215,0,0.39496073797511627,1,0.5502331727157443,1,0.9348802852959807,1,0.9973975323926516,1,0.68,1,0.9272195937938912,1,0.8040989727515941,1,0.6223271772507442,1,0.589365791306236,1,0.5260294011233749,1,0.5328804065073794,1,0.8505720637591863,1,0.8739577878690419,1,0.7179340323285278,1,0.9248210191898488,1,0.9952381270412526,1,0.7031021353397137
1_11485_u,0,1,0.6779960636527389,1,0.6128622040986034,1,0.5763298543033981,0,0.45581416660471835,1,0.7014051423658286,1,0.6223559464988411,1,0.5866135309910432,0,0.4866940226281504,1,0.5586706350567278,0,0.44764182469065406,0,0.4346602476133437,1,0.569060144935941,1,0.8030097693659595,1,0.9551989801446007,1,0.6246241319640147,1,0.6841565912874684,1,0.5148216331168807,1,0.5723832146494383,1,0.6825947488850368,1,0.5815012967653095,1,0.5593356088356088,0,0.420484631836592,1,0.5969904795050504,1,0.5614089002627575,0,0.3995319997590176,1,0.644351158316664,1,0.637586267525538,1,0.561048418742217,0,0.4501036383301991,1,0.5327618798830498,1,0.7235629304834449,1,0.8900658748255826,1,0.6066666666666667,1,0.7979716687156245,1,0.813321461957027,1,0.5993568571673751,1,0.6893391090887281,0,0.49946280240151686,0,0.4867256375203216,0,0.38901616864498806,0,0.4675949485289131,1,0.5957579215245586,1,0.704833836529695,1,0.8310421813116651,1,0.6103887067257205
1_11609_u,0,1,0.5479492732223777,1,0.6327383529886178,1,0.5751391306518749,1,0.5833871956163236,1,0.7423404546060925,1,0.6512052571667348,1,0.538767467990771,0,0.46042000438101477,1,0.5198822647646489,1,0.5556735135612093,0,0.3982870143087975,1,0.5022878612896623,1,0.6228469815309753,0,0.11921794874381615,1,0.6285568460910188,1,0.5458534759929085,1,0.5959921182375959,1,0.52594257659653,1,0.5258949811042926,1,0.5190102547576122,0,0.4776447163947163,0,0.4302113899440376,0,0.3985418876629634,1,0.601507622563954,1,0.5374667030915798,1,0.6403624677825632,1,0.6741449441328621,0,0.5,0,0.3937471349315901,1,0.5120748422405055,0,0.4766549044829452,0,0.13673742282039408,1,0.5598861788617886,1,0.5997796974495103,0,0.48800513567294834,1,0.6288125199680809,1,0.58555702386609,1,0.5143502524273776,0,0.4870563512545191,0,0.40809940635794784,0,0.2466368356766804,1,0.6139320181972282,0,0.455690184127456,0,0.09890293134073136,1,0.6006146661068711
1_11697_u,1,0,0.3867798935569335,0,0.23953529939306836,0,0.4290641762585614,1,0.6489881590476387,1,0.8152961824012043,1,0.7648844262511099,1,0.6564254334651651,1,0.5312561114600615,1,0.628954385053059,0,0.42324914082773535,0,0.4106767257581317,0,0.1915931248805272,1,0.7856419724555928,0,0.2430018342330313,1,0.6881164883811,0,0.4286626849113393,0,0.20180651534824723,0,0.4918901340651983,0,0.36611900813763604,0,0.1972609520927169,0,0.4638138528138527,1,0.6680433197025203,0,0.40587250462959384,1,0.7314247023543206,1,0.6272856157991559,1,0.7680406636118763,1,0.7403499544039168,1,0.6268590954343838,0,0.4661987290579602,1,0.584673439453973,1,0.6489817052202673,0,0.3255230000000011,1,0.6566666666666666,1,0.7696556852343298,1,0.553935049138086,1,0.6589519666410247,0,0.4516525005768176,0,0.19676044974733234,1,0.5275435700641052,1,0.646757895304858,0,0.3001728981007682,1,0.7633933104627426,1,0.6437386221388591,0,0.28433886367539823,1,0.7176712537705041
1_11699_u,1,1,0.7116488988073492,1,0.8311865693531717,1,0.5418556634780335,1,0.9550475511914187,1,0.9333989626714437,1,0.764643916945899,1,0.7815631228752089,1,0.593275028542908,1,0.6675474266700523,1,0.5618315641894326,1,0.524693573984409,1,0.5944550405994218,1,0.9416201201659188,1,0.9984676367164526,1,0.7299461353758848,1,0.8010912980850864,1,0.8035554900022602,1,0.6414830852533867,1,0.7084065980603378,1,0.8361297275804238,1,0.6578062770562768,1,0.9784123638685419,1,0.9987532912614364,1,0.7851926303640614,1,0.9647343335293157,1,0.9426340151310335,1,0.7865814349073359,1,0.7755105074161345,1,0.6012875552874013,1,0.704478999622565,1,0.960099165461901,1,0.9977206403783413,1,0.6998266550522648,1,0.944945331110174,1,0.9811240515194561,1,0.7058198808201372,1,0.8175741825692003,1,0.8079388990822095,1,0.6425211335010995,1,0.981959404518297,1,0.9991295000529222,1,0.7998874739848526,1,0.9643258834123588,1,0.9986727994891024,1,0.7892663481845278
1_11723_u,0,1,0.5523533011245458,1,0.7897169111373927,1,0.5494810834004491,0,0.3697180797401655,0,0.4544306052053139,0,0.4385780583625536,0,0.5,0,0.27482711898987955,0,0.44367518280118534,0,0.4937639330971899,0,0.4160029813922458,0,0.4309238526749339,1,0.5770536797158419,1,0.6637822969487618,0,0.4482655144231826,0,0.4649728364066636,1,0.6817019922310038,0,0.46585885021248147,1,0.5465606232496415,1,0.7375410734125483,1,0.5302802752802751,0,0.3651051633039888,0,0.09884150890617213,0,0.45659440591470296,0,0.3544601149865224,0,0.3537231232107056,0,0.45801839241953585,0,0.47781053327973527,0,0.24115713942164171,0,0.35588394530974854,0,0.4582331346138592,0,0.19978183157662233,0,0.4766666666666667,1,0.5646165813378818,0,0.3975899859629737,0,0.47349911392250127,1,0.5201057201023711,1,0.6377487606375716,1,0.5378505988576439,0,0.34577640461009695,0,0.04821838007205226,0,0.4819168084446293,0,0.44664075090062183,0,0.14936546155114125,0,0.4420736513180534
1_11736_u,0,1,0.7123928968420495,1,0.7271050520331942,1,0.5757217668317102,0,0.300618836852181,0,0.3279602124825657,1,0.6125114347148676,0,0.47766499431387194,0,0.3750439759874266,0,0.49002247420539014,1,0.5921435406634096,0,0.4805876923863336,0,0.4806068549594336,1,0.7172672358420284,0,0.37545025326192627,1,0.6393230583302426,1,0.5371205499379651,1,0.5943256027218827,1,0.5116772593493567,1,0.7114666710046483,1,0.6979528327345755,1,0.558748556998557,0,0.2817401875926769,0,0.004453377152557786,1,0.6166527080069341,0,0.3725635176854007,0,0.34082594482193174,1,0.5644254824009453,0,0.4848494436633804,0,0.36877070186321553,0,0.4572427891898394,0,0.4420407182689892,0,0.025592829814016737,1,0.5233333333333333,1,0.7223841675213521,0,0.4795034381592431,1,0.6153213764012216,1,0.588607960072476,1,0.5955943419681454,0,0.4725087814414025,0,0.31228125090517156,0,0.008963714214323907,1,0.5195519230769231,0,0.45034051558495136,0,0.028852025808666006,1,0.5674931290370133
1_11773_u,1,1,0.5061175297348304,1,0.530011445799708,1,0.5303983559726896,1,0.904600475493468,1,0.9409878525614968,1,0.7906410113566122,1,0.8334190918152026,1,0.7092881597322,1,0.7735958291696376,0,0.4231075617771476,0,0.48826922147601093,1,0.5369452645108512,1,0.9380890227197601,1,0.9846327337393225,1,0.7103739634721917,1,0.7775525257559808,1,0.6423375651292333,1,0.6696788367282206,0,0.5,1,0.5704114914287866,1,0.5893546176046175,1,0.9674201652901311,1,0.9993966682749889,1,0.8055716523728925,1,0.9211722491467522,1,0.9444366200360447,1,0.7593501549390294,1,0.8178072023373841,1,0.6775238606341139,1,0.7408166469894113,1,0.9672184894961668,1,0.998055713363883,1,0.7166666666666667,1,0.9404363009482214,1,0.8890584574619714,1,0.7031814085525154,1,0.7547227127961003,1,0.6170086676248944,1,0.702380422501133,1,0.9690829178361872,1,0.9995542182381995,1,0.8058208451249395,1,0.967845740737623,1,0.9982062916838794,1,0.7578776000705223
1_1185_u,0,0,0.47245978518897735,1,0.8072037065505276,0,0.45412791286012455,0,0.40041409362322794,0,0.36119997189893654,1,0.501860892245912,1,0.5663988981666824,1,0.5153193568976973,1,0.6557823428513296,1,0.5203634576981316,1,0.5451608615642393,0,0.39591785807994845,1,0.5087349357424621,1,0.7761327643097452,1,0.5101593829377449,1,0.5537323223564159,1,0.7840812664747211,1,0.5371802198070209,0,0.4762294573950443,1,0.8137790689323458,0,0.49062559662559657,1,0.5561629833487329,0,0.1171979871774531,1,0.5821752407430595,0,0.42474589215637515,0,0.4555018353738595,0,0.4870686296708273,1,0.6043017744749792,1,0.5592971476748181,1,0.6677384778462214,1,0.6639494626403605,1,0.8771995515751718,1,0.549963167587477,1,0.5209526013260375,1,0.6030254771531612,1,0.5394740520701192,1,0.5686312344285144,1,0.7950844274636852,1,0.6212485131280987,1,0.5545058087741064,0,0.13207824748125516,1,0.5279420658806542,1,0.6709840306263497,1,0.8853968370576896,1,0.533020450673743
1_11885_u,1,1,0.6630295572636736,1,0.6488580817068912,1,0.5530847843778276,1,0.6778282537890997,1,0.746623324152163,1,0.5812959648250985,1,0.5794708255050917,1,0.6027601226056707,1,0.6178833364410794,1,0.5142734485292154,0,0.4978561789008738,0,0.27924888167486106,1,0.8134218971845131,1,0.9810416215467992,1,0.6050003324320758,1,0.6584263147633803,1,0.7454787165780166,1,0.6116512625541386,1,0.6594222503503332,1,0.6780399085649443,1,0.6154531302031302,1,0.8608906569137063,1,0.7365175672440334,1,0.6264569896703184,1,0.7025955229999327,1,0.7547801648689442,1,0.6114374306312998,1,0.5697162781280594,1,0.5794636025640166,1,0.5737661388507385,1,0.8944330182014532,1,0.9716999994999513,1,0.5922043969102793,1,0.8227755484753814,1,0.8231974277526667,1,0.6053221446963415,1,0.6899934481999164,1,0.7638983720484679,1,0.559244655638495,1,0.8631671080062918,1,0.7302955026434778,1,0.6199581425071892,1,0.8952567490678641,1,0.9647741992415935,1,0.6218265420281164
1_11913_u,1,1,0.7447655912633331,1,0.7874835693751993,1,0.592448183485019,1,0.8020516587075007,1,0.9084278236490965,1,0.5937094913720532,1,0.6745295282289916,1,0.547706660390289,1,0.6502988007634577,0,0.5,0,0.47915659793525506,0,0.46238419337349107,1,0.7495050222382307,1,0.9981726356153692,1,0.5799558614859575,1,0.8144594543798287,1,0.7375821826245408,1,0.6737345078666704,1,0.743412261145351,1,0.7544912298290928,1,0.554393106893107,1,0.7704956678843382,1,0.9802971946401282,1,0.6465854096912019,1,0.7919707098754114,1,0.8869215806064598,1,0.5485151224103356,1,0.6746483238928723,1,0.5252044312467732,1,0.7345387916720046,1,0.8265260712606779,1,0.996826609078796,1,0.6466666666666666,1,0.7463934416362525,1,0.9648282820536187,1,0.5910954326452336,1,0.7468961975789303,1,0.6918353737782693,1,0.6473760191468837,1,0.7693999748993502,1,0.9715459762855967,1,0.598,1,0.8242667059560714,1,0.9961012204961015,1,0.605797292193454
1_11924_u,1,1,0.6677400219940501,1,0.5687290009349065,1,0.5354932864782112,1,0.958378475563757,1,0.952741741756931,1,0.6157104322283896,1,0.6175380931510315,1,0.6145796324467424,1,0.5899791782912054,1,0.5821058118159645,1,0.5237266191996619,1,0.6434161063435844,1,0.9309019163841283,1,0.999457260830576,1,0.6142997388943463,1,0.714340776566058,1,0.694762320031145,1,0.5993413616100934,1,0.6667507764008367,1,0.5827226909743244,1,0.5764444444444445,1,0.9107115344257048,1,0.9968092292633308,1,0.6546063633921934,1,0.9574677110363974,1,0.9516762792954638,1,0.6512139663952294,1,0.6306252365033385,1,0.6396922720363403,1,0.5901898683946082,1,0.9569421415175827,1,0.9994544517388941,1,0.6133333333333333,1,0.9298590585301865,1,0.9173926647650104,1,0.5648115863181121,1,0.7157456511479701,1,0.6969033027194558,1,0.5990013568423278,1,0.9026478983592581,1,0.9983268785257288,1,0.6279724770642201,1,0.9553441323420899,1,0.9993810819480008,1,0.5803428877163167
1_11928_u,0,0,0.4328022096031248,0,0.20951923623399896,1,0.5170903964415302,1,0.9437306346952183,1,0.8436739820093588,1,0.6532076132939169,1,0.7612726330007339,1,0.593561767443878,1,0.6814306064906138,0,0.5,0,0.49585352758807694,0,0.24915221489703376,1,0.6409520002644367,1,0.6223332631753576,1,0.6447489123695476,1,0.608844127007576,0,0.23967738339573877,1,0.587613920434673,0,0.45152089519287153,0,0.2181240561266018,0,0.470988455988456,1,0.9445476974114918,1,0.9912679774557255,1,0.6242120323697035,1,0.9343530628629828,1,0.8332966732539494,1,0.5751773068437768,1,0.7592901901026199,1,0.5888905942467527,1,0.624837863538973,1,0.7853477844396136,1,0.7410610635483285,1,0.5933333333333334,1,0.6464619153967194,1,0.8085658965304995,1,0.5934907974310574,1,0.6825633462196606,0,0.23222866200752973,1,0.5669039008395503,1,0.9418107184029358,1,0.9814304438950341,1,0.6539246829934517,1,0.7826558931798402,1,0.7051937075640079,1,0.6782528663527909
1_12083_u,0,1,0.7017297166413613,1,0.7925186741784426,1,0.5996619557689996,1,0.9434790445429624,1,0.8784730487195926,1,0.7776647126914547,1,0.7894899787829753,1,0.8798773670796718,1,0.7382200204447282,1,0.6041379779960055,1,0.5090297633239814,1,0.5882003737098257,1,0.953873219270098,1,0.9996415576322343,1,0.7063774652363339,1,0.7642344521756549,1,0.9351307753396562,1,0.6426263625449972,1,0.6875884176704519,1,0.8197097638787068,1,0.5220225052725053,1,0.9794988406752162,1,0.9999083900140007,1,0.7509742612470577,1,0.9333577011324663,1,0.8772910185067682,1,0.7778689771311631,1,0.783056355118284,1,0.8784027069590207,1,0.7149816365092854,1,0.9672955398980269,1,0.9999749202500811,1,0.6933333333333334,1,0.9534588264115177,1,0.9406144912546527,1,0.6895261089691145,1,0.6773130873735141,1,0.9305624580066509,1,0.6350709236082632,1,0.9763046853863966,1,0.9999237515924667,1,0.7515238993710692,1,0.9653984940679285,1,0.9999686711753595,1,0.7502282532862505
1_12202_u,1,1,0.6938197506140709,1,0.664008655551318,1,0.5423719919779759,1,0.861938223576102,1,0.7546097547541165,1,0.6515736742418637,1,0.7577641977849827,1,0.7134394308475324,1,0.6957337976090558,1,0.5527684734719435,1,0.6018327706078278,1,0.5531002940821037,1,0.828214883052824,1,0.9508583954522505,1,0.6350302662742583,1,0.799183556074845,1,0.8290616507874934,1,0.6630301298964599,1,0.7112966258701396,1,0.7174399924616065,1,0.5448203463203464,1,0.8937379820712956,1,0.9848154219312306,1,0.6707671011860682,1,0.8769866531949221,1,0.8237854701943244,1,0.6705769499052565,1,0.7774534228760838,1,0.7521157304500625,1,0.7106727808934675,1,0.8977491107720013,1,0.9723222097181804,1,0.6433333333333333,1,0.8453835070302453,1,0.8072602946862357,1,0.6202719682091634,1,0.8370937636952616,1,0.8560515157363064,1,0.6547441545811982,1,0.9065363024459051,1,0.9796461112367195,1,0.6918179079993297,1,0.9055981434807977,1,0.9786529268365297,1,0.7321076641794575
1_12275_u,0,1,0.5985024936782971,1,0.5322423031580745,1,0.5486742619137298,0,0.39753273453276655,1,0.5668465077197817,0,0.43104105938541765,1,0.6411860753714252,1,0.5137766120564438,1,0.5816319992889597,0,0.38469928780283896,0,0.47594162448559135,0,0.3988005080196416,1,0.5052959937245611,0,0.18091398594329644,0,0.469289488032172,1,0.691116411621259,1,0.5704231268937467,1,0.5158014852395204,1,0.6186145416694967,1,0.5267600646722902,0,0.4650429015429016,0,0.40620573925654463,0,0.1974405794810887,0,0.484973549235641,0,0.39290936109934427,1,0.5770143173740614,0,0.4363501872610006,1,0.6253963793968469,1,0.5333696457489474,1,0.5652196764048506,1,0.5,0,0.2540147199322654,1,0.5266666666666666,1,0.5,1,0.6487006572997113,0,0.4675707073767763,1,0.6835171566122346,1,0.5885146628980856,1,0.588174609996699,0,0.40189614750284164,0,0.15129330353698858,0,0.4878960131968945,1,0.4899009858387716,0,0.20224359917386253,1,0.5109782199381524
1_12320_u,0,1,0.7463801074176698,1,0.7275364943604,1,0.662158787269331,0,0.2940129778793699,1,0.5837429739562248,1,0.694948121411516,1,0.6947916298642519,1,0.5089439112403874,1,0.6426748008152475,1,0.5512360932894415,1,0.610828800426654,1,0.6731200319324051,1,0.7977746625896243,1,0.5211112687340002,1,0.6740833945348552,1,0.7900258247869818,1,0.6457876172786979,1,0.6397533785895348,1,0.779810958873863,1,0.7921006571706928,1,0.6457680375180377,1,0.5358238000358015,0,0.38851499824285973,1,0.726574018970756,0,0.3724212344330997,1,0.6867645921593251,1,0.6851592001852066,1,0.7080630900236745,1,0.5840847682921297,1,0.6481890121442314,1,0.7908393993925953,1,0.5206356835330621,1,0.6733333333333333,1,0.8245330595554243,1,0.8980071216670267,1,0.6587973974162356,1,0.8186566102300359,1,0.7273891602930781,1,0.5943329739220989,1,0.6115988169063475,1,0.5477728834212848,1,0.7299355552901119,1,0.8164593949826737,1,0.7129406429786623,1,0.7086141694386429
1_12331_u,0,1,0.5963893698636782,1,0.7396661421522671,0,0.48419059267477566,0,0.05734183130025896,0,0.1864497425703987,0,0.41327100621362944,1,0.6879235816525237,1,0.6530638011528066,1,0.6136822380988982,0,0.4684474008351126,0,0.49985383971338215,1,0.538185340059403,0,0.290463880945959,0,0.1385695930308712,0,0.44187195621338804,1,0.6523917375494338,1,0.7684421689305003,1,0.5596124452961451,1,0.58886734754836,1,0.7121873608499428,1,0.5446017316017316,0,0.32242160516023066,0,0.15871858192811214,0,0.44218530995533084,0,0.04572433617797008,0,0.1720168437478291,0,0.4016828456259697,1,0.6867073271260995,1,0.6466423942292971,1,0.6314663916792301,0,0.4226946735145667,0,0.28037258926896036,0,0.41,0,0.28149767821717325,0,0.34555347460441127,0,0.433501918177148,1,0.6658536660404804,1,0.7486687174351832,1,0.5386558013197742,0,0.2828203278672159,0,0.10125863824823028,0,0.424,0,0.4068301645711192,0,0.1948820387261243,0,0.4528963778223534
1_1296_u,1,1,0.6610017206551525,1,0.5219589836827773,1,0.5758131453625206,0,0.3130765411574862,1,0.5514162606265736,1,0.5281748166558682,1,0.6653231777596453,1,0.5442988610824457,1,0.6579748314742437,1,0.5346852366149256,0,0.4847678838961365,0,0.4474360063501262,1,0.5664846919807764,1,0.6158016747387433,1,0.5996209192749253,1,0.6449509827044955,0,0.3905899282528431,1,0.62456526565122,1,0.6513121531725791,0,0.46693058674280047,1,0.5337489177489179,1,0.541905342670387,0,0.12687939423124084,1,0.5800772158578866,0,0.2674462998432806,1,0.5470195898290566,1,0.5396016182237265,1,0.6585057166537,0,0.497851352028642,1,0.6250518189075911,1,0.5215354399668334,0,0.28184892468107503,1,0.5732195121951219,1,0.5499914936189159,1,0.6706036057279993,1,0.562555585974684,1,0.6165569041702584,0,0.3330443270511733,1,0.6808430829044702,1,0.5318782021987469,0,0.104128494857571,1,0.573963043101956,1,0.5091001417634093,0,0.23157087607226132,1,0.5985397080206805
1_1470_u,0,0,0.15039267672103218,0,0.06146863557431945,0,0.37691421985921897,1,0.7304699076791938,1,0.6779497421628494,1,0.6085426033026966,0,0.3423179176367226,0,0.2833292929635661,0,0.3789145461976187,1,0.5724004264814484,1,0.5541744106233273,1,0.6384270295466354,0,0.39219133225688957,0,0.020322035983554615,1,0.5942491141567713,0,0.17348576412734135,0,0.052966809968982946,0,0.38188271310432564,0,0.14976879505132346,0,0.11015010482207735,0,0.3579087301587301,0,0.38514733368665705,0,0.07170054855529523,1,0.5763319519635538,1,0.7581535103073909,1,0.7067451992101491,1,0.6250728138196474,0,0.34389846439300836,0,0.31627050522237904,0,0.42465250748435374,0,0.19023600781378333,0,0.0041709094496526575,0,0.49666666666666665,0,0.39836837122810914,0,0.1719181140909742,1,0.5531531918758458,0,0.12286398622242896,0,0.08864977723232784,0,0.3655555566330257,0,0.3777021890786689,0,0.0698533250481729,1,0.597968835978836,0,0.18325819311452632,0,0.0033011565546479755,1,0.583062189108763
1_1478_u,1,1,0.8411173782046417,1,0.8673977484027677,1,0.6728083355133426,1,0.8770321694949008,1,0.886996211569645,1,0.6478119750374951,1,0.7587638513522915,1,0.6109066364440904,1,0.6985284516135002,1,0.5733575589439001,1,0.5743299253995888,1,0.6960927995161269,1,0.9298348101108188,1,0.9991031845739416,1,0.6761202906116179,1,0.8790031256392643,1,0.8748523982149974,1,0.7257538908255181,1,0.8559277667016362,1,0.8839229468019106,1,0.723348124098124,1,0.9416389696560457,1,0.9948064284816556,1,0.6939322984982346,1,0.8954478425579645,1,0.8993560191130169,1,0.6586169554937785,1,0.7654860442818374,1,0.6463079560227304,1,0.646721392885023,1,0.9690352594382536,1,0.9987411991357847,1,0.6898861788617886,1,0.9367507221326782,1,0.9593864092206016,1,0.6645015884221355,1,0.8481575235619676,1,0.8838278523780464,1,0.7319334442022956,1,0.9518373667176678,1,0.9959399018263668,1,0.7219044952614484,1,0.9726505426040782,1,0.9991035243531204,1,0.7412522463036478
1_1549_u,1,1,0.8525247971324139,1,0.9471065851643752,1,0.6260906776804227,1,0.9507323284800343,1,0.8483475427258833,1,0.7116909387363206,1,0.6755960085637658,1,0.5171978061138723,1,0.7424080496089174,0,0.4697706562681116,0,0.49105292390482846,0,0.3344535238851317,1,0.9458005507209062,1,0.9992840395454794,1,0.700156140488916,1,0.8762161215277151,1,0.8765653846756376,1,0.6497658874119652,1,0.8474498926375424,1,0.9383664705491298,1,0.6712824675324676,1,0.9584167688279815,1,0.9944610470442177,1,0.7447889591738529,1,0.9410972081537408,1,0.8442137931829801,1,0.7457984935653525,1,0.6430508602453198,1,0.5148864120044745,1,0.6484056661759262,1,0.9386789335933284,1,0.9948056491843328,1,0.68,1,0.9437403533601787,1,0.9038598134220844,1,0.6804432476320542,1,0.8779557448182517,1,0.8697688455716134,1,0.6566790105492077,1,0.9437644132910579,1,0.9893892578422698,1,0.7795541406515192,1,0.9289487961211738,1,0.9869147807843904,1,0.7249505307206209
1_162_u,0,0,0.4795695468378309,0,0.4064446022793343,1,0.5332769059463799,1,0.8402293083347556,1,0.567565662618595,1,0.7435625270794748,1,0.6088099076824172,1,0.609618852587945,1,0.5467118067587043,0,0.4785768322228514,1,0.530909912556704,1,0.586700580734586,1,0.8121167061601552,1,0.9386194357233623,1,0.7454675182519254,1,0.5621489972814167,1,0.5191540723154822,1,0.5257074160351927,1,0.5105355491604587,0,0.4484532839645161,1,0.5377658730158731,1,0.8968304678816974,1,0.9960574366104221,1,0.7194517143783751,1,0.862829740265972,1,0.6244578458810371,1,0.7077602705788325,1,0.6256900693893377,1,0.6387027785406502,1,0.5365347759557376,1,0.8383335430116295,1,0.9853312566023169,1,0.6465528455284553,1,0.830626955898871,1,0.6955855462928134,1,0.6847573987913852,1,0.5726211662755061,1,0.5633457181903628,1,0.5082091313193909,1,0.9085468558157831,1,0.9981769965584225,1,0.7237483302539658,1,0.8475616577728244,1,0.9890675941973452,1,0.6847010114341057
1_1627_u,0,0,0.4629795238982635,0,0.2082432327262728,1,0.553408731674493,1,0.658397451724843,1,0.8156378455480319,1,0.5521880535414683,1,0.8291773239954948,1,0.7058124827376911,1,0.8100278376547996,1,0.5347264005146085,0,0.4308134060043397,1,0.5638283047684665,1,0.6079642579282728,0,0.45405513574190765,1,0.5482495023974712,1,0.6362825347537642,0,0.3406669888982976,1,0.6836038854459371,0,0.436482791122019,0,0.13407592693496737,1,0.5761280663780665,1,0.7171970402663229,1,0.9401195595936302,1,0.5371754940094772,1,0.6126350321848455,1,0.7372069100190514,1,0.5324167311542324,1,0.7974852928705933,1,0.6277214626655491,1,0.7840132211020481,1,0.5978323675838316,1,0.7617964284645665,1,0.61,1,0.5657398888873049,1,0.6676409524156308,1,0.52205026500121,1,0.5638565882658826,0,0.23352214291972986,1,0.6499402227118449,1,0.6754778127242523,1,0.9106917051909185,1,0.6179816513761468,1,0.5551553718737562,1,0.7128905173720872,1,0.6389771352241116
1_1638_u,1,1,0.5,0,0.22068902388338715,1,0.5149326675683333,1,0.8665635863952831,0,0.3969160784328711,1,0.6607273610141179,1,0.7184395126873457,1,0.681334571904341,1,0.6730101478296752,1,0.5432547809053443,1,0.5338234385453939,0,0.4522718726454664,1,0.806483679839217,1,0.7213060078595358,1,0.6680808602958543,1,0.6603571902593722,0,0.4080968818745496,1,0.5534782891087726,1,0.5165324542482743,0,0.26322559264219214,1,0.5273015873015874,1,0.8251629451246556,1,0.7410816566673558,1,0.745637319899686,1,0.871190093897397,0,0.427560294016382,1,0.6748932244358156,1,0.7106186875504189,1,0.70067442952854,1,0.7151537515887902,1,0.8275825108244045,1,0.8180902219062886,1,0.6198047289092777,1,0.8112787473908478,1,0.8495809043009631,1,0.6368911235207688,1,0.639775890712278,0,0.433001027066021,1,0.5848525596891111,1,0.8077430945681318,1,0.6564693630079088,1,0.6799431850205253,1,0.8218724444403299,1,0.821409213367604,1,0.7030670356478582
1_1666_u,0,1,0.5262018473389142,1,0.543112042652955,1,0.5796824811503266,1,0.8005765038851821,1,0.8994109488330125,1,0.5969829098665966,1,0.7808570138555254,1,0.8030353381944263,1,0.7532239839171074,0,0.43087683955092815,0,0.4614190312769879,0,0.4160830123794579,1,0.7344368582994333,1,0.972392155490209,1,0.6097772891501895,1,0.7310157444347727,1,0.760002804940052,1,0.6831160950960161,1,0.5328859810147849,0,0.4829398370817488,1,0.5632808302808302,1,0.7907084882290543,1,0.9431029444017855,1,0.6396368693101598,1,0.7994508283986574,1,0.9031439398717284,1,0.60278146039449,1,0.785108279037624,1,0.7628598482791531,1,0.7260736587323886,1,0.7952043864119097,1,0.9464218411838643,1,0.6065481481481482,1,0.7348415657146633,1,0.9440668708405537,1,0.6119843332784817,1,0.6917339299353672,1,0.7212123650277529,1,0.6754517030316332,1,0.7900752978509644,1,0.9373947012252214,1,0.6359513173312216,1,0.7961160852814864,1,0.9298035470864712,1,0.6354275685172691
1_1678_u,0,1,0.6476178013742916,0,0.4003756385337916,1,0.5785980799275988,1,0.9601025959527031,1,0.9715622852409243,1,0.7596010307356411,1,0.7338232366995436,1,0.5802297293975915,1,0.7085400523127893,0,0.5,0,0.4739200929836188,1,0.5392147402418007,1,0.9764917947076636,1,0.9999813882770259,1,0.7816158533909184,1,0.6940826826150754,0,0.4676770771565861,1,0.6316948498213747,1,0.6476032908512049,0,0.4111180599549584,1,0.6193921356421356,1,0.9879620563495558,1,0.9999358921815684,1,0.8199409591047374,1,0.9620609550915153,1,0.9684895103981273,1,0.7931433389171849,1,0.7290064670379326,1,0.570106098794609,1,0.6678026304093835,1,0.9889262057196944,1,0.9999795406063663,1,0.7098266550522648,1,0.9779209262054233,1,0.9822422952057249,1,0.7408265176556844,1,0.7199908917408004,0,0.49066507260239767,1,0.6162095228108715,1,0.9886249281957122,1,0.9999377478896094,1,0.8198874739848526,1,0.9895858133856477,1,0.9999819823761568,1,0.7825206861178305
1_1732_u,1,0,0.5,1,0.7878218758728684,1,0.5559858569746309,1,0.667244694842949,1,0.8908773335421076,1,0.7583270563843986,0,0.3190077538551695,0,0.45288684224478537,0,0.3855937594580438,0,0.4265893795381435,0,0.4253465785326576,1,0.5659665450522473,1,0.8775285259653841,1,0.7984075694463,1,0.736303566797538,0,0.32295292027482375,1,0.5783775405932141,0,0.4498857655193295,0,0.47726697909798654,1,0.7478129333361584,1,0.5284496336996337,1,0.8060309333700579,1,0.5388433377425934,1,0.7021589623914363,1,0.6847585199071989,1,0.8884236606653757,1,0.7289353491434285,0,0.3224770491591327,0,0.40678528693374244,0,0.35122197267547944,1,0.7968781016149316,1,0.7727959015829486,1,0.6366666666666667,1,0.8741822253750334,1,0.9648850640837744,1,0.6956503179634936,0,0.355694932505931,1,0.5692143906415438,0,0.39946035121294754,1,0.814173558407648,1,0.6172719809725203,1,0.6618630729364022,1,0.8091997488922572,1,0.8769647086432745,1,0.6707976397293066
1_1772_u,1,1,0.7289518515091666,1,0.7883835762793112,1,0.5314675267911529,1,0.7930655976160976,1,0.7180946653118153,1,0.8679568659140879,1,0.7178787704148993,0,0.48314027067734266,1,0.5836919783906752,1,0.589013775485869,1,0.5409890712013242,1,0.6801218557143334,1,0.9270485699015817,1,0.9405455046315568,1,0.8148295346421799,1,0.7755497123471697,1,0.8346110984816802,1,0.5735270173130763,1,0.728378910638373,1,0.828625067583252,1,0.5812976190476191,1,0.9525909299443631,1,0.9872044545566524,1,0.8052012744812753,1,0.8059295634568622,1,0.7766752798839595,1,0.8804692089550308,1,0.7171205744792868,1,0.5095172555097677,1,0.6641073558009519,1,0.9622783642306786,1,0.9969682373064829,1,0.7231599883855981,1,0.9285702658635219,1,0.9203761482632307,1,0.7203239136212874,1,0.789640853310091,1,0.86250357071025,1,0.5874626820479737,1,0.9554357359260015,1,0.9910134684072279,1,0.8379044952614484,1,0.9636809552942054,1,0.9971581971550002,1,0.7570625442113827
1_1798_u,1,1,0.6475006862814173,1,0.7272250527649138,1,0.6094093352913021,0,0.45127777503855915,1,0.6518168578832948,1,0.5986595570198623,1,0.6376963555243172,1,0.5372380975720755,1,0.601838851851625,1,0.5594932663544468,1,0.5325139402100216,1,0.6406971718887327,1,0.5905085316700189,0,0.11211550174267207,1,0.6080070772125575,1,0.6384321426168623,1,0.6648116952146396,1,0.5996390313998877,1,0.66668672955309,1,0.7215036699840351,1,0.6430443722943724,1,0.6753770230984427,0,0.09658329293874704,1,0.5571995325043188,0,0.4525400752291399,1,0.6623465614876445,1,0.636518329157699,1,0.6362925083454937,1,0.5589068258790377,1,0.595441431857435,1,0.6047902767622196,0,0.05792872346951976,1,0.56,1,0.5945554380495262,1,0.5861038085563732,1,0.5760297821012466,1,0.6959215971834952,1,0.6682314458532984,1,0.5444158942362712,1,0.6843757967258494,0,0.10043629052135447,1,0.5919735447611402,1,0.6102997760987109,0,0.0596728901061451,1,0.5969827342869694
1_1803_u,1,1,0.8060596009884933,1,0.842773459233363,1,0.6218095548387325,1,0.5973328862112879,1,0.6394014340637248,1,0.6201483285172489,1,0.5430891268722777,0,0.4459672045063778,1,0.5718579979040134,0,0.4917618306495825,1,0.5018037038406531,0,0.319302612327011,1,0.9341112831847751,1,0.9767202470542241,1,0.6811909730308154,1,0.756515940963108,1,0.8375850062772286,1,0.5996281852943497,1,0.8304007015823969,1,0.8358027409806187,1,0.6300678210678211,1,0.7141202403028198,1,0.6076672787429219,1,0.6536434617908338,1,0.5627242981731118,1,0.6365811453124521,1,0.6477015987271583,1,0.5370415837689939,0,0.4956469284886629,1,0.5741104204954042,1,0.8911143865302275,1,0.9304961715768022,1,0.5932965009208103,1,0.934559305091764,1,0.8458646930400895,1,0.6459564693374387,1,0.7450107099204255,1,0.8227676666230429,1,0.5555049564765098,1,0.696469072730813,1,0.5827123775900543,1,0.6597210740867869,1,0.8867709460048641,1,0.9287153173722847,1,0.6787026378891792
1_1931_u,1,0,0.4326365912986626,1,0.6197438737510486,0,0.48806643171370695,1,0.8179878031862101,1,0.9149863218761762,1,0.7170454065446901,1,0.8315328501227455,1,0.8065093736026073,1,0.8353356952829863,0,0.43597915011297983,1,0.6497316793754149,0,0.4043566356713959,1,0.803166940733783,1,0.747306625343274,1,0.6959421282137557,1,0.7404032675415524,1,0.695407368228422,1,0.6647692183260425,0,0.4650931783386066,1,0.696602218447023,1,0.5878275613275613,1,0.9616307814792437,1,0.9903031221587193,1,0.7892905805094284,1,0.8875763224615457,1,0.9478873753511212,1,0.7386692076104873,1,0.8466202964143127,1,0.8617849138044812,1,0.8329981663515443,1,0.8978605318585543,1,0.8765729655724427,1,0.7365113157356251,1,0.8338797531374881,1,0.9305459727522348,1,0.6683228033017007,1,0.7166610964749737,1,0.7562447495427993,1,0.6976287661510865,1,0.9692319811979142,1,0.9970006639647511,1,0.7898813144319766,1,0.9089380972607161,1,0.9280199544104841,1,0.7328076229087187
1_1973_u,1,1,0.5645818503996849,1,0.7213722025966179,1,0.5192049062397182,0,0.4384240471751787,1,0.786861524253281,1,0.7536379813804944,1,0.5491187669194006,0,0.49555019444684345,0,0.4937136842404313,0,0.44709115604691513,1,0.6174831240970093,1,0.6215011783982907,1,0.9147541154892339,1,0.8410837595936923,1,0.7574313874768267,1,0.5946562862131474,1,0.5403867549948528,1,0.5048395331352181,1,0.5913638648203813,1,0.7667230831403682,0,0.46099603174603176,1,0.8921777950495594,1,0.9346330289418086,1,0.7503924722580865,1,0.4936558620500566,1,0.8662915397941028,1,0.7209562401194286,1,0.5827597203200183,1,0.5856620865103103,1,0.5140634121543076,1,0.8913135003088902,1,0.9434552415189511,1,0.6533,1,0.9264114452161663,1,0.8166714531031347,1,0.7115640797912184,1,0.67830034603099,1,0.6443124545177654,0,0.4547890476143743,1,0.8934740108889888,1,0.9539595153211176,1,0.728297682361629,1,0.8994015837434168,1,0.963620074747697,1,0.6842717092530234
1_1987_u,1,1,0.6179653798761908,1,0.8652013453769604,1,0.5402235166469831,1,0.8980577441158478,1,0.9240846578552869,1,0.7903461377261681,1,0.6186572300600119,1,0.676978479292203,1,0.6390253661753474,0,0.47464545495207155,1,0.54124628632786,1,0.5004654694707452,1,0.9535650519874223,1,0.9920662993452298,1,0.7082221404505814,1,0.6862788653042724,1,0.8744336539355455,1,0.5798361181657217,1,0.6242979639968854,1,0.8561583106001565,1,0.5526832611832609,1,0.9585206635269593,1,0.9880212959292853,1,0.8382300921329462,1,0.9214044279333712,1,0.9354812717877903,1,0.7946000199888753,1,0.6186416104601828,1,0.6658158577506055,1,0.579613120406829,1,0.9629604392138416,1,0.9948992638678343,1,0.7130619047619048,1,0.9583075772001518,1,0.9561011324113375,1,0.7081953375411367,1,0.6957464572458886,1,0.8557421232675333,1,0.6182550348700522,1,0.9668707470649968,1,0.9915871754733335,1,0.8318664046331463,1,0.9664944407359309,1,0.9946120891742944,1,0.7939384637992506
1_2075_u,0,1,0.5905891795285018,1,0.643903613069749,1,0.5675739547560342,0,0.418401548438108,0,0.4146367898521318,1,0.7290526023233443,0,0.30632792266458836,1,0.6708075468758741,0,0.327223024037465,0,0.45477390358255604,0,0.4977793174284193,0,0.3863585695589054,1,0.828452996906687,1,0.7425306527124644,1,0.7125902845575943,0,0.44216150295736023,1,0.8126464209680506,0,0.4039873417721519,1,0.5876721166903855,1,0.6165284969210685,0,0.4771132756132755,0,0.4223616141892847,0,0.1733270050072793,1,0.6183601636362069,0,0.3321677704164312,0,0.44806672015435023,1,0.7473489970877214,0,0.29941280858283686,1,0.666432325540008,0,0.34529797037927135,1,0.7661813465373983,1,0.9676840688854226,1,0.5832148148148147,1,0.8153485099888151,1,0.6436322418007187,1,0.6438958916119022,0,0.4532866226315176,1,0.7850334960913762,1,0.5656191317539698,0,0.3643189804743226,0,0.11719428057865841,1,0.5839405760038351,1,0.7457509243482671,1,0.9477216541375316,1,0.5996378919780023
1_2119_u,1,0,0.4499080260387532,0,0.4938879817669993,1,0.5007280047871349,1,0.5607045134157527,1,0.7679360442062602,1,0.5522390015561109,1,0.6122283192048198,0,0.4058256499959002,1,0.5665427928109199,1,0.608121128922505,1,0.6373126209447267,1,0.7545755256382836,1,0.518554984539389,0,0.2191581132789013,1,0.5648137958091758,1,0.5089070436720067,0,0.4691298991225611,1,0.5297929621590394,0,0.49446374865352455,1,0.6347301619984898,1,0.5123730158730158,1,0.5545110360411828,1,0.9439867554198355,1,0.5718911076998928,1,0.6208962125874239,1,0.877977678470346,1,0.5707493010328628,1,0.6509942896906558,0,0.4935517425889488,1,0.5605358321355703,1,0.605256292919712,1,0.730908930939838,1,0.5266666666666666,1,0.5521524767229008,1,0.6619137395363517,1,0.578033403301499,1,0.542844869689151,1,0.6324029788808362,1,0.5753786304014025,1,0.5911463031693724,1,0.9669677455087649,1,0.5705928353050556,1,0.6508323945914019,1,0.8538022104559873,1,0.5845624166084218
1_2216_u,0,0,0.4856600872863138,1,0.5238929800715308,1,0.5203909298143421,0,0.4878677665384428,0,0.4881200249723172,1,0.5033350617001572,1,0.5,0,0.28471697289658066,1,0.5383173407326848,1,0.5195388908743315,0,0.46749226071493244,0,0.4954342155268535,1,0.5809556375902332,1,0.6560230613009238,1,0.5141117337606769,0,0.42665850557941143,0,0.35167420657425463,1,0.5057555542000095,0,0.4879771072755413,0,0.43091423911792726,1,0.5117478354978355,0,0.1312738281278477,0,0.013024002743421113,0,0.4929766175050499,0,0.4316696850418497,0,0.45940496246617424,0,0.47348152823430517,0,0.4706995786265878,0,0.2586353348546228,1,0.5471279198280071,0,0.24601393877822686,0,0.02225736839748395,0,0.4932965009208103,1,0.5594014445500549,1,0.7516574829997841,1,0.527290105655169,0,0.4086410404932579,0,0.2930273196409435,1,0.5547464443165375,0,0.12839904199270402,0,0.015422002942662709,1,0.5459676708723142,0,0.23095142295604731,0,0.022085013934782075,1,0.5185501477683491
1_2361_u,0,0,0.3823349487741411,1,0.7765381676331136,1,0.5247302604478667,1,0.8485787541815701,1,0.9343564166689974,1,0.5925257282096612,1,0.7073426135622379,1,0.5795404984406983,1,0.6755000832061425,1,0.5835282683918829,1,0.6073389644849823,0,0.3744945467533652,1,0.5856203170032972,1,0.9914730163526243,1,0.6037135511686762,1,0.527651380025001,1,0.8602926774281466,1,0.5814922044020279,0,0.4071302760966851,1,0.8227984954970403,1,0.5077712842712844,1,0.8425757649378628,1,0.9800624944014317,1,0.6433168999714379,1,0.8561851279239518,1,0.9379329475282223,1,0.6058507037050131,1,0.7455582472044359,1,0.6764088215498447,1,0.6541867954725212,1,0.710029916911787,1,0.9795192773346986,1,0.6098814814814815,1,0.5995129979301019,1,0.9266826637875444,1,0.5520677919883132,1,0.5298222617471565,1,0.8769154038414738,1,0.612190733142035,1,0.8571340691996965,1,0.987923594468663,1,0.6257789322615723,1,0.7264768436547937,1,0.9816308290743203,1,0.6248647959483259
1_2420_u,0,0,0.3784320112896371,0,0.4046230645554086,0,0.4700484332469902,1,0.7708416580256098,1,0.8359206220056191,1,0.5682043054558175,1,0.6566753467069694,1,0.518965131240086,1,0.6148998159561848,1,0.5136833022449031,1,0.5907133986216917,1,0.5390319794594342,1,0.5,1,0.6613700438906088,1,0.554533348065937,0,0.4691232484606813,0,0.3617982478738128,1,0.5133429422624624,0,0.40221417982901697,0,0.4572479344817483,0,0.45511111111111113,1,0.5950737402816711,1,0.9017857949499812,1,0.6096449375719423,1,0.8160115058162098,1,0.8790902597528342,1,0.5694005497773803,1,0.6846044355538848,1,0.60590576870637,1,0.5661308854944752,1,0.5131940038832595,1,0.631519997985735,1,0.5932965009208103,1,0.5319218281498551,1,0.7244471824244914,1,0.5806140040148873,1,0.5075012410303931,0,0.3770268451953786,1,0.5680832920522733,1,0.6424799194995338,1,0.9215170140916304,1,0.5299698760012143,1,0.5446578548383089,1,0.7513551363352701,1,0.58481385633965
1_2464_u,1,1,0.6390405993396849,1,0.7442165085100237,1,0.5674407873543081,0,0.12422436097743893,0,0.21199771177230817,0,0.42740089869926545,0,0.40840465482462907,0,0.4550963795033905,0,0.40216731340582584,0,0.3345771620167466,0,0.3292939885209928,0,0.1502375625652278,0,0.36669006479417704,0,0.03133237402354979,0,0.4099897759559321,1,0.49219332461425463,1,0.5738722414744385,0,0.4434295058557432,1,0.6088805763093362,1,0.5773774576371301,0,0.4774285714285715,0,0.16685034828117654,0,0.0543282798111842,0,0.40194804419734403,0,0.10807778346568178,0,0.11510319130943897,0,0.3980715912163528,0,0.38500951451024074,0,0.340053284872474,0,0.38771986861533325,0,0.23275761839744816,0,0.22581347197064877,0,0.44,0,0.3465325337708549,0,0.22409928812651436,0,0.45541819312512555,0,0.47854507786643125,0,0.4486594176068753,0,0.4685866420196939,0,0.15396100845576424,0,0.04096677291697149,0,0.394,0,0.22065392251639676,0,0.20688227007003748,0,0.4334237627840214
1_2580_u,1,0,0.3955329141844447,0,0.11926379918348998,1,0.5023730793393562,1,0.5370787422140059,1,0.6052565583108953,0,0.4947145217946649,0,0.47207926004373396,1,0.5414166267469108,0,0.46699251890162863,1,0.5564628343090615,1,0.6158540836773039,1,0.5534460435410495,1,0.4320136095571845,0,0.31313860769678636,1,0.500981267538172,0,0.33881373912190993,0,0.12153315113561439,1,0.5118923076923076,0,0.44778251149350506,0,0.17383158394730774,1,0.5269484126984126,1,0.5664534664827306,1,0.9478295147335223,0,0.49161349910787683,1,0.6027384167500464,1,0.7006079004957791,1,0.508379362006201,0,0.47959150182149096,1,0.6173800244887006,0,0.4979954764768113,0,0.399411879224867,1,0.5782837834236932,1,0.5133333333333333,1,0.4605929622751502,0,0.42896641749196257,1,0.5169916317440714,0,0.3794439682269058,0,0.13889021942955487,0,0.4713777376603117,1,0.5859656445492921,1,0.9590382585034237,1,0.502,0,0.4149608057216953,1,0.6302956668872405,1,0.522991507969173
1_2614_u,1,1,0.7225877942775357,1,0.8968574367055345,1,0.5857243961623525,1,0.6004376904221054,1,0.5957868188653774,1,0.6425126750231879,1,0.5,0,0.46376412463717614,0,0.4861200086825327,1,0.5276594850487533,1,0.5786163057035453,1,0.6379672104567016,1,0.8348036241128095,1,0.9894087663967728,1,0.6200669898341639,1,0.6458323306040626,1,0.8668193127179226,1,0.5294578281074165,1,0.721452665312552,1,0.9085487773809408,1,0.6208476245976245,1,0.5609262125296837,0,0.2638725405547009,1,0.6563011624173481,1,0.691712072635942,1,0.7095824297138761,1,0.6831121756669408,1,0.5391736791112121,1,0.5406529746029426,1,0.5558142247536693,1,0.8400133780637632,1,0.9898526018411441,1,0.6,1,0.8543904147611658,1,0.8647975375169703,1,0.6046576600432556,1,0.7499335527439792,1,0.8807893135449859,1,0.5747551901834027,1,0.6148621524048133,0,0.3532046003640615,1,0.6278175829103732,1,0.8520661119788108,1,0.9922009765722609,1,0.6010949813642497
1_2616_u,1,1,0.7568875608116297,1,0.7783866663847208,1,0.6462920424111078,1,0.7540941210800735,1,0.9007098555802704,1,0.624576460568996,1,0.6415418010702507,1,0.5101078096707171,1,0.595288860774066,0,0.4804832787286831,1,0.5076562793939964,0,0.45511401312202016,1,0.8396229195622962,1,0.9941268459016271,1,0.6584200658657363,1,0.7603824871644268,1,0.7865128104882013,1,0.6214533511109755,1,0.7781641275112112,1,0.7704242045140167,1,0.6738849206349207,1,0.630254948321513,1,0.7402929048311151,1,0.6074851565424354,1,0.7473506898668545,1,0.8723615374541788,1,0.6059335345583857,1,0.6443167209718309,1,0.5064760052132296,1,0.6476139130942323,1,0.8535553722015342,1,0.9808040616899986,1,0.5598814814814814,1,0.8430478103776242,1,0.9639239107153558,1,0.5829717983478107,1,0.7830326240922004,1,0.7684595005010377,1,0.6779744535041545,1,0.6251499000413896,1,0.5634355987373264,1,0.629990099009901,1,0.8486941057985887,1,0.973922338395677,1,0.641270729865275
1_2664_u,0,0,0.4288599100066392,0,0.31468077345536394,0,0.49041019820697607,1,0.5694984897514033,1,0.6976212431362248,1,0.6209590536304714,1,0.657430387270257,1,0.567771505877836,1,0.6507902156712411,1,0.572961627234504,1,0.5438869839324113,1,0.7714723077922255,1,0.616645906382162,1,0.8047731645016976,1,0.6058381231901774,1,0.5820984916924459,0,0.45047727539600674,1,0.6191590772400192,0,0.4508498844770069,0,0.3626704414222861,1,0.5856868686868687,1,0.7493987177830054,1,0.7338487586317548,1,0.6420653083666943,1,0.6026417697962106,1,0.7519498166961185,1,0.590459140941231,1,0.6748881269964082,1,0.6129064674859993,1,0.6528970610624311,1,0.6886117256855999,1,0.8237535568999174,1,0.6398446490689584,1,0.6325492180851344,1,0.6680730974736555,1,0.5883537866591853,1,0.573668355715427,0,0.4852764215885385,1,0.5927925216165949,1,0.7627136501441768,1,0.8090878103782799,1,0.6906238446244977,1,0.6991724663586237,1,0.8673975582531215,1,0.602827706542565
1_2669_u,0,0,0.4394827945008969,1,0.7238432643792763,1,0.5211002339052196,0,0.38779884925198266,0,0.3709375380807622,0,0.4733396715386734,0,0.30466832697466545,0,0.09784280317973726,0,0.311195685149354,0,0.5,0,0.4331561275637401,0,0.45048862720717314,1,0.4527099791272251,1,0.698989337086536,0,0.49556169231023445,0,0.2549183337082277,0,0.34722494109166385,0,0.4159331838035651,0,0.4088546003649044,1,0.7133320996273406,0,0.4774819624819625,0,0.22387203730874522,0,0.04223290175656099,0,0.3917724283768011,0,0.3574786503490887,0,0.3126273351856716,0,0.4543480990124493,0,0.2981964467689752,0,0.09652127272804932,0,0.3198821850663956,0,0.2073627238621632,0,0.0527821665653676,0,0.49333333333333335,1,0.446045894322805,1,0.5864857750803997,1,0.5246052069214459,0,0.27044774936574806,0,0.3076668558143031,0,0.38812284344965486,0,0.21231640011244213,0,0.023686492526617108,0,0.4139906542056075,0,0.20294680596370568,0,0.0444235485452798,0,0.4538425520781187
1_276_u,1,1,0.6743987844178895,1,0.8270474415984606,1,0.5990469934103871,0,0.48687770638400185,1,0.7434775888208278,1,0.6913946007364974,1,0.5609965396682869,1,0.5285509274788371,1,0.535290749177738,0,0.4932330883490481,0,0.4622948305083846,1,0.5115498818528688,1,0.7798861468246274,1,0.7385436005963613,1,0.6331351910730391,1,0.626953690472789,1,0.6938530502877959,1,0.555596440491077,1,0.6557711359232418,1,0.8407440238437359,1,0.6380447330447331,1,0.5888560869972208,1,0.5678244561050695,1,0.6311246691951046,0,0.4748039988761009,1,0.700354978625401,1,0.6766330625020847,1,0.5499802874258651,0,0.4869917337011281,1,0.5589931745662498,1,0.6868019450988538,1,0.7429006407036246,1,0.6598814814814815,1,0.7781046899224524,1,0.660069737781495,1,0.6191054271276901,1,0.6830194182662483,1,0.7124381697942005,0,0.497389645991056,1,0.5655791084217255,1,0.5443820489913523,1,0.679655184229295,1,0.676421569525495,1,0.7379508224949602,1,0.6602210615842315
1_2778_u,1,1,0.7128523913402723,1,0.8216902891727342,1,0.6667356991678949,1,0.6949146554895251,1,0.701243179446991,1,0.5592331032940298,1,0.8243482637570375,1,0.8035136835709137,1,0.7101346076865804,1,0.6005100590665766,1,0.5866965977493324,1,0.7611559970982036,1,0.7373803982966938,1,0.7431054173342866,1,0.6204922655356018,1,0.8590367994796386,1,0.931290760434062,1,0.7157913447771387,1,0.7161234213060306,1,0.8396864064921371,1,0.6444404761904763,1,0.8872051139517589,1,0.9964929717523254,1,0.5974474957007857,1,0.7009143980344098,1,0.7550162536391819,1,0.5706299103235325,1,0.838281409707829,1,0.8369004504793013,1,0.7288843693988636,1,0.9205402662106268,1,0.9960675579916025,1,0.58,1,0.7582992683003343,1,0.8705953577182706,1,0.5580482627829114,1,0.8365990021597891,1,0.938706227174293,1,0.7027396405774918,1,0.8952741643665835,1,0.9968687956927917,1,0.656,1,0.9259466849892034,1,0.9971841654263013,1,0.6135023148031378
1_2792_u,0,0,0.2981370109062836,0,0.4478793004804674,0,0.4271928521193516,1,0.5695751581600376,1,0.6326459595450429,1,0.7616991382927082,0,0.3859858945872692,0,0.3533136410828069,0,0.4191330953936979,0,0.447406942814742,0,0.42775546034661854,0,0.33193050434777266,0,0.3838135054664256,0,0.10065231079868586,1,0.6272576500204483,0,0.25064757108254426,0,0.45467231771204786,0,0.39498764270575126,0,0.28128365361328334,0,0.3685242014459447,0,0.3720670995670996,1,0.540414940276101,0,0.22757099993210822,1,0.6456168328842186,1,0.5386951779439648,1,0.5514619938364994,1,0.7863638529988445,0,0.3586758893913413,0,0.28834161749792114,0,0.43741636573717785,0,0.3382565118531258,0,0.06178053086881348,1,0.5916666666666667,0,0.3729546736786326,0,0.3683155467705167,1,0.635028999184797,0,0.2885561477554117,0,0.38010806745503434,0,0.43406346397617956,0,0.4791351512239222,0,0.1574535242585892,1,0.7014522246051862,0,0.3126031434783261,0,0.04563093818301526,1,0.6561215887228242
1_2830_u,0,1,0.6972412651466577,1,0.7753518269487981,1,0.5894571410064382,1,0.9399961889259364,1,0.7883210969763033,1,0.6743333311537019,1,0.7942184988452909,1,0.7050032414570647,1,0.6330641948795731,0,0.524713551730212,0,0.42449092609471045,1,0.5732844113323415,1,0.9059023363788541,1,0.9902482206322557,1,0.6619718145380205,1,0.8564832242342031,1,0.8831951784623225,1,0.6618033632030723,1,0.6904868735951726,1,0.700301197123118,1,0.5995840548340547,1,0.9110114761744391,1,0.9637037174713905,1,0.6649623858276567,1,0.9448357904261189,1,0.7294657054995665,1,0.6443888685043914,1,0.7673656291574863,1,0.6412534647956547,1,0.611324068060605,1,0.9534071182584264,1,0.9948551748694142,1,0.61,1,0.9030324466288021,1,0.7558615926776364,1,0.5862371060456585,1,0.8295171706565813,1,0.8494119817612915,1,0.6288905502037457,1,0.904542525940012,1,0.9565050916115443,1,0.6559443313804091,1,0.9503143710436328,1,0.9939304219550945,1,0.6559181573059328
1_2837_u,0,1,0.6520275376913007,1,0.6844942788370932,1,0.5427887293762681,1,0.5694333505527465,1,0.7372842933763337,1,0.712841862377119,0,0.30760359174588664,1,0.709917270140695,0,0.3427805090817859,0,0.5,1,0.5639938319159272,1,0.6927455401206289,1,0.8992376693284817,1,0.9440745608638283,1,0.7281634681310788,0,0.2500917340008282,1,0.9298591466073115,0,0.372,1,0.6773604079051456,1,0.6919676090773961,1,0.6032417027417027,0,0.33032102654072915,1,0.9728005049269481,1,0.5344358172404902,1,0.5792285758171569,1,0.805948919209991,1,0.7704119671919624,0,0.31386030532528497,1,0.7085599223139885,0,0.3758906094435594,0,0.32001100847402514,1,0.9947444911859169,0,0.5,1,0.9041134487060886,1,0.8952010023276611,1,0.6343135468702181,0,0.25056947875336394,1,0.9070523355905139,0,0.4031185330708658,0,0.341254460779297,1,0.9711595961402769,0,0.482,0,0.32987753008491794,1,0.9933553641833266,1,0.5173069228827649
1_2842_u,0,1,0.7455945464854693,1,0.9337849657578872,1,0.5859356025834763,1,0.5728090431585533,1,0.6547456087822654,1,0.6553481630389758,0,0.4269715060758176,0,0.3981241757574148,0,0.4093046760432371,0,0.5,0,0.45070709715638546,0,0.24138475939335888,1,0.7722783378362956,1,0.987133945997291,1,0.6425952600268936,1,0.6185182904766117,1,0.9122030133958388,0,0.45996622505985635,1,0.716494253491149,1,0.9165026602504809,1,0.586617465867466,1,0.5569483630707103,0,0.2692943614210862,1,0.586317638287641,1,0.5418994265987358,1,0.6068974058083997,1,0.6694278868494817,0,0.4033101800116375,0,0.32343577788469485,0,0.39036470124920253,1,0.7020314289357616,1,0.968624382724098,1,0.5783333333333334,1,0.7558703149070465,1,0.8143382773275378,1,0.6149288593477319,1,0.6268181737375542,1,0.8849648550388712,0,0.4930512701979761,1,0.5108276333010323,0,0.17252123324367463,1,0.5259724770642201,1,0.6789210042988442,1,0.9466956486436217,1,0.5561912886410416
1_3125_u,1,1,0.6685778676952377,0,0.4802988980282157,1,0.585586892696111,1,0.5711121732048343,0,0.48844199495529256,1,0.6453204614362642,0,0.4457819976714201,1,0.5572319102160556,1,0.5002337161357574,0,0.4906358434860762,0,0.48106756627257596,1,0.5064181967806163,1,0.7283340471659095,0,0.1827846927064747,1,0.660361421801129,1,0.5461722963436906,1,0.5586053299246262,1,0.55777526306147,1,0.6474178718063727,0,0.48369629399833386,1,0.6019689754689754,1,0.7608066765042132,1,0.6007169985917361,1,0.6305282869834163,1,0.5818621792980498,1,0.5238394091757723,1,0.6367113642239817,0,0.4321489683611322,1,0.510389329666896,1,0.5161837433105848,1,0.7221748304859296,0,0.2568818002961293,1,0.64,1,0.726176923787303,1,0.6486411545454341,1,0.6572092587689607,0,0.4927363620362607,1,0.552079426539378,1,0.5633873549837297,1,0.7707175010467509,1,0.8105368686346319,1,0.6336203109302943,1,0.7266993582724864,0,0.3797545610451433,1,0.6874571639321091
1_3177_u,0,1,0.7331987025957895,1,0.7075530798283481,1,0.5905178233302574,1,0.7235060360619489,1,0.8088736632898806,1,0.6390242533433002,1,0.540720908895165,0,0.49024057848836056,1,0.5257936638353428,1,0.5408294912788191,1,0.6553359918598816,1,0.5859893911029996,1,0.8508280321018391,1,0.9903046954508173,1,0.6362141276320322,1,0.687846665724867,1,0.6211275223044825,1,0.5819590834452903,1,0.7442324756307609,1,0.8223832133400626,1,0.5848828671328671,1,0.8281994740203843,1,0.9590920357532935,1,0.6401244496093852,1,0.7859958771425885,1,0.8900910559303884,1,0.6265691665199092,1,0.5754549232748847,1,0.6126829890332269,1,0.5531796887492623,1,0.8838755546378794,1,0.9937046038885191,1,0.6066666666666667,1,0.8665775656646251,1,0.8921353145566961,1,0.6021520571038506,1,0.6580669201861353,1,0.738284434217532,1,0.5213823451440096,1,0.8729205881004617,1,0.9866380456816167,1,0.6659139292237124,1,0.9012238931801153,1,0.9972981517267172,1,0.6413481059959838
1_3204_u,0,1,0.6596829579213247,1,0.6544412229095173,1,0.5816923112628383,1,0.8394816678220991,1,0.9405198120085159,1,0.6727232858383194,1,0.6386470419888564,1,0.5391433370572071,1,0.5615323173494807,0,0.43007655873693645,1,0.5195802484673084,1,0.5171423355216298,1,0.8883036792306901,1,0.9961403262099012,1,0.663303142843385,1,0.7555920390019694,1,0.6824630180915688,1,0.5798042512039604,1,0.6537295624364696,1,0.6837313066989524,0,0.4288769841269843,1,0.9563732054420674,1,0.9997208557088599,1,0.6940698608286403,1,0.8189464359799676,1,0.9423173320580668,1,0.7181131593394714,1,0.6383453496465812,1,0.5377440211937394,1,0.5538381847025898,1,0.9483201162439223,1,0.9996490455863012,1,0.6316666666666667,1,0.8851413023244691,1,0.936518383581529,1,0.6652935653162159,1,0.7171496301289878,1,0.6596224298046414,1,0.5459512116821236,1,0.9529411317629787,1,0.9998193382292291,1,0.7099630431019559,1,0.945320222049896,1,0.9996485717991439,1,0.7105953092337816
1_3256_u,1,1,0.6506381693222839,1,0.6466518374248058,1,0.5796625113495029,0,0.3478691158249512,0,0.2886085528857802,1,0.526940914641651,1,0.6091532458696727,1,0.587360105642503,1,0.5714145031449566,0,0.5,0,0.43782744401277335,0,0.31483013939604915,0,0.40739807691021596,0,0.08319489863666234,1,0.5694292747935673,1,0.643918757204179,1,0.58041626977718,1,0.5957534222518956,1,0.6467084350668636,1,0.5273532856047127,1,0.5877449494949495,0,0.26499636824428496,0,0.06362823939398345,1,0.5765725912600606,0,0.3117009129438008,0,0.22369888006760932,1,0.5160219874958177,1,0.5752096867040115,1,0.5193888167951165,1,0.5534536570714189,0,0.2460023594809659,0,0.04952632608885623,1,0.5432302405498282,0,0.4044292086762381,0,0.15916762299173776,1,0.5277714943229062,1,0.7081210736729192,0,0.474045167406914,1,0.6413991696553901,0,0.2572422381281569,0,0.039799071925490974,1,0.5376498492632211,0,0.24152048379307395,0,0.053547612016112536,1,0.5963837954208498
1_3259_u,1,0,0.4238547913373459,0,0.36373186082474845,0,0.4704296028544296,1,0.6155432853910073,1,0.6406232934162783,1,0.5423868860711342,1,0.806747861302317,1,0.7827573671862553,1,0.8231802087179128,0,0.456961480551289,0,0.43378047722559715,0,0.3528759029830693,1,0.48643138495632876,0,0.49730173589064525,1,0.6094251159473876,1,0.7587456906023097,1,0.6363858998060187,1,0.6574877022288039,0,0.40628097906528504,0,0.33508430693393737,0,0.4908737096237097,1,0.8579452766317689,1,0.984005035804897,1,0.665593281501791,1,0.537798456022094,1,0.5074661863051407,1,0.5520197423492589,1,0.8084687948408651,1,0.7353522198113844,1,0.7781409733759138,1,0.7366847444615217,1,0.8247031957796029,1,0.6066666666666667,1,0.46667081810888145,0,0.4394700044449191,1,0.5420741027336193,1,0.7445470410506732,1,0.626361965289873,1,0.6426218812393083,1,0.8319729999919259,1,0.9465928057763738,1,0.6798748632576902,1,0.7176493827267985,1,0.7051598333574343,1,0.6213208611542211
1_3333_u,0,0,0.36166913092283376,0,0.31819287154962517,0,0.43723987178791357,0,0.4442777184084215,0,0.33508092172757376,1,0.7078023026925555,1,0.6894593496357441,1,0.5225517971414841,1,0.6635791035600491,1,0.5581322847293712,1,0.6955200869772447,1,0.524461775333736,1,0.5733282749747303,0,0.3435820155504676,1,0.6715921387644557,0,0.490244404593113,0,0.29306445371215856,1,0.5737054741998746,0,0.4108586826896448,0,0.4739059599330554,0,0.442920634920635,0,0.4468721598483966,0,0.09320867680060398,1,0.7801397875753753,1,0.5442701355932424,1,0.5223974465148787,1,0.746145079929955,1,0.7347811895625465,1,0.6467207566312254,1,0.6835908770310591,1,0.5865213767678867,0,0.29931736080939814,1,0.6831599883855982,1,0.6279910338398117,1,0.5209539560210045,1,0.63198033715814,1,0.5856962965711093,0,0.4128313071820299,1,0.5859188567297653,1,0.5678917154278398,0,0.2789692209201341,1,0.7519244308828965,1,0.6492669869200781,1,0.5447648302987983,1,0.709250517725627
1_3371_u,0,1,0.5131397471987744,0,0.30523367496511383,1,0.5674714906178776,1,0.5908008639738863,1,0.6664371375556878,0,0.46114698225570744,1,0.5244242092281018,0,0.47168499566425437,0,0.46161532391040594,1,0.5381209417483881,1,0.6005643674404437,0,0.48800153574853244,0,0.4377628295525632,0,0.19500748568707194,1,0.504152670975723,0,0.3999009858476363,0,0.22830463481755886,0,0.4978084130344989,1,0.5232844989280258,0,0.37019060561364237,1,0.576252997002997,0,0.4620388726951713,1,0.5969965052007933,0,0.43279143575688767,1,0.6407732487842979,1,0.8028083721078798,0,0.4951288414810503,1,0.5507084264703074,1,0.5567179650620903,0,0.486095809019828,0,0.33173214163472153,0,0.23174927616497315,1,0.5233333333333333,1,0.46353592874960425,1,0.7234334164648172,1,0.5342772211496604,0,0.4342939846746073,0,0.29267053647315266,1,0.5583023114135678,1,0.49435481313356383,1,0.797102114593406,0,0.4859825327510917,0,0.35933633275788013,0,0.44638369428457914,0,0.49657059817155697
1_340_u,1,1,0.6858113994530968,0,0.45924714425210966,1,0.5789018701056081,1,0.5,0,0.4063775243480053,1,0.6823959476455241,1,0.647987218475302,1,0.5443864498088266,1,0.5525926856927332,0,0.46912787755502205,1,0.5888338462512476,0,0.4515444478768995,1,0.7636296038926831,1,0.8782570815196994,1,0.705617934718892,1,0.8152933616381701,1,0.7108373026393828,1,0.6177686242370339,1,0.7204551388627196,1,0.5500856943877739,1,0.6094924242424242,1,0.699928967250607,0,0.22241190824406704,1,0.6434510384387934,1,0.5582795987783954,1,0.5369478432329177,1,0.6829022774646876,1,0.6694748033234597,1,0.5894137081369356,1,0.580444645690312,1,0.8782636872288442,1,0.9192171175626324,1,0.6232738095238095,1,0.7806406368010207,1,0.7668489221442035,1,0.5781468325292584,1,0.8356045688826209,1,0.7550115336364458,1,0.5956545786523831,1,0.7296804642025704,0,0.45283792140314966,1,0.6259431426044435,1,0.8921425443843344,1,0.9683223768793028,1,0.6243795134483245
1_3419_u,1,0,0.3161220124651038,0,0.23333334714284315,0,0.4466357718367477,1,0.7163964297376981,1,0.7435535431769479,1,0.6132869878625286,0,0.4286807569398816,0,0.47122100478472995,0,0.49078959697172775,1,0.5246878421509795,0,0.4348775311500778,1,0.603712026747255,1,0.6560893862100512,1,0.9935162500745389,1,0.5783584321899791,0,0.21963112751081487,0,0.25417510784194497,0,0.43182755692143765,0,0.29503667433100067,0,0.20547533185788364,0,0.34527489177489173,1,0.8602433601020071,1,0.9799710649325483,1,0.6002625818902697,1,0.6985577924214206,1,0.6623125394629087,1,0.6199861588281278,0,0.4176234582575897,0,0.44075723056649657,0,0.471123261506393,1,0.7620610657031253,1,0.9860006308638603,1,0.5066666666666667,1,0.6483235674113986,0,0.4598209028578708,1,0.5642699585050922,0,0.1636685384681663,0,0.23460380052494742,0,0.4857160611914329,1,0.8473851576864964,1,0.9744212081669698,1,0.621906239567372,1,0.7479922502833309,1,0.981662430220996,1,0.6164853385832963
1_3476_u,0,1,0.7388689300914386,1,0.7702465536960238,1,0.6259123279856045,1,0.9424640359227316,1,0.9921157718384396,1,0.674771764884565,0,0.334003604014297,0,0.32107205436452735,0,0.4169111034067928,1,0.515577436931032,0,0.49750983888198275,1,0.5314011668137306,1,0.8926936689909963,1,0.9997606758746613,1,0.6639773937830353,1,0.5260550241788617,1,0.6703399767242814,0,0.487586448331319,1,0.7334335697929745,1,0.7366301426170778,1,0.547529220779221,1,0.8470112061315076,1,0.9998052384360298,1,0.6770918700579118,1,0.943625182499541,1,0.9912439747163933,1,0.6577182630146332,0,0.31618056380321685,0,0.3233604340733953,0,0.41462233362978174,1,0.902402731900709,1,0.999614459809613,1,0.6098415613218008,1,0.8936855630973812,1,0.9750573165337767,1,0.6622994459146526,0,0.4899505280975567,1,0.6319091495052236,1,0.5358851606851688,1,0.8409524442000375,1,0.9998301711871055,1,0.6319239684899023,1,0.8968836594963259,1,0.9994391881549487,1,0.6523674240302977
1_3545_u,1,1,0.6484774779758502,1,0.6118589243694227,1,0.6369775633328817,1,0.5392721051673928,1,0.6741534693179497,1,0.594051210942611,1,0.7268007258520783,1,0.7724671348163509,1,0.6123502409709645,0,0.4188583150415767,0,0.4756176898401803,0,0.3421239059821415,1,0.5741568586095132,1,0.6661650653545574,1,0.6068167025317766,1,0.7659912317979243,1,0.8335793076226631,1,0.6097317236511531,1,0.6375912440343329,1,0.5652255919850464,1,0.5703776223776224,1,0.5,1,0.9744096082745104,1,0.6115982375052403,0,0.438286645645276,1,0.6337209754840444,1,0.5971951041480738,1,0.7208788812596676,1,0.7486399076786883,1,0.5956436247296973,1,0.6252179773290328,1,0.9748288340951209,1,0.56,1,0.5508357022584478,1,0.7374181298835764,1,0.5528441685638918,1,0.722222970970605,1,0.7888711154775684,1,0.6316440648935056,0,0.4711376031852109,1,0.9631945771177696,1,0.6259348974181449,1,0.5993527288660072,1,0.9477285726061934,1,0.5966771577112816
1_3573_u,1,1,0.7080079897797166,1,0.8191268069273819,1,0.6095347060826694,0,0.4739900963367633,1,0.6970371281879039,1,0.7368812086933838,1,0.624013574182377,1,0.5470475259364739,1,0.6023676869708774,1,0.5771761843779439,1,0.5160509263133399,1,0.7448654071750234,1,0.904879141964825,1,0.9480376451048915,1,0.7145906442393967,1,0.8331697344731659,1,0.8239073331933313,1,0.6076620683859381,1,0.7365034825248297,1,0.7134626535109415,1,0.6747297979797982,1,0.6579313964297924,0,0.14382594364573348,1,0.7757923388355691,1,0.5,1,0.7116616811207527,1,0.7431068388702875,1,0.6264287836181078,1,0.5671489356576749,1,0.6303474284716014,1,0.9367086215515638,1,0.9294622912133063,1,0.7066666666666667,1,0.913339688016887,1,0.7123265883015739,1,0.6799888704518415,1,0.8684878014011611,1,0.7770476053892365,1,0.5957423287799906,1,0.6706899835604557,0,0.17678956633721182,1,0.7718789149756998,1,0.9406479433478385,1,0.9405615628302523,1,0.7632306125410748
1_3599_u,0,1,0.5200407693041006,0,0.4035751912069973,1,0.5144949774975262,1,0.5315059393652966,1,0.6849011909261847,1,0.5818088570344069,0,0.44194971582156267,0,0.2805136575574617,0,0.45271306985695864,1,0.5886640057763316,1,0.5685167131978205,1,0.7314786966849713,1,0.6593615630018291,0,0.19645335029694172,1,0.615937331190474,0,0.3774649527012542,0,0.20766300579110936,1,0.5218199227135539,1,0.5318928298353424,0,0.48616664405903065,1,0.5392366522366523,0,0.4554613404201261,1,0.6967765842322695,1,0.5615931667805544,1,0.5515481823312955,1,0.7104887422342615,1,0.6429531319235754,0,0.453411181008677,0,0.31896637192580063,1,0.5309501776566281,0,0.3102109060918203,0,0.028933220306780406,1,0.5599404761904762,1,0.669369160605122,0,0.4783415738313155,1,0.5605903004184399,0,0.39630682827500313,0,0.24287595412751486,1,0.574015060396675,0,0.4528721005888142,1,0.6613025443588174,1,0.5879149969206324,0,0.30955627831161153,0,0.027495230007158214,1,0.5534015936235847
1_3649_u,0,0,0.27104343511617013,0,0.27744456310099685,0,0.44061694886221264,0,0.23748956296892387,1,0.5451266520564341,1,0.5319972585951557,0,0.42863767686580506,0,0.3859577500629582,0,0.40139731195579914,1,0.5,0,0.49855286908781915,1,0.5963620399963425,0,0.2098078710258069,0,0.18665133181693822,1,0.5280725584447202,0,0.19310955914459868,0,0.15804031115923434,0,0.39990063792325653,0,0.2466470886664342,0,0.24392737161469075,0,0.4481930014430013,0,0.06728969028490198,0,0.07153040201110646,1,0.51275377001464,0,0.22222208564126447,1,0.5499697594511522,1,0.5333969399510505,0,0.42100559850034164,0,0.3791181783467692,0,0.4264848698286278,0,0.05788375176646443,0,0.06330169681364985,0,0.47333333333333333,0,0.20523948631363956,0,0.45449345917586104,0,0.48855869411908676,0,0.13806007664054368,0,0.16064696972021336,0,0.4765177554134397,0,0.06432143870428027,0,0.0714589611781628,0,0.4619335815253863,0,0.05256474437940245,0,0.04844531145097477,0,0.44962361563100517
1_3660_u,1,1,0.5772130825673915,0,0.4436631833698626,1,0.5305435523150754,1,0.8515935393355232,1,0.7328667516696887,1,0.7002943427697653,0,0.3213904849400934,0,0.47782908710963357,0,0.3036056186109008,1,0.5266606477900919,1,0.5279099900113029,1,0.6120849501549668,1,0.8845800630857056,1,0.9951652220298624,1,0.6731812299695592,0,0.35550427017913705,0,0.48165253621089027,0,0.378,1,0.5801267598856591,0,0.44202543376879977,1,0.5616746031746032,1,0.7603798502035294,1,0.9792951689247027,1,0.5749658148963109,1,0.848209340214844,1,0.710185714293413,1,0.7402325391785182,0,0.33013352796638823,1,0.5043238290819777,0,0.37588992956729395,1,0.7509887270549946,1,0.9832973906193543,0,0.47333333333333333,1,0.8878746448102175,1,0.7777724779039883,1,0.6309646561617585,0,0.37345150882825,0,0.47630557640460913,0,0.41253791953752494,1,0.7487221087166096,1,0.9787373000859159,1,0.5519526860071382,1,0.7477063307479468,1,0.9836449668002335,1,0.571050508272107
1_3707_u,1,0,0.3488576281491899,0,0.29834696548828343,1,0.5212807672785952,0,0.49248605886879576,1,0.5609725232381189,1,0.582877396911883,1,0.6613464536726007,1,0.7518798849621716,1,0.616606678727509,0,0.46974952858320096,1,0.5228046222351382,0,0.48714065752462166,1,0.44246396044510866,0,0.4365452268773485,1,0.6050817709081738,1,0.585813141722487,1,0.5946775313812462,1,0.5715832905558512,0,0.35218416824230114,0,0.3945861422496148,1,0.5352507215007215,1,0.7758361831826486,1,0.6097969303280141,1,0.6131575256819742,1,0.5064038330508197,1,0.6072562513688433,1,0.5494230010748656,1,0.6738618799994989,1,0.7666553273489718,1,0.6341466460983959,1,0.7166560426113256,1,0.9696480729511368,1,0.5733333333333334,1,0.4505609546012762,1,0.5688986381751254,1,0.5543962953907811,1,0.5925737619904097,1,0.6515023060351512,1,0.6230776567295377,1,0.7952981976715262,1,0.7042749808170584,1,0.5859155833734553,1,0.733935570527321,1,0.9737787639062585,1,0.60044190275503
1_3766_u,1,1,0.7170047674392577,1,0.806080559395185,1,0.6523131536319102,1,0.7649466291498087,1,0.6836620083556485,1,0.6960901013034786,0,0.3973777627723267,1,0.5777157520758225,0,0.4691380245058042,0,0.4801516236562702,0,0.4020369842366464,0,0.36757530702484076,1,0.9087945627864347,1,0.9867228838307134,1,0.6377941463127876,1,0.5389807895619493,1,0.7522448999724196,1,0.5279095133320127,1,0.7025840576315965,1,0.7438391023516178,1,0.6769599567099566,1,0.8458595312195554,1,0.7072236166530886,1,0.6254566383853687,1,0.7162757950578655,1,0.6168496676504238,1,0.6838993349806146,0,0.3775894501640787,1,0.5238351297763416,0,0.4316374790534499,1,0.8529311729639919,1,0.958022964163332,1,0.5533333333333333,1,0.90484815350419,1,0.8780493364025512,1,0.6574953915392191,1,0.5372735840388977,1,0.7168270496378822,1,0.5085504085764687,1,0.8251489733329738,1,0.6129417115942406,1,0.6419087052437379,1,0.843620111164067,1,0.9563622599549757,1,0.6327746423918221
1_3842_u,0,0,0.3658707153910581,0,0.3137841586033486,0,0.4757479587215555,1,0.9385136913331694,1,0.9035893002611397,1,0.8366074458991116,1,0.6922333525413835,1,0.5292462183923862,1,0.6669388513510615,1,0.5423503031787618,1,0.5091251237490225,0,0.4912164923112083,1,0.9146161372745372,1,0.8442924325290572,1,0.8049041666456211,1,0.543589609560357,0,0.32030439265010585,1,0.595208534321557,0,0.3642066836793698,0,0.29098415846201403,0,0.4669884559884562,1,0.9673799436533007,1,0.9567936816511855,1,0.8057793138125924,1,0.9449274580242423,1,0.9222000999584934,1,0.8034114022990818,1,0.68173697779158,1,0.509020580006016,1,0.6244019930912708,1,0.9411389281085537,1,0.9010552855035591,1,0.8298266550522648,1,0.9140342604163749,1,0.8711999432637658,1,0.7564358537754371,1,0.5313766607911393,0,0.29144361345815456,1,0.6353965468113725,1,0.9658951047093983,1,0.9709033210518098,1,0.8245740411490315,1,0.9369410733128304,1,0.8829666924566754,1,0.806549648683888
1_3911_u,0,1,0.556632919831323,0,0.4832014769748281,1,0.5161663065113664,1,0.5897093071206904,1,0.5304808532779522,1,0.6490160754589743,0,0.45180656779406203,0,0.3713738830464147,0,0.4078187712546287,0,0.5,1,0.5904780408546458,0,0.48227646804755586,1,0.6794328044206869,1,0.7205334548272792,1,0.6305307097920422,0,0.42013433663468036,0,0.4382137075366169,0,0.424,1,0.572285742905211,1,0.631283902585431,1,0.5999560994560995,0,0.491257828751218,0,0.2415450966675607,1,0.5827701727239903,1,0.6066804504290356,1,0.6262317229179828,1,0.6830392423628956,0,0.4537887696579072,0,0.4365843279639972,0,0.45566632791147754,1,0.5832985196276963,1,0.6943396539016352,1,0.53,1,0.6844859529180559,1,0.7083194465342588,1,0.6175625244715145,0,0.4704924436695408,1,0.5418793027507619,0,0.4577570072360132,0,0.48998715365195633,0,0.22677887280135411,1,0.5379567551105865,1,0.5909231003906267,1,0.7435985496246493,1,0.5691947193505505
1_410_u,0,1,0.5471404597732653,0,0.3707213857665343,1,0.5449731298452983,1,0.751141936340612,1,0.7432203112092226,1,0.7391369063015492,1,0.6713403030595264,0,0.39744815398359673,1,0.5913399486572211,0,0.484500119485445,0,0.48783352465438634,1,0.5189683512887103,1,0.9042267646680618,1,0.8916898155454159,1,0.7069787414013279,1,0.6719586824916687,0,0.4034689479466691,1,0.6196417902374424,1,0.537678357510795,0,0.3831854349460492,1,0.6170880230880231,1,0.928844026551559,1,0.9473329504297782,1,0.8131932504762358,1,0.747108984433014,1,0.7140041971070181,1,0.7272497198052469,1,0.6465977763901835,0,0.3879922581809554,1,0.5913948878542047,1,0.9372577385603398,1,0.9679903711429062,1,0.7166071428571429,1,0.9033887165054316,1,0.8932975022527834,1,0.6875568633868759,1,0.6597206519750594,0,0.4037016714465271,1,0.5805474829735794,1,0.9258466230072151,1,0.9710009393606563,1,0.7459261213278477,1,0.934827752812869,1,0.9745579747086566,1,0.7261708420643029
1_4145_u,1,1,0.5466723932833594,1,0.5418156313932834,1,0.544911588701387,1,0.82167590731435,1,0.9316320070909214,1,0.6349045405418589,1,0.6508006624856674,1,0.5291598913054408,1,0.5641423524628876,1,0.5163433813647014,1,0.6177651470916737,1,0.6393127257135952,1,0.7916014185333345,1,0.9251836305248415,1,0.5609969229593277,1,0.6192334697070573,1,0.5714767805091265,1,0.5917463437569266,1,0.5750591037053091,1,0.6188765668421281,0,0.4858055555555556,1,0.7978059524990396,1,0.9937338384233532,1,0.6140529118547002,1,0.8768978682202717,1,0.9560670214848329,1,0.6349016568488999,1,0.6686275617186425,1,0.606513651444272,1,0.6045116495389582,1,0.711948627038776,1,0.9715561210955723,1,0.6228798342541436,1,0.812373932499919,1,0.9561326802676522,1,0.6039056296173336,1,0.6262953725480807,1,0.6014431922487005,1,0.5501853107278855,1,0.8334181842595473,1,0.9976270547219566,1,0.6349209456295207,1,0.7423879410725008,1,0.9868293467699164,1,0.6107621451734783
1_4281_u,0,0,0.45137549344980765,0,0.21524195301338622,0,0.4926943627518156,1,0.684504170375752,1,0.7783922263709485,1,0.7030585895140411,0,0.3906080687123517,0,0.3166898942869912,0,0.37457735857976676,0,0.5183181549801102,1,0.5230652493867252,1,0.6575328105283826,1,0.8174067589311012,1,0.8501800598546445,1,0.6977514517972346,0,0.28486897922008025,0,0.13392918235934775,0,0.4478380290805541,0,0.4438466827379856,0,0.2270644543840501,0,0.4615281385281386,1,0.8824888551360922,1,0.9029793475771405,1,0.7100818715670327,1,0.7322393858165979,1,0.8218907882924334,1,0.7533284561849688,0,0.38635531638126813,0,0.3383222294346279,0,0.39958295124468235,1,0.7874449897551039,1,0.8931440788287578,1,0.5732195121951219,1,0.829810125071941,1,0.7255782202512927,1,0.6606633486399933,0,0.2731132287618962,0,0.14127349882808402,0,0.3999237861990233,1,0.89535551184653,1,0.9380612844178571,1,0.7039149969206324,1,0.7931572609303875,1,0.9282610814314467,1,0.6808575269275654
1_4290_u,0,0,0.39928448086684043,0,0.4615064487178958,0,0.44179903778678675,1,0.897493870797209,1,0.9180760772756285,1,0.5648316337516289,0,0.48934594923175223,0,0.35769741939899374,1,0.5800209535528726,1,0.5564371269819618,1,0.5208379603586,1,0.5749752655153927,1,0.6650025234155186,1,0.6238076056220687,1,0.5341005278038989,0,0.28939236583868033,0,0.31468481189155306,0,0.4478127220934912,0,0.3944050305729436,0,0.45968467430926246,1,0.55267784992785,1,0.7443987465921915,1,0.8343712967692957,1,0.5977546812234259,1,0.9028156126000806,1,0.9318120124359409,1,0.5307073930237303,0,0.48305179613641785,0,0.36118269457915336,1,0.5752391141223934,1,0.5,0,0.23609885353031437,1,0.5233333333333333,1,0.6717977144169072,1,0.8310809654683984,1,0.5294596662788406,0,0.20782205010925678,0,0.30803859626339386,1,0.5129447781303492,1,0.7453211533902921,1,0.880898566596937,1,0.5999630782258919,1,0.49201939614458456,0,0.23218325312392551,1,0.543035743249685
1_430_u,0,0,0.36918115314281824,0,0.2815311845476683,1,0.5018359849357759,0,0.3420473189547098,0,0.46092949772609604,1,0.5798671089664647,1,0.816964875024199,1,0.7904670177674581,1,0.7362991799230345,0,0.5170155206861797,1,0.5312624711638277,0,0.4475939695054351,0,0.4102645812897738,0,0.018451048133955938,1,0.5633773055990798,1,0.6320543446108736,1,0.5006362769760467,1,0.6735741416773786,0,0.37744808795097423,0,0.3441349197357759,0,0.45509462759462754,1,0.6514444316657377,0,0.49860216911842303,1,0.650305057189511,0,0.4484736842821289,1,0.5244102020487293,1,0.593178942410538,1,0.8094173390823036,1,0.7882284682958139,1,0.7808088252907575,1,0.5152428751631866,0,0.14680048482143573,1,0.6499404761904762,1,0.43410385760652487,0,0.17863677533634315,1,0.5669566499590892,1,0.6257101669912769,1,0.5617592135229966,1,0.6671982627583536,1,0.6838604706250604,1,0.6000638787152885,1,0.7038969079471167,1,0.5505230163431254,0,0.2130166948214246,1,0.6371718501163219
1_4477_u,0,0,0.2320970264682884,0,0.11897804345605216,0,0.41500848703482596,0,0.25548036663011525,0,0.37799765259347273,1,0.5914215309529145,1,0.6781890251817024,0,0.3833858455291559,1,0.7325363010167948,0,0.47377327992251966,1,0.593647953789764,1,0.5649570516986123,0,0.2514819563335929,0,0.0006124523595645951,1,0.552598354082241,0,0.3652006822042903,0,0.13324598074946958,1,0.5957671768382498,0,0.2440929822985441,0,0.21466197963121286,0,0.4292541625041625,0,0.31834041931755414,0,0.04757488220871197,1,0.7219224444696508,0,0.2549404893266658,1,0.5676622136502552,1,0.6075952287656965,1,0.7132671515032745,0,0.4568348887873007,1,0.7592129527729002,0,0.16283966475267167,0,0.00020445836313953475,1,0.6132302405498281,0,0.26009901432559207,0,0.4811173628021777,1,0.5419165346893632,0,0.2945535223669604,0,0.23265971577471667,1,0.6671198287813362,0,0.35359005427100126,0,0.07033288491299543,1,0.6815797150097119,0,0.1686133364616351,0,0.00028320652616481103,1,0.6425011901135801
1_4544_u,0,1,0.7243784289019625,1,0.6806685624450711,1,0.6282169049554053,1,0.7784803782276005,1,0.6254648659537472,1,0.6757136925000823,1,0.6382333107048606,1,0.6293064365494083,1,0.5210096937528426,1,0.5587111390599016,1,0.5335166101310836,1,0.5276356316385974,1,0.8888067823648577,1,0.9916337863968618,1,0.6858579888708158,1,0.7882794783657803,1,0.6765238263881019,1,0.605615667090439,1,0.7619192397548191,1,0.7565807919065358,1,0.5930000000000001,1,0.8931020200957993,1,0.9649154873710298,1,0.6753348560129045,1,0.8369190240922191,1,0.6470560351402661,1,0.6342983077837782,1,0.6454434597732828,1,0.6293120907380302,1,0.5585897264304508,1,0.9100583492132055,1,0.9767234091247332,1,0.5998969072164948,1,0.9072403073014799,1,0.6825861010516755,1,0.6024937641595869,1,0.7515043873520656,1,0.7236914853437775,1,0.6202370982083062,1,0.9163491053661729,1,0.966545403031934,1,0.687176773756266,1,0.9259812945227943,1,0.9800117942468484,1,0.6336368300716955
1_4552_u,0,1,0.5365433791868979,0,0.33138629052688723,1,0.5378362883499745,0,0.4724447867417489,0,0.4338386750621898,1,0.5648261765882476,1,0.733468427566021,1,0.56886088682983,1,0.7709323943482786,1,0.5595895487583313,1,0.6594845729995994,1,0.571870405976412,1,0.5539415958428371,0,0.04543976625689113,1,0.5705702334928235,1,0.6500326983449017,0,0.35139115521153164,1,0.6456007075604299,1,0.5692426071644444,1,0.5610570677461922,1,0.5691305916305917,1,0.7012303353002907,0,0.22490507149092598,1,0.6726376699883145,1,0.5310850156203784,1,0.5321644129068073,1,0.6002542312898472,1,0.7927348313595425,1,0.679177387852134,1,0.7833719380872296,1,0.511390954971907,0,0.03878139146159099,1,0.609982174688057,1,0.6069328095318028,0,0.41328135053230647,1,0.5910839453719339,1,0.6313023673772027,1,0.5396690919077026,1,0.6972207065499889,1,0.7625392685855512,0,0.2886077832219396,1,0.6778810852586857,1,0.5559703473100018,0,0.05695826734788055,1,0.6702393545133393
1_4576_u,0,1,0.5596871547411421,0,0.33537626735120607,1,0.6303371029914447,0,0.46284216592734473,0,0.32247525618037376,0,0.4484895997242798,1,0.78957121335632,1,0.6470842319689419,1,0.7538737079961253,1,0.5361574563089938,1,0.5393399334759048,0,0.45074877403089414,1,0.5394378550133836,1,0.6766201659781345,0,0.4759527380404487,1,0.7646314690742984,0,0.42159877086265984,1,0.7135598594785894,1,0.5670578037906372,0,0.4075405461662074,1,0.6170277777777777,1,0.5595719129365118,0,0.35783043359321026,1,0.5557316044378787,1,0.50691790527269,0,0.32297773640540045,0,0.4599537560786138,1,0.8068090218453912,1,0.6798037499153424,1,0.7666552015534106,1,0.584427967881921,1,0.7375212188853781,1,0.55,1,0.5420902903241943,1,0.522792630131283,1,0.5435712594040916,1,0.8037650602625772,0,0.47412525640493985,1,0.7426765885126274,1,0.5866464646423868,0,0.49395242440346665,1,0.5459392878616784,1,0.5912420760431532,1,0.7470671345335556,1,0.5604830123800407
1_4603_u,0,1,0.712021743179919,1,0.5994270966881154,1,0.601975120941155,1,0.9375212725627429,1,0.8623718485099913,1,0.7725401268823577,1,0.7089257087577759,1,0.5763317011351641,1,0.6554055907220906,0,0.48276462559285716,0,0.48921806881019025,1,0.6093017465487716,1,0.9629262623139412,1,0.9987112040872741,1,0.81348524904837,1,0.7081060830050171,1,0.6603528463034462,1,0.6176868712274052,1,0.7199820427506552,1,0.5441307695735973,1,0.5323849206349207,1,0.9329643315050179,1,0.9971593696379718,1,0.7667139050506208,1,0.9348564709643465,1,0.8645379117267749,1,0.777114244737272,1,0.6856223466844978,1,0.5593744176059882,1,0.6478788750304401,1,0.939390281504451,1,0.9980534245599738,1,0.71,1,0.9637490628309954,1,0.8480750007144784,1,0.7487932813865402,1,0.6757614609696013,1,0.6593522935775402,1,0.6269229717075002,1,0.9285545876606582,1,0.9978041365118462,1,0.7739149969206325,1,0.9360523430342023,1,0.9979696161677315,1,0.7735238494660134
1_4639_u,0,1,0.547555765410289,1,0.7105631281236472,1,0.5004763262681636,0,0.34659092258872265,0,0.4483342021321336,1,0.5238378303622513,0,0.4945444680716121,0,0.45915878292765727,0,0.4801055927873537,0,0.4435374685666882,0,0.4522646122602701,0,0.26594223071478035,1,0.5630768260393606,1,0.8061076338037332,1,0.5463540798896341,1,0.5187361287006731,1,0.7003745106451371,0,0.4958003619906723,1,0.5263173805928456,1,0.6589919888628997,0,0.48222521922521916,0,0.46805927130341685,0,0.2929099100625034,0,0.49512338136627876,0,0.2716665556272081,0,0.4273157170501612,0,0.48762525313975025,0,0.46396110941794816,0,0.3678584635061676,0,0.4918308512281112,1,0.7063351105787681,1,0.8951820411826701,0,0.4933155080213904,1,0.5531529186337423,1,0.5911232538211183,1,0.5028132293582454,1,0.5852260165330184,1,0.6290256243048327,0,0.441320576174982,0,0.42366913208523543,0,0.21640445297874408,1,0.5118452693859242,1,0.6909534164629202,1,0.8799312083517153,0,0.49320447261711176
1_4743_u,1,1,0.6480497584177953,0,0.4202538324795154,1,0.5706347705294589,0,0.4831428508563307,0,0.49055278609074016,1,0.6174062266479887,1,0.7123006176516606,1,0.5833193862826199,1,0.6407039163805077,1,0.5403237171044214,1,0.5087383054440486,1,0.6217483130239962,1,0.5769143578801771,1,0.7277818093381714,1,0.6415010881051928,1,0.7596554117598016,0,0.4316583855997459,1,0.6417123782268657,1,0.671091958239201,0,0.4264811947802147,0,0.4975165945165946,1,0.6968305572215859,1,0.8781468257181319,1,0.613340804696096,1,0.5,1,0.5654619540186723,1,0.5974470839465005,1,0.7098627048958212,1,0.5657326115275216,1,0.6441779140226457,1,0.7517743246046009,1,0.8541925290481296,1,0.6498861788617887,1,0.5914654534484506,1,0.6839513581481418,1,0.5611934331132968,1,0.7933466111201609,0,0.4114047528180605,1,0.6748667708909065,1,0.6844921080870922,1,0.870619272947887,1,0.6359724770642201,1,0.7469983865833292,1,0.859730705095922,1,0.6460412002484895
1_4789_u,1,0,0.34132802104443605,0,0.3543664457420634,0,0.3581070964807133,1,0.5057310425816922,0,0.3162550573640664,1,0.5837652014364223,0,0.4815726851342762,0,0.499569464463591,0,0.45509606286351567,1,0.5457747941453178,1,0.6066941282983854,1,0.8100495782329451,1,0.5,1,0.7079321816011572,1,0.5610301077804095,0,0.3154356732395417,0,0.46258433018948736,0,0.39584843328621194,0,0.3700100707082481,0,0.4703601499277043,0,0.38198701298701304,1,0.5668740330756478,1,0.7493895267830624,1,0.5977639580458797,1,0.5793844740502061,0,0.47973473619078166,1,0.5758696021214691,1,0.5174222100745179,1,0.5749006261788074,1,0.5500358221695307,1,0.4939172294573569,1,0.9040088408867921,1,0.5333333333333333,1,0.5480143862913576,0,0.2646215566788185,1,0.5421062951151643,0,0.26432128034540303,1,0.5388188690940752,0,0.45496715655287967,1,0.6044344382787658,1,0.7743356040678406,1,0.5719197282194984,1,0.5373710213947669,1,0.9325961528380559,1,0.5409153100431923
1_4949_u,0,1,0.5522470857720159,0,0.453033357105656,1,0.6050199554658452,1,0.530823517792401,1,0.7645708524658205,1,0.6023306383199314,1,0.6858483106667135,1,0.6290587483150422,1,0.6132269101044178,0,0.5055849957024188,1,0.515498483180218,1,0.5948599344945605,1,0.6592299761579768,1,0.7692333103430297,1,0.5556925689750793,1,0.6759988255221914,1,0.5363729197641608,1,0.6305274152953034,1,0.5840885720650718,0,0.4464127594548154,1,0.592284188034188,0,0.48433063363225837,1,0.7739246808932745,1,0.6266621538244342,1,0.5344482992689688,1,0.7373148824932707,1,0.5837373086044005,1,0.674306057720998,1,0.6338218369226112,1,0.6095510111234629,1,0.6594141574148777,1,0.849818238727137,1,0.6032195121951219,1,0.6743895765737334,1,0.7846270754692288,1,0.5900957084754845,1,0.696572302349634,1,0.5182950846725013,1,0.6565466823525522,0,0.4765390547671457,1,0.6846065174319486,1,0.5999905660377358,1,0.6550808930438732,1,0.8083876830463307,1,0.6413083730468625
1_4967_u,1,1,0.6027475225404879,1,0.6254972747164812,1,0.5579655744769851,1,0.7048637916596882,1,0.7337308722443145,1,0.6125123765999421,1,0.7713089680485161,1,0.6762169959822006,1,0.7070268938709559,0,0.5055829081604764,1,0.5112125355003811,1,0.5043312481198688,1,0.8421504303115672,1,0.991295388086069,1,0.6495541321766668,1,0.7900629993004578,1,0.8471579600805007,1,0.6513703062780064,1,0.60151028177106,1,0.5621009816965967,1,0.5908617216117217,1,0.8333455384136931,1,0.9616011745823977,1,0.674240003379511,1,0.701474699081571,1,0.7640399666002912,1,0.5923566865118198,1,0.7625824942905082,1,0.6437974078964003,1,0.6496604092811418,1,0.8877485702203772,1,0.9950545296527478,1,0.6332934131736526,1,0.8459620907482563,1,0.879582379037877,1,0.6012494765132307,1,0.7502642044450092,1,0.7950566908860973,1,0.6314433570406335,1,0.8331843199354508,1,0.9567110078515803,1,0.6839308466196199,1,0.8906610482075079,1,0.9952401303485336,1,0.6760087599478838
1_5109_u,0,0,0.4294871376212985,0,0.3791806368529597,1,0.5142824679954665,0,0.21520592617762285,0,0.3695843308157445,1,0.5241600172397116,1,0.6759337231817111,1,0.6738335736972485,1,0.6096719155328666,1,0.5936812953596549,0,0.45770881236228744,1,0.6035995996490002,0,0.29372542388541667,0,0.05758018658633347,1,0.5366971260580938,1,0.6294375497530893,1,0.5181785303060792,1,0.5998378694368094,0,0.4132714536998037,0,0.371714712026197,0,0.46293831168831184,0,0.23357621152795868,0,0.3417612273878074,1,0.524717580822743,0,0.20052016813551113,0,0.336935210029849,1,0.5455895674123622,1,0.6605402312331221,1,0.628924226889418,1,0.6252673052061396,0,0.26289506999376266,0,0.22011564320467897,1,0.5466666666666666,0,0.2933777675849732,0,0.3507957642774692,0,0.4722333081688164,1,0.6015166159305154,0,0.4960683412205213,1,0.5468944027030305,0,0.21259979840657883,0,0.22061536633956236,1,0.5319829787234043,0,0.2593695484630925,0,0.1634693231863834,1,0.5941548888805632
1_5134_u,1,0,0.4232165654170669,1,0.5389494369718666,0,0.48354662858326924,1,0.5696960876786684,0,0.4533016629447424,1,0.5485748380450951,0,0.44881730264749703,1,0.5530352188833354,1,0.5287720681348352,0,0.44368120144819045,1,0.5058971485755221,0,0.4185643671250371,0,0.21529915333356248,0,0.21589490569573627,1,0.5243735761153275,0,0.43740641387471074,1,0.6104750501591077,0,0.4799878787878788,0,0.4131391558995634,0,0.46060900481080613,0,0.4337709235209235,0,0.4549705092520311,1,0.806022669217052,1,0.5638172492556695,1,0.5868911832943497,0,0.4411172919743896,1,0.5174739580201857,0,0.45819921999391267,1,0.5550935527306343,0,0.4936142064338977,0,0.2330161320712268,0,0.3214549303533155,1,0.51,0,0.2178532941090685,0,0.327049253613688,1,0.5169019692357802,0,0.44436731757716613,1,0.5709495909670739,1,0.5227971006063823,0,0.48211964841329374,1,0.8494747456163677,1,0.5679231627633103,0,0.23726742434541898,0,0.27842887399514743,1,0.5336557742216697
1_5156_u,1,1,0.7543330766270012,1,0.8280452461605506,1,0.6400014490919225,1,0.9257727875855393,1,0.6963165669277485,1,0.8237611616602205,1,0.813526977048037,1,0.7027071097164768,1,0.7859024217119916,0,0.5,1,0.5484445300854113,1,0.5885654658135179,1,0.9513051623194774,1,0.8721913800382827,1,0.8208634067140623,1,0.9058076697374345,1,0.9116924130080487,1,0.7734520792022189,1,0.7714479784171682,1,0.8444953196618566,1,0.6523510101010102,1,0.9533830120755481,1,0.9930149876039798,1,0.8697876393324424,1,0.9231065455127427,1,0.730848139095968,1,0.8370631880136655,1,0.8085942001286279,1,0.7146866345758721,1,0.8240736094605636,1,0.9784146236039942,1,0.9943484675726721,1,0.7964933217189315,1,0.9538317906354308,1,0.759333246437082,1,0.765033064623311,1,0.9141999086379464,1,0.9119516940744097,1,0.7523732075370296,1,0.9482571903140354,1,0.9904295450650255,1,0.8898874739848526,1,0.9781829042300539,1,0.9914854020144573,1,0.8513020333999509
1_5166_u,1,1,0.5,1,0.5760609755821529,1,0.5284001410484569,0,0.36417587633047,0,0.44301678671864275,1,0.5453255356543836,0,0.3766357458981979,0,0.32666142190704445,0,0.4153644183712389,0,0.5,1,0.5012959399698317,1,0.6266306190591234,1,0.5788056492240963,0,0.19987019905859732,1,0.5345731356853101,0,0.41129471854182026,1,0.5054426772007227,0,0.443989247311828,1,0.5226473561578873,1,0.5899822596941767,1,0.5535539738039736,0,0.42256457935203595,0,0.3693628169724791,0,0.493079215965428,0,0.3000288962235839,0,0.41183020555628563,1,0.5886051317199626,0,0.3883717202654467,0,0.34309441947805797,0,0.43193181047937346,1,0.56609519396188,0,0.18308587201786078,0,0.47,1,0.5816907947168196,0,0.3469519092440303,1,0.5477207537749803,1,0.5976208520624385,1,0.5205886055516038,0,0.47380604104194207,0,0.3829825204289923,0,0.29749297820838044,1,0.5016832764706289,1,0.5512723780259973,0,0.1299641449747138,0,0.4857726794844033
1_5169_u,0,0,0.3727173113308612,0,0.28505454967400556,0,0.4669685020157408,0,0.2903518122350652,1,0.5272745622105314,1,0.5672175539647234,0,0.402996859405836,0,0.27268777641363035,0,0.39401535744297805,1,0.553793470465919,0,0.49823009326398926,1,0.6180454750621943,1,0.5576318419276444,1,0.9594503970361581,1,0.5755779953778335,0,0.2819303533291721,0,0.13658677867106606,0,0.4379273372136395,0,0.364620996776477,0,0.3349469463850656,1,0.5181478798978799,0,0.29584225112791895,0,0.03267593114378488,1,0.5383601081768145,0,0.2585553657844173,0,0.48775354197897847,1,0.6147502972275483,0,0.4040908090643491,0,0.28076714283226095,0,0.3533769596595276,0,0.32927882625233035,0,0.28347037796098645,1,0.53,1,0.5515532766657619,1,0.5779090631339764,1,0.5330187998820807,0,0.2355015913209114,0,0.15629047944766655,0,0.4442137076805526,0,0.27538505021597504,0,0.03515833681472083,0,0.4738611398918542,0,0.31369493985640046,0,0.24519250701265932,0,0.4899302261342607
1_5211_u,1,1,0.560131470404214,0,0.4128565363316452,1,0.5946967868509485,1,0.8158144979218052,1,0.8691495352387489,1,0.7590657638475348,1,0.5277914470629217,0,0.49600763783904434,1,0.5444410631878729,1,0.5309679160669621,1,0.5988503277939566,1,0.701131873229029,1,0.9229512156663688,1,0.9787131348483266,1,0.724615833125035,0,0.4553845642215179,0,0.32369142830395253,1,0.536810934859258,1,0.615460935228706,0,0.47628488599368857,1,0.6134027777777777,1,0.8825594973199439,1,0.9822844573023779,1,0.7271243684885677,1,0.868921481886019,1,0.8807217293189676,1,0.7461297715951861,1,0.5764718330275822,1,0.5624913893150288,1,0.5657621071194476,1,0.8936611923230582,1,0.9935867460838604,1,0.6699821746880571,1,0.9361476241282121,1,0.8860880550270158,1,0.7190065422582963,0,0.4764129288695686,0,0.423511119963343,1,0.596937942304918,1,0.9013892492543775,1,0.9927609564806127,1,0.7335191964251406,1,0.9124847769070117,1,0.9967435763964311,1,0.7277937700848199
1_5212_u,0,1,0.4682567127658614,0,0.42097822095573595,0,0.4952383476580561,1,0.8058326616327137,1,0.663715800818621,1,0.6212061438091017,1,0.5410535891763274,0,0.4120410638921249,1,0.5704378787799899,0,0.4339842454794031,0,0.4635601794627427,0,0.15900471591978377,1,0.7490816176678052,1,0.9973282335883257,1,0.6176819333850471,0,0.4035372941503292,0,0.3558294788130301,0,0.4874182912020199,1,0.47560561257408895,0,0.41524575808986264,1,0.5287182539682539,1,0.8673855041093078,1,0.9901955810584827,1,0.6205207124980465,1,0.7731581798408518,1,0.6621575749429308,1,0.5937227740237171,1,0.5279605504514722,0,0.40966015398846295,1,0.5201586407526735,1,0.837223842345926,1,0.9849719393582734,1,0.5432967032967032,1,0.7324549131971161,1,0.8147722425051137,1,0.5439995374723177,0,0.46649468006856337,0,0.3632666240272824,1,0.5429696368138829,1,0.8638961961047925,1,0.9846809648305715,1,0.6078648876133387,1,0.8288933790330651,1,0.9793595807687239,1,0.5803989184710828
1_533_u,0,1,0.5673328328529452,1,0.5652282082208144,1,0.5645306702736491,1,0.9314274079507141,1,0.9040554529056674,1,0.7067576034294327,1,0.6036813725349239,1,0.6614064755316179,1,0.5890573831069217,1,0.5450511077861415,1,0.509754147421525,1,0.696642812120015,1,0.9113805522143271,1,0.9919537462502536,1,0.6701630028708544,1,0.575978306511453,1,0.7861302408647336,1,0.5585301741227497,1,0.5874003887387674,1,0.5918557019808935,1,0.5078928571428571,1,0.8137844738465767,1,0.9176979377341387,1,0.6946786644348051,1,0.924624375044734,1,0.9040143713524001,1,0.722414836799857,1,0.6096157067709009,1,0.6561146279223171,1,0.5995749841142574,1,0.8271018073703194,1,0.9893728947211102,1,0.6331748946551341,1,0.92052516597264,1,0.9212339111136033,1,0.6601477222478922,1,0.5156131693884962,1,0.7786648309016359,1,0.5520763877504009,1,0.8136650627280986,1,0.900087613853457,1,0.6793413729420235,1,0.8309141762073308,1,0.9906181873641127,1,0.6839549710809928
1_537_u,1,1,0.7054893094647434,1,0.6787562092648302,1,0.5770238005287772,1,0.7938246062145361,1,0.9084388940115288,1,0.7333450571127773,0,0.3296116675976352,0,0.3397035624853933,0,0.3925847585637818,1,0.534452456273767,1,0.5366059471630833,1,0.7354588430680302,1,0.9467990522660845,1,0.9896915344142384,1,0.7322313418957256,0,0.4815323036511954,1,0.6310876901019081,0,0.42579916201126733,1,0.7449120456016195,1,0.7348634000398173,1,0.538364468864469,1,0.7180868466712671,1,0.8182427447824997,1,0.6948777818302792,1,0.8080744856072815,1,0.913796853997057,1,0.698045874876085,0,0.354603907171392,0,0.39407588862333653,0,0.3751556674489263,1,0.8933344884728909,1,0.9864914827737293,1,0.7066666666666667,1,0.9533867005327349,1,0.9145023872211764,1,0.7152786361263398,0,0.49264462430046085,1,0.6991411304454854,1,0.5037518507142171,1,0.729072031828848,1,0.8640093027386253,1,0.6839288463827929,1,0.9017952961712892,1,0.9898292742967327,1,0.7525478204414168
1_5496_u,1,0,0.4056129058793048,0,0.36143478151576053,1,0.5124996618113984,1,0.8801534379290488,1,0.7672963243924558,1,0.6487396841774471,1,0.7403727390903162,1,0.6423362140565188,1,0.7461954326516975,0,0.48111644153389044,1,0.5951485182454138,1,0.5820111953215594,1,0.6399662837818044,0,0.36971742498964055,1,0.5756007497293852,1,0.6063037905687524,0,0.49929314183797374,1,0.605715342936727,0,0.4431664581768976,0,0.37176709674565056,0,0.46934731934731944,1,0.8495130863103978,1,0.9758929845811817,1,0.7316703814442854,1,0.8958135287186597,1,0.8095339521494312,1,0.6662393189523005,1,0.7719934441997144,1,0.6826616492611798,1,0.7205836467694915,1,0.6481851395990541,1,0.6185405149309463,1,0.6466333333333334,1,0.663344603206326,1,0.8086613578681408,1,0.5511262168687067,1,0.5480543907200883,1,0.5118237857209029,1,0.631868885925796,1,0.8550189589205978,1,0.9785702662193688,1,0.703934337383285,1,0.668096311823107,1,0.6901841325547332,1,0.6361238772352783
1_5580_u,1,1,0.709694445125502,1,0.6885097151978165,1,0.5869841076915752,0,0.2653712293594768,0,0.42874034028088887,0,0.4476646982603578,1,0.7351877500338589,1,0.6433667231381663,1,0.6552605473120309,0,0.506999508928391,0,0.45749359915545434,0,0.41922530365269806,0,0.3613063015522688,0,0.07282886044839007,0,0.46072388496283556,1,0.8216657409191767,1,0.7697741317214958,1,0.6296766481171822,1,0.6851253342500322,1,0.643288343929507,1,0.6483888888888889,0,0.20351695791480356,0,0.49014203845168747,0,0.468291358440855,0,0.22028441559089584,0,0.439047399751991,0,0.4550196532283393,1,0.7202317061953786,1,0.5844588325016523,1,0.6425654560179893,0,0.4289035704306608,0,0.19050353324685468,1,0.5065528455284553,0,0.3410000240742926,1,0.5713881858346243,0,0.4616921580646206,1,0.8199369657071005,1,0.7159382119366006,1,0.5509017130329878,0,0.18280085829187706,1,0.5121098556857732,0,0.4719519186947407,0,0.397295733855246,0,0.14306417786038858,0,0.49541935952365374
1_5617_u,1,0,0.35043462635423983,1,0.5196589613043353,0,0.44384382886080576,1,0.9074723762541785,1,0.8945550452983418,1,0.6837144804239145,0,0.3661433315319927,0,0.301422197957392,0,0.42122659225918424,1,0.5571379031316102,1,0.5335022771921148,1,0.7291799164416254,1,0.7396330317821603,1,0.9856713803533799,1,0.6177533106134828,0,0.21616821919358134,0,0.3408271175312373,0,0.4098931197908155,0,0.3477921570910437,1,0.5040459703790984,1,0.5543798701298701,1,0.7038064986075019,1,0.9798248185446904,1,0.5032062324512624,1,0.9088979888171234,1,0.905519128537775,1,0.701214210156785,0,0.3932469643959182,0,0.3312861563449854,0,0.41203238911286294,1,0.5,1,0.8305529602221229,1,0.5166666666666667,1,0.7469328381967676,1,0.7910096665758573,1,0.5776942934030872,0,0.2868893417468451,0,0.37840054994655126,0,0.3795928958688449,1,0.6966800256996667,1,0.9747546998059955,1,0.50599,1,0.5,1,0.7961900664238263,1,0.5471552578955093
1_5627_u,1,1,0.5908796205171234,1,0.5306960199487848,1,0.5326904723893023,1,0.6923200094446919,1,0.6615642270732234,1,0.6241220657734968,0,0.48691420892396287,0,0.23181411405320967,0,0.44469490266703476,0,0.52306567524114,0,0.4681116890325355,0,0.31256248895942823,1,0.6829098187190016,1,0.5129215946410384,1,0.6185124486873314,1,0.5966363039837913,0,0.446230095028543,0,0.4647792409328722,1,0.5991715000894821,1,0.5308138177706413,1,0.5633396880896882,1,0.6133360658785582,0,0.2917329208389583,1,0.5709775886747591,1,0.706539240247091,1,0.6219265885610108,1,0.5911990807812354,0,0.4655412581853251,0,0.2181998783556281,0,0.4770738128989854,0,0.4681472936862786,0,0.11890647371707305,1,0.5798861788617886,1,0.6987812042730142,1,0.6315784343568304,1,0.57185894387629,1,0.5538489900892422,0,0.45220719372628276,0,0.45792317585779435,1,0.6084851931126939,0,0.24457048473023835,1,0.5779414521594923,1,0.4827122458768422,0,0.10310989887318633,1,0.5792575331970445
1_5758_u,1,1,0.7811448532266692,1,0.7925510838016633,1,0.6051894377005501,1,0.9252527829110156,1,0.9119231962931464,1,0.7011992103890348,1,0.5513319541621569,0,0.4665480242765839,1,0.5076045671282017,1,0.5275873318081457,1,0.5443159467925245,1,0.5517232622057642,1,0.964036204978291,1,0.9990822025211017,1,0.7117070713376598,1,0.7900846663283781,1,0.7631782732266206,1,0.5737895030141801,1,0.7915036372424683,1,0.8092924906225147,1,0.6630357142857143,1,0.9495937133677739,1,0.9984653243361825,1,0.695015659760464,1,0.9457802063040474,1,0.9228277863391424,1,0.7522335760940191,1,0.5650613724628735,0,0.490915231775376,1,0.5013747807247129,1,0.9658553502931918,1,0.999432924423658,1,0.6499821746880571,1,0.9691854895998915,1,0.9659172104766234,1,0.6547262529472979,1,0.8116185553327186,1,0.7683661171785963,1,0.5685655609483294,1,0.9575028207860291,1,0.9989735957826645,1,0.6458052231787622,1,0.9699882285916308,1,0.9996830378766568,1,0.6525214576209748
1_5880_u,1,1,0.690596789318873,1,0.5036246639439259,1,0.5790536491682704,1,0.8546470045306984,1,0.8392856779367945,1,0.5515078059426441,1,0.515690369557074,1,0.696239591190334,0,0.48376725044159335,0,0.49190829357060956,1,0.5682684923366947,1,0.5207810896229484,1,0.7797906499991812,1,0.9938253159816326,1,0.5666258250307707,1,0.6435122763500354,1,0.661979958126948,1,0.5237720203941088,1,0.7197781318402618,1,0.5690136323071647,1,0.5830670995670996,1,0.6159364585019799,1,0.9625740523632671,1,0.5647710896769954,1,0.8608382847220988,1,0.8746764002295206,1,0.552453748534994,1,0.517737702756041,1,0.7075549826206742,1,0.543183208724012,1,0.7433677869948786,1,0.9958958795643896,1,0.5399821746880571,1,0.8064518851182207,1,0.7917269860454013,1,0.5607742013844286,1,0.6094279136059895,1,0.6888344972281761,1,0.5262411302287947,1,0.6153681902358363,1,0.9741482753053382,1,0.5019134804458028,1,0.7597521693672146,1,0.9974871892066821,1,0.5410540745241251
1_5953_u,0,1,0.5759287036125976,0,0.4983714148343763,1,0.5419820205868222,1,0.6970971404314954,1,0.6671995572085471,1,0.7818897131060712,0,0.4016948309131484,0,0.41235507085735695,0,0.4203296886886633,0,0.48443746744849125,0,0.41639098011359554,0,0.35584145720241045,1,0.8421948482387638,0,0.037689359121750664,1,0.7478201483332925,0,0.40803512108625933,0,0.32723000806480107,0,0.4798986629134413,1,0.5536245090525778,0,0.398099200101583,1,0.5711684704184705,1,0.7944806919768747,0,0.3847671106736044,1,0.7406279598956172,1,0.6740100443800064,1,0.615272420665772,1,0.8212800976752737,0,0.3877928455079869,0,0.3456473090718923,0,0.44064368817343097,1,0.6397854910332849,0,0.04202945610456321,1,0.6298861788617887,1,0.8316724220890364,1,0.5991917364350069,1,0.705043151831262,0,0.37978368889254593,0,0.2748081798883123,0,0.47435686871009636,1,0.7828592911965407,0,0.3546923891411576,1,0.7419149969206325,1,0.6285592406464556,0,0.034849216349119944,1,0.701773818789309
1_5964_u,1,0,0.4923496551132629,0,0.45639517561024584,1,0.5372938662358336,0,0.4866782189814967,1,0.6319459217687158,1,0.5767999372165561,0,0.5051020867410198,1,0.5138965313082048,0,0.42498634622197606,0,0.518723367766815,1,0.5084818689467483,1,0.5758992460498132,1,0.669214383363547,0,0.15228565844081196,1,0.6367579849335867,0,0.4521923958064443,0,0.4458633945971786,0,0.4599351281119037,0,0.46632893217848387,0,0.42380565427720573,1,0.570631673881674,0,0.15320045717833802,0,0.1400085721416119,1,0.5205054553641897,1,0.5,1,0.6376810195876632,1,0.6037194995865246,1,0.5141958426034219,0,0.47537028970289824,0,0.4632574253651842,0,0.24589656867678136,0,0.08483602958740404,1,0.5249404761904762,1,0.6684797425708586,1,0.5738452038942006,1,0.6068423849909703,0,0.3379753157126506,0,0.3896843235337946,0,0.45321723505265743,0,0.16655212329234237,0,0.13443129199188686,1,0.5259044952614484,0,0.24705668178522644,0,0.07083664876878845,1,0.5682531840447111
1_6092_u,0,1,0.7273336884402868,1,0.7350278881442797,1,0.606011537688329,0,0.12853062303711346,0,0.39723380083404747,1,0.5543877073049249,1,0.6722486790028538,1,0.7030245837590845,1,0.6289081487070728,0,0.5,1,0.5017429118709972,1,0.5738248867641694,1,0.42848171591011597,0,0.26667796120640597,1,0.5926672485652829,1,0.8295725026680221,1,0.8446175027890666,1,0.6251789403793689,1,0.7430431629496689,1,0.7220980960890413,1,0.5367968975468975,1,0.507660742714033,1,0.75937066809593,1,0.5982389902773692,0,0.0980920170067733,0,0.38857947588688263,1,0.5468788786609944,1,0.661973630498494,1,0.7121708991729663,1,0.5856482366030349,1,0.7151078265387327,1,0.7783519306420043,1,0.6398047289092778,1,0.41505142901848774,0,0.46818467440230055,1,0.5489784606095033,1,0.8455305216227758,1,0.8490616158667178,1,0.5471081080270934,0,0.4751816241146876,1,0.7333710441554037,1,0.6279420658806542,1,0.7006927644701777,1,0.7366014902065526,1,0.6157412501559163
1_6113_u,0,1,0.6753900445981327,1,0.6078394391096912,1,0.5608938216054441,0,0.3602280443923675,1,0.578221320973229,0,0.4830028526792986,0,0.45769072065052147,1,0.5181092444269747,0,0.44222776129068914,1,0.5409718915940074,1,0.502389871438351,0,0.3546842719425137,1,0.5505395933860486,1,0.7404054019812224,1,0.5274135031846143,1,0.5502751283067426,0,0.4616939500280967,1,0.5039774603174604,1,0.6354656175436774,1,0.593401321818517,1,0.5909383116883117,0,0.2576573722533483,1,0.5894669565842678,0,0.46190739005668546,0,0.33845613693525095,1,0.6272243563628869,0,0.4777257082668094,0,0.443524620830831,1,0.5157056184592324,0,0.44812351801223815,0,0.3564718701847326,0,0.2486263961871536,0,0.4766666666666667,1,0.5217911936950027,1,0.6236674552487236,0,0.46901155398260885,1,0.5229966923808862,0,0.4671661331188541,0,0.4874210051869541,0,0.2440012625513809,1,0.5623578312130256,0,0.43596135265700486,0,0.3429841466237573,0,0.22910070983001837,0,0.46766506173033073
1_6183_u,0,1,0.7488032805142673,1,0.9034209255665865,1,0.6481953708648749,1,0.5398427250834957,0,0.4506003953269546,1,0.7525299826435073,1,0.6560519195848132,1,0.6580030534359518,1,0.6477451508741247,1,0.5935376120321091,0,0.47413020176133075,0,0.4884828007526109,1,0.8477462009839268,1,0.9505334931058564,1,0.7622195390789497,1,0.7812141236548319,1,0.9186616622623195,1,0.7017627940636503,1,0.7454863099042772,1,0.8948746147034368,1,0.6654722222222221,1,0.8287881783692491,1,0.5501210423999815,1,0.7598285130942082,0,0.5,0,0.3946808812740764,1,0.7067347366016058,1,0.6359264591426035,1,0.6236674772583944,1,0.6221959759494341,1,0.9386412712761937,1,0.9934236699810587,1,0.6964933217189315,1,0.8469840935264146,1,0.7405638290167751,1,0.6460586480506076,1,0.7395004968976786,1,0.9044800798418615,1,0.6402900652908647,1,0.8205606693987958,0,0.48660169285794413,1,0.7659261213278478,1,0.9356097574541291,1,0.9903088931999922,1,0.780335211408889
1_6188_u,1,1,0.5787480227000237,1,0.7938388269061456,0,0.48452027618707766,0,0.25652594854335237,0,0.43164949134708375,1,0.6877823349204271,1,0.5964189488683689,0,0.46915022894657965,1,0.5841803906770927,1,0.5352611516029074,1,0.5259454832866991,1,0.6530922223350654,1,0.7995145144186452,1,0.8150693929901378,1,0.6627826384149478,1,0.6829651775264868,1,0.7710304113235641,1,0.607828973879679,1,0.5997622617220523,1,0.7504130735736246,1,0.5844509379509379,0,0.25613094446600115,0,0.01762640724443839,1,0.6867149603465686,0,0.2583208625338142,0,0.4203225510979706,1,0.7370692250877044,1,0.6096995709338136,0,0.49347467465414324,1,0.5593234025909477,1,0.7482848062365873,1,0.946981248440038,1,0.6433,1,0.8086379684882943,1,0.6209169285893877,1,0.6562544605326581,1,0.753011928156977,1,0.74357394659564,1,0.534673167551518,0,0.2611593503498188,0,0.01573697263651336,1,0.7019235815253865,1,0.7475909591240282,1,0.9265715424122166,1,0.6770696527075843
1_6355_u,1,0,0.48956438556283177,0,0.36706033040904956,1,0.5105071779762469,1,0.862410332675507,1,0.6852687154942806,1,0.5616398068719572,1,0.683300207500538,1,0.5096256949654862,1,0.7247108427701208,1,0.5282800903438667,1,0.6656550561578279,1,0.6117467870441782,1,0.5869796870886855,0,0.3223492504870675,1,0.5688048858938586,1,0.5673699419441223,0,0.4569734023610463,1,0.5791432694513956,1,0.5411368787704047,1,0.5001740473807696,1,0.5477388167388167,1,0.7573985570747026,1,0.6595328471061892,1,0.6081977929896766,1,0.8789341371095768,1,0.7436352191283494,1,0.5761851134289342,1,0.711903167110001,1,0.6291969669102395,1,0.6706566741990456,1,0.5761356241665644,0,0.16446436970874376,1,0.6132965009208103,1,0.6136490532245996,1,0.5025656200380205,1,0.5478773314156701,1,0.5734190712963652,1,0.5643615614073919,1,0.5901446969772249,1,0.7951263901076073,1,0.8334518795359219,1,0.6219597151312153,1,0.6096070888729574,0,0.24505540716167779,1,0.5906468157863148
1_6427_u,1,1,0.5268349205486419,1,0.5138453770525442,0,0.4854102182574735,1,0.8560605687419177,1,0.8021027700155847,1,0.790513888514866,1,0.5580212139479059,1,0.545617848365472,1,0.5576543082173596,1,0.5440951282040412,1,0.5155117549878658,1,0.5678147278504815,1,0.7814148246605399,1,0.9609908275068101,1,0.7110939432532238,1,0.5884298429624595,1,0.5903651778219146,1,0.5378810396491622,1,0.5490552925090328,0,0.46699187336523096,1,0.5111230158730159,1,0.7620989858360031,1,0.9367764803461492,1,0.7985252524637538,1,0.8559765346762216,1,0.8014129166724452,1,0.772237895881182,1,0.581583774367298,1,0.560618876788063,1,0.5347820458821417,1,0.7811803346425639,1,0.9536755501667472,1,0.6463952380952381,1,0.7933359571019906,1,0.7688285286277123,1,0.6695284905451573,1,0.5597228811140231,1,0.5774107988972373,1,0.5482357835205622,1,0.774530105312419,1,0.9355254242563532,1,0.7658589255745105,1,0.7972548784417195,1,0.9577911347211435,1,0.721879843860852
1_6428_u,1,1,0.7227054486627695,1,0.6748460830831209,1,0.5659967341406376,1,0.8546423120317542,1,0.8265351174468542,1,0.7075500114524845,1,0.7583080386704615,1,0.7184340711152378,1,0.6750740110360345,1,0.5402839631138783,1,0.5431188779659765,1,0.5748749982385708,1,0.8793000580830671,1,0.9938424398396803,1,0.6913972924050167,1,0.8269444017011112,1,0.7380929433951232,1,0.6612930546786782,1,0.7465335006005737,1,0.7174659456006671,1,0.5830476190476189,1,0.9747745456543558,1,0.9993481978320977,1,0.7252819279441027,1,0.8549608330297621,1,0.8756633524716427,1,0.7030990878138232,1,0.7554435968233479,1,0.7444169099007949,1,0.6621925347526972,1,0.9597829543310595,1,0.9996451785531267,1,0.6698814814814814,1,0.8834290941284318,1,0.8798091322157868,1,0.648816049666706,1,0.8631641928888103,1,0.769592508092907,1,0.6015105296678405,1,0.9746544811165844,1,0.9989516696002714,1,0.7499563852641288,1,0.9611890324374945,1,0.9996255422405192,1,0.7191090012297775
1_6627_u,0,0,0.4787902854125033,1,0.5043291246034621,1,0.5135214827371766,0,0.48330322868131587,0,0.4530285633775248,1,0.6517714365869504,1,0.5537239756039806,1,0.5195615782123804,0,0.48161921288856585,1,0.5441010439555943,1,0.6414014321373225,1,0.7790445182098168,1,0.7987526793218469,1,0.6971097871075141,1,0.6548894879509795,1,0.6124736961779477,1,0.6458461462136981,1,0.5176132119908745,0,0.3823207329253009,1,0.7458792152682046,0,0.4607821067821067,1,0.5626351937516012,0,0.11483181051903955,1,0.644504891184362,1,0.8339818503629282,0,0.48656673975687037,1,0.6305083429048394,1,0.5149442987557479,1,0.6658478152082401,0,0.4539497810029789,1,0.7300143207928591,1,0.8497444624723731,1,0.6099631675874769,1,0.7695995807737824,1,0.7700922158378442,1,0.5962212078705735,0,0.4267282496217258,1,0.8011604396801827,1,0.5396153530138282,1,0.6819017965842067,1,0.5062334149067359,1,0.655754666256034,1,0.7338162844156111,1,0.9718790924305288,1,0.6693972356665712
1_6648_u,1,1,0.8669769527798865,1,0.9299067598191199,1,0.6661615792297251,1,0.9483119215300952,1,0.9114772301979819,1,0.6444113000593281,1,0.6837039969668052,1,0.7384997671546132,1,0.6849644587157712,0,0.4937529045787317,0,0.46366815722843935,0,0.4235967091765261,1,0.9771656615795118,1,0.9995290946196569,1,0.6501792390115781,1,0.8356027159970519,1,0.9540293957129304,1,0.6619714909770541,1,0.8574746259607419,1,0.9100850411425567,1,0.6730396825396825,1,0.9434765144793797,1,0.9978230961753788,1,0.6677885532265755,1,0.9456100441334971,1,0.8784398490104897,1,0.6267322396408201,1,0.6652953588869135,1,0.6964854944553167,1,0.6743517866155428,1,0.9791625261118507,1,0.9987687584236705,1,0.656511315735625,1,0.9769458477588352,1,0.9459564722192125,1,0.6283933836930133,1,0.8175329917244821,1,0.9365315941951574,1,0.6353360897175689,1,0.9392942973994662,1,0.9947786919901844,1,0.6639701985123886,1,0.9767175827312786,1,0.9975205747530719,1,0.7162188845447653
1_6683_u,1,1,0.7508392152454444,1,0.6592039641458973,1,0.6519432042054978,1,0.6709774478979217,1,0.5843204192772139,1,0.5746671072488623,1,0.8242142483100802,1,0.8600964455763627,1,0.7322547390688293,1,0.5546104878864244,0,0.48716967708231435,1,0.5621429735447048,1,0.7098428877702525,1,0.547989003623316,1,0.5661206640583505,1,0.8392825502385685,1,0.81396720886624,1,0.7037199634946129,1,0.7601048428743433,1,0.6287698778240061,1,0.6101785714285713,1,0.9467881953126952,1,0.988695602096798,1,0.6101011186541966,1,0.6742357605629025,1,0.6064526151416434,1,0.593052237925085,1,0.81934173670475,1,0.8415698217062914,1,0.7204571209149574,1,0.9115511381265832,1,0.9682212864044857,1,0.6123809523809524,1,0.714694069024001,1,0.7273609384405065,1,0.6084713358555862,1,0.8507888641886839,1,0.7895979308616017,1,0.6535831647030741,1,0.9439392617434506,1,0.987998294445812,1,0.6159044952614483,1,0.909388025155002,1,0.9712243926495053,1,0.6283768310982877
1_6769_u,1,1,0.736184972993247,1,0.6597299376564154,1,0.6257666672947721,1,0.7830375343726289,1,0.8707703186245134,1,0.7334361796095994,0,0.44444687937707505,1,0.5307400192048946,0,0.43164777757698364,1,0.6343736394101209,1,0.6234954909090199,1,0.6841356287984304,1,0.9360473239089072,1,0.9962971323617609,1,0.7362592567257373,0,0.48801316585735005,0,0.34368923189530504,0,0.44190076831903835,1,0.7871540195535329,1,0.7522623752145218,1,0.7173575036075036,1,0.7536893528960266,1,0.8504222759678705,1,0.6382285671057446,1,0.8185047574333875,1,0.9068682288392244,1,0.7558579942289758,0,0.4548156394423373,1,0.5789658192851207,0,0.4459654152318641,1,0.792570152618765,1,0.9235373674851837,1,0.63,1,0.9468694656547572,1,0.9204895861157095,1,0.7214505437496916,0,0.4880728098713586,0,0.4412667809728806,1,0.5078704375432099,1,0.7715794166600065,1,0.8968266913119398,1,0.6419905660377357,1,0.8141460383891148,1,0.9650571860094593,1,0.6622777385252444
1_6835_u,0,1,0.6218305921162517,1,0.7498353382410824,1,0.5240170670569857,0,0.48443739185475354,1,0.7370131389003051,1,0.5978260661652074,1,0.5487469326437858,1,0.5145058225574567,1,0.5812146559881282,0,0.44095713935837244,1,0.5060944684389288,0,0.3268373523790541,1,0.7136645594048346,1,0.9988538160901443,1,0.6036085450454878,1,0.6780890359733831,1,0.6283057993933694,1,0.5398976492098877,1,0.620328337425233,1,0.6946984518477912,0,0.4940969863469864,0,0.4267192118898174,1,0.779485108382942,1,0.5317992030197384,1,0.5,1,0.7234825953723808,1,0.5798894869291696,1,0.5307416418520207,0,0.4909556592093104,1,0.5451509165599594,1,0.7156199173704942,1,0.9934312682995413,1,0.5766666666666667,1,0.7183494442766782,1,0.7802383937379702,1,0.5577347314330192,1,0.665861336132937,1,0.5857058178324296,1,0.5274242931011638,0,0.4089902282886632,1,0.8202777496671597,1,0.589904591556914,1,0.7148454796342064,1,0.9938980991009916,1,0.6009574155997706
1_70_u,1,0,0.30503439441779684,0,0.1676045073176395,0,0.3890743562133503,1,0.5765018067536477,1,0.7847748053656097,1,0.65670196101672,0,0.2710400243618656,0,0.48944662588085885,0,0.3538391997733198,1,0.5518140149988913,0,0.38256243116082883,0,0.43833041290807984,1,0.5831163457394845,0,0.09802679137513093,1,0.5969016036945222,0,0.23917429238589272,0,0.15454952255712912,0,0.3979254627583955,0,0.27770777293462984,0,0.1188103559939036,0,0.40145238095238106,1,0.6458423883514963,1,0.8598529761476743,1,0.5839285571736335,1,0.5,1,0.6694173335220023,1,0.6066339780158053,0,0.2513887764636221,0,0.4065979575829876,0,0.38785927683980587,1,0.5332112579327248,0,0.3055067519534002,0,0.4766666666666667,1,0.5465956128447619,0,0.33658941764994055,1,0.5239900792660734,0,0.2040166725875585,0,0.11562177261443705,0,0.40920897731425177,1,0.6164383296736999,1,0.6286489438053804,1,0.5184,1,0.4868947212054881,0,0.10698521095940267,1,0.5077260684573225
1_7047_u,1,1,0.5914179352670661,1,0.7586015894507268,1,0.5886619146979384,1,0.705169984042692,1,0.7272671212445342,1,0.6813767492907229,1,0.7489126009276595,1,0.7167728139760812,1,0.698739854974163,1,0.546108750474519,0,0.48933586653579114,1,0.5546490895237387,1,0.8064452413881941,1,0.7900645719739935,1,0.6589093478438887,1,0.7037522616668624,1,0.8886680078934093,1,0.625541923273964,1,0.5740972704799829,1,0.7506474879920032,1,0.6167011599511598,1,0.7473876822642318,1,0.8575818904679461,1,0.7110522160349565,1,0.6895253808932312,1,0.7342269849111649,1,0.6894120507837269,1,0.7469315149175929,1,0.6856334344851895,1,0.7225317839821906,1,0.7824911661982185,1,0.7587224248012595,1,0.6565481481481481,1,0.8068947155331222,1,0.8323987769179854,1,0.6144137383709646,1,0.6133156586242134,1,0.8814424240109996,1,0.6462102937424474,1,0.7421629406717022,1,0.8907511742779317,1,0.7338336892838546,1,0.7773398422652774,1,0.776321334814128,1,0.6882001347643678
1_7082_u,0,0,0.4457615522845549,0,0.10389755491551479,1,0.5069600169525058,1,0.8336819908238083,1,0.7414991629566643,1,0.573744731478251,1,0.5830337914893639,1,0.5089344763606861,1,0.5920590756337313,0,0.5205755717623867,1,0.5067773625130466,1,0.5292043059717972,1,0.6126855081454622,1,0.5444665212563358,1,0.6052953437740828,0,0.4666720823637025,0,0.12284957044994804,1,0.5736292383516015,0,0.45600762783766796,0,0.11601139534123325,1,0.5189975302475301,1,0.8814974760260689,1,0.9920131428698271,1,0.6219464500037615,1,0.8346659622255103,1,0.7525765546980394,1,0.5363006570126502,1,0.5701711769846992,1,0.5190569856808237,1,0.6346381361784881,1,0.605852025471161,1,0.7369308993306797,1,0.56,1,0.6162361744428672,0,0.31302167817283444,1,0.5813265760686713,0,0.38938041412121177,0,0.11959374549804867,1,0.5490928395963096,1,0.8762658319760663,1,0.9932608458911469,1,0.6119244308828967,1,0.6009741298365255,1,0.7555058970712586,1,0.6379619580603552
1_7186_u,0,1,0.533717762620269,1,0.5213575911388957,1,0.5534465852466721,0,0.4529774980534678,0,0.441728628920592,1,0.5511022951683278,0,0.4211901257235111,1,0.5663635190621595,0,0.38001668990676163,0,0.4511880949827152,0,0.38847737931122134,0,0.3662753618408733,1,0.4896109738568379,0,0.11203181151404401,1,0.570780842764534,0,0.3607650577859969,0,0.4583905301088445,0,0.4177266104551819,0,0.4904780149753669,0,0.39217676149856223,0,0.4730277777777777,1,0.5195620093136089,0,0.39232596647460927,1,0.5468350905546656,0,0.36335180617874036,0,0.4043775140299239,1,0.5763349874205872,0,0.3954088740600618,1,0.5466074088645866,0,0.3429087656165271,0,0.2818163838774653,0,0.04361665058386995,0,0.45,1,0.43931053664325914,0,0.24049763602185523,1,0.5599954434243443,0,0.30969066111382937,0,0.33219699384183726,0,0.4217024322361965,0,0.470908059160661,0,0.20172027050582833,0,0.4889724770642202,0,0.24666122545126817,0,0.013813278335690264,1,0.5240657203234419
1_7357_u,1,0,0.33779797613422824,0,0.3927844555019152,0,0.43304247424187814,1,0.9100615243471829,1,0.8047356659663966,1,0.695939197083515,1,0.5329589739520425,1,0.7578096890480042,1,0.5550595317820054,0,0.4662249295479007,0,0.4735120851147764,1,0.5479930337671083,1,0.8588499768135014,1,0.9954310204445155,1,0.6335897133309446,0,0.4610988658633762,1,0.7410149843191685,0,0.4938258547987698,0,0.31523003867604243,0,0.3085690301999581,0,0.4908185425685425,1,0.9285982282016764,1,0.9997490012814659,1,0.6873868896736107,1,0.9189175398594417,1,0.7937900229123528,1,0.6963626078712085,1,0.5,1,0.7178206167604031,1,0.5238769587269665,1,0.9021754219026219,1,0.9999766842906833,1,0.5865481481481482,1,0.8566649776953609,1,0.8216690501039755,1,0.6253506050726259,0,0.3853292536607689,1,0.7187111025124662,1,0.5314359720388446,1,0.9279084465574174,1,0.9996592714088889,1,0.6579507471171322,1,0.8977119884625702,1,0.9999508822813936,1,0.6269785392806619
1_7395_u,1,1,0.5755817449788366,1,0.7885765351716372,1,0.5616241044871939,1,0.647103053060172,0,0.37178681000219177,1,0.5227982542734407,1,0.629877678716681,1,0.6349353900392074,1,0.6151411190784292,1,0.5433062082856449,0,0.44293536673315276,0,0.4519462224520437,1,0.7017586856061026,1,0.9382359383086105,1,0.5528249384299471,1,0.5908455957863527,1,0.833218941878535,1,0.5510857003393568,1,0.552550607500975,1,0.690250670341605,1,0.5308376068376068,1,0.6997810776451014,1,0.9707917405945653,1,0.5568463169139358,1,0.7039027853465062,0,0.3405126465522839,1,0.5497183242058197,1,0.6068814480869598,1,0.5885691978844684,1,0.582223924023171,1,0.8179545149052789,1,0.9908821920713046,1,0.58,1,0.6998059209052686,0,0.42544186431899716,1,0.5313390951860599,1,0.6212149363987424,1,0.763186561877124,1,0.582414302384633,1,0.7029711223425178,1,0.9727528178277194,1,0.5675751037344399,1,0.8173854081324828,1,0.9872864487130196,1,0.5877808357215608
1_7400_u,0,0,0.4270720786507818,0,0.2906373775345325,0,0.4759110339150607,1,0.8938038474058224,1,0.7813995656052901,1,0.7808922717981645,1,0.5398085800457181,0,0.3955679083330351,1,0.5505120147869937,0,0.3725921551835586,1,0.5070490731478501,1,0.5548943456475386,1,0.7684654530067873,0,0.14121345678248198,1,0.7033460599223004,0,0.47973293038007697,0,0.2346483833902345,1,0.5792128865901082,0,0.4245778541186251,0,0.2594777858245119,1,0.5534880952380952,1,0.7564861321593312,0,0.36605745748231977,1,0.7388826862582549,1,0.8650795467979244,1,0.7922832712147981,1,0.7557068759187213,1,0.544005672777306,0,0.4277735288665483,1,0.5933268780458374,1,0.6226865788834902,0,0.1413196728664855,1,0.6966666666666667,1,0.7668149335216576,1,0.6431345358479468,1,0.6715763780471168,0,0.36284813866722593,0,0.2419659333666358,1,0.6283234920704632,1,0.7353598530689774,0,0.27507489892071085,1,0.7518875686543103,1,0.6047546033140244,0,0.12655075725334894,1,0.7124218553645146
1_7402_u,1,1,0.7231884618132738,0,0.4728143447164291,1,0.5906197917235119,1,0.7359539932173866,1,0.8733274637845523,1,0.63332481278421,1,0.7348737189608807,1,0.6741023059067619,1,0.7165547787037974,1,0.5167476287227099,0,0.44328232575103194,1,0.5020676787635113,1,0.8246538094399681,1,0.9967436206446221,1,0.643516416615875,1,0.8199946329985934,1,0.6870974453505156,1,0.7009664278128144,1,0.7248380478451282,0,0.43768933418675476,1,0.5610425685425686,1,0.8984589894243783,1,0.9980024617935593,1,0.6648015705080441,1,0.7096378222637226,1,0.8500509615489507,1,0.6175486003072161,1,0.7096411401413278,1,0.6206060434947045,1,0.6799440819291073,1,0.9287181489196088,1,0.9977925872621707,1,0.6765113157356251,1,0.8162875040933918,1,0.7284831058604029,1,0.6094296698872053,1,0.8499691621047682,1,0.6607327556798896,1,0.6734030848195788,1,0.875106080945955,1,0.9957561825626091,1,0.6849269502145598,1,0.919426717338465,1,0.9964660988732854,1,0.6559089764803465
1_7443_u,0,0,0.37570430394267695,0,0.08908968384779221,0,0.49498677442087813,1,0.7221017331392257,1,0.7970306881401293,1,0.5812875076497164,1,0.5430165027402907,0,0.4460622351295919,1,0.5291129397554791,1,0.5119892569885173,0,0.47914479304665175,0,0.47157759027808743,1,0.4488790174487053,0,0.045870501078356093,1,0.5695722631361835,0,0.3048082784833217,0,0.15792036455361896,0,0.4998123789235149,0,0.34881871695581207,0,0.06930245538258344,0,0.425361471861472,1,0.7018585938493033,0,0.48155542080780117,1,0.5989348646054334,1,0.7357289973571087,1,0.7779860390854908,1,0.6107171635598463,1,0.5095021421294703,0,0.39764138617961986,1,0.5399898251582684,0,0.36203384915497117,0,0.26479902455070997,1,0.5866333333333333,1,0.4304034150482485,0,0.4669780257222958,1,0.565412706869387,0,0.2602705873235497,0,0.155274814166847,1,0.5209994085928542,1,0.7192141135584806,0,0.39044429637409905,1,0.6379587222715173,0,0.36051805181910046,0,0.18383670604847702,1,0.5716705491587394
1_7445_u,0,1,0.7605819200309508,1,0.696517378196871,1,0.625983882131735,1,0.903364801425284,1,0.8669689838130455,1,0.739202981802852,1,0.5249938567548994,0,0.4908667462081631,1,0.5127165809088776,0,0.485465640660259,1,0.628037837210346,1,0.5050697646161191,1,0.9371508362892312,1,0.8727873271637281,1,0.7483268815992541,1,0.7229143226146485,1,0.6658439181838445,1,0.6297402735068167,1,0.8050300301111825,1,0.7743161467968351,1,0.651907647907648,0,0.4871882563760619,1,0.7891738449776832,1,0.6747400263776437,1,0.9245649042616486,1,0.9173661346049944,1,0.7628145447001495,1,0.5879681195045278,1,0.5529725558393538,0,0.495857690886199,1,0.7973860349163858,1,0.7372348965555027,1,0.65,1,0.9487499318148431,1,0.9590609054221787,1,0.6751419813879405,1,0.7446348960247074,1,0.7276356519335343,1,0.5997697584148609,1,0.5641254009686543,1,0.902975482170958,1,0.6597130941704036,1,0.8307687192485177,1,0.8745879803597827,1,0.7283342589056996
1_7449_u,0,1,0.5778257776898575,1,0.522608651572783,1,0.5580875727882805,0,0.46681909084942,1,0.6051624179157615,1,0.6119707608062833,0,0.48237553797370136,1,0.6117780717504917,0,0.382462194270334,1,0.5493656688354153,1,0.501252867311229,1,0.6008360350815857,1,0.7094276395648962,0,0.12997971419245113,1,0.5972874976249235,0,0.436044595762768,0,0.46878808260542715,0,0.4479665425201738,1,0.5743128211060334,1,0.5500942265844704,1,0.5719758297258298,1,0.5458619605694397,1,0.9719936819458507,1,0.595199343794575,0,0.4397370808229686,1,0.618346159028641,1,0.6598361851787694,0,0.4687716984790396,1,0.5956811464424097,0,0.4509813675436008,1,0.5255915851021072,1,0.5220719447873594,0,0.48333333333333334,1,0.7080158370120173,1,0.6613615744216174,1,0.6075270900122333,0,0.40108280916491734,0,0.4727647668058504,0,0.4996695622701472,1,0.5376439827698558,1,0.9751195038042817,1,0.6359139292237125,1,0.522384418672849,1,0.5667038046023959,1,0.5690373444752171
1_7487_u,0,1,0.5700213081668242,0,0.45467574840805974,1,0.5369357043727508,1,0.6890997213283712,1,0.6297802919639504,0,0.3822872637064798,1,0.7406035435679111,1,0.6586612141496784,1,0.6735239864528817,1,0.5485965030247235,1,0.6278645191104657,1,0.5879081842694507,1,0.49326304098763,1,0.8452869012231792,0,0.42424907048643573,1,0.7160879864511058,1,0.6444117162067117,1,0.5986593574271339,1,0.5921876547262493,1,0.5138099956907237,1,0.5460714285714284,1,0.5267984075980244,1,0.9303674804898426,0,0.4233453017446187,1,0.7446219526631799,1,0.7054500063353543,0,0.35962261041564303,1,0.7657240018557384,1,0.7387619046481797,1,0.729424568506488,1,0.591514858651987,1,0.8060371558516591,0,0.4799404761904762,1,0.5223226357194405,1,0.6241539585237763,0,0.4556762954772413,1,0.7727775932174025,1,0.713442426088704,1,0.6962554548663239,1,0.5978891586562187,1,0.9766125117805772,0,0.41,1,0.6247955692860058,1,0.879932874132876,0,0.4581634055705624
1_7490_u,0,1,0.6369613062565153,1,0.567575644165501,1,0.5851769843262101,1,0.5699773084717753,0,0.42749245486889464,0,0.4295505544949908,0,0.4709707228553368,0,0.3163876506536011,0,0.3847285162917396,1,0.6045422230964627,0,0.48410401741041387,1,0.5650157940310824,1,0.5082084868543012,1,0.7020762417814174,0,0.4911181457574371,1,0.5620538096367846,1,0.5578399814516669,0,0.4937772175594203,1,0.6405524082018239,1,0.536590428075313,1,0.6211190476190477,1,0.5056076921344339,1,0.9122996003367082,0,0.39361672506361456,0,0.5,0,0.3731167577339629,0,0.49151427949848425,0,0.45788780836706316,0,0.3150233766433764,0,0.39557316883564375,1,0.5889789705790129,1,0.9157102685842363,0,0.4765528455284553,1,0.4937255139532336,0,0.3780689583526146,0,0.48149959446584806,1,0.5519724000133355,1,0.5387409531887989,1,0.5087645597774288,0,0.4866644396286431,1,0.9299541672720288,0,0.388,1,0.5690240148909326,1,0.8981099232071655,0,0.4586431676998514
1_7494_u,0,1,0.5745015714665811,1,0.7560298208044883,1,0.5045859429687631,1,0.7460759764584258,1,0.7170932382296626,1,0.5180914882298421,1,0.6353520236009749,1,0.5712092050176071,1,0.5590395080869625,0,0.4759152337291228,1,0.509610555967787,0,0.4898109634574128,1,0.6884065176072662,1,0.5899468148867637,1,0.547472220630175,1,0.5820254121063269,1,0.7763370365576269,1,0.5515060317512273,1,0.5925295809813083,1,0.7446398386229688,1,0.5834676712176712,1,0.6103548578663012,1,0.8774907242773472,1,0.5252399955300981,1,0.7649731227942818,1,0.7847388252190289,1,0.5054557773268678,1,0.6461316279978857,1,0.5405665634516454,1,0.6242793492169433,1,0.6652043546081534,1,0.8673861035838312,1,0.5466488413547237,1,0.6976269341306849,1,0.83458278567239,1,0.5633585894150482,1,0.5829343029124537,1,0.763573235303914,1,0.6310138342545698,1,0.6221810058219789,1,0.8095670873116583,1,0.5919291621817626,1,0.6715461221567952,1,0.8202855518395193,1,0.5650421658919402
1_7504_u,0,1,0.6159993201380267,1,0.7947874068500168,0,0.4998358866647185,1,0.7239249539850694,1,0.6127212719900901,1,0.5196996004181719,0,0.45561830643880763,0,0.4099579629184585,0,0.49748546237445074,0,0.46731486846401177,0,0.4834795063271884,0,0.2936634980457986,1,0.6571589759404499,1,0.651481124400826,1,0.5471690400310005,0,0.5,1,0.7135465238641742,1,0.5438332142171505,1,0.6215966134520877,1,0.7833910225808762,1,0.5514618437118437,0,0.4265294865390705,1,0.6590521062180438,1,0.5286755594655115,1,0.6624104205211041,1,0.599598887428912,1,0.5020299134104496,0,0.437624396848733,0,0.3802101977467807,0,0.42197142474205196,0,0.4155811330894219,1,0.5325387784466245,1,0.5066666666666667,1,0.6602293837080737,1,0.7321646460431231,1,0.5807008909989999,1,0.5629381201891458,1,0.6961925142596607,1,0.5065655139437992,0,0.3929445908952167,1,0.6091020673331641,1,0.5338654035227259,0,0.40293683050371326,1,0.5128711121609782,1,0.5385395767658308
1_7575_u,1,1,0.5983595179558042,1,0.6707215146366029,1,0.6207280092090295,1,0.5188122150874509,1,0.634132320569711,1,0.6214258178410212,1,0.5149565148293122,0,0.4085788068286694,0,0.48698393061705947,0,0.5,1,0.6261353933519563,1,0.7011402947200799,1,0.717074046696309,1,0.6275609831410642,1,0.6262397730315539,1,0.5987377480545372,1,0.6032892842699871,1,0.5018383270255031,1,0.6632675580687908,1,0.774288463082145,1,0.6084733599733599,0,0.3600805274397071,0,0.15062784799888598,1,0.5797933328643864,1,0.5782951706956406,1,0.7138230490940588,1,0.6096384770337948,1,0.5221768621510147,1,0.5041092381421737,0,0.49433001193897136,1,0.5073918875800227,0,0.16231446815172965,1,0.5033333333333333,1,0.7539318411904566,1,0.7265226186509469,1,0.579085841823399,1,0.6140706333951906,1,0.7330019385621871,1,0.529453843297301,0,0.38425757871890065,0,0.2573290346335942,1,0.5599149969206325,1,0.5470902234498137,0,0.2729338811470588,1,0.5779375564770773
1_7641_u,0,1,0.6205545721189384,0,0.44192944453254007,1,0.5378459617105039,1,0.7214659079304451,1,0.7160680243191601,1,0.5768091961711604,1,0.6477503058957692,1,0.6024547071288096,1,0.6233761771279429,1,0.5696784408357057,0,0.48273712422973475,1,0.5552066681112092,1,0.7673819946740628,1,0.9306095344907477,1,0.6133959832486263,1,0.6785822085526056,1,0.5611497019396762,1,0.5699126079447324,1,0.6209089130121269,0,0.38644748359909264,0,0.48909704184704195,1,0.8000114479963291,1,0.9821724930217817,1,0.645161072442801,1,0.7128353590532311,1,0.7455948936626706,1,0.6015162922891607,1,0.6527428831555989,1,0.5948489217496097,1,0.5785604777513041,1,0.8804523991796943,1,0.9875306227804757,1,0.5366666666666666,1,0.76365335553663,1,0.6218414867591598,1,0.6017470921043302,1,0.7064187122699136,1,0.5325358756849566,1,0.5368334211747002,1,0.8057557998441839,1,0.9927899115931269,1,0.6039735447611402,1,0.8775161809352079,1,0.9883074059355144,1,0.6330580875373273
1_7675_u,0,1,0.6099411190455039,1,0.576152505923962,1,0.5233899135660279,1,0.7103791375651772,0,0.3592652558321072,1,0.5369892948048173,0,0.421517981405728,0,0.3936906877720859,0,0.3969197437673517,0,0.4651984326701935,1,0.5288239640155772,1,0.5888309035914081,1,0.44765572636676854,0,0.36088292154727303,1,0.5259740316432158,1,0.5690644475267156,1,0.5218053209266716,0,0.46782569129948975,1,0.6203221760211418,1,0.5099561182340305,1,0.5876323953823954,0,0.24006419604684692,1,0.860923864410607,0,0.4494431326169782,1,0.6746898161956894,0,0.33360847462519877,1,0.5570965585054553,0,0.42974869216634765,0,0.4028468168389694,0,0.46579410577963737,0,0.2126821393449754,0,0.20869168400286578,1,0.5033333333333333,1,0.44883953623175465,0,0.3071759399336929,1,0.5381541946911885,1,0.5144981715747364,0,0.4668276551934878,0,0.4373290779571508,0,0.22363846644079954,1,0.8474293792971148,0,0.4853061224489796,0,0.20178248736704432,0,0.14382880322945585,0,0.4852709973170615
1_7894_u,0,1,0.7302371337488025,1,0.7203584296000649,1,0.5736639687756523,1,0.8232114911985716,1,0.7444494930299845,1,0.5760669099985077,1,0.7697413697766953,1,0.7168197878026896,1,0.6915044794152853,0,0.43466467438141215,0,0.4328134797628069,0,0.36928913745142966,1,0.8424986252096263,1,0.9980328435575148,1,0.5884421876716216,1,0.8474649530635442,1,0.7726827175264169,1,0.6777794928914554,1,0.7197518360794327,1,0.6279302235819623,1,0.679661310911311,1,0.9208462942085693,1,0.9975937654484401,1,0.7010118656907498,1,0.7821507969835247,1,0.6638653247508761,1,0.6283037615817919,1,0.7457957857122572,1,0.655674659156741,1,0.748874758167093,1,0.9507086694924209,1,0.9994086224527624,1,0.6065528455284553,1,0.8300266767034878,1,0.7063148588548525,1,0.6020070948301194,1,0.8380352570269517,1,0.6918280832967049,1,0.6857504946314568,1,0.9125078546461807,1,0.9972108659335903,1,0.6116536442636277,1,0.9479579542404576,1,0.9992134549106398,1,0.6409817249537005
1_7938_u,0,0,0.3501480020842155,0,0.26579291290757207,0,0.42162973217676564,1,0.8130151886418411,1,0.8496613372075608,1,0.7079109050548565,0,0.47204416650267866,0,0.3054426911103219,1,0.545618532573641,1,0.5451522748388838,1,0.6050911075737833,1,0.6480940118284726,1,0.6528410996401451,1,0.530706803035067,1,0.6251112518324742,0,0.27640050927668175,0,0.16356327830188663,0,0.4551771976110505,0,0.3715342834402737,0,0.33136885267156707,0,0.47324003774003776,1,0.6457168117486014,1,0.9325117915657882,1,0.6888985538155658,1,0.8278812141881178,1,0.8936876999163941,1,0.6775356520124036,1,0.5,0,0.3871528574337955,1,0.563214523598089,0,0.37839617580187596,0,0.17300458565015128,1,0.5866666666666667,1,0.6714432720377459,1,0.787796057164718,1,0.5798744358839171,0,0.22801396288375944,0,0.19723002826254923,0,0.4587716073655735,1,0.6789098026904501,1,0.9604947012236472,1,0.6835597151312153,0,0.3975900917147177,0,0.221841813105223,1,0.5691894811430528
1_7953_u,1,0,0.3803426818492145,0,0.35583391698365724,0,0.46718668710661865,1,0.77194043521609,1,0.8912472030486681,1,0.7473789430865826,1,0.655103668137365,1,0.7192116084156374,1,0.6317520105712663,1,0.602213586042796,0,0.4739202748908281,0,0.49313033418262997,1,0.8926005723642074,1,0.8369920487005433,1,0.7006470612622056,1,0.643702552018345,0,0.41987683239191903,1,0.5277307366034402,0,0.3444120589947087,0,0.31972459449402235,0,0.47223967698967706,1,0.9043126161519929,1,0.8011816393360145,1,0.741956645218701,1,0.7827055310853785,1,0.898780616264835,1,0.780036252876391,1,0.6571584853848444,1,0.6819313919069229,1,0.5901194996380233,1,0.880198426302044,1,0.9054822322792937,1,0.6966666666666667,1,0.8894660647071144,1,0.9356646708342026,1,0.7189193441203445,1,0.5742991561928561,0,0.37490540154484264,1,0.5513460511361343,1,0.9090160470174485,1,0.814140882345781,1,0.7539001256001905,1,0.8790519110857969,1,0.902359389133274,1,0.697113076346971
1_8042_u,0,1,0.6782024346866131,1,0.681805283554658,1,0.5376299469882074,1,0.6189265028034585,1,0.6411502595897903,1,0.5848034558301619,0,0.4273319140934852,0,0.4226353548767809,0,0.47734199773513875,1,0.5561372139641639,1,0.5180520949798696,1,0.6547996818831057,1,0.648892387747849,1,0.9120378128258738,1,0.5644626847041507,1,0.5109620731264094,1,0.5889085819427413,0,0.4699539430947123,1,0.6784076140113704,1,0.6719255568901783,1,0.5462890720390723,1,0.5,1,0.7260675518319709,1,0.5348649736919108,1,0.6414590075207202,1,0.6418272777344395,1,0.5834830535373521,0,0.4347947235785767,0,0.4047056644027812,0,0.4994148060898653,0,0.46724698447974444,1,0.7454277482377945,0,0.4799404761904762,1,0.6465198050199361,1,0.5663392954005932,1,0.5378202429924432,1,0.5209580095458893,1,0.5637365983723382,0,0.4625642691595687,1,0.5,1,0.6714489117143239,0,0.48393201819722825,0,0.46972804101418225,1,0.727990316478788,0,0.4926510388770473
1_8045_u,1,1,0.539843260086026,0,0.3837694890113754,1,0.5205034087715085,1,0.886041392172095,1,0.6593313568905426,1,0.5371940413951158,1,0.5162507016410091,0,0.4514428896221529,0,0.47179903264309037,1,0.5284738976518588,1,0.5110788339067659,1,0.5729297873289042,1,0.7726713330616377,1,0.9118751343092597,1,0.56106617513108,0,0.48667980297437574,0,0.4219185359288632,1,0.5096458698747447,1,0.5487402878126798,0,0.34922185389289095,0,0.4088968253968255,1,0.8304732268235182,1,0.9704320354429362,1,0.5590384369141654,1,0.8926530074627341,1,0.6641552428122165,1,0.5490157085565034,1,0.5242689505238031,0,0.46890115893957623,1,0.5237515936279012,1,0.7358250518739434,1,0.9690869278889108,1,0.5166666666666667,1,0.7858804793039371,1,0.7292769994390305,1,0.5599653697894408,0,0.47853716183718803,0,0.41268442767165947,1,0.6104116980807391,1,0.8351651837248824,1,0.9835958103356586,1,0.574,1,0.7418595838444447,1,0.9764473754730566,1,0.5283687009323874
1_8052_u,1,1,0.5416846340051643,1,0.6958657034357448,1,0.5289760676521307,0,0.3376230009240623,0,0.44081694724722015,0,0.4620739159096985,1,0.7573785354127619,1,0.5607400164396014,1,0.6485357304066024,1,0.5223806228445053,1,0.5022350101170744,1,0.5204838738463231,0,0.3704348363233115,0,0.36433550876317966,0,0.44149906724994276,1,0.7108371607571022,1,0.6690200015750404,1,0.54726457355211,1,0.5468954562411459,1,0.7405328809953938,1,0.5183019480519481,1,0.5332031064241685,1,0.6830344520969939,1,0.5351893167171333,0,0.3424585436271073,0,0.43331391203299874,0,0.45877178184616535,1,0.7624751992795799,1,0.5657763588700648,1,0.6403341311883639,1,0.5617071530161777,1,0.5814344399055715,1,0.5166666666666667,0,0.3702463601007799,0,0.32034325639131844,0,0.49767424299770596,1,0.7240771290215846,1,0.6998518924081953,0,0.4964319033788518,1,0.5366128213124646,1,0.7649625212701802,0,0.49728777382512634,1,0.57106058347081,1,0.6776163574434162,1,0.5190101566557994
1_8078_u,0,1,0.5394897594942288,1,0.6567597067625838,1,0.5137918458898212,0,0.20154156389004013,0,0.29952238965038125,0,0.42388598563319657,1,0.55931403468738,0,0.30575348270934,0,0.49885751931205324,1,0.52939431408115,0,0.45566553889918243,0,0.381381700096395,0,0.39970781071397277,0,0.275963340685012,0,0.48818587092738047,1,0.6045267371011748,1,0.5989642529652515,1,0.5138013615003015,1,0.5181425282983922,1,0.6816590119293345,0,0.4985119047619049,0,0.06030755595230032,0,0.0008860511552362978,0,0.4319582580748573,0,0.18766715027830275,0,0.29235028463640483,0,0.45778224250784005,1,0.533622729086266,0,0.29052817031321093,1,0.522048260380244,0,0.17216472951426484,0,0.029241442096358608,0,0.4564933217189315,0,0.38020778101056185,0,0.40061212806061475,0,0.46127238222344474,0,0.48946957904963817,1,0.612810658041473,1,0.5185266392989878,0,0.05959954399399025,0,0.0005008697125582381,0,0.4739460218253603,0,0.17036023333562952,0,0.02384155158253856,0,0.4903857067105126
1_8136_u,1,0,0.49074992340450585,1,0.5786965337663282,1,0.5065535687005047,1,0.7361175468188802,1,0.5832603582030066,1,0.5011661965559129,0,0.4649324724620561,1,0.5344501841998366,1,0.5290032026529901,1,0.5347078256164413,1,0.5359106429132154,1,0.5866325983253124,1,0.5055077897434397,1,0.9629375606293016,0,0.4755305019342487,0,0.4075290032665473,1,0.5591532153827833,0,0.48789999767221237,0,0.4878911579919957,1,0.697993809350332,0,0.4660090187590187,1,0.5917695111067661,1,0.9580088966371257,0,0.48665453253346547,1,0.7329582519485576,1,0.7486048311941977,0,0.47601753637055616,0,0.48647014604609523,1,0.5894768637280025,0,0.4731816709516929,1,0.5564934233118536,1,0.9684740975300844,0,0.4833155080213904,1,0.5090085621996132,1,0.8367092384071726,0,0.49914981555196625,0,0.4673774572110085,1,0.6358541713751457,0,0.47396039302734344,1,0.6062806383356766,1,0.980177879275395,1,0.5159751037344398,1,0.5733925173445931,1,0.9842340850080419,0,0.49983036679895887
1_8159_u,0,0,0.4663437212766644,0,0.36711451585597615,1,0.5247220539456591,0,0.4826146271280047,1,0.6111883088104828,1,0.5975564336062714,1,0.7976995949295765,1,0.6854662964378053,1,0.7562881122778871,1,0.5173453737681738,0,0.48292904694056465,0,0.48774414848516756,1,0.6292528870513877,0,0.3803950919021134,1,0.6159498852932466,1,0.8008386090478955,1,0.6734145054117223,1,0.7071660351659842,0,0.472955240801805,0,0.3730619121447304,0,0.4977936507936509,1,0.6677673540530611,0,0.2379232158208363,1,0.6754236502549259,0,0.453474699148682,1,0.5791964229660244,1,0.627944237690394,1,0.7757142363884467,1,0.6668462840429235,1,0.7601637996174434,1,0.6900543985698445,0,0.192221976437882,1,0.7432965009208103,1,0.6176711853298631,0,0.3917288667596072,1,0.6120824074371929,1,0.8204082512669473,1,0.6739302199222272,1,0.7119859828490543,1,0.6321111435044332,0,0.16340090804054436,1,0.7159176044201672,1,0.6666601332599236,0,0.14607959625980627,1,0.6972394409561186
1_8217_u,0,0,0.4090991310357637,0,0.39399761014361945,1,0.5179538747188108,1,0.876270372479369,1,0.6061631777129369,1,0.6299923388099675,1,0.6870507902243597,1,0.8132818347761391,1,0.5326177868355969,1,0.5300821736524621,0,0.43947914489932244,1,0.5912850458011722,1,0.6514312236769976,1,0.5362651439114361,1,0.5797277798519124,1,0.6193613197713999,1,0.6289120815557314,1,0.5497843151259092,0,0.39884770866313823,0,0.385237670601678,1,0.5118253968253967,1,0.8396347117789852,1,0.9509083674858211,1,0.5877947451156327,1,0.8664501080646427,1,0.5500354347960182,1,0.5990190353454758,1,0.6702812630879988,1,0.7657313092204511,1,0.5462483914908686,1,0.7498370211827166,1,0.8186480520830357,1,0.5866666666666667,1,0.6467524079828434,0,0.4654796091899272,1,0.5422171680377601,1,0.5901576646200242,1,0.6049141997334316,1,0.5019308420597726,1,0.8319241321941439,1,0.9447522196365936,1,0.584,1,0.7400806417940633,1,0.7969799495301851,1,0.6070402518332014
1_8417_u,0,1,0.7338292649043033,1,0.6638692104032913,1,0.6245755042032732,1,0.757624079074707,1,0.7758599820628026,1,0.5407117907955995,1,0.6818414810792134,1,0.6503479328714095,1,0.5380061775835873,0,0.507409849435964,0,0.46533275948572483,0,0.4296033656710164,1,0.7660677273302472,1,0.9415962201539745,1,0.5846569343194536,1,0.7415418832756253,1,0.7918183036905148,1,0.5376845747447735,1,0.7472733054390274,1,0.6379123612271075,1,0.6911962481962481,1,0.6725085916421827,1,0.9690285917009852,1,0.5386092764714693,1,0.7299636108714909,1,0.7531891337608281,1,0.5513502423536771,1,0.6709468128105818,1,0.6290929068543484,1,0.5659407786848081,1,0.7352220427287877,1,0.9279813199138458,1,0.5732195121951219,1,0.7616568758324899,1,0.7646630301101744,1,0.5581967597439853,1,0.7313590187626422,1,0.7858142335916637,1,0.614078602472825,1,0.6555786657784853,1,0.9462058679807633,1,0.5099905660377358,1,0.7235481544483944,1,0.9177922356783955,1,0.5597068181033117
1_8452_u,1,1,0.6735369579175446,0,0.35075027502250855,1,0.6245895436942323,1,0.6129915264768675,1,0.5317381157016201,1,0.5495366129675674,1,0.7152472626477377,1,0.5890368721780921,1,0.6698732854492871,0,0.4127588635425912,0,0.39518378880251603,0,0.2900127191393721,1,0.7206329550216968,1,0.6959347880314183,1,0.5725879072116636,1,0.7957502118201952,1,0.5223470834879446,1,0.6716426445619482,1,0.6675601994207893,0,0.29040069618156306,1,0.6138345543345544,1,0.7802284553376857,1,0.9763536384814573,1,0.5938844501897836,1,0.5987071612283221,0,0.4825173849706851,1,0.5655244449124807,1,0.6982353535253387,1,0.5010276661640394,1,0.6269787518741571,1,0.7880466681973622,1,0.9096864184740802,1,0.6266666666666667,1,0.697942801217514,0,0.3395318844750769,1,0.5430864668429112,1,0.7893917478266769,0,0.4321756372081942,1,0.5919974664415016,1,0.760229070414691,1,0.9669651780247315,1,0.5612034414956114,1,0.7763610433568104,1,0.8885692006384212,1,0.5576697189475651
1_8505_u,0,1,0.6282919982384892,1,0.7027303992284463,1,0.6146907133053711,1,0.759503972279202,1,0.7799143545762433,1,0.6860593954073537,0,0.3416047938574016,0,0.43569225438464876,0,0.40011115607458264,1,0.5835981144160969,0,0.4969069392044995,1,0.6309957178986882,1,0.7690798921532175,1,0.9183392091480034,1,0.6766185789720984,0,0.4004091589707408,1,0.5839461126892411,0,0.43184846400385113,1,0.6265908389387609,1,0.678649594214731,1,0.5897947330447331,1,0.6323749510139974,0,0.42322335462298427,1,0.6198360787680589,1,0.7956602591133645,1,0.7778169471083648,1,0.6526943829901688,0,0.3460909861942059,0,0.4338921247457219,0,0.3464819073793246,1,0.6644745549193276,1,0.8257018274381216,1,0.5365528455284553,1,0.7783523296185039,1,0.8724358123719967,1,0.6048914588247962,0,0.34944052054353913,1,0.5772463757999072,0,0.4308789291407581,1,0.6554535015271167,1,0.5974145372550651,1,0.6019829787234042,1,0.678285412314947,1,0.8786418393869785,1,0.5987750132503137
1_8746_u,1,1,0.5312860461460107,0,0.37343313725053673,1,0.5828152947134204,1,0.6826465252853254,1,0.599488174966595,1,0.7230314157027454,1,0.5361791800948672,0,0.2517164269836936,0,0.46358067466980546,1,0.5523128095221917,1,0.5974971741744639,0,0.42707606387233776,1,0.8641709567000522,1,0.951978302350903,1,0.7318123036021482,1,0.5,0,0.17191373867380164,1,0.5475933161944456,1,0.5535529116949187,0,0.459146007565576,1,0.5676774059274059,1,0.7228279220783149,1,0.7752470696417236,1,0.687936738420758,1,0.7051581694000022,1,0.7122383602009914,1,0.7654924069403154,1,0.5407350621521739,0,0.2800010782495003,1,0.5462053220616784,1,0.8430726374577543,1,0.8080014654833525,1,0.7366666666666667,1,0.8754508519892047,1,0.6192724594629035,1,0.7198201890632927,1,0.5565586965929133,0,0.2193456261566785,1,0.599971198519399,1,0.7294198527688204,1,0.8212047794612481,1,0.7258452693859242,1,0.8578064250694076,1,0.8758715056224678,1,0.681881774717216
1_8749_u,1,0,0.3611898377753479,0,0.41892235659141047,0,0.4759674421370801,0,0.49186880618118317,0,0.49866206183439304,1,0.528568800225555,1,0.6489315097801186,0,0.4858246891288804,1,0.5869380116850836,1,0.5485768746909417,0,0.4986742676722274,1,0.6343095041625718,0,0.4389560499179677,1,0.7617443910376707,1,0.5279751672601224,0,0.4576380642099093,1,0.7158643582313541,1,0.5139188046808574,0,0.36757956492649896,0,0.37967108791864845,1,0.5677469474969477,0,0.45099697083514345,1,0.6746163825201807,1,0.50667344925182,0,0.4302275701837607,1,0.5165794992821006,0,0.47229954506294586,1,0.6453220932821884,0,0.4561249606662689,1,0.5371632775984022,0,0.41564411022201403,1,0.929387825529885,0,0.4866666666666667,0,0.4335952535560471,0,0.18239885066016337,1,0.52222674714871,0,0.44682717847279396,1,0.6610746156433245,1,0.5143240857819382,0,0.4413281981248153,1,0.5121418800446566,1,0.501969387755102,0,0.4039099881353017,1,0.8986900687029106,1,0.5203060437137798
1_8827_u,1,1,0.6729477277378204,1,0.8765663023780259,1,0.6531285461714808,1,0.5127010022754052,1,0.6757675744391435,1,0.5935090202162105,1,0.7531237351803589,1,0.5976148351815247,1,0.6435227696289296,1,0.5362922214091529,1,0.5928007756361974,0,0.41124412765657903,1,0.8655812045036623,1,0.9155245148356572,1,0.6448010964419046,1,0.8394040563923632,1,0.8720918017952365,1,0.6476745130139471,1,0.7258299898608364,1,0.879094402644345,1,0.6512440476190474,1,0.6452445581857469,1,0.8964643863717333,1,0.672377357960496,1,0.5570653975995274,1,0.7438702372850408,1,0.5778586009251655,1,0.7755823714895081,1,0.6363723444287595,1,0.6103909811618852,1,0.8618867687526582,1,0.872890876970802,1,0.6566666666666666,1,0.8838415612141516,1,0.9479011065979415,1,0.5749414936950523,1,0.8209137393608333,1,0.8833956956068271,1,0.6631907450767323,1,0.6844393667008458,1,0.9365290008920798,1,0.6259891304347827,1,0.8750483291592696,1,0.9140962626550571,1,0.6258961175411588
1_9087_u,1,0,0.40084215290750325,1,0.5515035111679017,1,0.5036412703782971,1,0.6000616962931293,1,0.6958633379567547,1,0.601167001604185,1,0.7330339204440119,1,0.7124065285177794,1,0.7822539930869833,1,0.5270454285544793,1,0.511524010134546,1,0.5352044672911704,1,0.4851301773493308,0,0.11143434413186798,1,0.6487583445651184,1,0.6919910213692219,1,0.6656713155090562,1,0.6531413110794652,0,0.41794090596598027,1,0.5718517368034527,1,0.5145634920634921,1,0.7044407755783128,1,0.8959024320773917,1,0.6707809709399026,1,0.5582952255231497,1,0.7210461336893141,1,0.6902036335501801,1,0.7370719766670388,1,0.7222279102995374,1,0.7844469222902583,1,0.6637127110302748,1,0.5690979925104442,1,0.6532148148148148,1,0.4851780847876867,1,0.5824685623576153,1,0.609394154117659,1,0.6207935246632151,1,0.670616137358783,1,0.7162035164941869,1,0.6864745623770996,1,0.8468331084034211,1,0.7197613542151914,1,0.6522105312220539,1,0.5049236610480067,1,0.7010010053234202
1_971_u,1,1,0.6479000906434209,0,0.41364148001975004,1,0.5840751916943573,1,0.9196775502884013,1,0.877268882957225,1,0.7286416326216728,1,0.6688184628315925,1,0.5797759616327054,1,0.6165403764308445,0,0.5,0,0.4618888515254959,0,0.44240737043227907,1,0.9032837197802698,1,0.8216894294318267,1,0.7276017142961259,1,0.7540950678088653,0,0.47781350561042485,1,0.6338754464292381,1,0.6358491511489789,0,0.37512666098444997,1,0.6194563492063493,1,0.9291258631742652,1,0.9942865971277842,1,0.769694674639974,1,0.9105261515882348,1,0.8703876393655707,1,0.7670908710382673,1,0.6497536863866563,1,0.5448394879025328,1,0.6630798649572681,1,0.9165454398897893,1,0.9877897889618291,1,0.7066071428571429,1,0.8975056016953987,1,0.7336260843020873,1,0.7107766554752984,1,0.747345676490401,0,0.45421252428318853,1,0.6115442320900353,1,0.9287847423248557,1,0.9956393462753881,1,0.7059044952614484,1,0.914434687180294,1,0.9901651874734616,1,0.7489077595789456
1_9963_u,0,0,0.33653818616842607,0,0.32625733058806283,0,0.45031420163117086,1,0.9048644055165534,1,0.7916345133083387,1,0.6988277986137293,1,0.6434461568180965,1,0.6375909942447111,1,0.5640742176792974,0,0.5,1,0.5455349408129376,1,0.5775873331213662,1,0.7042776338432014,1,0.8788955228204649,1,0.6602904728811823,0,0.449912480096206,1,0.5550984231174954,1,0.5037835150293493,0,0.33975717600054506,0,0.4199612814952349,0,0.448702380952381,1,0.8867687687760654,1,0.9958117264687769,1,0.6652399173916256,1,0.9402887914071062,1,0.7645603462878404,1,0.6703328848145083,1,0.6663191426554647,1,0.6971819867245953,1,0.5746346009236496,1,0.8259318898071802,1,0.9844065853020884,1,0.6133333333333333,1,0.728840277669304,1,0.6384458651983639,1,0.5859578055799127,0,0.382572652901496,1,0.6238695735700445,1,0.5072184951066674,1,0.9098126000249874,1,0.998491986317222,1,0.6898997867278915,1,0.8462670994702282,1,0.9923189943127445,1,0.6535203706984823
1_9971_u,1,1,0.7237191886791651,1,0.6855922456996778,1,0.6351491758775163,1,0.7226840645174474,1,0.7270184712313719,1,0.5334447416533786,1,0.7397748405330571,1,0.7263542196545391,1,0.6940690808460058,1,0.5708176110634979,1,0.5148381720767873,1,0.6360360033080704,1,0.757681794933046,1,0.9901822952737023,1,0.5965401038653304,1,0.8351989597037996,1,0.7541915080518609,1,0.7043111440801794,1,0.7291139165385933,1,0.6659831520149948,1,0.6023278388278388,1,0.8408489187547542,1,0.9449639896730014,1,0.5902479599690328,1,0.7134573583986756,1,0.7093037982034561,1,0.586295267743281,1,0.7344360150688988,1,0.7164440322471493,1,0.6907242001247502,1,0.8748304780993165,1,0.9908988251480269,1,0.5898861788617886,1,0.7619369972417569,1,0.8145424947461479,1,0.5407844593793889,1,0.8179970125239898,1,0.72496141288244,1,0.6274435807975202,1,0.825923502844576,1,0.941420893174616,1,0.5774285714285714,1,0.8717655961177675,1,0.9907901403749645,1,0.6026042275038459
1_9972_u,1,1,0.5183293005890679,0,0.4709997758251903,1,0.5098542502438441,0,0.41948748450921824,1,0.6673794403997811,1,0.5967276765263475,1,0.5980198562591331,0,0.39488944669341647,1,0.6218106292168729,1,0.5358521974082325,0,0.48237119621061825,1,0.6119317367564338,1,0.5710327796659624,0,0.4390400981611877,1,0.5556083091038729,1,0.6191377072117672,0,0.3120553287745707,1,0.5437236536522498,1,0.5,0,0.3921518398558814,1,0.5235305250305251,0,0.4374433551323197,0,0.24921830464705036,1,0.6548634086160894,0,0.3727564664888377,1,0.613317134332502,1,0.6029069478279693,1,0.5919998767593448,0,0.3817305999244129,1,0.63408499608292,1,0.5870640903959689,0,0.14979219095994742,1,0.62,1,0.5550630383036644,0,0.35169986654536217,1,0.5590813362278283,1,0.5858071384589089,0,0.2923483949006366,1,0.5675247341431573,0,0.4196264584499219,0,0.14754760273656356,1,0.6419795918367347,1,0.5738944643423959,0,0.10930580823358046,1,0.5888927080217441
1_9993_u,1,0,0.285898746876309,0,0.1450383546043362,0,0.4227195426198315,1,0.7778333280367979,0,0.492555226873988,1,0.5323315068424088,1,0.7243266970267754,1,0.6473826261060096,1,0.6889934085379444,1,0.5779281207007697,1,0.5503937341346627,1,0.6642610979183667,0,0.360502642012294,0,0.014272318331215337,1,0.5070859533147455,0,0.4783366931714355,0,0.24563673454521512,1,0.5538329104611739,0,0.30623083149633595,0,0.14285286737602518,1,0.5075710678210679,1,0.5464911565694838,1,0.7102600523786535,1,0.5393671188621876,1,0.7880001149701836,1,0.594461990288223,1,0.5544909739031042,1,0.7381624431430498,1,0.6778049635780278,1,0.6563105346433141,0,0.2874196487108974,0,0.02116557170580589,1,0.5333,0,0.3637657783710654,0,0.17069031444643837,0,0.45789575280280614,0,0.44560707065106764,0,0.23141630782926345,1,0.514811663122491,1,0.5583896830410148,1,0.7848735304003304,1,0.5432907555292649,0,0.29000600802498294,0,0.025305174555606484,1,0.529285364670177
1_S09E01_027_u,1,1,0.5183568427233105,0,0.4822347866010137,1,0.5103671579176648,1,0.9742964030394946,1,0.9374813191447433,1,0.8146452838547239,0,0.4129123047570262,0,0.23613349303484454,1,0.5113600307975528,1,0.5706245708629752,0,0.4428367174259543,1,0.6524946166835173,1,0.9405216049454849,1,0.9615432334112287,1,0.7866327960346887,0,0.43001519595919535,0,0.25589618444337525,0,0.4996557813122336,1,0.5144835813309143,0,0.4049066507411731,0,0.44275000000000003,1,0.8842149426600421,1,0.570507978735524,1,0.806347208875764,1,0.9722358472912614,1,0.9214179247547379,1,0.8321309909698422,0,0.4028529266869335,0,0.20528004459887478,1,0.5104206037845803,1,0.9037355279974986,1,0.7178790438330682,1,0.6233333333333333,1,0.9383740208483415,1,0.8949251051068012,1,0.7001456006844408,0,0.41810594814518587,0,0.20848453609056825,0,0.43928025009491384,1,0.8717497358780892,0,0.44794263996362454,1,0.8298589255745106,1,0.8981614478394552,1,0.6493004252528434,1,0.7653036776536781
1_S09E01_379_u,0,0,0.4360856532981189,0,0.4449359305855546,0,0.45792355024129144,1,0.8158500980257087,1,0.9298799699486175,1,0.6337629696173639,0,0.4334465099170833,0,0.40428941711499644,0,0.4472636698490306,0,0.3910546198846968,0,0.338874614464914,0,0.16782123487948664,1,0.6549770255496803,1,0.9777069649708616,1,0.551452321334262,0,0.3502699960694686,0,0.2815638438584502,0,0.44993726111618704,0,0.42200114204133127,0,0.3136030726019959,0,0.42277380952380966,1,0.5829859658746824,0,0.4969780005711505,1,0.5559797588514037,1,0.8104621608695127,1,0.8618285804203579,1,0.6166140379122467,0,0.39618684035189894,0,0.3206454532547163,0,0.4542280800235713,1,0.5942150005375979,1,0.7736441475964473,1,0.58,1,0.6417959653738132,1,0.6582614258055665,1,0.5527864712194414,0,0.3993872393305495,0,0.2152569299333163,0,0.42846730359767754,1,0.574312636833991,0,0.3651540919347218,1,0.5759795918367348,1,0.5843113803073893,1,0.7089240073470675,1,0.5762826140532809
1_S09E01_403_u,0,0,0.28665851989132585,0,0.2102234234333916,0,0.3707500475025106,1,0.9134684100991014,1,0.8831501958831474,1,0.701680430383731,0,0.42266098035406724,0,0.3563374046328401,0,0.45115156181322635,0,0.4878855398759367,0,0.2695957423973027,0,0.3210848862000833,1,0.7029681963776631,1,0.8935762628293245,1,0.6001308261188395,0,0.26157241773642004,0,0.1070903492275518,0,0.42384839986321904,0,0.26772909013046686,0,0.1006298379547495,0,0.3455357142857143,1,0.7738870816942747,1,0.9979929938217702,1,0.6061039157036936,1,0.8996916614522277,1,0.7501237416469858,1,0.7150937478054911,0,0.41288309257860256,0,0.2619339496957038,0,0.4666442016838618,1,0.5859602648312184,1,0.6724912038293249,1,0.5166666666666667,1,0.6766043041577356,0,0.4628173668736411,1,0.5815232434591792,0,0.27271131577027424,0,0.06281510630827535,0,0.3788088630698035,1,0.7643295929918469,1,0.997031297700275,1,0.5979679664136186,1,0.5660558319582542,1,0.5497662433549925,1,0.5858211161081194
1_S09E01_439_u,0,0,0.4613841720227922,1,0.5299045763551308,1,0.5491055383386784,1,0.9051147148637884,1,0.8551943127828776,1,0.763583365997154,0,0.4291686923989342,0,0.44575238594519756,0,0.4382354254953853,1,0.5659715098200335,0,0.49936891053644505,1,0.5850572717911012,1,0.9297653663294096,1,0.930436346054798,1,0.7476492420955054,0,0.41238996444238313,0,0.43234094553743097,0,0.46388220668220664,0,0.4404145087251112,0,0.48701863218753,1,0.5339145021645022,1,0.8609897646234619,1,0.888622903584136,1,0.7119787732590448,1,0.9210639909813215,1,0.8924579810476693,1,0.7671833817070026,0,0.4360355033574766,0,0.43368331859103704,0,0.41041085126445415,1,0.837985520160478,0,0.44443687862300646,1,0.69,1,0.9319059787854579,1,0.8566205271050774,1,0.6553209028391723,0,0.35476293732209085,0,0.4072795204578323,0,0.4259132179038037,1,0.8733742861062588,1,0.9245043476072868,1,0.7697208073181859,1,0.8461889343402373,1,0.535435008881849,1,0.6927627165133426
1_S09E02_002_u,0,1,0.507051113062971,1,0.5353774131923043,1,0.523011892220735,1,0.9629343594832618,1,0.973689411710864,1,0.7610074778949234,0,0.3694106269290717,0,0.45397756253532356,0,0.3878450573724025,0,0.4577154627779125,0,0.4120475309993655,0,0.42299774633985127,1,0.943232959239242,1,0.9999889813217266,1,0.7714924892034526,0,0.3371774685157804,0,0.4227031676384635,0,0.4219619176536943,1,0.5,0,0.49591129001957357,1,0.5687486679986677,1,0.9067881341276802,1,0.9999899359411157,1,0.7143498668981048,1,0.9598607747299075,1,0.966012080327756,1,0.7734173877405169,0,0.36211249482843216,0,0.3918150092310435,0,0.37576705178307784,1,0.9045170292038468,1,0.9999741657978232,1,0.6732934131736527,1,0.9426042952500198,1,0.9887475882169912,1,0.718558473112994,0,0.3303410341338608,0,0.38440831639333145,0,0.42100023113264945,1,0.9031564263860942,1,0.999980203150547,1,0.6719507471171322,1,0.9011499996548809,1,0.9999573721132946,1,0.6784733811033472
1_S09E02_064_u,0,0,0.18454892420823416,0,0.1098300066522668,0,0.35149360471595165,0,0.4716035846491651,0,0.46814746368142013,1,0.5859240292311825,0,0.27143492547318604,0,0.339360448198923,0,0.34516659288608453,1,0.5196000493399182,0,0.45438449021481575,0,0.3686936674011441,0,0.24476544772616296,0,0.0012020555370931857,1,0.5261537164068459,0,0.16314226730681314,0,0.06359595451621534,0,0.3719810426540284,0,0.18402251351539012,0,0.09747499687398527,0,0.35391269841269846,0,0.32334825929467853,0,0.038248605407797016,0,0.4780105524748232,1,0.5,0,0.4353735337732992,1,0.5608142504459305,0,0.27370546390540695,0,0.3660094161092515,0,0.3300728781586654,0,0.1437293088386326,0,0.002144657212979234,0,0.42,0,0.23872566076440493,0,0.0913971901933341,1,0.5199101505061597,0,0.1985083774568631,0,0.06482872581196675,0,0.3002356062335657,0,0.3308965285931721,0,0.08072752428138188,0,0.4715905660377358,0,0.14442885498445546,0,0.003954159386650914,0,0.4552127429326012
1_S09E02_215_u,0,0,0.4036737284277586,1,0.5198147208708571,0,0.48249336781343255,0,0.3938470792035568,1,0.6431719055814239,1,0.603989640653076,0,0.2240681817629822,0,0.3299435033093895,0,0.3233266166763421,0,0.5,0,0.4971327146004465,0,0.4715889615819308,1,0.6002328744050499,0,0.4467162429985039,1,0.6056670642394512,0,0.20324878510616254,0,0.39346667369002236,0,0.36,0,0.412732285036911,0,0.42600830937020073,0,0.4535357142857142,0,0.11365522839586914,0,0.17202586006606338,0,0.47406256917291445,0,0.4411056454538117,1,0.6728036297182994,1,0.5964217970951198,0,0.22800834617299315,0,0.3046389250588168,0,0.3653151967707431,0,0.16284206523897096,0,0.13138714494809342,1,0.5133333333333333,1,0.6105042164260628,1,0.6254141316942742,1,0.5660042124374012,0,0.21896049977257853,0,0.348190622755647,0,0.4065206649015505,0,0.11670057090111616,0,0.1396223632664928,1,0.50599,0,0.16348523484302258,0,0.07709274528851096,0,0.48460051776135343
1_S09E02_271_u,0,0,0.44791940250563234,0,0.35449403850144057,1,0.5376687458754431,1,0.9571978650856334,1,0.8926225491120544,1,0.7922908485582008,0,0.27107542087699005,0,0.4394608981866139,0,0.4269453305753086,1,0.6550329231046941,0,0.43608557551899535,1,0.5254972037298636,1,0.9232781087317239,1,0.9155066121376689,1,0.7780329244689839,0,0.2356857681217942,0,0.3059615735229751,0,0.43787260325881017,0,0.42722353744065056,0,0.28280438646024836,0,0.44134163059163056,1,0.8495066797991189,1,0.9661860874214078,1,0.6739389918195106,1,0.9619469305192749,1,0.8969751810935733,1,0.7996720811100296,0,0.2669541002573023,0,0.39811472926826835,0,0.41412734470435586,1,0.7165670438645944,1,0.7506153369674089,1,0.6033333333333334,1,0.9233891129416664,1,0.7255294352306807,1,0.6975427886088703,0,0.2204814706627517,0,0.2481820644455629,0,0.4683409614696787,1,0.856879874616519,1,0.9708707259954441,1,0.6379320181972282,1,0.7221592940141066,1,0.7719504788236567,1,0.6851777068958089
1_S09E02_371_u,0,0,0.3827625575761628,0,0.282254789825125,0,0.49289049058453505,1,0.7863504203937908,1,0.8932202246756067,1,0.5807205752295874,1,0.6926867208234393,1,0.6617975491008995,1,0.6860195873918461,1,0.5257911217056115,0,0.2658520444812846,1,0.5274019715784957,1,0.7189366014973355,1,0.9298570791721088,1,0.6186310760884761,1,0.6056131209099976,0,0.3937642124039309,1,0.6038264596454003,0,0.3150110885618958,0,0.11270377462250779,0,0.42795238095238114,1,0.7720059685977178,1,0.9662872853804393,1,0.6283301261009756,1,0.7703722124061445,1,0.8024268853163115,1,0.6099768673517075,1,0.6245660461729315,0,0.4315857914070265,1,0.6430422721887601,1,0.8427152792150947,1,0.9571588856516944,1,0.58,1,0.6730592043583591,1,0.8968828625251443,1,0.5585383473366073,1,0.5846766337823497,0,0.1960702904510458,1,0.6559209646938072,1,0.7739565154062278,1,0.9136221570835421,1,0.5939512432128815,1,0.8256326346082343,1,0.8939831356138302,1,0.6337864939389362
1_S09E02_386_u,0,1,0.5451224729175642,1,0.8121822882290446,0,0.45928723751876693,1,0.9341810342138149,1,0.9682975972107051,1,0.7404182076854801,0,0.21348870978555082,0,0.4978804389572422,0,0.29052473683723695,0,0.4081354828389154,0,0.36223363094103617,0,0.48059840898674155,1,0.8954784460365758,1,0.99968248114355,1,0.7020181545678978,0,0.18378430826523431,1,0.6004131833357037,0,0.37,1,0.5178450585081126,1,0.7367729566404706,0,0.48294011544011545,0,0.46638642189294094,1,0.9985071182037846,1,0.6028235784929865,1,0.9055939888888709,1,0.9380773097693899,1,0.7325627581439466,0,0.20343692990041615,0,0.324805612595533,0,0.27802802307678454,0,0.4731886222352414,1,0.9987134602191533,1,0.51,1,0.8829478528456749,1,0.8873713596347942,1,0.6568852668641101,0,0.22000496248136836,0,0.45429436157709385,0,0.36768476505573283,0,0.456782882688137,1,0.9965923114754318,1,0.52399,0,0.45662024963142733,1,0.9966933073524338,1,0.5552571120846519
1_S09E02_392_u,0,0,0.29782700535103634,0,0.4167111686415057,0,0.45772069390569825,0,0.4680558826513744,1,0.7819350608882514,1,0.5576070498852242,1,0.6857192179247534,0,0.4828248956114722,1,0.6460375038640539,1,0.518776612057164,0,0.2665778221587138,1,0.6138951861274837,1,0.4308564932833643,0,0.30046749215513624,1,0.5511164388761941,1,0.5119832368251293,0,0.35829807247064777,1,0.5454339712565899,0,0.27332045585098785,0,0.17633507455388817,0,0.406828144078144,1,0.5,1,0.8089678547420813,1,0.6053589115071163,0,0.46397763763930255,1,0.5529838835139077,1,0.5903609002639918,1,0.6520288279594585,0,0.31436491511567294,1,0.571816031169859,0,0.4210300129063917,0,0.3382145721630161,1,0.5733333333333334,0,0.4067979171698745,0,0.32008526334879844,1,0.5473241708044508,1,0.5477866476556679,0,0.20423203964275702,1,0.5730921506677547,1,0.5141586529501215,1,0.7435835717927455,1,0.6199403736476642,0,0.41549124634301554,0,0.23383584369517996,1,0.5742251244921401
1_S09E03_072_u,1,0,0.31175145388373016,0,0.35535980788992905,0,0.3840517086119766,1,0.9216578773888838,1,0.7554496585936589,1,0.6632803348449935,1,0.5117784710300077,1,0.7428320829969866,1,0.5809004608845114,1,0.5386725299473294,0,0.46833919047080685,1,0.559957400711219,1,0.4539385778523381,1,0.8662142391532799,1,0.5149135962639083,0,0.4511628913714792,1,0.7707588419041195,0,0.46385506816467875,0,0.32175893292224433,0,0.341386543307765,0,0.3365822510822511,1,0.7784513976652316,1,0.8364953375840704,1,0.6547450666646751,1,0.918423609551596,1,0.7956923976094114,1,0.6974075453651657,1,0.5,1,0.7072881530042172,1,0.5100021083797123,1,0.6453384585309899,1,0.8347416844660831,1,0.5265481481481481,1,0.4622721926432942,1,0.6909221567764685,1,0.548122220733192,0,0.44925213764409094,1,0.7290869337103661,0,0.4598435380694641,1,0.7744340058263334,1,0.8785094941458246,1,0.5779737765684767,1,0.6481343245204291,1,0.8577176226816443,1,0.5745607130871542
1_S09E03_120_u,0,0,0.42969124112683427,0,0.4452346197731796,0,0.4875658570098136,0,0.3874234226991721,0,0.19519839460828106,0,0.37698184233177506,0,0.26727985594589143,0,0.09618778339647858,0,0.26186757517893416,0,0.46896703759315234,0,0.449326454030843,0,0.4759297416807476,0,0.16820745948944224,0,0.0013504636343418287,0,0.3948647528043247,0,0.15318181959638097,0,0.06349905412891765,0,0.3679545454545455,0,0.41703033777326126,0,0.380601402999966,0,0.44457539682539676,0,0.14105220889530068,0,0.11189478856857821,0,0.3359145021645023,0,0.3841471703149705,0,0.13162538099429127,0,0.3816079811276415,0,0.26979216235232856,0,0.1125974587587709,0,0.2676247691973498,0,0.07109698267028483,0,0.0004606558188254614,0,0.38666666666666666,0,0.15745490354265723,0,0.03634233399785853,0,0.4039136856294752,0,0.19581873067258487,0,0.058598788116816715,0,0.24754034576715267,0,0.13610155675675964,0,0.059183301030018634,0,0.328,0,0.06828124993470344,0,0.000398736961492288,0,0.31737351149828574
1_S09E03_125_u,1,1,0.6676722560124017,0,0.4793577445465641,1,0.6723716633845904,1,0.7943616377002796,1,0.8706263057631937,1,0.7314405531127189,1,0.8014976507454109,1,0.7678429024547255,1,0.7720707154306983,1,0.5417614567420543,0,0.4576828760814724,0,0.4195260189208959,1,0.9393123650919403,1,0.9347203157741318,1,0.705584925300021,1,0.8050099184784388,1,0.791016063941066,1,0.7469712426645642,1,0.6667381658071897,0,0.42772741012404253,1,0.6424160561660562,1,0.9322703994937281,1,0.9962179376371937,1,0.7352021229690684,1,0.7359946698400859,1,0.8514747710979482,1,0.6727688057664061,1,0.8022644164452646,1,0.7353276357736347,1,0.7126944611710914,1,0.9561938636038294,1,0.9747297722631216,1,0.6432934131736526,1,0.9356220825221531,1,0.8275027420277447,1,0.6892645792824156,1,0.7707988104276856,1,0.7704728149235511,1,0.6819330088766575,1,0.9240471626105553,1,0.9934079074998736,1,0.7499469824367775,1,0.9517966270874502,1,0.9613914087697495,1,0.7344024681911417
1_S09E03_143_u,0,0,0.41011349869779623,0,0.3128256411355378,0,0.4150072214613367,0,0.1804513297117584,0,0.18384561203214508,0,0.3120528320185874,0,0.39722693681243876,0,0.4815522042971661,0,0.35361099306998756,1,0.605038967500673,0,0.405918133190574,0,0.4106646151034307,0,0.1524085970879582,0,0.03311620351939757,0,0.32446551329607115,0,0.28919595960291256,0,0.4076298266488265,0,0.4086666666666667,0,0.3780561086810755,0,0.23184088547973272,0,0.4460761183261184,0,0.2695685817805142,0,0.1871149217135452,0,0.3365553849752657,0,0.19859888780150337,0,0.14207986506167383,0,0.36035618312911283,0,0.39213682932803867,0,0.4438514477293305,0,0.3742403543783693,0,0.204665416833017,0,0.32072509123042353,0,0.42333333333333334,0,0.14902050926413005,0,0.08693855607543292,0,0.37220415673156737,0,0.2791057977134209,0,0.338103093166673,0,0.3528113156652323,0,0.2692625453923194,0,0.20954321560937536,0,0.284,0,0.2047132843152009,0,0.36501954922955504,0,0.33649995698587376
1_S09E03_170_u,0,0,0.1414410820141511,0,0.06751213848903241,0,0.34436750362915264,0,0.00904635631983519,0,0.04709142710307942,0,0.0817015694970764,1,0.604338549445782,1,0.5391607212491594,1,0.529992628826086,1,0.5248070899908219,0,0.4971990316519626,0,0.4590594566461509,0,0.009924446159542064,0,9.976916058366254e-05,0,0.1295244721499078,0,0.23989129064923873,0,0.06778729561529868,0,0.411744898462937,0,0.13641022218424587,0,0.06567643845239014,0,0.3253849206349207,0,0.0736340276895653,0,0.00017696311045493836,0,0.1325821134289965,0,0.005834923108448773,0,0.041727842576313096,0,0.10118373097023402,1,0.5818689791664258,1,0.5359001505133609,1,0.547143671336576,0,0.016412594172932417,0,8.487277491359177e-05,0,0.22666666666666666,0,0.009259660934692633,0,0.012047235224197537,0,0.1870828325340492,0,0.22453895754964118,0,0.07508285250902903,0,0.3776961499239367,0,0.05851528663490381,0,0.00011294566272138711,0,0.16,0,0.013779669223502595,0,4.158832397204889e-05,0,0.14628641206708215
1_S09E03_233_u,0,0,0.47014968627901377,0,0.34605501207813444,1,0.5156716346944364,0,0.0892577396712035,0,0.03440175209004991,0,0.15318703616500984,0,0.2942174674315304,0,0.488071424403385,0,0.41613378015746416,1,0.7465429739351651,0,0.3925689108765515,0,0.41194167435736295,0,0.11663987364304532,0,0.008223606398040904,0,0.24894785054786833,0,0.22213597461611,0,0.19327627665515135,0,0.41992664432341853,0,0.42288345014966616,0,0.26784750247773853,1,0.5247157287157287,0,0.16581985366738436,0,0.0157862164054101,0,0.23258536538567498,0,0.06409901126682686,0,0.026555551584990195,0,0.19815412859135537,0,0.282487479456428,0,0.4849863484492182,0,0.4437021159625902,0,0.11060011724546322,0,0.09636288138398888,0,0.3233333333333333,0,0.09798635387922681,0,0.038151763261944895,0,0.31289210358755554,0,0.24642744558694651,0,0.2064389436182676,0,0.3855659767294242,0,0.15206698824304735,0,0.016414491458081812,0,0.272,0,0.09896693628855932,0,0.11503265880598677,0,0.24013494506198743
1_S09E03_241_u,0,1,0.636395387172852,1,0.8316201676182646,1,0.5928115106806938,1,0.7790505858335063,1,0.6598122746718514,0,0.4723839462168064,1,0.5479397976739526,0,0.4406592182120647,1,0.5530664557855756,1,0.6221707767953103,1,0.6162865980115153,1,0.6864755277221654,1,0.5715122617918352,0,0.3616523808033707,1,0.5103378335067809,1,0.595108894502686,1,0.7550074815900375,1,0.5478037743091213,1,0.6268611775661914,1,0.8630097382456259,1,0.6226194083694083,0,0.47279829810192125,1,0.7092839098442937,0,0.4914916967157037,1,0.7811745408377909,1,0.6870529254350425,1,0.536054404698728,1,0.5457823833877832,0,0.4942926652593485,1,0.5160043367759729,0,0.42363297710186504,0,0.3203848001506968,0,0.48,1,0.5735687808938902,1,0.6693453641826613,1,0.5562815246390621,1,0.54232720714196,1,0.8105587827591277,1,0.5379771749350479,0,0.4868330915130357,1,0.8676037008189936,1,0.538,0,0.42980530357714986,0,0.3769181899008552,1,0.5234613306974031
1_S09E03_359_u,0,1,0.8303963690283382,1,0.9133367149961638,1,0.6850280957172841,0,0.2736838375061353,0,0.11196657849071823,0,0.33597692139810414,0,0.4241002566499331,1,0.6499062105463399,0,0.4256787477452821,1,0.5351794433734846,1,0.5990062694488291,1,0.7159991732930178,0,0.2530223234814713,0,0.2510239510571487,0,0.3720151523493691,1,0.648044930622621,1,0.9065878072642336,1,0.5478078249217784,1,0.8549254972582468,1,0.9240890537058474,1,0.7277738095238095,0,0.1587288905811595,0,0.05166062981581568,0,0.3358066544296807,0,0.28829004535187314,0,0.17889385084049206,0,0.2908653344010486,0,0.42931711373191034,1,0.712023905338102,0,0.43560338922248776,0,0.2312999563078498,0,0.18270260653451587,0,0.4633333333333333,0,0.25866532742270154,0,0.2533027261280933,0,0.44286351239542987,1,0.7054256805113496,1,0.9244827196967651,1,0.5124296739583126,0,0.16060469403372105,0,0.09958517261579256,0,0.34,0,0.2357417787347518,0,0.281057941233007,0,0.3595569669640541
1_S09E03_476_u,0,0,0.3799900706725043,1,0.6288760686822972,0,0.4544026536544413,0,0.19855931128046758,0,0.21003228547579733,0,0.26819322255843986,1,0.6837982777778833,1,0.6651842958608574,1,0.6806861755092103,0,0.5086526293950275,1,0.5059895230739249,1,0.6042908788170458,0,0.20343060304691224,0,0.0005361549891719192,0,0.31130585829222995,1,0.5254895142084793,1,0.7056312885398706,1,0.5999353582854392,0,0.3738948504881225,1,0.6186761975267654,1,0.5098499278499279,0,0.23063326369206694,0,0.000882336356705018,0,0.3336675430289799,0,0.2016718291988667,0,0.26799215325093556,0,0.3271817958946231,1,0.6930382571136556,1,0.6616281818659292,1,0.7094415563692666,0,0.19745546796560423,0,0.0027359712403233092,0,0.42329341317365266,0,0.20200917004213845,0,0.3165336990451156,0,0.37595512194268943,0,0.455740643838196,1,0.737289086089206,1,0.6258435148285652,0,0.23531776487221084,0,0.0011072853359011252,0,0.368,0,0.19363981543182346,0,0.001822984786035932,0,0.3591006405598238
1_S09E04_015_u,0,1,0.603104825424392,1,0.7247156308997003,1,0.5449326132204297,0,0.028315815473012613,0,0.02188701663863082,0,0.15029525160829507,0,0.31749339283647104,0,0.2892339547741262,0,0.4323473995292554,0,0.4712538749366878,0,0.4729124872422543,1,0.5480781081411517,0,0.06044532836509463,0,0.0026777867518368785,0,0.18885206733625962,0,0.3993661072149614,1,0.5565494636620419,0,0.45473200079333503,1,0.6075858069377941,1,0.7020330103012679,1,0.5033809523809524,0,0.02684933135635232,0,0.000744952506129639,0,0.17392752203230571,0,0.020886959313089606,0,0.022282537855804585,0,0.1319291326383351,0,0.31003697609571673,0,0.28115200455270234,0,0.4389824449769088,0,0.0380219507861912,0,0.0018490236320087648,0,0.25666666666666665,0,0.05596684882016497,0,0.052312436397107025,0,0.28046527392620374,0,0.3361939973562157,1,0.5520183869080767,0,0.4695335661702806,0,0.021473813078903732,0,0.00044246854076980584,0,0.18999000000000002,0,0.032428349929580935,0,0.0010388995510140046,0,0.18611902548814352
1_S09E04_074_u,0,0,0.50681806456319,0,0.35045661683005414,0,0.45516286344631546,0,0.31239460349699455,0,0.205101421750844,0,0.32342764857314754,1,0.5307007956206921,1,0.611767214688993,1,0.5530609370096771,1,0.5312574124918745,0,0.4678141282219078,1,0.5625070575599644,0,0.22446699023587854,0,0.11128794486142034,0,0.42131569580262085,1,0.5569507676011982,0,0.49320030005992704,1,0.534,0,0.48618183856738434,0,0.3594896705205439,0,0.49812734487734484,0,0.27741039844822335,1,0.8725495315095557,0,0.3771562782109656,0,0.2914362406083919,0,0.2023191311501714,0,0.2751685060801795,1,0.5409380633823851,1,0.6021952230128446,1,0.5724318136035162,0,0.33170631902871617,1,0.5426886284520238,0,0.38,0,0.2152297220791665,0,0.28614731892717865,0,0.39717666209750496,1,0.5720465592195747,0,0.47032067511824216,1,0.5693060946575175,0,0.27218207163770025,1,0.9338030801626936,0,0.3999724770642202,0,0.31899352623150073,1,0.5838987055260907,0,0.3791478304232078
1_S09E04_088_u,0,1,0.6141547034520733,1,0.6118996269153956,1,0.5886730867292945,0,0.27147951509011603,0,0.08343845709168937,0,0.3669325145163726,0,0.40695620865780807,1,0.5176553058245287,0,0.386800891559793,1,0.5578313511488202,0,0.4812774669552468,0,0.46881537694061676,0,0.18868557448380838,0,0.002105285453556882,0,0.4151125687099851,0,0.41108477059492554,1,0.5101697098474018,0,0.42786005287483125,1,0.6151741744014905,1,0.5547916702436685,1,0.552336691086691,0,0.20250243159527434,0,0.008051630465300004,0,0.3479823834104476,0,0.2751980605376425,0,0.12009556916755529,0,0.35139035176064437,0,0.40936943902914325,1,0.5025828311792883,0,0.4100505995845874,0,0.17362514627228529,0,0.004628257823304765,0,0.41333333333333333,0,0.18138704945935727,0,0.15275456351342964,0,0.4209083762944907,0,0.43616228355143005,0,0.45822368031662536,0,0.4728618831007328,0,0.2068543121572172,0,0.015388707031643531,0,0.362,0,0.17051721410649873,0,0.005852851936059413,0,0.34843024226825137
1_S09E04_106_u,0,1,0.5231622420962707,1,0.570721856248726,0,0.4927461717971871,0,0.11691653288108889,0,0.05169628107001513,0,0.16453236948236946,0,0.21269985440187594,0,0.2740685855166408,0,0.24742943169038223,0,0.48586764768034313,1,0.5414346942464244,1,0.6136672801268249,0,0.11100948060382596,0,0.00017645931289107957,0,0.22751994758054497,0,0.24268811785462135,0,0.3760402047995294,0,0.39996138996138997,1,0.5099025936726418,1,0.5566423876708553,1,0.5069584859584857,0,0.060468712641942306,0,0.0015109842755012856,0,0.18295217745217746,0,0.14516224869074076,0,0.08326967850740878,0,0.21101874094108658,0,0.218691734027191,0,0.3199246214203202,0,0.2868028193993925,0,0.07585409797740379,0,9.988435054500028e-05,0,0.2866666666666667,0,0.11588254957185201,0,0.09875703540700964,0,0.24904157484900977,0,0.2457211186469785,0,0.4604065007740404,0,0.40862672328735,0,0.06453741394889752,0,0.004619485997268585,0,0.166,0,0.07756759279907623,0,0.0002338907693147526,0,0.2636108107355771
1_S09E04_230_u,0,0,0.23100288510129036,0,0.1908734724511395,0,0.40804503957164745,0,0.48726119047639344,0,0.26075820646056547,0,0.4081055622919205,0,0.3517058169906639,0,0.2669835494647466,0,0.3606636705983161,0,0.4925515684807125,0,0.464824031062717,0,0.4120409351699186,0,0.19412969415849188,0,3.982583869609421e-05,0,0.4340404575056196,0,0.25687183208200715,0,0.268037872041461,0,0.4206358974358974,0,0.2247978674546782,0,0.12516873541287624,0,0.45035125985125973,0,0.2849128125605044,0,0.026235129735236506,0,0.41254258917115677,0,0.4622376134865528,0,0.26919824742820375,0,0.38694649056997654,0,0.34401056209192554,0,0.2923978216176222,0,0.3447012164019935,0,0.16904303345239738,0,0.00047448075406310324,0,0.38333333333333336,0,0.18300818704150823,0,0.12220154314376953,0,0.4331519938314041,0,0.22670016292281223,0,0.22110457943239414,0,0.3502884236401489,0,0.28138482722655617,0,0.032408650681166364,0,0.422,0,0.16518727475793005,0,0.00038230378156802706,0,0.36279789937428375
1_S09E04_267_u,0,1,0.4928514380310633,0,0.46862345178282444,0,0.49849720103080536,0,0.29924884704572874,0,0.0672652674312845,0,0.3684240925548787,0,0.3309643123047911,0,0.2711268293104329,0,0.3546176951705307,0,0.4881441406391972,0,0.38519126951797517,0,0.42226614550813046,0,0.16007652678659598,0,0.0015289922863674812,0,0.3706756335625283,0,0.3373762314681622,0,0.24735389835454044,0,0.35525349847892224,0,0.4854503178435539,0,0.4534987749594354,0,0.44483333333333347,0,0.11419657896852953,0,0.00010302572206609528,0,0.35424734967391996,0,0.2800900756096125,0,0.05597259175868389,0,0.336542419875437,0,0.31764847026246684,0,0.21945604944951144,0,0.35070422323714484,0,0.11307431671678339,0,0.00046886871504688227,0,0.42,0,0.14871643349838273,0,0.0960705346361388,0,0.3882345026981297,0,0.4885397524951142,0,0.2326940754461612,0,0.39973266779433253,0,0.11023192737928683,0,0.00010340911150271704,0,0.358,0,0.10987463379488388,0,0.0004983571247634068,0,0.3565371708336303
1_S09E04_288_u,1,1,0.5268830904876124,0,0.4668688587274449,1,0.5526110878412217,1,0.9378303199536853,1,0.9424193942677387,1,0.6384523123195269,1,0.8055323075247511,1,0.7676316838955328,1,0.8198697916145196,1,0.6175594592729509,0,0.41519562093692935,0,0.3685646533759318,1,0.746646524813105,0,0.30119681642112184,1,0.594715263083514,1,0.7515351250609847,1,0.7911123727466383,1,0.6757993272648933,1,0.5144090071112354,0,0.40245868052501726,1,0.6069791874791874,1,0.9632044996965142,1,0.9999871099168867,1,0.66585685859742,1,0.9463907012237235,1,0.9373385180654626,1,0.6450721147805374,1,0.8073930968760491,1,0.7147891312126298,1,0.7771758246613885,1,0.887045645064117,1,0.9756987630576424,1,0.6765457485712185,1,0.7441204758497995,1,0.8261170422900245,1,0.5704801898573951,1,0.7447686755421324,1,0.7418514946445507,1,0.6959556740239157,1,0.964207956557041,1,0.9999873942862332,1,0.6952176187062113,1,0.8914314807756699,1,0.9814579040577287,1,0.6548481617499599
1_S09E04_342_u,0,1,0.7902561857202515,1,0.8606779442727049,1,0.6116012878228994,0,0.06639640392261298,0,0.022290381774296753,0,0.23001483351947102,1,0.5892520427146511,0,0.4998744108200891,1,0.5447675703859183,1,0.5363587033487035,0,0.46768655682508725,1,0.6114611831229769,0,0.16225505226337192,0,0.0644716813342855,0,0.3050118182398339,1,0.7324099269036948,1,0.7593296301822254,1,0.6056385661116269,1,0.7820425348389511,1,0.8487790241206057,1,0.6013836996336996,0,0.11391036464366425,0,0.0010151613724642154,0,0.2762314264309149,0,0.06323525082775192,0,0.02109058453422103,0,0.2540922814433206,1,0.5751437559091924,0,0.4708004924945302,1,0.5376890149556645,0,0.173218011421912,0,0.06169631304981638,0,0.38666666666666666,0,0.15168688917309148,0,0.09264720163074251,0,0.3291407252170699,1,0.7286650509899303,1,0.7696854755953095,1,0.5751072690933302,0,0.1079819616585543,0,0.0010739491517070276,0,0.282,0,0.16724975244125043,0,0.05444521301453146,0,0.2723801154935994
1_S09E04_351_u,0,1,0.6015819010697846,1,0.6916800017789123,1,0.5275086556724873,0,0.2927417418511257,0,0.14142339352736383,0,0.3571668955148795,0,0.36317376602949125,0,0.29759808487494993,0,0.39048418930063483,0,0.512357858222146,1,0.5120127972745468,1,0.5479725116722538,0,0.2671927029197984,0,0.1473702345774192,0,0.38690214980442184,0,0.4649051423021871,1,0.5265664281514716,0,0.432,1,0.6017625368336658,1,0.7010629121916997,1,0.596854118104118,0,0.1921447092435399,0,0.09222786205437476,0,0.38016131024871896,0,0.2710751227847819,0,0.1356790412733497,0,0.3175062328287335,0,0.35502797428895405,0,0.3192322770731275,0,0.4166333795931205,0,0.19319654914482315,0,0.037476098275959005,0,0.3566666666666667,0,0.25801130255189203,0,0.2711499538087297,0,0.4019817293839918,0,0.48637073631659083,1,0.5267019335115436,1,0.5476308402740269,0,0.18081929055611035,0,0.0552151665408172,0,0.348,0,0.18590271925539076,0,0.031087378431266553,0,0.3768994644926402
1_S09E05_022_u,0,1,0.6222057545776144,1,0.6763808668927928,1,0.5444197088039643,0,0.25007525173815304,0,0.291440689599257,0,0.37723006919975954,1,0.5770702782366014,0,0.47159159191002986,1,0.542684287347775,0,0.4242716911701213,0,0.39158225241148836,0,0.3157544346398032,0,0.33280429838799697,1,0.5813345976887407,0,0.4136751729076619,1,0.6510485989131317,1,0.6181823534497263,1,0.5755407561821684,1,0.6050526962698298,1,0.661696469156641,1,0.5482420634920634,0,0.2762754061337855,0,0.005542412582031972,0,0.40529110263699725,0,0.21787302953651203,0,0.22148854228060458,0,0.3878638272205413,1,0.5504017332254949,0,0.40787119391916105,1,0.5084861366956972,0,0.34725258010873233,0,0.10680013757506149,0,0.4633333333333333,0,0.3158726995795616,1,0.5786906301424539,0,0.41824956949814174,1,0.6178522317037923,1,0.6250839933933781,1,0.5716174751408741,0,0.24836852083413286,0,0.0035163084720329823,0,0.40399126637554583,0,0.3278408018529342,0,0.07281611032188218,0,0.439958312746664
1_S09E05_213_u,0,1,0.5581676275629134,0,0.3743615171143237,1,0.5524233398357847,0,0.1623351573364924,0,0.09013828901918503,0,0.2936612108548728,0,0.38368415306016135,0,0.25996631034366524,0,0.41327023841271276,1,0.5506363929213359,0,0.4040349607118428,1,0.5003774621384799,0,0.08607211350036521,0,0.026086541340258437,0,0.3380383925062879,0,0.4490588549939618,0,0.3203324911424329,0,0.4778536976536976,1,0.538062715990251,0,0.34693336471271335,0,0.46972438672438666,0,0.11914409186523597,0,0.0012079360307370218,0,0.2607990914006452,0,0.12848571666601488,0,0.07263421583245394,0,0.3015934361604005,0,0.366295175323305,0,0.20032494850925298,0,0.3988328200978591,0,0.07207261226859388,0,0.003356989248548683,0,0.3466666666666667,0,0.08111429182966397,0,0.05979583353228897,0,0.3826859920772707,0,0.36590422882734436,0,0.30969509787286054,0,0.47389077773166427,0,0.11006461454948635,0,0.0005674022780275802,0,0.318,0,0.06961997519837138,0,0.0025973707680591084,0,0.3284539224273035
1_S09E05_222_u,0,0,0.48882541600066703,0,0.4298859768112227,1,0.525857801302297,0,0.13868175501987143,0,0.15808583270781762,0,0.17625309690309696,1,0.7421099987307237,1,0.698742740323241,1,0.7469614918100027,0,0.5121965064895356,1,0.5129219688984089,1,0.5310566504800587,0,0.0388125690967062,0,0.0005220051831622712,0,0.23461586710486165,1,0.7105571031063797,1,0.5092060344828092,1,0.6755893286400577,0,0.5,0,0.43247589535183745,1,0.5402759740259738,0,0.10300155395475649,0,0.2002470401827337,0,0.2416293331231772,0,0.12894939369903569,0,0.17638955311776225,0,0.2158809105548237,1,0.7428005322404334,1,0.7034587388071718,1,0.7265069689980865,0,0.05944677753930235,0,0.0024182422865201337,0,0.35,0,0.039549704478784906,0,0.0836410611051468,0,0.2646083543925717,1,0.5455348768903193,0,0.49913816343858775,1,0.6331266233196093,0,0.10505141646312713,0,0.14270479127479038,0,0.264,0,0.06035172772086903,0,0.0025934271588678934,0,0.24985016421412456
1_S09E05_284_u,0,0,0.30588640288773356,0,0.13678970646185035,0,0.39041814395060437,0,0.19207672925434044,0,0.07124464864583492,0,0.39020762129541664,0,0.30827055307914847,1,0.5309936305656173,0,0.31998615182455775,0,0.5,0,0.4772580479318661,0,0.3580758859645627,0,0.1295599587741079,0,0.0029571460871058576,0,0.3322444932806657,0,0.23028993084846158,0,0.1672727622473705,0,0.3639024335158941,0,0.3111350096013734,0,0.23480094835264928,0,0.3920386002886002,0,0.15481417903126046,0,0.008283971432901207,0,0.3470302889905059,0,0.203075939256009,0,0.08184713451976346,0,0.369664314356816,0,0.2997447294893313,1,0.5240137114527778,0,0.3174808383415675,0,0.10999912812562014,0,0.007135222482692048,0,0.36,0,0.12862028215727822,0,0.06282981070747819,0,0.3806191799607161,0,0.24381448830655,0,0.22243323219185943,0,0.33676595473832743,0,0.15341977734963475,0,0.0128685383619243,0,0.35,0,0.10935877115406765,0,0.014161183685185149,0,0.35681439107479923
1_S09E06_055_u,1,1,0.7046001904445661,1,0.7205216453472889,1,0.5752802705842462,1,0.8273847234669535,1,0.620011874897983,1,0.636267518980503,1,0.5878302662291957,1,0.5881408629942873,1,0.5281178466167203,1,0.550253198542822,1,0.5108693819536839,1,0.5705404021081026,1,0.837408929247127,1,0.9978987740540617,1,0.6397455195326794,1,0.7232367125979391,1,0.7369032461683801,1,0.5417970699238857,1,0.7001684117186496,1,0.702009484427554,1,0.6140362137862139,1,0.6754166668390689,1,0.8007633801037821,1,0.667960129582371,1,0.7951119933015507,1,0.6686837187405423,1,0.6437470714158333,1,0.5663496962027631,1,0.5834551270099811,1,0.5649285406978037,1,0.7912933172030537,1,0.9980062878068381,1,0.5832195121951219,1,0.8382955940278337,1,0.6775464883805619,1,0.574031905934475,1,0.6199849981156442,1,0.7607584764942272,1,0.544582269753109,1,0.6267609976483779,1,0.7337567405876344,1,0.6138238993710692,1,0.7797988755455729,1,0.9976866809197984,1,0.5741489725887508
1_S09E06_168_u,1,0,0.3967173503105464,0,0.18758811359234154,0,0.44771685865028976,1,0.9000364546454811,1,0.8200963106447955,1,0.726956567508537,1,0.7189396211468976,0,0.49797005174512365,1,0.661966291624887,1,0.5275355799641857,0,0.39364807681192504,0,0.43535738063991547,1,0.7847115385604175,1,0.8401535376387488,1,0.6771873708447781,1,0.521398354697618,0,0.1996290164108909,1,0.569444514544527,0,0.38471839474010705,0,0.14362740742330232,0,0.40441269841269845,1,0.9547167756815618,1,0.9607728164753248,1,0.7452500560548678,1,0.8859915138637526,1,0.7586048353088889,1,0.7252662340410785,1,0.7013318160782797,0,0.42234645199577187,1,0.6818668265720124,1,0.7582765207759843,1,0.8629718212611059,1,0.6598861788617886,1,0.7709510024665969,1,0.5694519497339483,1,0.6543166569992196,1,0.5596271489263412,0,0.15673116079167576,1,0.5901353821766754,1,0.9508686921938139,1,0.9298238281796822,1,0.7299519186947406,1,0.7496006993204501,1,0.8333033432072064,1,0.7008376252378806
1_S09E07_054_u,1,0,0.42284528188571013,1,0.7399507882375288,1,0.5016799145516024,1,0.9437140775109858,1,0.928586755399543,1,0.7912108683660927,1,0.5140885481155046,1,0.6195339426529073,1,0.5184915340003943,1,0.6758320965501506,1,0.565208836532567,1,0.5762732997560549,1,0.7498131884010457,1,0.9826024005393472,1,0.6842859111761991,0,0.3779577908825463,1,0.572328420786555,0,0.4878469164371919,0,0.43441087817352503,1,0.7962715912754252,0,0.4913122710622711,1,0.9242156652132189,1,0.9991953993014893,1,0.7304171618403711,1,0.9615918488796844,1,0.9327770902149568,1,0.7961493867400669,1,0.5317283592278096,1,0.6478932905138798,1,0.5243573808502957,1,0.7403647773631535,1,0.9325534058340645,1,0.6133333333333333,1,0.7702630461164506,1,0.9413226858776648,1,0.6526497847363616,0,0.3905571005760054,1,0.6711326040985017,0,0.45829659725329835,1,0.9334219828145736,1,0.9995677061636856,1,0.7278968127964116,1,0.7523365630431783,1,0.949105443231527,1,0.635883498575923
1_S09E07_135_u,1,0,0.40689674288079436,0,0.18322628466415217,0,0.4544918481431879,0,0.4659773528278066,1,0.5905445031468757,0,0.4287057042960813,0,0.23823434836912893,0,0.07656144217345873,0,0.3042690556132959,0,0.44722822078470037,1,0.5073200911405159,0,0.40456375465966277,0,0.37841470206515065,0,0.11736547759014394,0,0.4482825569159796,0,0.23352036133730927,0,0.0620394830984937,0,0.3739784704184705,0,0.39814849235851046,0,0.16981802474002736,0,0.4666633921633921,0,0.18181058732617553,0,0.03876875158720775,0,0.36184806344125153,0,0.48530441884212433,1,0.6020802188457207,0,0.4782326021215328,0,0.24017824339739782,0,0.07646016111028722,0,0.3253233027059245,0,0.20536534627001124,0,0.03327428770504966,0,0.38666666666666666,0,0.3779812282821232,0,0.23261380899683995,0,0.42415376156669143,0,0.26907119215837394,0,0.06143553271179031,0,0.36430901608362903,0,0.1763945361910183,0,0.03810414816767028,0,0.38,0,0.1979848134869474,0,0.029263704490947694,0,0.40597315079362695
1_S09E07_285_u,1,1,0.5211496443945375,0,0.4086456003414523,1,0.5290919086417035,1,0.7989148257331187,1,0.7760305563438438,1,0.5621514872291057,1,0.7826227906939841,1,0.5879937153976412,1,0.7568489145581927,1,0.6145934893106292,1,0.5333956842570832,1,0.7087641743166211,1,0.707167991255859,1,0.5284483221319917,1,0.5527533789281684,1,0.7470848506084281,0,0.49829863975397976,1,0.6527617479332147,1,0.5200617442017135,0,0.44990087711497134,1,0.5083051948051949,1,0.9116642247731261,1,0.9982130912964867,1,0.6136232424437725,1,0.827396554564362,1,0.8620311280337589,1,0.5366490557186816,1,0.7810249718954433,1,0.590303983873106,1,0.7158611847994483,1,0.8019073005548121,1,0.9661199730484553,1,0.5598861788617886,1,0.7182817544426098,1,0.8164681390729208,1,0.5336703157708484,1,0.6370329768256329,1,0.5332931239123943,1,0.6931435127416335,1,0.9167073835028179,1,0.9992003312810002,1,0.646,1,0.8087183007574962,1,0.9732977958023793,1,0.6084922309173247
1_S09E08_255_u,1,0,0.26476156617007535,0,0.18836649653499155,0,0.3419473826876235,1,0.7528998831843541,0,0.3514002369277184,0,0.4564176293740999,1,0.6989811350810269,1,0.5334186523539887,1,0.5673290180349494,0,0.4738389195602013,0,0.4406398808312295,1,0.5121018720039088,0,0.16531028519513336,0,0.3674832014567552,0,0.4200502487262094,1,0.636304910715046,0,0.2538950175494865,0,0.49367568118397037,0,0.2500589323603301,0,0.16128714148191542,0,0.3554206349206349,1,0.5260144852837668,1,0.6497388028813549,0,0.49053065114873057,1,0.7910914400120422,0,0.3638075067615977,0,0.4687580052240042,1,0.669376447988941,0,0.48949088400627483,1,0.5954036873202974,1,0.4926591464859965,0,0.13381918907827237,0,0.4266666666666667,0,0.16842419967402347,0,0.2705941345011195,0,0.44439410286763303,1,0.7225044694667013,0,0.18592511022127353,1,0.5068887054115478,1,0.5502161494650667,1,0.7835220590430487,0,0.49192916218176264,1,0.5,0,0.1672059640047615,0,0.45162545161353806
1_S09E10_065_u,1,0,0.4418634419404235,0,0.24318376925583798,0,0.45261004140232486,1,0.8890131050606629,1,0.9233585901907883,1,0.7986091349702856,0,0.354023960800044,0,0.3696498664672671,0,0.3664607474840465,1,0.5281140838037289,1,0.5046669688692884,1,0.5874844561930556,1,0.8804116821233158,1,0.873800322017222,1,0.689662805494716,0,0.24718382356568047,0,0.20627918410538626,0,0.375918717948718,0,0.4529851811245866,0,0.2617549283977937,0,0.43321969696969687,1,0.8682995404870324,1,0.9266568241837699,1,0.5568395294219718,1,0.9225009160228766,1,0.9308528298583687,1,0.7827969120381527,0,0.366330835565735,0,0.3670826521405628,0,0.35498289693210744,1,0.752683405971204,1,0.7985480211432385,1,0.6099666666666667,1,0.8888782463423253,1,0.8821616874589636,1,0.7096702638733099,0,0.4009095399699047,0,0.24502069056425002,0,0.43942309159520115,1,0.8810650691979116,1,0.9535272957708492,1,0.6058333333333332,1,0.7634370147263616,1,0.8217941933577555,1,0.5899484776074476
1_S09E10_208_u,1,0,0.28049168099239263,0,0.2375192419296789,0,0.38474127206946146,1,0.7795407138327917,1,0.5253121537825541,1,0.5495068960875861,0,0.38716492065413916,0,0.2922141317829403,0,0.42445272439113824,1,0.5770513746780108,1,0.5198623314674863,1,0.680510181693791,1,0.4346850741526286,0,0.2734154076478006,1,0.5073979883463604,0,0.26548979297123315,0,0.14573634949380657,0,0.408,0,0.28160372263153177,0,0.2973102757327565,0,0.4390609668109668,0,0.3627513085042276,1,0.6727557481679434,0,0.4948258439125848,1,0.7972145881966256,1,0.5498586282906941,1,0.5344089806266674,0,0.3854839449489534,0,0.2855576478126416,0,0.43895183286637185,0,0.26885866273970044,0,0.1112718459055649,0,0.4933,1,0.43942126554137045,0,0.18146938287931988,1,0.5603804346055504,0,0.3152991374135246,0,0.18293188291833765,0,0.46094494731047725,0,0.3716411914850239,1,0.701838629752606,0,0.4613333333333333,0,0.2797204121687151,0,0.17687351098122087,1,0.504123280174627
1_S09E11_045_u,1,1,0.5512265505163528,1,0.7181498358685677,0,0.4559528690795938,1,0.9682368387028614,1,0.91137040100674,1,0.7878785115646525,1,0.5962267489100821,1,0.5168293239451373,1,0.5747691562351126,0,0.42798602257873375,0,0.29752041607262397,0,0.2199211136135611,1,0.936639881877361,1,0.998941747159743,1,0.7130636111069474,1,0.5124799705671989,1,0.5535565881588361,0,0.4858492296959664,1,0.5,0,0.44830826773197324,0,0.45039682539682535,1,0.9197548336483082,1,0.9952761625493864,1,0.7429319934371453,1,0.9551976481670661,1,0.813249086945102,1,0.7937037784013242,1,0.5317039960962023,0,0.3730975037481645,0,0.46743875273538965,1,0.9056658739791131,1,0.9899910275364067,1,0.6933333333333334,1,0.9249026446880193,1,0.7865448830100189,1,0.6749220707554107,0,0.48480272073721603,0,0.3456851377722366,1,0.5019199706060687,1,0.9030855451179588,1,0.9862534061727408,1,0.7772607369218696,1,0.8911806320675175,1,0.9783404927771616,1,0.7235679165481482
1_S09E12_369_u,1,1,0.5719691872934664,1,0.7228606171101052,1,0.5427111807758707,1,0.8676620183706025,1,0.8437789879366037,1,0.7153629075553235,1,0.8014921079407497,1,0.5829360280864977,1,0.7506000454648312,0,0.4304901988991097,0,0.3132487597452285,0,0.19690672916955507,1,0.8745903224428616,1,0.9906585201595364,1,0.6595933520978402,1,0.8375276947770793,1,0.7137347699929847,1,0.6570319537920278,1,0.5,0,0.43622696495611196,0,0.4746818181818181,1,0.8900606804367572,1,0.9863655622648687,1,0.7788885105475543,1,0.8434543621079441,1,0.7578344664164016,1,0.6872889046616696,1,0.7524305871304914,0,0.436631390980256,1,0.7179984131734156,1,0.9156551091404294,1,0.9941901182085362,1,0.6933333333333334,1,0.8451249774082231,1,0.8399435800796993,1,0.6086075415724518,1,0.8067967449774579,1,0.5325834495367133,1,0.6533529457046876,1,0.8825748774623728,1,0.9669598975729844,1,0.7298480560092931,1,0.8990728050002209,1,0.9761052839226293,1,0.7061582148848524
1_S09E13_024_u,1,0,0.5053460850980349,1,0.7549104427531672,0,0.47383095351222393,1,0.7757532905955479,1,0.6905236613822814,1,0.6420117884107923,1,0.6058123800358874,1,0.6133756523032592,1,0.5425820593213614,1,0.5644634141629514,0,0.48250850316872684,1,0.5582397397823492,1,0.8525648328453694,1,0.9869158523595776,1,0.6599530487846774,1,0.5671350156753862,1,0.8434993165539334,1,0.5499305744167814,0,0.4930650599827353,1,0.7662986911033246,1,0.518551948051948,1,0.8196065809259664,1,0.9638521779659627,1,0.6722332032644904,1,0.7561068866332145,1,0.6030950980858888,1,0.7098765170907209,1,0.5795589104232967,1,0.6039623043595899,1,0.552259387136657,1,0.9164900694148344,1,0.9993048706348964,1,0.6065528455284553,1,0.853628576259021,1,0.7840819808478761,1,0.5835046702135701,1,0.5101661763189217,1,0.859235295953064,1,0.5920366813659903,1,0.8049690686241194,1,0.9118549217149831,1,0.6419630782258918,1,0.9129718797427416,1,0.9986700772007971,1,0.646172132419879
1_S09E14_045_u,1,1,0.8006152114541574,1,0.9232233178622383,1,0.6361126668841184,1,0.8272365510096452,1,0.8249707243762967,1,0.621097999132601,0,0.3849578525753746,0,0.39235116543720805,0,0.37858450033187846,1,0.5246739296972798,1,0.5442506024249777,0,0.46468828831699444,1,0.8160552457219163,1,0.9993217349030163,1,0.6670627838489852,1,0.6273853783806466,1,0.8491119632328412,0,0.4219277799172574,1,0.8338599431842333,1,0.9220528490537794,1,0.7207590187590188,1,0.6085314439116623,1,0.9995844860480315,1,0.5664034466896496,1,0.817227438483372,1,0.8516635046048678,1,0.5966291639915366,0,0.3856785285493318,0,0.43553010807923764,0,0.372478248230946,1,0.7880572784441359,1,0.9970357359718242,1,0.5966666666666667,1,0.8259494752902362,1,0.9820624022772498,1,0.6385576852494499,1,0.6624143027039217,1,0.869082409500483,0,0.4776097526663666,1,0.6160271443412735,1,0.9996914972920069,1,0.58996813842148,1,0.798989049700581,1,0.9987097396069841,1,0.5911354654515935
1_S09E14_455_u,1,0,0.4228893931052028,0,0.4280602499269563,0,0.47439323673715517,1,0.9013464389139219,1,0.6523521616262743,1,0.6761689746884884,1,0.7571498435232755,1,0.691804011282475,1,0.7736513774680073,1,0.5275363996498903,0,0.48990134393654017,1,0.5388902892465467,1,0.8066581522792531,1,0.9268282940752482,1,0.6548841134732842,1,0.7491970426222568,1,0.8445051130943011,1,0.6753032504431323,0,0.43927605251112706,0,0.41582054486731956,0,0.46805891330891336,1,0.9465982428849976,1,0.9795662207362498,1,0.7109197375797884,1,0.9141200305984698,1,0.6977379671263543,1,0.718065444786251,1,0.754446526782274,1,0.6901623907925035,1,0.7647553580207794,1,0.9469408356498435,1,0.9628346346543782,1,0.6798047289092778,1,0.8189987428632914,1,0.6037653412635673,1,0.6352384470730088,1,0.7405973749647511,1,0.8365995672568178,1,0.6608894827575394,1,0.9454318692178141,1,0.975169418586305,1,0.7399800995024876,1,0.9476090263006405,1,0.953354176786184,1,0.6980705905489857
1_S09E16_101_u,1,1,0.6566438518764929,0,0.47675884017422626,1,0.5112624475192727,1,0.9629338451466449,1,0.8646558109392188,1,0.839413021300466,0,0.44219242040155027,0,0.23635647040037053,1,0.5133313223870606,0,0.4576084750817586,0,0.4051149886845925,0,0.30955260439280385,1,0.953408539844334,1,0.9618723235102699,1,0.8042974132521387,1,0.5159448929068465,0,0.49924324931221825,0,0.479746085992868,1,0.6482803221793486,0,0.44826688237696594,0,0.47509523809523807,1,0.9073987966812259,1,0.8712097273908528,1,0.734918061912547,1,0.9629200367120914,1,0.8263483490395019,1,0.8225462857661725,0,0.4365865554278068,0,0.18410908172002424,1,0.5000930267775007,1,0.9110301210539284,1,0.9878759634730737,1,0.6898814814814814,1,0.9519735603751668,1,0.8104866929369227,1,0.7440379061241303,1,0.5,0,0.4276672831745253,0,0.4925480272744839,1,0.9060703465339373,1,0.8369044078897326,1,0.7579113234420054,1,0.9098949877016659,1,0.9860730243681531,1,0.7290240688015608
1_S09E16_189_u,1,0,0.4297812353367473,1,0.5355986556943712,1,0.5174546409839638,1,0.9718344768718082,1,0.860567135959516,1,0.6838823780332965,1,0.775166151706667,1,0.6494980968496246,1,0.6280277636457886,0,0.5,0,0.47297289959515265,0,0.46016523403749954,1,0.8164171214666646,1,0.9939678277790495,1,0.6100754752257308,1,0.6335990005117059,1,0.6608275222968135,1,0.5633136206033137,0,0.4269929163979881,0,0.4689175142831615,1,0.5015189532689532,1,0.978214051587454,1,0.9999613980361512,1,0.743846463421791,1,0.9810115257283742,1,0.8584842576411809,1,0.6774856710468934,1,0.7751590829968172,1,0.5923241112682416,1,0.6335728453817845,1,0.9283634196817612,1,0.9998180452830716,1,0.67,1,0.8153236226840163,1,0.9206745074291045,1,0.5895073417053818,1,0.5867668812463168,1,0.5645240381686762,1,0.5457727909221552,1,0.9813110694976616,1,0.9999609325182552,1,0.7138965747666228,1,0.9323927921847495,1,0.9997481750429007,1,0.6471466938690225
1_S09E18_033_u,1,1,0.7094361818880652,1,0.6484593589170259,1,0.6385239691442204,1,0.8921416848094686,1,0.9205564433733694,1,0.7325958050246967,1,0.5592104617949251,1,0.5421773856775992,1,0.5067790682039777,0,0.4725804413512759,0,0.48526958714705765,1,0.5319234756910095,1,0.9780161166755122,1,0.9992856879930835,1,0.7620452554143685,1,0.6373991314440643,1,0.5197258619001073,1,0.5058252446110003,1,0.7044731907223702,1,0.5941991673504444,1,0.6062849927849927,1,0.9301638951539906,1,0.9950583998703809,1,0.7087670336650163,1,0.8999985420704815,1,0.9384190942742257,1,0.7301112891785231,1,0.5537098380197849,0,0.4784651673412119,0,0.4601431948469757,1,0.9647821767218182,1,0.9996504882407159,1,0.66,1,0.9783215782444206,1,0.9159512596305286,1,0.7175188812457625,1,0.63704744079615,0,0.45620817014892023,1,0.5103786149536618,1,0.9302210554803672,1,0.9958340261331246,1,0.6979073744823651,1,0.9649855282513438,1,0.999687148911578,1,0.7335572648688209
1_S09E18_357_u,1,1,0.6621267896014792,1,0.5387258101338462,1,0.6171950290504611,1,0.8941148953339845,1,0.883279799499628,1,0.7248523779942705,0,0.32296018775153634,0,0.2492816182249081,0,0.3486991866497077,0,0.4747287921256587,0,0.45167788248903074,0,0.42166416158843834,1,0.8974625112569421,1,0.9817361356676079,1,0.692917019579288,0,0.4113372346710179,0,0.28234967561793783,0,0.4377360343520878,1,0.6621634561279983,1,0.5204609752099836,1,0.6253214285714287,1,0.768082310899625,1,0.8233249281805576,1,0.6882583030778779,1,0.898146989454442,1,0.8812163654556362,1,0.7306489473230675,0,0.3086093312209184,0,0.23237828324086734,0,0.3713202978009038,1,0.7500507185803968,1,0.7621660825372167,1,0.615,1,0.9045407509835234,1,0.9386439501194308,1,0.6638985161622324,0,0.3726636286167391,0,0.30711804690236166,0,0.4340247011399594,1,0.7717463283253737,1,0.8273053634459445,1,0.655712759785725,1,0.7535691414284608,1,0.7719111781872133,1,0.6381689486838473
1_S09E19_044_u,1,0,0.3975878427583367,0,0.26146451187953024,0,0.4508544770919236,1,0.9660817118182267,1,0.9497566422439068,1,0.8119690321838867,0,0.39887873821800496,0,0.4410288961505079,0,0.3993826521293593,1,0.5399742078298222,1,0.528373243229757,1,0.5665683528440313,1,0.9250983174587267,1,0.9927483345139341,1,0.7167345056253182,0,0.3990350856365602,0,0.27554720368031793,0,0.416,0,0.3878016177579858,0,0.19980233578568146,0,0.40176526251526246,1,0.8783901346604714,1,0.9751193580220917,1,0.6978624531336518,1,0.9739919377424648,1,0.9597463386021635,1,0.8355396547016692,0,0.40585206312978334,0,0.443270437549835,0,0.3939584862061098,1,0.8699444689579682,1,0.9786639902364624,1,0.63,1,0.9293628306355992,1,0.9000332965044006,1,0.665216831826858,0,0.32240018486330835,0,0.23591561606079736,1,0.5170547303364404,1,0.8994826436338526,1,0.9883948444967582,1,0.7219188463827929,1,0.8735352879915276,1,0.9776094776282085,1,0.6816007383225331
1_S09E20_127_u,1,0,0.2633751334265073,0,0.23341627935650947,0,0.41605373443664695,1,0.9200035467897585,1,0.788143553072327,1,0.6751558738270346,1,0.6843815193573609,1,0.580577841620333,1,0.6681407928317263,0,0.5,1,0.5303301607330317,1,0.5784454000045884,1,0.6585737817148374,1,0.8220837761654116,1,0.6490630199395692,1,0.5176960657999482,0,0.3509716644824194,1,0.6037898941446724,0,0.2722825742293442,0,0.27242591059816146,0,0.43925288600288603,1,0.8452362852121064,1,0.9538045095079571,1,0.7249012906478376,1,0.9064995533761192,1,0.8267928134635396,1,0.7278009549112908,1,0.6751831669130743,1,0.587874127035216,1,0.6787904285362385,1,0.6966157875433825,1,0.8749500712435996,1,0.6032195121951219,1,0.6720583088912786,1,0.703944885419517,1,0.6444852876756092,0,0.47553093694857596,0,0.3515113476393494,1,0.5877833349783854,1,0.8319364705655928,1,0.9227525686332201,1,0.76197354476114,1,0.6880108493306651,1,0.8351210462150571,1,0.709460801246395
1_S09E20_156_u,1,1,0.5358813574122591,0,0.4908673568433421,0,0.4986006318509819,1,0.7962227748947669,1,0.6833113856380219,1,0.7876675727445013,0,0.4176531609101383,0,0.3067773367130567,0,0.4022873184452237,0,0.4727153901132851,0,0.4524721623628736,0,0.46206761864266865,1,0.7908742520251981,1,0.5242863815531987,1,0.7462242241869496,0,0.38411006636271977,0,0.2023791880893234,0,0.43788119658119656,1,0.5102232111393673,0,0.4045091528213565,1,0.5075714285714287,1,0.8033476999051298,0,0.49822049490343545,1,0.7189042862182321,1,0.771972841350014,1,0.6698853648470757,1,0.8293771082248989,0,0.410628185162717,0,0.2450203050490963,0,0.440538241161291,1,0.6487153243467693,0,0.3557170228559336,1,0.5666666666666667,1,0.7883865299745332,0,0.48474353017070754,1,0.6657483569137835,0,0.3535079390497992,0,0.14651895751485391,0,0.4993495023078803,1,0.8019739188112265,0,0.45511934831351525,1,0.6799800995024875,1,0.6445770099400883,0,0.37980341644423754,1,0.7289223204366329
1_S09E20_179_u,1,1,0.7260108181250132,1,0.5695169648170352,1,0.556482732432472,1,0.9265987784551315,1,0.9331266480508597,1,0.8248945282981714,0,0.25686935909460623,0,0.4169565186635688,0,0.3127757620262949,0,0.34531588687973735,0,0.39190240334702797,0,0.3714445298087955,1,0.9833407127367374,1,0.9475165640326018,1,0.8301460391508306,0,0.40359204584144415,0,0.3614891091131036,0,0.3659008596055107,1,0.69510967443133,1,0.5086622962643432,1,0.5128441558441559,1,0.8571938293093424,1,0.8153299818410638,1,0.7041794023783995,1,0.9181916765220275,1,0.8943474092925313,1,0.796251942589952,0,0.24619622846622868,0,0.3388655587285387,0,0.3447147051421091,1,0.9351956253618853,1,0.9626913592383951,1,0.64,1,0.9808117191977553,1,0.9585163748141854,1,0.7590497481102089,0,0.4672485883482472,0,0.37983074456672317,0,0.3586762815395293,1,0.8570022708298389,1,0.7597591057833393,1,0.661973875071198,1,0.9330745058116162,1,0.9499527967510016,1,0.6919569388251811
1_S09E20_237_u,1,0,0.4040534704222444,0,0.13499602525913665,0,0.4410883853925316,0,0.447862441854643,0,0.46867894364128126,1,0.5497644932109933,1,0.7060668847990206,1,0.5805462963919388,1,0.5741460792342606,0,0.5106947221921169,1,0.5466964585552601,1,0.5842027182954491,1,0.4560255362289211,0,0.18865728435610835,1,0.5736108762335859,1,0.5449821584919489,0,0.05384246142868307,0,0.4979570849911521,0,0.422042579109652,0,0.15540387302623326,0,0.45360023310023306,1,0.7408561489128723,1,0.6904568623798515,1,0.5569627415655859,1,0.5455812804319873,1,0.5565764961646933,1,0.6143628478823611,1,0.7125508817052466,1,0.5847616419534619,1,0.6097303558025609,1,0.5,0,0.14930941212548388,1,0.55,1,0.48609447694161484,0,0.4450395726590662,1,0.5439311423939324,1,0.5332905307532143,0,0.05756303129310324,1,0.5388740221752966,1,0.7529793731070278,1,0.7797226658554001,1,0.5579751037344398,1,0.5138053656514013,0,0.20996107376619602,1,0.5806584516956701
1_S09E20_354_u,1,0,0.2923873520240376,0,0.25217975551898303,0,0.47684490053721157,1,0.7801456408124806,1,0.774469855260451,1,0.7296262935161681,0,0.3102481407119619,0,0.2548769457137502,0,0.2927833507236883,1,0.5877460026948683,0,0.36720693130393756,0,0.4049163437740475,1,0.8547609978266986,1,0.827915195999546,1,0.7193268346846344,0,0.22634529514819737,0,0.10632023310034613,0,0.35974979943495844,0,0.27386438547587155,0,0.19065138104719112,0,0.39665367965367965,0,0.42993708144177994,0,0.3229435460929168,1,0.6260982167474058,1,0.7375318107092622,1,0.6119919756945152,1,0.7217880620503472,0,0.26897643799931,0,0.201659502672433,0,0.313836974446701,0,0.4650242155657973,0,0.3142594464027567,1,0.5866666666666667,1,0.8407135910373763,1,0.6402616108238913,1,0.6557291120519073,0,0.17625296841143245,0,0.08500296613321481,0,0.3534667218245554,0,0.4281387458638888,0,0.19197803831192986,1,0.607990099009901,0,0.4460951558207275,0,0.22630772246347103,1,0.6428315201832351
1_S09E21_024_u,1,1,0.7757043681958713,1,0.8921215681548678,1,0.6289113500322634,1,0.509030391101484,1,0.5093420570267112,1,0.5341150768250046,1,0.8092267339929913,1,0.7166704557619668,1,0.7646465298251535,0,0.48047369453911337,0,0.4523752741504562,0,0.47484028021328195,1,0.6604905404000162,1,0.6559190989701366,1,0.5523540074902739,1,0.8376804649072663,1,0.8594388838540156,1,0.6830694153595981,1,0.7714010681790556,1,0.8417129733338324,1,0.6993524531024531,1,0.725658965063829,1,0.9335013127302323,1,0.5439050459389064,1,0.5661994330578167,1,0.5609155393797907,1,0.5159191543771788,1,0.794492981175337,1,0.694365935923785,1,0.6848352680044623,1,0.748865972766568,1,0.8395291189918727,1,0.6166298342541436,1,0.661409204515843,1,0.5210866990286304,1,0.5270890176885819,1,0.8703071976439594,1,0.8293864650600875,1,0.7143848337756524,1,0.7088704887818624,1,0.949820427208993,1,0.6059488420791236,1,0.7539605217989523,1,0.8969793165744389,1,0.5884481578361654
1_S09E21_255_u,1,1,0.783988847135868,1,0.8479431853958301,1,0.5978661770170633,1,0.84530117669093,1,0.8590199187898063,1,0.7497507512793945,1,0.6811461446208664,1,0.7679864577828597,1,0.636912440348804,0,0.4656692137471136,1,0.5402175395959737,0,0.3555396026345543,1,0.9685043932589366,1,0.9819360429480181,1,0.7630514630091257,1,0.7993761286958716,1,0.8901111405257789,1,0.6199216875078943,1,0.7898602538214695,1,0.8567469503194152,1,0.6333903318903318,1,0.8440113722007795,1,0.8842751212277469,1,0.7580984522265302,1,0.8583537593395643,1,0.8876319642288656,1,0.7528645363929353,1,0.6711095159661368,1,0.7793616532551645,1,0.6021552940378907,1,0.961027633038774,1,0.9919113717281794,1,0.69,1,0.9714510204337128,1,0.9378649184026928,1,0.687337036634745,1,0.748084558917273,1,0.903475331177646,1,0.6131021315482966,1,0.8506101388241154,1,0.8897472222874301,1,0.757963043101956,1,0.9628364245922194,1,0.993510536755322,1,0.7247307722365498
1_S09E21_401_u,1,1,0.6871240384677509,1,0.5656705818868577,1,0.5522315327788241,1,0.9686834006597052,1,0.9361930309241345,1,0.8373720382415264,0,0.4593667820721743,0,0.403151386787799,1,0.5017960789804886,0,0.5,1,0.5157516586301083,1,0.5886783925665937,1,0.9539548160307446,1,0.9908046459960012,1,0.7536920132682404,1,0.5435036935926894,0,0.3609728726409717,1,0.5415988684122393,1,0.7008603861572558,1,0.5342464307115597,1,0.5799865134865134,1,0.9505725201851913,1,0.979864677337809,1,0.8218859196346624,1,0.9679835036694748,1,0.9355004990276471,1,0.8077901228856387,0,0.4744812029115318,0,0.40638617728781695,0,0.4931186403460393,1,0.8845918882518287,1,0.9868004781174653,1,0.6666666666666666,1,0.9549377699799859,1,0.8849649338511234,1,0.6971670842797902,1,0.5,0,0.3537845360010237,1,0.5789629051386512,1,0.9465498794416052,1,0.9820134074556665,1,0.779929225529105,1,0.8847641204885608,1,0.9898002302994482,1,0.747171065043173
1_S09E22_015_u,1,1,0.6948449270485451,1,0.8996106830024998,1,0.6205627869524656,1,0.7604385137237758,1,0.7763086155039717,1,0.5633396003493685,1,0.7569026617040919,1,0.8526657689147263,1,0.7144804512254409,0,0.508464508003171,0,0.4237461131399967,0,0.4779279445141411,1,0.7745487370255831,1,0.9475210203499356,1,0.5989627938669353,1,0.7903957773338264,1,0.9544338762848315,1,0.6720664658694221,1,0.642566342229658,1,0.8346398546329689,1,0.6094999999999999,1,0.9292860258386029,1,0.9697311828671192,1,0.645856402259883,1,0.7139427128188987,1,0.7389903326189172,1,0.5883488150210345,1,0.7507974057440274,1,0.8186171728425954,1,0.7250978448673112,1,0.8760752490525812,1,0.9855410305581896,1,0.5799232474277963,1,0.7464260968184991,1,0.8683187936153786,1,0.596680648401978,1,0.7153152836349127,1,0.9330902289467974,1,0.6592942195735191,1,0.9120079382493322,1,0.9235873664046343,1,0.6517421541269292,1,0.8569825494590038,1,0.9683236395796466,1,0.6182186271140658
1_S09E22_075_u,1,1,0.5460435590259023,0,0.46838843942326436,0,0.45323495657199364,1,0.7298310525630647,1,0.6747030095544683,1,0.5672286360496008,1,0.8042740661634092,1,0.7856137252568451,1,0.6502536111193147,0,0.4899181221911251,0,0.4478542043464655,1,0.5293390485746731,1,0.7793247615004198,1,0.8247093041140671,1,0.5841860859405625,1,0.7456366093733953,1,0.6483649041711793,1,0.5738462507870199,1,0.5388311508476353,0,0.40037871624374993,0,0.4730642135642135,1,0.9502070774050289,1,0.989512636320362,1,0.6605436186935237,1,0.7205911761403851,1,0.6550319077522123,1,0.6022443108663663,1,0.7896363251976286,1,0.7540489565342889,1,0.6998182727073228,1,0.93519800747447,1,0.993922056852178,1,0.6332738095238095,1,0.7710603308880806,1,0.6967079266137353,1,0.544511366010108,1,0.7187943140903795,1,0.6208827808130898,1,0.6026390450108535,1,0.9454351909817866,1,0.9899277519606194,1,0.659907374482365,1,0.9321083997062279,1,0.9935989433415249,1,0.6100566721769881
1_S09E23_017_u,1,0,0.4168905938252777,0,0.2732228898315347,1,0.5329646204252756,1,0.5943192932897807,1,0.7711040540308751,1,0.5638078048764591,0,0.23285368887670527,0,0.32930628446930277,0,0.3059149847332293,0,0.49414196713609304,0,0.3955005449744109,0,0.36429032450832316,1,0.6825316083281167,0,0.1114384902448974,1,0.5921995799938713,0,0.24325546671705325,0,0.14788129626207128,0,0.3859105392156863,0,0.38228329590600413,0,0.21182630497448293,0,0.45942207792207784,0,0.47859317780594485,1,0.5637107894594219,1,0.5398198559988533,1,0.558131974719091,1,0.7112039530650941,1,0.5571200809177365,0,0.23244860198410952,0,0.2695789605510469,0,0.3164367855655859,0,0.37409990309727353,0,0.019580287198458033,0,0.4899666666666667,1,0.6612764690874992,1,0.545471182308066,1,0.5617537715131906,0,0.2031727982389693,0,0.12735455052179034,0,0.38993560396764126,0,0.4548933366004754,0,0.2979543473431066,0,0.492,0,0.3440582219145214,0,0.008716770109522563,1,0.5163400954818855
1_S09E23_102_u,1,0,0.42385307946278217,1,0.5943317613731572,0,0.42332407777296954,0,0.44884892373553553,0,0.34351451962341745,1,0.5446591052778413,1,0.7346995401052266,1,0.6199137198896985,1,0.651058509238983,0,0.4940494075626566,0,0.4635009203420413,0,0.4928023266738137,1,0.4914606368276542,1,0.9749988984927094,0,0.4763997913661643,1,0.5661000084789632,1,0.5798460791436832,1,0.5358561664678273,0,0.4011321452395435,0,0.49760810198856,0,0.40780555555555564,1,0.5571746458080685,1,0.5354453466649337,1,0.5723658057079316,0,0.42487910815094887,0,0.3551032665353652,1,0.5407205711513998,1,0.7005984246313097,1,0.5699635400051448,1,0.6189916450467353,1,0.5642219562846278,1,0.9665797837436902,1,0.5033333333333333,1,0.4792717372851695,0,0.2548930529443177,0,0.4958206611081403,1,0.5449234245024004,0,0.4958911700280167,1,0.5061383559718263,1,0.5443625816211656,0,0.415874172447183,1,0.5579169954252708,1,0.5572505802240357,1,0.9544155412352888,1,0.5259633211150568
1_S09E23_270_u,1,0,0.462913751116249,0,0.4038543374025158,1,0.535797227777344,0,0.3488467019198157,1,0.5805816951478984,1,0.6383393170071018,1,0.5983746173444467,1,0.6385518312889483,1,0.5734405206871926,0,0.4715086850216766,0,0.47478819558095275,0,0.435624692933711,1,0.6124487326664521,0,0.2786100822934824,1,0.6049613949097595,1,0.5185072633257157,0,0.48401863078755286,1,0.6175218125423746,0,0.46677413752329716,0,0.4297435061856405,0,0.4846358641358643,0,0.47369720223227785,0,0.13396680019013918,1,0.655116256506039,0,0.34688948066803527,1,0.5645268092061154,1,0.6783580098218146,1,0.5810281746758215,1,0.616096440184358,1,0.5215406274033162,0,0.3882535870799979,0,0.07888577736430781,1,0.61,1,0.5994997006765294,1,0.6626968175360141,1,0.6208475079200312,1,0.5108204452591207,1,0.5013503153512481,1,0.5806877667088185,0,0.458858174424713,0,0.18057393051962067,1,0.6774012843758889,0,0.38523734006301524,0,0.11848159505400345,1,0.5923397776688859
1_S09E23_420_u,1,0,0.21027175448583504,0,0.14887685690341265,0,0.2030280812330123,1,0.8292770497882161,1,0.6798376397322616,1,0.6521281729397452,0,0.2815728164460664,1,0.5068920604788686,0,0.34490058559869025,1,0.564025165384064,1,0.5640874166766112,1,0.6561777515408553,0,0.33779523273050277,0,0.4898127337491057,1,0.5449294659199934,0,0.15213688906837752,0,0.2243860106393593,0,0.342,0,0.1797496937075256,0,0.15598928293014036,0,0.32971692196692187,0,0.3797658159178213,1,0.8368969608068876,1,0.5153951164856413,1,0.8466007079937989,1,0.7286619389111437,1,0.6536563605075357,0,0.3092546183212836,1,0.5778891817741476,0,0.397415499253205,0,0.16344947358002684,1,0.6218136234077439,0,0.43,0,0.3584723699639268,0,0.43246620920526696,1,0.5202743160847593,0,0.19248876848590435,0,0.23808683003348444,0,0.28959526795152984,0,0.4395482882763804,1,0.8923845399854649,0,0.46175,0,0.17668805278055763,1,0.6475048146223943,0,0.4608089505309611
1_S09E24_014_u,1,1,0.7928814364243206,1,0.8537754574230183,1,0.6371411110344812,1,0.7657054367180588,1,0.6154812827773166,1,0.6783162147679446,0,0.4757520437479993,1,0.616079373781017,0,0.39170176312566235,0,0.4370647792805137,0,0.4573049527745643,0,0.4605416848326375,1,0.9309660412223674,1,0.9346748165504309,1,0.7240867486796397,1,0.5382766411831525,1,0.801227421840374,0,0.45165204231520467,1,0.7943537579025761,1,0.8161986730487157,1,0.6699194416694418,1,0.6490342800548355,1,0.5994900572764683,1,0.6156207854563286,1,0.7470606942248113,1,0.6138243900341245,1,0.656278438031168,0,0.4517544774551638,1,0.5661858341146533,0,0.43788756723145783,1,0.7337516558002076,1,0.941265617988219,1,0.6,1,0.930996387694352,1,0.8167560630433863,1,0.6562688846488357,1,0.5056857658989269,1,0.7147916830696024,0,0.40338229396010306,1,0.6001839667157949,1,0.5457717252241792,1,0.5979403283009199,1,0.7201402088651969,1,0.9205743691668619,1,0.6172753013492625
1_S09E24_152_u,1,0,0.43782200686658296,1,0.5811133637317463,0,0.42246534290588345,1,0.6875623341626504,1,0.690079968472518,1,0.6081271941841692,1,0.5441100751902066,0,0.49445169153165186,1,0.5690618716454581,1,0.6208489592942703,0,0.3742299641179873,1,0.5699773924068058,1,0.5956546510903643,1,0.9791287192364473,1,0.564920698945526,1,0.5208014910216312,1,0.6093538535372803,0,0.47787766445917546,0,0.40150367991549835,1,0.6190771725398504,0,0.4164557664557665,1,0.5906877778535535,1,0.6079593706816102,1,0.5774048848075317,1,0.6507005938745783,1,0.5847806197261491,1,0.6173823329033393,1,0.5147038051824601,0,0.4416072500497288,1,0.5291768477886476,1,0.6745837970055957,1,0.9592822307091118,1,0.5683333333333334,1,0.5744952198569728,1,0.7711715272018086,1,0.5236839933823959,0,0.47113623424364426,1,0.6336492894154484,1,0.5183383177818572,1,0.5891691628714417,1,0.5079269438221657,1,0.5898805470183739,1,0.6637533921619493,1,0.9466476285336288,1,0.5678773140943891
1_S10E01_197_u,1,0,0.4571650168936844,0,0.45532044667471805,0,0.48545764187300877,1,0.7844607430173816,1,0.5532982120606301,1,0.5772565577451294,1,0.6555035275525071,1,0.550083303101431,1,0.6383492416954311,1,0.5483884337045581,1,0.5731954568553556,1,0.6812104522936356,1,0.5,0,0.11794407024886534,1,0.5448720597392277,1,0.6252526197739525,1,0.5210801877489941,1,0.5251033156992827,0,0.4773351399488077,0,0.48108170144250983,0,0.4135386002886002,1,0.64864952660162,1,0.5421176422971399,1,0.5846247830390225,1,0.8039029146544422,1,0.6708449081923142,1,0.605573694899257,1,0.6696215151709215,1,0.5925131568317897,1,0.6417898245061051,1,0.574291346906518,0,0.1409092261079084,1,0.5698446490689584,1,0.5,0,0.4255668106900794,1,0.5443852432518717,1,0.6593650084752057,1,0.5322053429405419,1,0.5840522917034322,1,0.6747623561207079,1,0.6737598213427443,1,0.5959493096282893,1,0.5924704237122042,0,0.17100744839012594,1,0.5585819568113147
1_S10E01_225_u,1,1,0.7456237900987005,1,0.8568724689079527,1,0.6294672476650433,1,0.7486739464039323,1,0.6359424550660088,1,0.584482717782391,0,0.2631575310813906,0,0.34246885201924193,0,0.3425469418078272,1,0.5973616265261887,1,0.5633439098234099,1,0.594988092069567,1,0.8755344158399331,1,0.9993360108180493,1,0.6273102779102916,0,0.42604162121750716,1,0.7926598519712557,0,0.47397969543147206,1,0.7524864805114466,1,0.8676001284979389,1,0.6189126984126985,0,0.34641222378618775,1,0.8528901624992383,1,0.500184908557004,1,0.8245171738373869,1,0.7599842418163703,1,0.6190389996981458,0,0.26279576829593393,0,0.35362985753022086,0,0.38014230940889193,1,0.6559458538334708,1,0.9920537036272256,1,0.5466666666666666,1,0.8938836309974747,1,0.9254276648578107,1,0.6250211142322296,0,0.40518947555706186,1,0.8234665974803804,1,0.5097840844858477,0,0.3804588242785081,1,0.93826276960624,0,0.48995071349053737,1,0.694507140097972,1,0.9960005769174691,1,0.5688137649904956
1_S10E01_381_u,1,0,0.41458101758168725,0,0.22089196870944525,0,0.44111444003973826,1,0.6612242236604727,1,0.7359564509340817,1,0.6979251156787961,1,0.8406093335157705,1,0.7708584710027595,1,0.7825116334467149,1,0.5138283244996817,1,0.5566662883225314,1,0.589530962361408,1,0.8224730290900216,1,0.952798774621405,1,0.6346147365012276,1,0.7838015091467958,1,0.5061345770390372,1,0.6336652902111833,0,0.4297969843433358,0,0.2574112596621028,0,0.45401706626706617,1,0.9174013709021349,1,0.916814344889261,1,0.7665575146125082,1,0.7178139725709051,1,0.7588907191509763,1,0.6800115745234412,1,0.8399187791935608,1,0.7669403132728971,1,0.7870967363842212,1,0.9290052246023167,1,0.9693835727164919,1,0.7133155080213904,1,0.8323643895396277,1,0.5938819227766942,1,0.640676591569703,1,0.8124440255570882,1,0.525887452113653,1,0.6217173630365445,1,0.9192640732575724,1,0.9442286515458042,1,0.7438561864223961,1,0.9316533204569882,1,0.9751203327807391,1,0.7452448225711568
1_S10E01_474_u,1,1,0.5060862279334389,0,0.44774781096155547,1,0.5143695830105659,1,0.7800745532450697,1,0.6921024659430205,1,0.5010825808960082,1,0.7516210768043554,1,0.7823245826958692,1,0.6863743781884878,0,0.3949107444175494,0,0.4288977527657388,0,0.3810460576326204,1,0.6079680728732428,1,0.8606070320498275,1,0.5233812728543464,1,0.854733837872772,1,0.7510232481628663,1,0.6894628294688112,1,0.5,0,0.4515422021277283,1,0.5464554334554333,1,0.7083681056196276,1,0.9942325769847286,1,0.5915382158995174,1,0.7717902109529375,1,0.6779345687374666,1,0.5198208229362257,1,0.7360419675356414,1,0.7552010066794864,1,0.6622405461029768,1,0.8295710788098715,1,0.9527042584921077,1,0.5566666666666666,1,0.6010670722875266,1,0.5361431721412745,0,0.49746552169725655,1,0.8775717558737117,1,0.7374407346624084,1,0.5539456686666003,1,0.696419360864374,1,0.9911635654685554,1,0.549240710640205,1,0.8220533474332786,1,0.929389587865932,1,0.5617490646863543
1_S10E02_101_u,1,0,0.43438376025695974,0,0.32052404328884815,1,0.503500999191184,1,0.7885810384459333,1,0.7302118751843552,1,0.6251577747005267,1,0.6542662504434607,1,0.5939812948478687,1,0.6149969256678418,0,0.40144312408352373,0,0.4890983525543494,0,0.48785499042093133,1,0.8232790177429944,1,0.7836381539117155,1,0.6540446863790832,1,0.6147873117960964,0,0.4302180499896633,1,0.6018895335478649,0,0.40343404059588056,0,0.29663145901986093,1,0.555563492063492,1,0.8323322280581459,1,0.9692118696469167,1,0.6843483978963321,1,0.8312468781933703,1,0.7812004335173874,1,0.6426819580318134,1,0.6549947386035531,1,0.5779044332059927,1,0.6359318254655281,1,0.8213843850112159,1,0.8777564075535581,1,0.66,1,0.821520651448453,1,0.711790855371965,1,0.6435796545120825,1,0.507526956568715,0,0.40566532207796224,1,0.5963734032387932,1,0.8485665344817815,1,0.9871465711473429,1,0.7158280193236715,1,0.8331134891430663,1,0.9193016770997281,1,0.6910738419002818
1_S10E02_123_u,0,1,0.5403080305320985,1,0.5468468870363291,0,0.48608137894581016,0,0.03282748031131377,0,0.035553331286882386,0,0.12430740467490525,0,0.2219580062126297,0,0.3381138071383877,0,0.3221530543363751,1,0.5772308325960638,0,0.49387002685435855,1,0.5205392604409318,0,0.027535825720610287,0,0.02051796782690482,0,0.1749955915705203,0,0.23553514251877256,0,0.40158662652030674,0,0.34,1,0.5336205555485742,1,0.5535646573644496,1,0.5379416971916973,0,0.01946946426949964,0,0.0023173823727122077,0,0.14282880404036757,0,0.029659845612035454,0,0.03719913813443119,0,0.14028393130230807,0,0.2160877268007605,0,0.3321112701381636,0,0.3313373315400297,0,0.025317901452844294,0,0.010108357104128165,0,0.2,0,0.026714548386970457,0,0.05715734784907931,0,0.226695637983327,0,0.22904875213972653,0,0.39829179945330245,0,0.3995241013071895,0,0.02046402915249865,0,0.0049984378715435965,0,0.152,0,0.025910017049017943,0,0.016547113842705612,0,0.17356915973878193
1_S10E02_372_u,0,0,0.44075418812366085,1,0.5537346631827195,0,0.49278707092561425,0,0.06524491904788264,0,0.10696475729204626,0,0.17194166889224274,1,0.7695928994062375,1,0.7473065546012846,1,0.7108410866593143,1,0.5522031395478274,0,0.4971649985255746,1,0.5682811409447396,0,0.0390518924099249,0,6.666388003915568e-05,0,0.28211775057439825,1,0.6678723774615842,1,0.6817468738150396,1,0.6315760622324103,0,0.43876975438226345,0,0.48702480847558577,0,0.4992148684648685,0,0.10769269601639048,0,0.004661583813055113,0,0.2657033726340207,0,0.05683986099564598,0,0.09658973107284352,0,0.20936382443264198,1,0.757511497332509,1,0.7237550157151542,1,0.7098791981111268,0,0.053778776321985626,0,0.00010312980848826,0,0.42,0,0.035995321752957166,0,0.02933775925445725,0,0.26455965929426295,1,0.6468705818375224,1,0.6056012175397474,1,0.559843715007245,0,0.08956415769544655,0,0.0028593256332143796,0,0.264,0,0.04732748854318133,0,6.952867362492066e-05,0,0.3128208232723217
1_S10E03_260_u,0,1,0.5195125046856329,1,0.5324655460858193,0,0.4927865538408115,0,0.1323695464118089,0,0.04008854612149274,0,0.27955858966804153,0,0.4003513026537208,0,0.37796360130131285,0,0.4677896060691152,0,0.35958746586581564,0,0.4282966535394282,0,0.2977181020216614,0,0.09842723549436302,0,0.15672115327036604,0,0.32979066136879887,0,0.37721888027369904,0,0.3173528907973958,0,0.4359782710829222,0,0.5,0,0.4831730974553344,1,0.5142031024531025,0,0.0682637579838656,0,5.2038363336841474e-05,0,0.3292524668480772,0,0.12860494589492888,0,0.03442739871309082,0,0.26500527968362964,0,0.3835814294080327,0,0.34383209102692147,0,0.4753629155175047,0,0.08001209293854328,0,0.009468114969605134,0,0.3398861788617886,0,0.09589079271329368,0,0.06420058662058874,0,0.3640312789212124,0,0.397876775531643,0,0.26751701914868126,1,0.5374515344448217,0,0.06588059116059597,0,5.049767748349138e-05,0,0.306,0,0.0793355158826604,0,0.008415093347098552,0,0.30891653853427475
1_S10E03_282_u,0,0,0.27455599261522934,0,0.12098874416591714,0,0.3944856421091782,0,0.009015264177106278,0,0.014262297710085893,0,0.09150057720057721,1,0.568047900349448,1,0.6290901733697865,1,0.509152190767197,1,0.6420788080171344,1,0.5808047464772124,0,0.3833139957903715,0,0.009136367710847844,0,2.9396027386172863e-05,0,0.13544266067483612,0,0.48516170528869523,0,0.2583363579627126,0,0.43,0,0.2915846531657153,0,0.1795539698684701,0,0.4394888167388167,0,0.02201988260367134,0,0.00012780512407933596,0,0.14860024235024233,0,0.01222054845072885,0,0.018496591374522975,0,0.0832060455647412,1,0.5724295738512474,1,0.6298981359191385,1,0.5051969717409819,0,0.03530214788099966,0,0.0005270304000914435,0,0.23333333333333334,0,0.010460445197494943,0,0.014763867775533486,0,0.17953775511075865,0,0.4919820592721746,0,0.32319379152112343,0,0.49262631339071794,0,0.02546184389189406,0,0.00031413542186826363,0,0.142,0,0.03936870409538735,0,0.0007401023140768616,0,0.1718604116529026
1_S10E03_311_u,0,1,0.8199174025293476,1,0.8471255286105109,1,0.6160285125637016,0,0.010659639648313774,0,0.024218462384301403,0,0.09772909089208708,1,0.5230080574900197,0,0.48617684333420735,0,0.47732245921832134,1,0.5565452856958877,0,0.4782216517067766,1,0.5499228905684664,0,0.11771765159578366,0,0.009653216654779329,0,0.14706178127471872,1,0.760112919992467,1,0.8614731408405452,1,0.5437853409119057,1,0.8288215060887725,1,0.8184052561635794,1,0.6693658008658008,0,0.0295069335787251,0,0.0001128037659542325,0,0.17465033537527985,0,0.01262408477858295,0,0.023742152240997,0,0.11836920073622202,1,0.5326284966092556,0,0.4786188133397528,0,0.4762884347320599,0,0.150115533701161,0,0.011392784592880578,0,0.30666666666666664,0,0.12214941655878686,0,0.14309033520948855,0,0.2671913032355021,1,0.7703731126506138,1,0.8549113912537865,1,0.503596350254305,0,0.033263437451295626,0,0.00013702596586875434,0,0.144,0,0.15306347678374085,0,0.013864376357893119,0,0.18526278073789385
1_S10E04_007_u,1,0,0.40073888037974925,0,0.42674611606656226,0,0.41822439499122405,1,0.8507274649691485,1,0.8838218930779693,1,0.6830329182154856,0,0.3753995313707494,1,0.5128028526670699,0,0.4244859902571961,1,0.5141783091596908,1,0.6345010575780654,1,0.6838544109338484,1,0.7643846804873942,1,0.9754696131541136,1,0.6125135549301228,0,0.3911327864308742,0,0.4844117624531889,0,0.4219373913043478,0,0.47991850444641193,1,0.6555538906551683,0,0.380653318903319,1,0.7768171624345406,1,0.9650547727097553,1,0.6312582250649035,1,0.8912577730614395,1,0.9164709655945904,1,0.7011677728804607,0,0.4141799521021949,1,0.6212535913409623,0,0.43468102665847347,1,0.6765312853721993,1,0.9925740559892965,1,0.56,1,0.80871810684456,1,0.7806670646316719,1,0.6085280931714575,0,0.3708210396147471,1,0.6231216004701876,0,0.3774815511020874,1,0.8055556506097722,1,0.989135816477637,1,0.6458981331647703,1,0.7221008068775023,1,0.9976735910598614,1,0.5773426640601512
1_S10E04_021_u,0,1,0.6805882132356873,1,0.5482354191464722,1,0.5843976357895712,0,0.010678653332127872,0,0.007926518369700902,0,0.07713248749316239,1,0.5122340830913487,0,0.38832204325087727,0,0.46051454864021746,0,0.5102278626649714,1,0.6918221344282863,0,0.4786567499125015,0,0.014976790947704448,0,0.00018405027842208845,0,0.13926475202741787,1,0.623505308159194,1,0.5687069314738092,1,0.539426695258028,1,0.7219670547457487,1,0.8062750425620453,0,0.4767539682539681,0,0.0073982697486615415,0,5.83040728706481e-05,0,0.09805102849220494,0,0.018839084363412972,0,0.010333968515722599,0,0.09382863432863431,1,0.5774802121792905,1,0.5997725901929727,1,0.5064836755488994,0,0.015128802806766222,0,0.00012704743230059826,0,0.25,0,0.020730024115426435,0,0.013281526234539289,0,0.20350842170901523,1,0.7244231329933587,1,0.8015524087989104,1,0.5501666740541766,0,0.01231661011999228,0,0.00015645141924387448,0,0.112,0,0.021203452115254522,0,0.000373510119651568,0,0.13569868355688067
1_S10E04_082_u,0,0,0.3786169080833089,0,0.2921025431857524,0,0.43355280896885545,0,0.11163219702289529,0,0.028045382589973786,0,0.21510332122369646,1,0.6609691748820996,1,0.5968497065904975,1,0.6933160178792158,1,0.5302104575114676,0,0.39824460046177407,0,0.28914737035918425,0,0.05265605051041098,0,0.00010048267144384645,0,0.23254943697230865,1,0.5599653903499608,0,0.3745889688953663,1,0.6054833097127902,0,0.3712467813272039,0,0.26999633548187363,0,0.41939849039849053,0,0.07270526783504976,0,4.945987724493736e-05,0,0.29524672047629524,0,0.0946034822813134,0,0.017798439650454106,0,0.22078533516561685,1,0.6486277777460591,1,0.5123556145472141,1,0.674909673345947,0,0.059489411555378735,0,0.00021254914431474592,0,0.33,0,0.0468454837778043,0,0.020955486282414823,0,0.2813581446352866,1,0.5871655686819949,0,0.37625008250192754,1,0.57553747468004,0,0.06431540361752806,0,2.563412685697003e-05,0,0.2939826086956522,0,0.05531846222059076,0,0.00012503913781783494,0,0.24968127178714414
1_S10E04_105_u,0,0,0.2949913866290149,0,0.17232296364276506,0,0.43295568633233855,0,0.06143137352101177,0,0.02888257480867445,0,0.22610251006303636,1,0.5474208211648794,1,0.7616167976674229,1,0.5630516216533334,0,0.48865488988283395,1,0.5438115197893952,1,0.5512662134277498,0,0.017257462863206292,0,1.6514020120650982e-06,0,0.21883955265644175,0,0.41440955863975226,0,0.232996320134731,0,0.4959416855278925,0,0.29130084575524207,0,0.19485190456296614,0,0.40461507936507934,0,0.09135152487353211,0,0.0005744269604845048,0,0.2787816664723768,0,0.06296118370573225,0,0.03342960808229188,0,0.2038491127608775,1,0.5569789480825942,1,0.757905419121359,1,0.6045381645693438,0,0.030311383543352298,0,3.2180797634879754e-06,0,0.36666666666666664,0,0.017178517286549084,0,0.010339766370842171,0,0.28896751737545157,0,0.4266655044430996,0,0.25551975107734565,0,0.4909937411484899,0,0.09721823911938474,0,0.0010413870653845241,0,0.28,0,0.031934004120583837,0,5.573233483019388e-06,0,0.2520338092640618
1_S10E04_158_u,0,1,0.5182533705953039,1,0.548505510339831,0,0.49377436701660327,0,0.2280875546854975,0,0.2315778295871722,0,0.36035797549737303,0,0.2800821573375288,1,0.5942048440128261,0,0.38342034929898816,1,0.5341800700216734,0,0.43799782688014693,0,0.26844012440970466,0,0.20401409538217877,0,0.06949744520504005,0,0.3666904795654822,0,0.23499238386671184,1,0.6382931457177048,0,0.39794794899410957,1,0.5153983635145416,1,0.590640569479394,0,0.44862515262515246,0,0.23428975016971912,1,0.9215274965488366,0,0.3539140341174527,0,0.23010665824231885,0,0.24253001627076465,0,0.35426402011403235,0,0.2882097977161858,1,0.5071722678664049,0,0.31659758078256545,0,0.16960244386472176,0,0.4754480220648511,0,0.39666666666666667,0,0.20288315113670238,0,0.1572766904568265,0,0.3999682869354803,0,0.25055107942890453,1,0.5989767557719015,0,0.3398340166634109,0,0.23768965729574548,1,0.9655565182056571,0,0.322,0,0.17237446695982617,1,0.6038784410361854,0,0.3464360332832121
1_S10E04_194_u,0,0,0.48407813691961304,0,0.2864051126862283,0,0.4622736192796667,0,0.15182681678041035,0,0.1279085605051579,0,0.22322342541338455,0,0.48158807396157444,1,0.5730769058996392,0,0.46550826483079744,0,0.4179090265982303,1,0.6356599224715836,1,0.5477422463009362,0,0.07858251952326895,0,0.0015355805063710676,0,0.23839296499063192,0,0.4262169727290875,0,0.2167416151442414,0,0.4679887005649717,1,0.5277077197069118,0,0.4607707966555871,0,0.47966269841269843,0,0.2932626851648074,0,0.1570702162272866,0,0.2807677783117127,0,0.17797966968325707,0,0.22810086902245733,0,0.22808278259392736,0,0.4784165193723255,1,0.6690131999805173,0,0.47171395037145325,0,0.18238581079573982,0,0.02446875551252707,0,0.32,0,0.09306607644176201,0,0.19638066863668854,0,0.3555217479904238,0,0.5,0,0.33189136643472833,0,0.46865581014760316,0,0.3120100435857466,0,0.34505130034544174,0,0.258,0,0.20480323843161297,0,0.08554399174234135,0,0.2840289548505673
1_S10E04_238_u,0,0,0.3341077276774739,0,0.22601607469430998,1,0.5019968263381804,0,0.03397806049646905,0,0.02544670578718055,0,0.13734677045879576,0,0.43545790002919665,0,0.49852307395206746,1,0.5194352691606405,0,0.4738691064189076,1,0.5613086154239413,1,0.5342502402069302,0,0.016574722634597965,0,0.00023475868847283986,0,0.17484796751148873,0,0.33817258005333606,0,0.2143182647652501,0,0.4459600690448792,0,0.3447453080731363,0,0.295988684322392,0,0.48195202020202027,0,0.05860129684794379,0,0.004513275648986839,0,0.21868027829869946,0,0.03421613498646261,0,0.04429119306644707,0,0.1390656441832138,0,0.4269133112849368,1,0.5221456010429831,0,0.4629760015303867,0,0.04253375496504785,0,0.0005578440319275908,0,0.2833333333333333,0,0.016849120425518206,0,0.07477027969514975,0,0.21017476732791338,0,0.37885047119750453,0,0.27117890084485263,1,0.5024306661759163,0,0.06068233518046294,0,0.0056909747578540735,0,0.224,0,0.042090256222365216,0,0.000519086098345585,0,0.19820714477142526
1_S10E04_262_u,0,0,0.3337593296374671,0,0.2290012241534204,0,0.39491742378981187,0,0.13200107417895024,0,0.060188089530225274,0,0.19592376843350473,0,0.27350240096734296,0,0.24282476555707377,0,0.3063727611908997,1,0.516627963870383,1,0.7035579008809559,1,0.6344347575778728,0,0.0730128740315581,0,0.0032537310442784114,0,0.2239761218555948,0,0.25875963278113334,0,0.09084243493437442,0,0.3539577727299202,0,0.3731988883093058,0,0.4158332027870013,0,0.45276720501720513,0,0.06740301880616548,0,0.0024352603770181397,0,0.2172005669907696,0,0.14698328801751795,0,0.14735698464194907,0,0.2436315693762503,0,0.29527253072103743,0,0.4131457349384176,0,0.31052107750930674,0,0.0573459441706932,0,0.002050041480373889,0,0.3,0,0.08102940691387821,0,0.1357174819143671,0,0.29350215688856385,0,0.31427587512655436,0,0.17587128383214395,0,0.418021387251854,0,0.07139971967839329,0,0.002211108214261944,0,0.23596938775510204,0,0.062030871273841305,0,0.003083306775841711,0,0.21763263327577673
1_S10E04_398_u,0,0,0.3720390032297357,1,0.7773873614919433,0,0.454920900813146,0,0.05755727213030276,0,0.00660174691580549,0,0.19727196627975901,0,0.30473544786637374,0,0.2171070536591823,0,0.3813826727925627,1,0.5473166009180465,1,0.5079139528017502,0,0.4953611100082476,0,0.049655958888432564,0,0.0010534991263177371,0,0.229064570502548,0,0.23599821724127923,1,0.561331037643527,0,0.3619098736523514,0,0.3528062922953434,1,0.7543124867388693,1,0.5696951659451659,0,0.04813063703248868,0,5.741920576482406e-05,0,0.20069205714437005,0,0.04996890443005828,0,0.010057902205748566,0,0.20307320276090537,0,0.29688315556504574,0,0.24309315884830027,0,0.3510390921327792,0,0.031183476840145025,0,0.0003251930217619306,0,0.25666666666666665,0,0.045925655684693895,0,0.04359437280551669,0,0.3124620864800466,0,0.2928440150920651,1,0.5683631092692019,0,0.38872486461494027,0,0.04706792122980523,0,5.621411382613343e-05,0,0.226,0,0.02843539203765195,0,0.00027513054865761007,0,0.224332410130124
1_S10E04_403_u,0,1,0.772415463719309,1,0.8009073286194313,1,0.6450258172361378,0,0.02949151641727566,0,0.06829378843274654,0,0.244100906733978,1,0.5,1,0.626490815971065,1,0.5264482813205701,1,0.5971836780503053,0,0.4880243275585212,1,0.6014762787196596,0,0.18925515689244607,0,0.0001598202330273725,0,0.29462524694111136,1,0.6922983458608016,1,0.8096228615693628,1,0.5533936025046128,1,0.7924706781473382,1,0.8094626908224505,1,0.6161047008547008,0,0.13322554704355974,0,0.0015274443860321461,0,0.39726409908070387,0,0.03924426134160664,0,0.06918255169240844,0,0.23010232848444115,1,0.5,1,0.6294591108461095,1,0.5253762063994646,0,0.19150940820480153,0,0.0002868069762075353,0,0.39,0,0.19536305585860825,0,0.1076879233582994,0,0.3627993664196517,1,0.6154447353501323,1,0.8325029674509142,1,0.5591323154365742,0,0.14731842071980353,0,0.004707733014775942,0,0.32799111111111107,0,0.1966250209313796,0,0.00042398927050756773,0,0.3760590209459224
1_S10E05_079_u,0,1,0.6556033393029329,1,0.5557053743966498,1,0.5465628616968693,0,0.18720475143689425,0,0.22516145216822397,0,0.29682505701267825,0,0.3567323273279062,0,0.17762927991174057,0,0.382260844539834,0,0.26911679339859645,1,0.5937551730027021,0,0.4632938572644184,0,0.15501644899144917,0,0.008246220208853886,0,0.32189382620671786,0,0.33077821187181083,0,0.22983693570337918,0,0.4139887005649717,1,0.6950588488298367,1,0.6326454301250084,1,0.6222254689754689,0,0.15461755281128786,0,0.011884171248129446,0,0.31545012916257525,0,0.21710410687941123,0,0.3338914165234877,0,0.2797353730533714,0,0.36474575686544863,0,0.25140719239337067,0,0.4138779689178512,0,0.09705327313002758,0,0.002754350887567914,0,0.3633155080213904,0,0.1667462893418301,0,0.437924893321785,0,0.36207611290106373,0,0.30678338735482247,0,0.34154509242235787,0,0.4341419546015588,0,0.16248107234963832,0,0.023469684930556848,0,0.31797560975609757,0,0.10468031155657988,0,0.0063458802030878225,0,0.3171577408012658
1_S10E05_120_u,0,1,0.5510580422276635,0,0.48706115953649987,1,0.5035628471936386,0,0.17515269113726617,0,0.08102183381154118,0,0.3375561327561328,1,0.5581566116770782,1,0.6109522967867541,0,0.4404284211817935,1,0.5643467353590225,1,0.5647815885024362,1,0.764613020122877,0,0.06321993854781896,0,3.341275343541294e-05,0,0.3306067485655203,1,0.5204524178177632,1,0.5085149870435441,0,0.4947883720930233,1,0.5839856537607431,1,0.5490548473258876,1,0.5121244588744589,0,0.05322300871061661,0,0.0001287706984206468,0,0.3255984495568709,0,0.1739624641674616,0,0.11898582312971355,0,0.3123241812345585,1,0.5675753752190301,1,0.6465797548352471,0,0.497144906328301,0,0.040594682752809697,0,6.095597399515479e-05,0,0.39,0,0.06325831106114212,0,0.0578670715854965,0,0.34740465035882007,1,0.5893234039461098,1,0.5372310950078,0,0.4958260768751855,0,0.05090122204174749,0,0.00012601553969679698,0,0.342,0,0.04032305024260866,0,9.681564668005717e-05,0,0.33102683516320863
1_S10E05_288_u,1,0,0.3748193092389781,0,0.2929376884900249,0,0.46398783441832564,1,0.7726312832102404,1,0.6722564997767106,1,0.6289755618752642,1,0.6184385393426711,0,0.4627585747198988,1,0.6008400633290614,1,0.6876705328824995,1,0.5147589876680413,0,0.3983470532450075,1,0.5522060964458401,1,0.7125696293590392,1,0.625464980611176,0,0.5,0,0.23970532407342343,1,0.5517228135783611,0,0.37482651643468895,0,0.2904105649414244,0,0.46374134199134204,1,0.8213138402907079,1,0.802993237596944,1,0.6637201800552003,1,0.7386719089042166,1,0.7162533998808198,1,0.5950989312546977,1,0.5969268577829075,1,0.5095336218885947,1,0.5728334409159085,1,0.5988342798373645,0,0.4529048601412689,1,0.6265528455284552,1,0.5370893501175177,0,0.4651073851535516,1,0.6060514436354795,0,0.4787456637785587,0,0.25943558099626224,1,0.5157480007581277,1,0.8146906122211166,1,0.8911664454524859,1,0.6339244308828966,1,0.5833370683310763,0,0.42910776468979117,1,0.6323534147670777
1_S10E06_003_u,0,0,0.2738625778061857,0,0.30734518252608545,0,0.4458674871149181,0,0.05021469666274616,0,0.08371613487169036,0,0.26022579297332443,0,0.4703728858238185,0,0.49027909783284257,0,0.4648696982726113,1,0.5091998748803169,0,0.31203782682436015,0,0.32474777059639104,0,0.0717913084755975,0,0.0005508689379847048,0,0.3018200570523458,0,0.27973778128702986,0,0.1461559769000971,0,0.4778722964376591,0,0.23692029237281953,0,0.1301867875109865,0,0.3764574314574313,0,0.08871640572133735,0,0.017758908010936943,0,0.31775655195766833,0,0.03519681981269073,0,0.04727237660514806,0,0.2743702217247958,0,0.44423964674013033,0,0.3639431389015677,0,0.48032645466055934,0,0.03694290815204083,0,0.0006964710247321559,0,0.36,0,0.05948465360117602,0,0.021002896855002992,0,0.3282601605102876,0,0.26632456035850444,0,0.08637519216906202,0,0.4848693283050906,0,0.07641487311241692,0,0.0035642193724110824,0,0.288,0,0.03309690884284445,0,0.00024761859045987507,0,0.28282592746623547
1_S10E06_062_u,0,0,0.4765823730635211,0,0.46457812649881686,0,0.4937051019926431,0,0.06307980477782978,0,0.02260662936082068,0,0.2209224925271301,1,0.5851105304801573,0,0.4031752267351933,1,0.5291236936586656,0,0.39967715625028577,0,0.4395039940221532,0,0.29252661597472673,0,0.0474610918366586,0,1.0480765034683957e-05,0,0.25447931267723384,1,0.5643549066052681,0,0.4235202599189406,1,0.5246931059298815,0,0.43591851292635114,0,0.4501249879849067,1,0.58970670995671,0,0.05432648560338423,0,9.080252167734763e-05,0,0.26457254923711454,0,0.04682893856548722,0,0.01798083810709407,0,0.21648409533576787,1,0.5263946456288409,0,0.36112029386276684,1,0.5559570310467876,0,0.032139493182216324,0,7.39293228330935e-06,0,0.3998861788617886,0,0.041084103928587884,0,0.005350735296341148,0,0.3491031610187247,0,0.47367597861095506,0,0.38804500088765487,1,0.5211140561564834,0,0.0447797012434814,0,3.242205850558408e-05,0,0.284,0,0.02788922472903305,0,3.911072044167598e-06,0,0.28074093134899963
1_S10E06_091_u,0,1,0.7491531759234207,1,0.7694301968908782,1,0.6319968588638853,0,0.028833829099808566,0,0.04701396826876238,0,0.14547187676285286,1,0.619911405448216,0,0.4935187707552905,1,0.5432004468652368,0,0.4699265563779275,0,0.45929787473440853,0,0.4861598827709911,0,0.05543661483964725,0,0.011548113707965487,0,0.19239044077458833,1,0.7342586121253406,1,0.7744995258141205,1,0.6013515439937844,1,0.7604682868643674,1,0.7530300653017274,1,0.643054834054834,0,0.024742353628744756,0,0.0008209103651919543,0,0.14611083004601128,0,0.01959611776051458,0,0.036827773480611684,0,0.11683363428792876,1,0.5794315476665488,0,0.44543872561637055,1,0.5916618132487166,0,0.05712796887747923,0,0.010918074306866539,0,0.27666666666666667,0,0.048660995764899906,0,0.10282394752843554,0,0.2725593908788947,1,0.8006874642101401,1,0.751339819449616,1,0.5833237099116505,0,0.01828521885903002,0,0.00045974716530231425,0,0.174,0,0.049393112982547976,0,0.007202326937989027,0,0.18328789741846227
1_S10E06_166_u,0,1,0.5682313883277503,1,0.8851207122225977,1,0.5133246814639679,0,0.12861143857717475,0,0.02824474612354476,0,0.24209106451817747,1,0.7867306908678438,1,0.7837956635675508,1,0.7478802396247359,0,0.44733753245204194,0,0.438257685294636,0,0.3004832213381789,0,0.15045746036651916,0,0.10244058066884604,0,0.25325910518895123,1,0.8507461351009374,1,0.9170868287951381,1,0.6236450336335163,1,0.5249842274330012,1,0.8465296617177173,0,0.46211507936507934,0,0.1617765084107389,0,0.00015225361656606704,0,0.3275905601687963,0,0.11382749091947013,0,0.023490632294338863,0,0.21280521581027834,1,0.7651931277751036,1,0.7315583106355515,1,0.7253103024691715,0,0.23644590099948137,0,0.16658658704756976,0,0.41333333333333333,0,0.1338618698351085,0,0.1291919890885014,0,0.3303316436246179,1,0.8516695440192529,1,0.8858901107237086,1,0.6198148001562097,0,0.1431529675581121,0,7.369722721073221e-05,0,0.2759891304347826,0,0.21057193334885746,0,0.08630876160889557,0,0.33109952639253637
1_S10E06_255_u,0,0,0.4768248581807675,0,0.1675800204623199,1,0.5124322027793843,0,0.24538243979449448,0,0.0812223749261745,0,0.18615851370851366,1,0.7416640289812505,0,0.4435851087007535,1,0.6593094072453228,0,0.45741974314187867,0,0.4900411474290883,0,0.4137417684201635,0,0.09134752833051567,0,0.000402217132003677,0,0.26408414049431556,1,0.5569122081372423,0,0.12291298717170175,1,0.6019119435116527,0,0.4745603358036115,0,0.17960217381862334,1,0.5719256854256853,0,0.13528401343741245,0,0.021227706476667507,0,0.19762149554244415,0,0.21085889383377,0,0.07727559531966532,0,0.18835579917681589,1,0.7124852410406768,0,0.4286809390007338,1,0.6858457324611393,0,0.06058981592858492,0,0.00035770011206745175,0,0.37,0,0.08408440701139167,0,0.03134268701136317,0,0.3255039520975789,1,0.558105016171476,0,0.12260169408290433,1,0.6246971686365188,0,0.12227309049321496,0,0.01699772045392262,0,0.254,0,0.05796107562237743,0,0.00024853281983631113,0,0.2832917521537558
1_S10E07_069_u,1,1,0.5485929885525679,1,0.6261848827622177,1,0.5232381119456874,0,0.5,0,0.14896631588935907,0,0.46742470208465686,1,0.6332502910954216,1,0.6602281265846737,1,0.5706847956599002,0,0.4483014911492151,1,0.5137003692986899,0,0.4910297535637789,0,0.35133867433406485,0,0.4726948182590963,0,0.4995568684252093,1,0.6451028492349059,1,0.7105451331278153,1,0.6158054563324324,1,0.5734485285210076,1,0.6290421697471361,1,0.5653419913419914,0,0.21657381935093975,0,0.07296300239659853,1,0.5293392541624775,1,0.5086449547761727,0,0.15643783572300685,0,0.47498375394576364,1,0.6305007040057312,1,0.6912439788029601,1,0.5811678380387418,0,0.3127403354982761,1,0.6137402770167616,1,0.5433333333333333,0,0.3532331470925213,0,0.20653090940542643,0,0.48577069103838677,1,0.5172747495357345,1,0.72879877775831,1,0.626915793024306,0,0.2162821219561197,0,0.07114498094959941,1,0.5139800995024875,0,0.3103422500366272,1,0.569038647443093,1,0.5331033240392933
1_S10E07_110_u,1,1,0.5626330236598911,1,0.5879138343962954,1,0.5021785851223537,1,0.9651256583525772,1,0.8564016752293124,1,0.802591076293688,1,0.5550746623740072,0,0.49745325535454366,0,0.4437777810188147,0,0.5076779918912312,0,0.4805672972783083,1,0.5674386861816058,1,0.9735611878375111,1,0.9950070316965737,1,0.780360492219691,1,0.5601101388896302,1,0.5059507802884078,0,0.4835272657914894,1,0.5768442541570724,1,0.5855414040463937,1,0.5333567821067821,1,0.9797085060808552,1,0.9995340550399853,1,0.7544471251497201,1,0.9672146155770206,1,0.8393997815070832,1,0.7592023140004928,1,0.5388639665401768,0,0.4689148930044837,0,0.4588750379642588,1,0.980475589137289,1,0.9993251020530957,1,0.6698861788617886,1,0.9754393358396514,1,0.8844693890890216,1,0.7188182059388127,1,0.5411740379249652,0,0.47931357144830206,1,0.5074881913797848,1,0.9796035522014508,1,0.9997092469328505,1,0.7969073744823649,1,0.9807905682960376,1,0.9993693813065558,1,0.7238359595405681
1_S10E07_140_u,1,1,0.555566127752084,0,0.39636436364227223,1,0.5170598858021959,1,0.967164545497949,1,0.8079725345840292,1,0.8481748206434468,1,0.7029778790606779,1,0.6352253722070448,1,0.6981857451187521,0,0.47459256809895833,0,0.41361637302510407,1,0.5605729365895558,1,0.9667194312395764,1,0.9876001442323183,1,0.802863485172037,1,0.7838892442386851,1,0.5628113753506788,1,0.647566847642338,1,0.5263773954486456,0,0.35527602755299237,0,0.4956760461760461,1,0.9920708695260374,1,0.9846975697251253,1,0.8563415727883952,1,0.9615774207529558,1,0.787181623001373,1,0.8422498039853636,1,0.6685372298617415,1,0.5812273754204947,1,0.6526078678344595,1,0.9923126111890692,1,0.9963764658047672,1,0.8298266550522648,1,0.96108737388926,1,0.774514420743364,1,0.7210023415330236,1,0.7827993075174778,1,0.5141376674117503,1,0.6517145640299568,1,0.9914125571949378,1,0.9839361842754545,1,0.791935555290112,1,0.9916990627595134,1,0.9951613145459816,1,0.8091685909054099
1_S10E07_163_u,0,1,0.7947761534853435,1,0.9076390320162586,1,0.6755808759270435,0,0.017425983828816122,0,0.01120239519026754,0,0.09739753141595249,1,0.5976691596335098,1,0.5496522407007887,1,0.6056499054257569,0,0.5201179430920925,0,0.4947704604899839,0,0.44163346142839105,0,0.031079074065462762,0,8.988410425206126e-05,0,0.14740866161806396,1,0.8307394332479519,1,0.863717205532577,1,0.6436721008268792,1,0.8107207543984193,1,0.8898791311795365,1,0.6036958041958043,0,0.016945606782569074,0,3.594757819932073e-05,0,0.14278210199728525,0,0.016183845134739496,0,0.012548718836555447,0,0.08534323142752183,1,0.5801450068172932,1,0.5150800174802502,1,0.5636907998688317,0,0.05225918655935462,0,0.0003148645128398733,0,0.29,0,0.0305289806341808,0,0.05123608928180663,0,0.2220403589889366,1,0.8480380775869659,1,0.8438360576722702,1,0.6419035287651923,0,0.015678129396201723,0,3.791257610088361e-05,0,0.13,0,0.04994472223495203,0,0.0003842112537312035,0,0.1737123854397332
1_S10E07_187_u,0,1,0.5371943459747486,1,0.5080774880753851,1,0.5388802099367408,0,0.07265641930084601,0,0.10337126551888141,0,0.209059111212041,0,0.40641488998368436,0,0.41526916181863244,0,0.3862547702218335,0,0.41663118627895696,1,0.6396095641502098,0,0.4696672659594264,0,0.11212284677914007,0,0.005265667763329037,0,0.2213093926879923,0,0.4525277030360577,0,0.42637685951139587,0,0.44396208530805686,1,0.5496818259515759,1,0.6810927404018994,1,0.530436507936508,0,0.08196507332505061,0,0.0021320098514266135,0,0.24840096781525361,0,0.09595433866605044,0,0.14512371141963834,0,0.2276823860146141,0,0.45804391588606536,1,0.5140344261535544,0,0.45362109315391375,0,0.1051576277505171,0,0.006250421204745323,0,0.2833333333333333,0,0.12312615652005032,0,0.14745380228606222,0,0.28558380277197826,1,0.5648552728813587,1,0.5637719370905506,0,0.4914800537470321,0,0.10669589202399796,0,0.005788759662887008,0,0.21999000000000002,0,0.12137377626160452,0,0.016775663060897793,0,0.24018640301896144
1_S10E07_198_u,0,0,0.35378014475796693,0,0.15502518379197433,0,0.4015558859659507,0,0.07097793580840105,0,0.05184061288944856,0,0.1785327196523826,0,0.19966345963749915,0,0.1224139408634928,0,0.36388535022180385,1,0.5398415453217651,1,0.5704029487534524,1,0.6340845194816912,0,0.030810465735825913,0,0.00026806967768028175,0,0.19409132187286904,0,0.1905223398111132,0,0.05123211488611461,0,0.35994818652849747,0,0.36767372243801144,0,0.22956863727620436,0,0.41109523809523807,0,0.03461142875963344,0,9.654312025160724e-05,0,0.1684819760259054,0,0.07565956011501042,0,0.06409505149888639,0,0.17364751845567017,0,0.2167802971912786,0,0.1629943583242147,0,0.3516017854490381,0,0.022870812748825534,0,3.6249030288790584e-05,0,0.2866666666666667,0,0.03183976740389492,0,0.05966410580058289,0,0.23832169988125268,0,0.2504613056412691,0,0.08277773576889419,0,0.4252482185296022,0,0.03776377837990705,0,0.00013419735520317174,0,0.184,0,0.024855139313313783,0,7.438930642179618e-05,0,0.18822526332244863
1_S10E07_247_u,0,1,0.5333572946504183,1,0.5492069679534702,1,0.5639453351392649,0,0.024622678422903894,0,0.013269291909705178,0,0.08162665389758697,0,0.3135607611286082,0,0.36578066399565856,0,0.4441037487718764,1,0.5379605058533694,0,0.48804438966445013,1,0.5714325568847118,0,0.023937130761304427,0,0.002146231502124011,0,0.12415752884334806,0,0.4214965176351769,1,0.5451369130305682,0,0.4797246635403026,1,0.5613237474076286,1,0.5364654135938234,1,0.5592182539682539,0,0.01848993386622543,0,0.0010105922319265858,0,0.09785071450337625,0,0.01931005697923533,0,0.014003053461848738,0,0.08388747464403176,0,0.2975209478704045,0,0.3217137909970309,0,0.4555034339080914,0,0.019188073990625106,0,0.0030668856881517713,0,0.25,0,0.022377440966049326,0,0.031682317825238004,0,0.175460295378313,0,0.4461883352987746,1,0.5239135593657142,0,0.4656494580346328,0,0.015528909063455417,0,0.000488497935575123,0,0.086,0,0.018379767338405174,0,0.00181305616214982,0,0.09369915918472675
1_S10E07_267_u,0,0,0.44415737914820136,0,0.44846978650358227,0,0.49811714463366136,0,0.10627658220648621,0,0.024276225524145944,0,0.22054854291852077,1,0.6788523786644104,1,0.5465159930553446,1,0.6026931644439415,1,0.5474280208297182,1,0.5405930114225028,1,0.5809255019084313,0,0.07105572939790476,0,0.0006083293857527422,0,0.2321839663921173,1,0.644710262178688,1,0.5944351109364594,1,0.6278290453705103,0,0.45541973634461624,0,0.49303079217598633,1,0.512031746031746,0,0.07920071467915885,0,0.0026678854972645577,0,0.2529559962841361,0,0.12105259465122428,0,0.031448984555330226,0,0.2120596843243902,1,0.6896626211485528,1,0.5619560246555081,1,0.6809720054165704,0,0.10599560098492108,0,0.004229023486968302,0,0.43666666666666665,0,0.07611522494814313,0,0.01127379209862558,0,0.33060190055399347,1,0.5995290586509106,1,0.6022760421849599,1,0.6035186090323612,0,0.08608143821328167,0,0.005049632929388756,0,0.346,0,0.11369979765898068,0,0.0069713160028639,0,0.2861128122398327
1_S10E08_063_u,1,0,0.4732543595809003,0,0.429032986196725,1,0.5362637502371552,1,0.8045615921801266,1,0.5944297361900057,1,0.503544437576138,0,0.46914168432133685,0,0.4687325371730036,0,0.4984306709022756,0,0.4515240652521346,0,0.476969819134283,1,0.565275862206275,1,0.6689953313195783,1,0.9671585220588333,1,0.5146999809666181,0,0.48893624760601584,0,0.41064806225083716,0,0.4958640860951598,0,0.4514314781060981,0,0.3913174071524251,1,0.5285459262959263,1,0.6789943443603296,1,0.8507682065134148,1,0.5212665726930601,1,0.8122488500604198,1,0.6206542916313508,1,0.5002430256046143,0,0.4574251829191429,0,0.42405448263155415,1,0.5014288997752471,1,0.670912412015,1,0.9873578777067118,1,0.51,1,0.6567642685857701,1,0.6447215958842903,1,0.5255751177145851,0,0.4792470153363847,0,0.3814792758588442,1,0.540209031642614,1,0.6831379699411398,1,0.9313880403520001,1,0.50088,1,0.6723279145109913,1,0.9930094139941459,1,0.5200416305080614
1_S10E08_131_u,1,1,0.5783477194508243,1,0.71717078663575,1,0.5514981675370647,1,0.8204953390641498,1,0.6179330810681385,1,0.6441027138626795,1,0.494987191775609,1,0.6066953567611786,0,0.4484396026818387,1,0.5548893067999627,0,0.3834801076208987,0,0.38067149892826635,1,0.8034833733195954,1,0.8323400197657388,1,0.6510481470736745,1,0.5,1,0.5440633977034862,0,0.4596287800233243,1,0.5502013839986658,1,0.6182527735170541,0,0.4972009379509381,1,0.6035092359589392,1,0.958151661523432,1,0.666314598989244,1,0.8115821239069198,1,0.5910920523182999,1,0.6490085387987451,0,0.4848676700181387,1,0.535737614107917,0,0.4432455783620053,1,0.6669204311341378,1,0.6852462997862722,1,0.5733333333333334,1,0.7790610898762348,1,0.5874135518163363,1,0.6595763254752406,1,0.5186431399106669,0,0.4807415758514388,0,0.48571102678865186,1,0.6128193867597604,1,0.9681369457843597,1,0.6536185853116461,1,0.6696359821763317,1,0.7431682526632717,1,0.6463813122012095
1_S10E08_140_u,0,0,0.3136109931266744,0,0.3035268181620943,0,0.49825513201438415,0,0.06001339390531682,0,0.09554358985481998,0,0.14809032794231153,1,0.5273281865205346,1,0.5176608677069645,1,0.5227657824950662,1,0.5633282712047427,0,0.49498646950160985,1,0.6394703177344251,0,0.0261350920157027,0,0.000255342920521626,0,0.1879435969177302,0,0.4286415858231712,0,0.40673161134213776,1,0.5531168700027861,0,0.31020612884751136,0,0.30872579380327686,0,0.4285222832722833,0,0.03859362791238533,0,0.009035312510991959,0,0.16189313506052558,0,0.05727665652765213,0,0.08355729727954345,0,0.173160334370155,1,0.5435462044010388,0,0.4983442946261424,1,0.5554190662937859,0,0.01892602290140213,0,0.00030534321235534774,0,0.27655284552845527,0,0.025995758244100567,0,0.07785069353204303,0,0.23718746332230833,0,0.35024937864295735,0,0.4089772816500436,1,0.5621838589316783,0,0.0384460280898824,0,0.009245706649939501,0,0.188,0,0.01954912835943914,0,0.0004283532242075609,0,0.20518234961035756
1_S10E09_066_u,1,1,0.6043722343158854,0,0.4723621522229398,1,0.6086858603540058,1,0.940101484148514,1,0.9913170028204374,1,0.6418580405472232,1,0.606086165793776,1,0.5653828006913351,1,0.585139989875652,0,0.4450583819770945,1,0.6307817720824813,0,0.4657736222054544,1,0.8911876855585801,1,0.999618089160214,1,0.6552692369091782,1,0.5900863750233161,1,0.5980065603368737,1,0.6198310850513614,1,0.6696933674886457,1,0.6363467362063994,1,0.5594037906537906,1,0.8508044860225651,1,0.9999251109697386,1,0.6657590791192333,1,0.9517037907007361,1,0.99413687264941,1,0.6781368282965945,1,0.667382987543068,1,0.6420092956253797,1,0.6023568587824856,1,0.8479521839389144,1,0.999505236278815,1,0.5866333333333333,1,0.9046797770435234,1,0.9957079372498405,1,0.6215578511208165,1,0.5495801768181703,1,0.7135164673229535,1,0.5295887266705855,1,0.8664321787122772,1,0.9999706524955869,1,0.6276581331647704,1,0.8703366286185565,1,0.9997764799725795,1,0.6785496228119174
1_S10E09_081_u,0,1,0.5513589430177589,0,0.42669232430153115,1,0.563664596519544,0,0.10351732991438575,0,0.05310573398476759,0,0.23384689218590146,1,0.6649893283436588,0,0.48783310712587136,1,0.576044236643546,1,0.5423989476271168,1,0.566667862278865,1,0.719584006313393,0,0.10585875221073343,0,0.00015792934102452908,0,0.3257171254835465,1,0.6224759468887209,0,0.46401692900072106,1,0.5330990848315126,1,0.580609955245449,0,0.4904646373063992,0,0.46331204906204904,0,0.1300221463474664,0,0.0018321907630387308,0,0.3100001321498759,0,0.0951674330926463,0,0.05771828409639704,0,0.23084409490781307,1,0.6677671739234975,1,0.5527350924256259,1,0.554720579804549,0,0.10674267276015431,0,0.00020629559704436317,0,0.3566666666666667,0,0.10512253393418972,0,0.08317894692602106,0,0.32964353230145804,1,0.6732696280245887,1,0.5441334697735185,1,0.5664369060117809,0,0.13166743645637283,0,0.0019768757082166554,0,0.292,0,0.10881318652615506,0,0.0002758470896523662,0,0.3174081056902148
1_S10E09_100_u,0,0,0.47474750998846327,1,0.7336915122888973,1,0.5059485866601322,0,0.09339559792984603,0,0.06930277470017944,0,0.25817986747912125,1,0.5814741460204753,0,0.4473542792418575,1,0.5178652175391806,1,0.6010484863617895,0,0.3918987493647251,0,0.1659914680167898,0,0.12147906901297166,0,0.003124494351017092,0,0.3160929569205203,0,0.45362612710365335,1,0.6828700958419047,0,0.4957657542947355,0,0.4436851002484509,1,0.7499831942270625,0,0.4977857142857143,0,0.1586107815769868,0,0.0013306091556791896,0,0.3305208764681694,0,0.06984008279428047,0,0.04328447560244402,0,0.24905735128850046,1,0.5349726386078252,0,0.34935143294743487,0,0.47016895033305367,0,0.08714378907340867,0,0.0018715025013885246,0,0.38333333333333336,0,0.10624814088396392,0,0.049361206412593825,0,0.3431131936618806,0,0.3465720252516051,1,0.6763879708252527,1,0.5603665957958025,0,0.13899949234494738,0,0.0006568014666738368,0,0.298,0,0.07904083701629772,0,0.001057985867480462,0,0.32400346059637336
1_S10E09_169_u,0,1,0.5200023789829179,0,0.471129026314367,1,0.5290117513714137,0,0.02953744788198819,0,0.018875434095426833,0,0.1627546256607082,0,0.39524401613335125,0,0.48393338387231116,0,0.35836229642829154,1,0.5700158134148426,0,0.3920592769982812,1,0.5925313893192304,0,0.03498796098021483,0,3.004834550320115e-05,0,0.21366432690872048,0,0.42593333199692335,0,0.23168976505698957,0,0.43160682485395996,1,0.5,0,0.3694001895675457,0,0.49028560328560333,0,0.03504196679035414,0,1.2103693122871245e-05,0,0.1955082627681356,0,0.025843706086083808,0,0.013559029045300505,0,0.12321248196248198,0,0.3617385418761074,0,0.39896869740252344,0,0.398848959725127,0,0.049547095227665844,0,5.9326540849967386e-05,0,0.32654814814814814,0,0.030792107927989292,0,0.01068193024559961,0,0.25860664565237107,0,0.45290005349245555,0,0.21665142961342249,0,0.4588737150513063,0,0.029792045513497435,0,9.459931872071e-06,0,0.222,0,0.0437601356219948,0,3.975410796667016e-05,0,0.21410245077689222
1_S10E09_186_u,0,0,0.33859643145721696,0,0.2535659587368836,0,0.3454525325811231,0,0.039102919939930106,0,0.024955030993220634,0,0.1696140388904026,0,0.37679767151730675,0,0.42037936829209355,0,0.4499354078600605,0,0.4701736048058584,1,0.5191847131412183,0,0.12328251082251088,0,0.02281501950201922,0,1.0278129066763306e-06,0,0.18279826513076824,0,0.37094678039798057,0,0.19772381580252735,0,0.42374604727845877,0,0.3422909506572083,0,0.27743197499979766,0,0.39763442113442116,0,0.07218566144455879,0,2.701160286949769e-06,0,0.21813980113118053,0,0.03463245736705472,0,0.022710092476776786,0,0.12532607799640283,0,0.38359520525870805,0,0.4589847259316519,0,0.4662083942873809,0,0.053834179573502484,0,1.871365090241498e-07,0,0.33,0,0.02298697486873109,0,0.007248778050380617,0,0.24382144716754128,0,0.39542641019505553,0,0.2309578889031611,0,0.39477839169609025,0,0.06908788120975638,0,1.8011539506812299e-06,0,0.21198260869565216,0,0.052501319795839566,0,1.8373221541029747e-07,0,0.20740572522234552
1_S10E09_194_u,0,0,0.3389706800032055,0,0.15180616779766012,0,0.4682004714941838,0,0.3950063551671266,0,0.24530042385822448,0,0.2962483119291662,1,0.6115015654355915,1,0.6521970622343857,1,0.5561584478589245,1,0.526078580384004,1,0.5690660449662827,0,0.40853949056842276,0,0.1592024246072388,0,0.0011191205696453868,0,0.35593549279050335,1,0.5,0,0.20255500014098107,0,0.46103673059247124,0,0.36687293199025506,0,0.19545506947093413,0,0.4813214285714285,0,0.217554908027799,0,0.07239436901455207,0,0.34450738560797184,0,0.48093406928173876,0,0.3673969364776242,0,0.3286575278309715,1,0.5848052552652803,1,0.7127993759488738,1,0.511976629284605,0,0.16934020028073407,0,0.002118796888647835,0,0.3566666666666667,0,0.17482587830310872,0,0.10390311334485841,0,0.37851583994823085,0,0.4945862242433465,0,0.30521371796691055,1,0.5941459061800174,0,0.22879463073467798,0,0.14160542990162342,0,0.3429875776397515,0,0.1822899129359785,0,0.00565455606131758,0,0.3447679152342468
1_S10E09_258_u,1,0,0.4939337550786473,0,0.3525007004598973,1,0.5131142683590983,1,0.8450647348814952,1,0.6308146369662184,1,0.7698915912411303,1,0.5597660655624634,0,0.37420951666819785,1,0.5979720457130414,0,0.5146193770884716,1,0.517818982886638,0,0.38319575757121127,1,0.9233917953429844,1,0.9675482015532487,1,0.692174683514555,1,0.6085802309321976,0,0.29902976941903275,1,0.5395428410531425,0,0.48762223163704194,0,0.3153031186467629,0,0.4641522366522366,1,0.865040968813795,1,0.8468446541115927,1,0.7048176334974934,1,0.8588913427872483,1,0.6693619030384228,1,0.7643017645452058,1,0.5503427651519281,0,0.3905281438640112,1,0.5158944341245724,1,0.9285705856593179,1,0.9512787744442168,1,0.6833333333333333,1,0.9277090266042012,1,0.6598403019314525,1,0.7219227288508215,1,0.5862374940695725,0,0.28837383779173775,1,0.6119957874401717,1,0.8646468201468228,1,0.8880818445262889,1,0.7499139292237125,1,0.9293784972512716,1,0.9668275574772832,1,0.7167514419614924
1_S10E09_324_u,0,1,0.5694280037333274,0,0.40011805469031453,1,0.5263120479735225,0,0.09039959438930806,0,0.06580232942442407,0,0.19775297919874765,0,0.4035907625458416,0,0.4667179870092217,0,0.4999198216156163,0,0.4695994467018692,0,0.435571824317661,0,0.3434174363311723,0,0.06600233700528721,0,0.03992372788649047,0,0.22240567717887147,1,0.6663169497250949,1,0.5034405477177887,1,0.5019486607142857,1,0.5245511683214255,0,0.277218372438554,1,0.5798041125541125,0,0.05132511288326066,0,0.0298065254745342,0,0.2462328697583216,0,0.07442617093365284,0,0.06408058204633675,0,0.2042667267155641,0,0.3903163955884337,0,0.40300533596644983,0,0.44590671467789766,0,0.10416421117113532,0,0.07006230819008377,0,0.3433333333333333,0,0.06024942126721488,0,0.056053754391712673,0,0.3176782182294745,1,0.7449178915037916,0,0.38884448945200023,1,0.5626063339360816,0,0.05055975023673226,0,0.029757216278985005,0,0.218,0,0.09898959217605126,0,0.03929594836446861,0,0.2529803213368499
1_S10E10_090_u,0,1,0.5914143649286854,0,0.4385558160828149,1,0.513381874352579,0,0.027928992312862756,0,0.022630817241758822,0,0.07166327561327561,0,0.31524333310409836,0,0.42399359531515524,0,0.3830673037360073,1,0.5305935181891812,0,0.4534435229782807,0,0.47432587801650566,0,0.01897562176898431,0,0.0004209539530263625,0,0.10951524126190118,0,0.39938131595872606,0,0.3692511941927325,0,0.38389230769230764,1,0.5427847231928047,0,0.3746838618494328,1,0.5327899045399047,0,0.029293410904355693,0,0.00874853039380831,0,0.10649922854922857,0,0.027600764373337184,0,0.028647526167271977,0,0.0654147022019548,0,0.31831929022711214,0,0.38208158337406967,0,0.37633897104881486,0,0.026670067471102576,0,0.0003454346759954421,0,0.17333333333333334,0,0.01763335570866131,0,0.018226593289653533,0,0.1578980344303971,0,0.458720367865873,0,0.3342429276515712,0,0.41282076706144855,0,0.032348463537457635,0,0.014866982992163972,0,0.09,0,0.027770022473908588,0,0.00046783148969285103,0,0.11687864497916417
1_S10E10_158_u,0,0,0.4581785900095054,0,0.4191029373317633,1,0.5390896663393536,0,0.054947046678959,0,0.028560608415230716,0,0.148721145942694,0,0.3518342059135124,1,0.5215457353593312,0,0.3495603157327023,1,0.513421709592425,1,0.5654151133383114,1,0.5848790770525292,0,0.018698316529139107,0,2.634345790253695e-05,0,0.17869999796274202,0,0.3026002803551116,0,0.44603532864816897,0,0.3597285916250579,0,0.481401222280017,0,0.4576266422657824,0,0.49803174603174605,0,0.06654314736481441,0,0.04233410803442854,0,0.15502807488162731,0,0.06083318313626265,0,0.04959766730177037,0,0.13981313131313125,0,0.3488052237358243,1,0.5899657257326547,0,0.3927540135795735,0,0.02703582246291848,0,0.000736893456356528,0,0.2633333333333333,0,0.021023525951051905,0,0.019636320265932507,0,0.24276645854102305,0,0.2530108234516043,0,0.4575819165733328,0,0.47569220909614557,0,0.06626261673735477,0,0.06889395738425519,0,0.162,0,0.02772230288951284,0,0.0013654465577876032,0,0.20667423003976088
1_S10E10_269_u,1,1,0.5126509886893758,0,0.39728718309687805,0,0.49582995292369014,1,0.6898362677876405,1,0.7393559533855874,0,0.45984918226472504,1,0.6145778995746215,0,0.473718194942662,1,0.7207978779932201,1,0.5157216791419752,0,0.412627027152134,1,0.6384556800873672,0,0.3845806543877856,0,0.45910585728678727,0,0.45973447067667034,1,0.6633222866664504,0,0.36462062263599876,1,0.5712269886749368,1,0.5,0,0.3246868520143336,0,0.48777680652680644,1,0.7086253335003933,1,0.9810975112921497,1,0.5082713474122804,1,0.6297174634354095,1,0.6322303144262117,1,0.5148927475945559,1,0.5793092076342149,0,0.39342490981670575,1,0.6510646291038944,1,0.6068040526768201,1,0.611069070489564,1,0.5198446490689584,0,0.3436281567263574,0,0.3867877992537009,0,0.4953311400417927,1,0.6919821293862178,0,0.30665216152418534,1,0.6413152380910809,1,0.6481805562543755,1,0.9607434561447568,1,0.5239414474407909,1,0.5681050364881913,1,0.5500096837448782,1,0.5133357116234584
1_S10E10_376_u,0,0,0.48115044328550965,1,0.5483671950801544,0,0.4774035359070453,0,0.2669872878231218,0,0.11185783988333564,0,0.22343840134193185,0,0.4185962424961954,0,0.2949642416623531,0,0.38788238797500996,1,0.5506560286843303,0,0.36338170625959065,1,0.545505012372654,0,0.10671423428265259,0,0.19642103677985234,0,0.28636385339625686,0,0.3486297622799258,1,0.551412751676172,0,0.46570107822781287,0,0.44397879836684323,0,0.46788165305689905,0,0.40118650793650806,0,0.190311520686745,0,0.06824172379436205,0,0.2636364896993467,0,0.23259169365194507,0,0.06755311958049343,0,0.23110331193407727,0,0.39934366488112477,0,0.2169175284994502,0,0.39093474798416594,0,0.13555111506629033,0,0.14010417130217848,0,0.32666666666666666,0,0.0961882143870483,0,0.09960310968576624,0,0.32449540356143125,0,0.3847251854700804,1,0.5097369491743762,0,0.4025795544005699,0,0.17516293550340545,0,0.040535298066180954,0,0.2659518309984386,0,0.12711070884370082,0,0.08059533691742753,0,0.2871481050201714
1_S10E11_321_u,1,0,0.32950179454566697,0,0.39223440893297234,0,0.4648776802041931,1,0.8438751382925264,1,0.8301972792165586,1,0.6055740435561989,1,0.5723154039277646,1,0.6514622218504964,1,0.5598535696546627,0,0.4096706671857162,1,0.5019257364555298,0,0.3532027983446275,1,0.5265621665453306,1,0.9695420530164244,1,0.5741360191541561,1,0.5389802907303987,1,0.610388190462306,1,0.5336833370288997,0,0.3010292643868776,0,0.37600565801883135,0,0.42193894993894987,1,0.7858811060554222,1,0.9818098618942985,1,0.6254547017982756,1,0.872931864167197,1,0.8302880222467705,1,0.5957272688601446,1,0.5772667180107228,1,0.6418333265255446,1,0.5769376569212541,1,0.6406594924682573,1,0.8902058432334292,1,0.5533333333333333,1,0.5403194310314158,1,0.6299345469056983,1,0.5257656406604776,0,0.41302131756136745,1,0.5819236923545146,1,0.619810203950675,1,0.8306893650571446,1,0.9935224090443396,1,0.6342953700021547,1,0.64833935777956,1,0.9106463734011824,1,0.5944920915821049
1_S10E12_115_u,1,1,0.6569948867834227,1,0.6537679751791375,1,0.5590819431755797,1,0.746683459743224,1,0.8862538074352525,1,0.6779159077233217,0,0.27200827222439333,0,0.3028174889768544,0,0.31211159527065907,0,0.37425115881274085,0,0.2810464952005195,0,0.2663204437459023,1,0.8515586634732916,1,0.9975465420431469,1,0.6476490770940271,0,0.33344701858946735,0,0.34521258464526566,0,0.3873677979900574,1,0.5874509654772898,1,0.5136993907885247,1,0.5922557720057721,1,0.5117201224961971,1,0.8718479625122332,1,0.5565577193746037,1,0.6766683248651414,1,0.8554647172033641,1,0.6383872476053147,0,0.23113003642537597,0,0.211900281906097,0,0.3074394463670939,1,0.6630072082883955,1,0.9309108506332947,1,0.5399821746880571,1,0.8135278627128724,1,0.8952450799118208,1,0.6284121901909486,0,0.33256953790930294,0,0.254846609478905,0,0.38308137785923413,0,0.48329556683212643,1,0.6956249928495111,1,0.5199205838217433,1,0.6304107230456342,1,0.8708637082227734,1,0.5444984780033933
1_S10E13_135_u,1,1,0.6667922464434995,0,0.40567997575550446,0,0.458169392659061,1,0.9744824621170183,1,0.94921312384095,1,0.7181532004488501,0,0.4726304436116019,1,0.5330269691543783,0,0.4827073846410616,0,0.47644774585068567,0,0.4474606253919515,0,0.49873809936651287,1,0.8781804328226269,1,0.9999278215224888,1,0.6608261293888308,1,0.6817591956298238,1,0.5482047226289005,1,0.555291602429387,1,0.6728665884893655,0,0.3778771045751952,0,0.4422099567099568,1,0.8489208187121996,1,0.9996089950947609,1,0.6775940550379854,1,0.9766171178540769,1,0.9487943981531699,1,0.673528448756134,0,0.46574400909072045,0,0.47191570534117805,1,0.5593246040572708,1,0.9099722447133414,1,0.9997771451501569,1,0.5833333333333334,1,0.8779409856357335,1,0.8655861188911456,1,0.6597881369054517,1,0.7193047455760809,1,0.5078391907104467,1,0.5347030174988087,1,0.8510252943838762,1,0.999698285594087,1,0.6555681384214801,1,0.911057755263261,1,0.9998505897981813,1,0.6291079005124367
1_S10E14_056_u,1,1,0.5778655513535527,1,0.5913925307303696,1,0.5342661780418133,1,0.8037083160331756,1,0.9331103020186307,1,0.7607602914785395,1,0.727276887629543,1,0.6606762869759425,1,0.7932735150817576,1,0.5191016831269455,0,0.4978148831943362,1,0.5964484955889081,1,0.9349926484831358,1,0.9992803488582824,1,0.734993682220677,1,0.7267391512993696,1,0.775108471358657,1,0.6427747791157107,1,0.5924126358459607,1,0.6418119673400121,1,0.5279852092352094,1,0.93408129677847,1,0.9962586423575721,1,0.7505913768229278,1,0.8170057200606369,1,0.9387979575046104,1,0.7349821454059697,1,0.7261570278378011,1,0.6317915776463162,1,0.7413193446857997,1,0.9723790140907053,1,0.9997925580044166,1,0.69,1,0.9394076096218565,1,0.9837590036617655,1,0.6748244975058867,1,0.7991907358943914,1,0.7661612838054614,1,0.6757204831290374,1,0.9350124162802216,1,0.9955147469608001,1,0.7377158845773546,1,0.9739192149684828,1,0.9998105143171474,1,0.6939292280451224
1_S10E14_094_u,1,1,0.6122802471726632,1,0.8153232816848358,1,0.5058727095556916,1,0.9316056991263756,1,0.868117861869957,1,0.8011884260308858,0,0.4196192367749104,1,0.5181339524004586,0,0.3895770086714209,1,0.5284887486469059,0,0.44977495221682445,0,0.39112937395453606,1,0.9248582535223348,1,0.9990049655409866,1,0.7414082129863884,1,0.5064362972591975,1,0.8050211249828203,0,0.4876533772609121,1,0.58193696434121,1,0.7806587127185706,1,0.5321452991452993,1,0.9465469735484121,1,0.9996400612559846,1,0.6901841946919213,1,0.9278144915642901,1,0.8480708358527722,1,0.7588255521669771,0,0.4090222972332071,0,0.4817250557399956,0,0.3799758826792138,1,0.9308831992420478,1,0.999714892511671,1,0.6266666666666667,1,0.9221566705921107,1,0.9655743457861473,1,0.6708633703003729,1,0.5320494228569148,1,0.806716234607682,0,0.43517802671027106,1,0.945193901302974,1,0.9995218875894536,1,0.6139443406841899,1,0.9287342076172135,1,0.9994768134884892,1,0.6635915012109765
1_S10E14_476_u,1,1,0.5301042931489772,1,0.7166138293374013,1,0.5262856245593343,1,0.808043274176258,1,0.6675075172226107,1,0.5936540053223914,1,0.5766326828950451,1,0.8066740997332175,1,0.5816981064900765,1,0.5608317671175963,1,0.5195353869818294,1,0.6881368614881266,1,0.7347570740090998,1,0.9961788795772828,1,0.5891368448993956,1,0.7110213843469494,1,0.8595442545430733,1,0.5974045676179712,1,0.5301195536931907,1,0.7201329843223157,1,0.5241587301587302,1,0.7910513224979376,1,0.9995647562560194,1,0.5504335409423075,1,0.8316304557657842,1,0.7475221704573108,1,0.6487440030478947,1,0.5835368306300303,1,0.8128991407059354,1,0.6235910434783396,1,0.8344335345576592,1,0.9997411970295406,1,0.5466666666666666,1,0.7469582050644982,1,0.8596992305141875,1,0.5533348574708847,1,0.6376935581900204,1,0.8755251272509638,1,0.5575349337902719,1,0.8032925017905798,1,0.9995589611823031,1,0.5819285413280356,1,0.8458529580051968,1,0.9998230996407592,1,0.5719386028084122
1_S10E16_009_u,1,1,0.5563823873074502,1,0.6290716496805528,1,0.5145760178427545,1,0.973960937774171,1,0.922208532975502,1,0.8295735516876737,0,0.39444166090687405,0,0.4829942668005548,0,0.4670724863590245,1,0.5801731075209525,1,0.5493649998376419,1,0.6676921263652882,1,0.9541983839249024,1,0.9648576200904581,1,0.776967262594553,1,0.5546633401918865,1,0.6302319772738871,0,0.479790161183435,1,0.5850363264332739,1,0.6796205402766798,1,0.5487038239538239,1,0.9371180053747654,1,0.9980956153077281,1,0.7538922139128974,1,0.9805465435682194,1,0.9260420748291118,1,0.8190096225119088,0,0.4231683160453444,1,0.5188371250614029,1,0.5266670277292059,1,0.9344657495607828,1,0.9282948551030569,1,0.6366666666666667,1,0.9606992086868235,1,0.9335646619841039,1,0.7343867027696833,1,0.591959146379063,1,0.6771049310121815,0,0.49478735701196486,1,0.9414900796740736,1,0.9986215456486983,1,0.7377968127964116,1,0.9421433612906999,1,0.9511333846399086,1,0.7440134588520718
1_S10E17_032_u,1,1,0.7475956617815123,1,0.7684066880877793,1,0.5633481127734038,1,0.8987728253151226,1,0.9213787570022086,1,0.7384042889686948,0,0.47184338645015556,0,0.2893324160932174,1,0.504034859640857,0,0.40165749166520043,0,0.48342758356338184,0,0.42841466500637804,1,0.9635342482125719,1,0.999735427323737,1,0.7149776143439606,1,0.6827640433126078,1,0.7069192458639608,1,0.5698515198618308,1,0.751379440517124,1,0.716174056333194,1,0.5209087301587302,1,0.8823805035377624,1,0.9888886816580902,1,0.7075682198661472,1,0.8971380345472586,1,0.9332572964736544,1,0.7629288401274942,0,0.4602996514668213,0,0.2901825590455899,0,0.4644552502112251,1,0.9675782666063292,1,0.9994684455228555,1,0.66,1,0.9652295562656801,1,0.9855628240755447,1,0.6985710775404939,1,0.7052315945168176,1,0.7073406480897235,1,0.5211906271601243,1,0.8757713049101867,1,0.9908841580645704,1,0.7580562395673721,1,0.9681419624609221,1,0.9993757307152227,1,0.692053887614728
1_S10E17_096_u,1,1,0.6087530677007391,0,0.49846038363053546,1,0.5504724266454155,1,0.5210511435186935,1,0.6742817220535952,1,0.5723095033240255,0,0.4139898625334182,0,0.3442081725014995,0,0.4200845155788713,1,0.551002001587842,0,0.359744807530416,0,0.3907451098011282,1,0.7919757096180028,1,0.9642180323755193,1,0.5875104716564645,0,0.4332901093471782,0,0.3919973942678479,0,0.4535052912957788,1,0.5821689113495734,0,0.4494419809028379,1,0.5164599567099567,1,0.5867554048867025,1,0.658055702352456,1,0.5077954115304917,0,0.45601000227737987,1,0.5684649625081077,1,0.5122019734845922,0,0.36616014941257413,0,0.27187191919907816,0,0.41109307020795277,1,0.6533590322256138,1,0.8857352927719911,1,0.5265481481481481,1,0.7733679624818729,1,0.6936063199974599,1,0.5452600709448739,0,0.3852888779111433,0,0.36788315267629906,0,0.46011876976180544,1,0.5543329066082391,0,0.3895132390772773,1,0.589869153566747,1,0.6300588616152731,1,0.7445007037831752,1,0.5418392839562061
1_S10E17_125_u,1,1,0.6435749155995644,1,0.8112816305081139,1,0.5718880155775621,1,0.5166372114690513,0,0.3841266274170886,1,0.524341256005111,1,0.6855089118618904,1,0.583492020651876,1,0.6775465794093839,0,0.5050174208129031,0,0.45085327477238474,0,0.4371259384208692,1,0.6726079863206773,1,0.9160829259781934,1,0.5494043438628058,1,0.7304662170748977,1,0.7197469302547143,1,0.6476819916473385,1,0.6197761353660458,1,0.7421066386934125,1,0.5089629537129537,1,0.6584779948036036,1,0.5331024986537394,1,0.6063225374655395,0,0.4790819683309559,0,0.3261515096694909,1,0.5081063787927776,1,0.6752243247409704,1,0.5330277938927312,1,0.6731765012332337,1,0.7001982252763951,1,0.8991362433738049,1,0.58,1,0.6612113410801808,0,0.40108930793556413,1,0.5569958353772716,1,0.7391555943508609,1,0.6701633791288871,1,0.6463886288590421,1,0.6491653584688134,1,0.5199304352962557,1,0.574,1,0.6944324769835795,1,0.8331021632088995,1,0.5706518039512312
1_S10E17_287_u,1,0,0.3860570816803721,0,0.18589491165651054,0,0.4038108806609981,1,0.5278437648152692,1,0.6617569856032246,1,0.5845686057782528,1,0.6427725258490299,1,0.5633196324432436,1,0.6203356385055302,1,0.6341703037861903,1,0.6703209826255753,1,0.5229676554855583,1,0.5472029144236424,0,0.054070121665315996,1,0.5398395300792164,0,0.49495579047691496,0,0.2684251960562445,0,0.4778574239713774,0,0.4013255596784494,0,0.2733602390621726,0,0.44829725829725825,1,0.6540481610305465,1,0.6654594713945984,1,0.6124305441602083,1,0.6406492258179597,1,0.800167786489493,1,0.6055640327617859,1,0.6577948222344882,1,0.634786630114243,1,0.6029053442966384,1,0.6061482975424844,0,0.07104636073269216,1,0.513219512195122,1,0.5782968417320562,1,0.5647495838714435,1,0.5418946613052952,1,0.5641141855609185,0,0.343036205247902,0,0.4922002652864985,1,0.7085272354427788,1,0.8971054259958725,1,0.5539139292237125,1,0.6458108647997716,0,0.15078301709576095,1,0.5598238608334065
1_S10E18_164_u,1,0,0.5,1,0.7597727285289154,1,0.53109708641984,1,0.6883569124919615,1,0.5558640932871431,1,0.6039713707999661,1,0.7656027332812093,1,0.8193468816862247,1,0.7040750787367456,1,0.580252578751294,1,0.532867438327351,1,0.5929285234245041,1,0.5520177128513484,0,0.3552338972241841,1,0.5856012542532761,1,0.6353302071609579,1,0.8630105124186584,1,0.6157899496506455,0,0.48757199728995304,1,0.7554558906843376,1,0.5874654789654788,1,0.8243958819405215,1,0.6755897953129393,1,0.6661460056860738,1,0.6870771702662016,1,0.6191587545065534,1,0.6723493105970803,1,0.7665360264720205,1,0.8141964233654444,1,0.7316128523007127,1,0.6007737272888011,1,0.6211428379357163,1,0.6265528455284552,1,0.5445372356162541,1,0.6007729227717681,1,0.597896054002992,1,0.541145677411799,1,0.864045301361625,1,0.6671704836728735,1,0.8179985881972056,1,0.6331447811996664,1,0.6459519186947406,1,0.590821617733954,1,0.5188921160876083,1,0.6132053914523451
1_S10E18_266_u,1,1,0.6868371252191591,1,0.7864791320051969,1,0.5875634793767219,1,0.8267816612379327,1,0.7488214859410776,1,0.7147884935387034,0,0.2540218606784376,0,0.37428840653558426,0,0.41898955235215124,1,0.569612407235475,0,0.39149529251021087,0,0.34973738509021873,1,0.9278559353980568,1,0.9995909803501762,1,0.7050083941048653,0,0.32050544115633595,1,0.6266227796073651,0,0.46598863636363635,1,0.6585951114057467,1,0.5698784862029892,1,0.5568452380952381,1,0.6874872622568545,1,0.8778722932687217,1,0.6227054246994194,1,0.827738453105543,1,0.6814063965748567,1,0.7047890233575775,0,0.2571909083206009,0,0.3066921788042531,0,0.37066169541727756,1,0.7210675613931664,1,0.9860651696454099,1,0.5763952380952381,1,0.925157824249235,1,0.9677178610093214,1,0.6560722171834295,0,0.26201699795518935,0,0.4812493080971315,1,0.5564794246298351,1,0.6951106772419187,1,0.8337922131798091,1,0.6199340323285278,1,0.7187623778276416,1,0.9664644692701067,1,0.6661224049267774
1_S10E18_323_u,1,1,0.6743385080411333,1,0.8308309987196786,1,0.5390432174397392,1,0.629356639681285,0,0.4076019834344665,1,0.5404378100104236,1,0.7148025124065734,1,0.5869826618130095,1,0.7072636054183992,1,0.602890495039946,0,0.4731559207378634,1,0.5220148635760974,1,0.7971455550834812,1,0.9997662517187808,1,0.5518730830547933,1,0.8257417811874529,1,0.8736404340018213,1,0.6645918269918395,1,0.6647874332967172,1,0.820359981040194,0,0.47403571428571445,1,0.7645547832835077,0,0.4902806205291809,1,0.6286015077894108,1,0.6295980747420998,0,0.40608400382164617,1,0.5646365340206785,1,0.6828378935742347,1,0.5707190157107109,1,0.7253916944222983,1,0.936674082248844,1,0.999654311911912,1,0.57,1,0.7956913071827083,1,0.7881408902259586,1,0.5280195622753993,1,0.8137271058504533,1,0.8700891625212983,1,0.596355274559654,1,0.7506528172024702,0,0.39552730163245803,1,0.6279338297212249,1,0.931937505561497,1,0.9994838508688124,1,0.582084419943556
1_S10E18_391_u,1,1,0.7538314194730206,1,0.6397085546370685,1,0.6157709615078679,1,0.7388916139212711,1,0.8630524115149338,1,0.623921458595515,1,0.6136708067773567,1,0.6456882620284697,1,0.6257650532369005,0,0.4830414376048115,0,0.4617524522410978,0,0.37228419078004765,1,0.778346098532624,1,0.5610139812345478,1,0.6344737529735112,1,0.7941961707663239,1,0.7745106854143872,1,0.6706627046980392,1,0.7519809927505481,1,0.5686743689058161,1,0.6540847763347765,1,0.6610128811198829,1,0.8999763502756671,1,0.6218094552306664,1,0.7387953755520488,1,0.8421898621694539,1,0.5778323692965042,1,0.6151109065365881,1,0.5925058073348161,1,0.572630342761806,1,0.8147549158054147,1,0.8210767438652955,1,0.6132565807611297,1,0.7806540975517,1,0.8681492273305869,1,0.5690649206169747,1,0.8452489906014337,1,0.7341388571105176,1,0.628040288197446,1,0.6764557978953742,1,0.8765605548777314,1,0.5999676771422392,1,0.8173389177304586,1,0.7917436060833564,1,0.6005378014404854
1_S10E18_423_u,1,1,0.5372785446398528,0,0.44596980728142516,1,0.5121851370793268,1,0.7437063378561081,1,0.7906257561394496,1,0.6203542245678693,0,0.4509866266113073,0,0.4126909369134394,0,0.4811732633957467,0,0.43540551208898326,0,0.29766718311835677,0,0.37778527530047146,1,0.7499360701855609,1,0.9667201056621357,1,0.5392571001648699,0,0.4573160382843226,0,0.3850372577597222,0,0.4739211822660099,0,0.48032081065855975,0,0.32847790952151834,1,0.5706067821067821,1,0.7562550025350326,1,0.844494205550204,1,0.5635905122989326,1,0.6947430223269487,1,0.6412598402656892,1,0.5553916551166128,0,0.4092730451968845,0,0.2771138882799929,0,0.4595629288688511,1,0.7447259733646503,1,0.9517042209576111,1,0.5166666666666667,1,0.7254357577146385,1,0.7636542100850955,1,0.55248161019948,0,0.481138597665854,0,0.29741230795564877,0,0.487259904852361,1,0.737611124173914,1,0.7797209617248958,1,0.57,1,0.7308151686875095,1,0.9257038040839222,1,0.5655811925202296
1_S10E19_015_u,1,0,0.4667650651945059,1,0.7540858258330139,1,0.5167118086806729,1,0.7573745293041941,1,0.8239422910623863,1,0.6130295692436377,0,0.36234411123617366,0,0.4836336695151925,0,0.3946936260523891,1,0.5300968611398815,1,0.5525082657705006,1,0.6127724553518729,1,0.812529394799969,1,0.9999449561571736,1,0.6726900888017807,0,0.3289136125035156,1,0.8276863160388884,0,0.4358781624292304,0,0.4573115588154181,1,0.7622519196930695,1,0.5072467532467533,1,0.5625667232832436,1,0.9959613350979879,1,0.6044409407493604,1,0.7858678596832375,1,0.8743652448584268,1,0.6401075611360804,0,0.36628557962224395,1,0.5366012185882154,0,0.45335268670908685,1,0.7043253043945804,1,0.999849977053864,1,0.56,1,0.8198747921272893,1,0.9727027687323062,1,0.6067204304414201,0,0.32180015472951834,1,0.8399500842283439,0,0.4495151703446454,1,0.5748973814249292,1,0.9982719028676051,1,0.5859743887384151,1,0.7137649144397873,1,0.9998890014479298,1,0.5681161771677341
1_S10E19_252_u,1,1,0.6171959244879194,1,0.7984065532969765,1,0.5893139819228823,1,0.9720297908882493,1,0.9446597236694606,1,0.7231795976549343,1,0.6120250938423168,1,0.5912307167347514,1,0.619003488102675,0,0.5,0,0.44100368369686715,0,0.441027817789983,1,0.9831578078159281,1,0.9999649881814322,1,0.7810409060817727,1,0.7068207203379477,1,0.7832896624638418,1,0.5919678460399703,1,0.54527962917408,1,0.7846892087135994,1,0.568588023088023,1,0.9744257403523001,1,0.9999811435961872,1,0.7210554402533056,1,0.9730289427819341,1,0.9581287658323723,1,0.7268632736648498,1,0.5923442555830744,1,0.5682659659776029,1,0.58437984309494,1,0.9833927219504125,1,0.9999774761073833,1,0.6666666666666666,1,0.9789596580205117,1,0.9916671280463064,1,0.6970549826036946,1,0.5801517335727123,1,0.7673893008993478,1,0.576156275813033,1,0.9736159302497397,1,0.9999737777613334,1,0.6798109980470757,1,0.9820380179507078,1,0.9999685424506112,1,0.7269835964972603
1_S10E21_151_u,1,0,0.27677189795524265,0,0.23527911091068257,0,0.4175282225592567,1,0.7596127325284955,1,0.7569797905829082,1,0.6473980458719271,1,0.6097338834551622,1,0.6025030881719321,1,0.5790888531785122,0,0.4135050530730983,0,0.3318524459632244,0,0.15477044150256236,1,0.6499700730055207,0,0.10908925620229411,1,0.6095530477627723,0,0.4264684795398477,0,0.3400563542592872,1,0.5178895766675039,0,0.24775514967505888,0,0.1487270417775726,0,0.4131915445665446,1,0.6936750957372574,1,0.5187354727920646,1,0.6654238207205591,1,0.7144776411432977,1,0.6665373823464987,1,0.6599141348096336,1,0.5857154882303517,0,0.4580737961503228,1,0.5897804683155412,1,0.5299856471922639,0,0.26606315453922263,1,0.6,1,0.6203576747289299,1,0.5930335108903879,1,0.5511795590776261,0,0.3685570642453539,0,0.2512529673286976,0,0.49282203873658903,1,0.6778590039834859,0,0.38184175330166975,1,0.7099275346621966,1,0.5148696197662095,0,0.21177375926426267,1,0.6538898192133824
1_S10E23_165_u,1,1,0.756975750169847,0,0.47164780463541334,1,0.5307136044336032,1,0.5807997767869226,1,0.6382214193840867,1,0.5493510218493581,0,0.46805132458157056,0,0.42298542150452423,1,0.5045700971928603,0,0.426131344889834,0,0.43756283211293295,0,0.3154524086916749,1,0.644813920583729,1,0.7526738052597097,1,0.5811284408157901,1,0.6792081278901605,0,0.3101612859204469,1,0.5556561640759282,1,0.7646204612247534,0,0.3989085362100385,1,0.5349315684315684,0,0.46993888113720517,1,0.5683742371303766,1,0.633334200040358,1,0.563746195855223,1,0.5589583109506624,1,0.5617428969400333,0,0.4591250648011354,0,0.38610814940407423,0,0.47640648065889857,1,0.7061004723186451,0,0.43542538344298465,1,0.5033333333333333,1,0.6457634997851276,1,0.5752461505433948,1,0.5343087828163516,1,0.7019721317142105,0,0.23483837875159588,1,0.518188652054774,0,0.47368954388264173,0,0.47900826895133475,1,0.5518240323285276,1,0.6998425158781678,0,0.3369375305751671,1,0.5403948267272879
1_S11E01_100_u,0,0,0.24597394052309915,0,0.0609533509199523,0,0.4540137364633427,0,0.023057323938257216,0,0.02113517707390265,0,0.13667150056956204,1,0.6366831588400295,1,0.6574034629291654,1,0.5783624202958476,0,0.47319919438725505,0,0.4671088484425741,0,0.41378904829450724,0,0.012757021632308945,0,3.867753417691646e-05,0,0.16038729122959935,0,0.4332122549926469,0,0.1107674646555153,1,0.5317846957476634,0,0.25557713860636316,0,0.0503548106157017,0,0.4957768620268621,0,0.03344947626228892,0,0.0001755400972477906,0,0.19274615735625497,0,0.017719852375427787,0,0.01926903971618206,0,0.09231671168894301,1,0.6170117307493465,1,0.5750429330895797,1,0.5457820355694409,0,0.01729800980116283,0,2.2885424262212305e-05,0,0.33,0,0.01100885904088091,0,0.0059722736175732045,0,0.25889799515021855,0,0.36509613169415656,0,0.10064685491711868,1,0.5252980987026485,0,0.027370374856416888,0,9.433684777699784e-05,0,0.19,0,0.015261729815981936,0,1.5827594986458332e-05,0,0.24975593809453486
1_S11E01_222_u,0,0,0.2837621869048728,1,0.5930980261345714,0,0.47302898368683327,0,0.009396755933912053,0,0.030141436246438624,0,0.127361519445604,1,0.6643087165162239,1,0.5807916390077171,1,0.6054800610298465,0,0.44395128565114883,0,0.4417167807470499,0,0.3210127354826476,0,0.02303326938686191,0,0.00021113086699733435,0,0.19815240954468832,0,0.47564068769542134,1,0.5848147100077234,1,0.5274361855745491,0,0.2670907834256309,1,0.5327359012682451,0,0.36604906204906207,0,0.017601967551629627,0,4.2031350962358274e-05,0,0.14879120461865028,0,0.007490730977870154,0,0.022609077768890765,0,0.13464454064454057,1,0.6493532548619589,1,0.5366366184572179,1,0.5765575535932795,0,0.025783270549813195,0,4.479943376421308e-05,0,0.2833333333333333,0,0.020733410428038043,0,0.038468259392008264,0,0.26847662303394826,0,0.45602653500273677,1,0.5829268783891034,0,0.4863950428577612,0,0.01627837605313675,0,3.389286061255694e-05,0,0.126,0,0.024616233986309806,0,4.264150242981117e-05,0,0.2052164691091037
1_S11E01_337_u,0,0,0.15092643599051359,0,0.07834164063981255,0,0.2990458360740724,0,0.06893739875413868,0,0.04521176146917168,0,0.2048140658455903,0,0.40558757094142384,0,0.43926770654429603,0,0.39202221996962955,1,0.5468814263543024,0,0.4514744637597368,1,0.5381612156397242,0,0.016024276818691847,0,0.004089378199425856,0,0.2675800463442864,0,0.2901981695896173,0,0.13344322242946816,0,0.392,0,0.13938781011344598,0,0.07320424935394493,0,0.35129184704184696,0,0.12095221985386298,0,0.003225629115915115,0,0.23346426608405058,0,0.05911270842949695,0,0.04367324468834065,0,0.23228710991393128,0,0.3849834711263153,0,0.39351851938516036,0,0.41819166864570817,0,0.06626854200417605,0,0.007635573387429352,0,0.26,0,0.014065422435700092,0,0.023861547174441947,0,0.2627585987234481,0,0.3221713368010304,0,0.11679071377188768,0,0.3519055470502945,0,0.11320607029525258,0,0.003843112406313464,0,0.278,0,0.06012152194240154,0,0.003744378365786816,0,0.2885235256357944
1_S11E01_400_u,1,1,0.6446385874777307,1,0.6167632553738668,1,0.5459982494146646,1,0.749243717028122,1,0.764572294211105,1,0.7487985337494225,0,0.3275199526843289,0,0.46343275982239884,0,0.34440251895257556,1,0.5428653373141784,0,0.31447388328563214,1,0.5050438355582313,1,0.8471612738236712,1,0.8931371574249763,1,0.7014596365976956,0,0.4269789649642143,0,0.4654638207354711,0,0.46179861902325503,1,0.6039211284070946,0,0.3943664753199974,1,0.5687950937950939,1,0.7145608259843135,1,0.6811895058694395,1,0.6795136491279891,1,0.6871283557895882,1,0.6430819267368001,1,0.7648960875106725,0,0.28859031844937005,0,0.35326153784694925,0,0.38795905299925426,1,0.6883746513695057,1,0.8507230712451413,1,0.5833333333333334,1,0.8222468164278155,1,0.6403649894389197,1,0.6479222617017317,0,0.41197636724073616,0,0.32517909136344675,0,0.4576245585107676,1,0.6999805750932432,1,0.6076405617428667,1,0.6873793337377757,1,0.6656153151758208,1,0.7341223383564536,1,0.671100767625758
1_S11E02_008_u,0,0,0.31426204631041127,0,0.3305425835542761,0,0.38366221746432844,0,0.01147832191204258,0,0.01581828746868423,0,0.057506784877717945,0,0.29576123129092086,0,0.4276675898596599,0,0.35541611578869226,0,0.5,0,0.4941732325233603,1,0.5263833931393735,0,0.007749128342938073,0,0.00534681444221441,0,0.07261181836290193,0,0.23806385037773542,0,0.3114381200060692,0,0.32789312977099233,0,0.30833951090161665,0,0.33564926027076114,0,0.3995860805860806,0,0.018344780588237315,0,0.0003264223754638843,0,0.12030694369312384,0,0.011175992299025802,0,0.017484959368408843,0,0.08193167152870087,0,0.3195434034586734,0,0.42430076314773446,0,0.3557070692042985,0,0.011426761686576683,0,0.0014179361604028256,0,0.19,0,0.0073683202467816015,0,0.024542853561655482,0,0.15336598063015583,0,0.19605463406580337,0,0.3342125104962601,0,0.3420795936949188,0,0.0194522266372464,0,0.0003743050907535318,0,0.108,0,0.011517449744083417,0,0.0011202778364084519,0,0.15014394373590337
1_S11E02_049_u,0,1,0.6050671078034735,0,0.47507608102549614,1,0.5356454488178154,0,0.3823106636227458,0,0.3638432396048416,0,0.3530432022472589,1,0.6327313423072851,1,0.5089109982641193,1,0.6246715826679973,1,0.5128610348729912,0,0.45284888804723333,0,0.49713313936203096,0,0.18586832672774486,0,0.013120226454802686,0,0.3975384417481045,1,0.6073981801217694,0,0.46917086777634115,1,0.5532666333374099,1,0.6023055538232486,0,0.4433989044544983,1,0.5237539682539681,0,0.25962443866958274,0,0.039601738192340544,0,0.30971069348588187,0,0.3682042417418536,0,0.40901949303454344,0,0.31047016037633346,1,0.5973918378984412,0,0.45130141124728645,1,0.6201914019124007,0,0.19073970399804216,0,0.008017996890765499,0,0.4432148148148148,0,0.18060490556879485,0,0.2556669901407588,0,0.3774537852872631,1,0.7643313747040011,0,0.4675547119733114,1,0.580664916443922,0,0.2464107385811177,0,0.03358435859877641,0,0.3849676771422391,0,0.1797267080247863,0,0.00818297593557748,0,0.3727174495902491
1_S11E02_127_u,0,0,0.4320490187888361,1,0.5365380095399257,0,0.4473185256753652,0,0.10262619154883477,0,0.22666608323467402,0,0.19239537944134716,1,0.5227805760269273,1,0.5052543220254775,1,0.5374049983069423,0,0.4712390783875368,0,0.43794371923467273,0,0.32014828314044314,0,0.15393263833425627,0,0.003743321843730748,0,0.27777206339649846,0,0.452838951138247,1,0.5379920026318747,0,0.4834803921568628,0,0.4151210552220665,1,0.5535727897156975,0,0.47810317460317475,0,0.14264984956358998,0,0.009415316570693087,0,0.25859567062611605,0,0.06784820638684813,0,0.19200698349656206,0,0.1944016747625747,1,0.5102382360351722,0,0.41289153473577145,0,0.4263176509360088,0,0.17402358280675242,0,0.004287449769912616,0,0.31333333333333335,0,0.14900777905810197,0,0.1014298660893693,0,0.2563758800905176,0,0.43777956674064844,1,0.5500317408388838,0,0.48375874366842403,0,0.12686880667221404,0,0.003215683241026872,0,0.24196621484555095,0,0.16358927310117982,0,0.003681666985270982,0,0.29371424184623873
1_S11E02_205_u,0,0,0.30283173668617736,0,0.1541136239705953,0,0.43018163168846596,0,0.034332165392741434,0,0.004283645579811067,0,0.19317204858680317,1,0.6421626337936075,1,0.7151925079540868,1,0.6507709411141528,0,0.5,1,0.6105816124665131,1,0.6280726067927475,0,0.03278058276489846,0,2.3133977994894897e-05,0,0.2344802260722449,1,0.6109329210663313,0,0.24527725813925777,1,0.5398898852350844,0,0.3181709652826224,0,0.20258797207855916,0,0.41315079365079366,0,0.0634975628830315,0,5.4275164547542785e-06,0,0.29018529158325024,0,0.04037126783851543,0,0.0071246227804008765,0,0.20472119359849422,1,0.6660307062983233,1,0.7641937751636861,1,0.638288340428995,0,0.06349540971638715,0,0.00020066528877974043,0,0.36333333333333334,0,0.03416894102516628,0,0.005072769023366063,0,0.2685293574556208,1,0.5646552934932996,0,0.3018616205366846,1,0.5529225960774415,0,0.06992184444619617,0,1.0575830694601701e-05,0,0.286,0,0.06873867502414802,0,0.0003337939633207213,0,0.29278068350644043
1_S11E03_006_u,0,0,0.5,0,0.47921941264986784,1,0.521667417239742,0,0.01825907937247311,0,0.01587098816053017,0,0.17405123960805993,0,0.4583317298042058,0,0.34781901738751053,0,0.4609810915615472,1,0.5886536470287763,0,0.3225771830574,0,0.40427450772356727,0,0.03291049149909728,0,0.0003475724031180318,0,0.20866453977653457,0,0.42288191037608797,0,0.4830311743702426,0,0.4559014147937481,0,0.46690340550981413,0,0.3399035967513689,1,0.5094072871572872,0,0.02179384695336064,0,0.00015658013036901167,0,0.23362832273463335,0,0.0113451680926347,0,0.008159922327559467,0,0.135967691929554,0,0.44160053134319915,0,0.26359198393898986,0,0.46126568852311084,0,0.020006281701614937,0,0.0003205482114058977,0,0.33666666666666667,0,0.028059027789622687,0,0.00654327158267248,0,0.2802463289917775,0,0.389629429580475,0,0.32159985663008633,0,0.44393007903447007,0,0.01890223382655599,0,5.7646352618540036e-05,0,0.20797560975609755,0,0.016824407264063326,0,0.0001389526619195113,0,0.2050074844451504
1_S11E03_169_u,0,1,0.5670488099557992,1,0.5887668151431713,1,0.5247763193697005,0,0.0945942964524121,0,0.17227637695385586,0,0.2392275944362152,0,0.4013447704628653,0,0.35338078939429823,0,0.4355151672019841,0,0.41883873380243614,0,0.4530928883722066,0,0.4311489458049631,0,0.06661350269029641,0,0.0031750289884024513,0,0.2611092666609638,0,0.49088350484046006,1,0.5588633405859014,0,0.4419888888888889,1,0.5526935446648954,1,0.5305614880955106,0,0.44776898101898105,0,0.0725489118250689,0,0.011993988209043582,0,0.2935288303482038,0,0.07711915016094,0,0.1523857460902032,0,0.2538867431284962,0,0.3926130810444248,0,0.3379215594187669,0,0.41865799948491406,0,0.06723234645634055,0,0.010531551038956284,0,0.2866666666666667,0,0.061408482637582265,0,0.18849141061036417,0,0.3080281939316677,0,0.4421474696978212,1,0.523229220213641,0,0.4003443714938951,0,0.06629622813670154,0,0.006336412680641186,0,0.268,0,0.06311930006140654,0,0.007807496640239444,0,0.3047026220863776
1_S11E03_220_u,0,1,0.5223886721144451,1,0.7282566394920185,0,0.4445216071262885,0,0.037322560588006704,0,0.011564824394361252,0,0.1425737541594907,1,0.541734315394687,0,0.3284454192342135,1,0.5061617146788,0,0.47582167580573315,0,0.27175930122113306,0,0.22654935288251082,0,0.029532174094972236,0,0.005451211929731087,0,0.20037058365287036,0,0.4780211753295981,1,0.5268727316739581,0,0.4613987151221431,0,0.4761298282616124,1,0.5531307197038731,0,0.4444047619047619,0,0.031211525123952,0,0.00012845196859580628,0,0.18675996966686617,0,0.027112454398778785,0,0.0045094962661738035,0,0.13640156003803494,1,0.5198015640364554,0,0.21582610631419025,1,0.5396823068784296,0,0.04672321844823913,0,0.0009628806271141968,0,0.2833333333333333,0,0.023915230312811165,0,0.005625234238057635,0,0.24503526493211206,0,0.4779619099761177,0,0.3988180990462618,1,0.5326304083491472,0,0.02790144499440272,0,6.645343741780464e-05,0,0.17997278911564626,0,0.04174494282713547,0,0.0006938479148148156,0,0.1782158540789622
1_S11E03_250_u,0,0,0.3649599194700748,0,0.22909317854388864,0,0.4551830691902627,0,0.006410971307651422,0,0.08358659043141745,0,0.11614960390288032,0,0.3372114784150459,0,0.35520433186475375,0,0.42734001845683983,0,0.4432940852476881,1,0.5605893483153603,0,0.3818685741894405,0,0.04481425050242152,0,6.710493493669448e-05,0,0.1734169207337794,0,0.23558854365840282,0,0.12793910961724433,0,0.35783678814468634,0,0.38457258655366905,0,0.24339360662216936,0,0.4797264957264957,0,0.014670574005076428,0,0.00013693496811057338,0,0.1627246095030577,0,0.007276505960640845,0,0.11120255142955085,0,0.13079221071326336,0,0.3421411108865437,0,0.41903974384522785,0,0.3902021290890569,0,0.020766139868601693,0,0.00014849731416688764,0,0.24662674650698602,0,0.046528150764520215,0,0.13939751052831956,0,0.2478529057257386,0,0.23246055435152135,0,0.148443329770655,0,0.35208143690197197,0,0.01783534901532806,0,0.00023951611534857688,0,0.152,0,0.02268203858933678,0,0.00020332366211090957,0,0.15380435721157965
1_S11E03_321_u,0,0,0.3391877889041213,0,0.12766876195147878,0,0.38423557207418246,0,0.00930436932972329,0,0.00831529675949803,0,0.08843328396749452,0,0.26480725111497894,0,0.2318534062115331,0,0.3302177942558956,1,0.6787786293266415,0,0.3179544213258284,0,0.3115375714714055,0,0.023355943526997876,0,8.042596762177e-05,0,0.12681580129763143,0,0.24747800800817307,0,0.06600866977132272,0,0.3959783378706712,0,0.30483654704239116,0,0.07942517251776014,0,0.425075036075036,0,0.0066197745710890555,0,1.0152163221388886e-05,0,0.11491683793965123,0,0.005850195211183254,0,0.0038888596563707305,0,0.10235009151388454,0,0.23245497286496733,0,0.15113568040293066,0,0.3038630702883105,0,0.0179686319751335,0,2.2378403572109082e-05,0,0.2433155080213904,0,0.01820324155161668,0,0.003641571939689129,0,0.20116053905700262,0,0.2060415828261218,0,0.043180361785935324,0,0.33453978736561507,0,0.005460339158365097,0,2.0240710631950674e-06,0,0.12,0,0.014481262525830377,0,8.21277152758294e-06,0,0.16104145423611171
1_S11E03_365_u,0,0,0.416563785579113,0,0.23670117837300636,0,0.46050594440927317,0,0.01623803954854035,0,0.004564819496542453,0,0.08830822510822509,0,0.31045081697118404,0,0.4518634230960387,0,0.3710237497706995,1,0.6238018544553173,1,0.579229327600394,1,0.5231982859624559,0,0.022071202204701344,0,4.630172128140347e-06,0,0.1250459679667868,0,0.34744466449380407,0,0.2989596406336916,0,0.4119623510652434,0,0.42457556490254117,0,0.3059008899525954,0,0.4097857142857142,0,0.013309427119632854,0,1.713819174195399e-05,0,0.148589596823227,0,0.019780948752714928,0,0.0064831675614210015,0,0.09383265004549783,0,0.34944152101879045,1,0.5021893557595263,0,0.4009515598897588,0,0.020230933354967593,0,9.106449451278973e-05,0,0.26,0,0.02468467603093686,0,0.008146328260977907,0,0.21478759367543482,0,0.45408353941887725,0,0.3650651936549383,0,0.40896726583594756,0,0.016378788934688762,0,3.0420614602759263e-05,0,0.126,0,0.0223467074391728,0,0.00020873988477300234,0,0.15012611455975816
1_S11E04_005_u,0,1,0.7451150980559625,1,0.6765567034632969,1,0.5976491411170617,0,0.028511940610497135,0,0.020416114561867062,0,0.09525307209130741,1,0.5425379068968716,0,0.4630549516580739,0,0.487277585450405,1,0.5502116361201326,0,0.46568087510304107,1,0.5515161922278743,0,0.11083770743128749,0,0.0043425909620169395,0,0.16413091813166855,1,0.6886129381932569,1,0.673969859285147,1,0.5439073783359497,1,0.7188230286392364,1,0.5831504166975502,1,0.5720409867909868,0,0.019156910309888944,0,7.179109689402386e-05,0,0.14828818665336987,0,0.025320903251618128,0,0.021928165287936174,0,0.09023859126984127,1,0.526307635405378,0,0.4339066592447074,1,0.5069629645826434,0,0.10740832328362825,0,0.001194631980415492,0,0.29333333333333333,0,0.0985760432397453,0,0.054574125359204584,0,0.21029389330182632,1,0.6850735519429137,1,0.6154733844261426,1,0.550681259760641,0,0.018082368328372945,0,6.417937132450822e-05,0,0.12,0,0.10001012677680554,0,0.0011544344502114727,0,0.1659498117848021
1_S11E04_016_u,0,0,0.16245289676523725,0,0.1639064640898996,0,0.35223981439198604,0,0.18385475648824615,0,0.160840392846132,0,0.14914541178563148,0,0.31827470653919343,1,0.5219585609936788,0,0.3835276521205307,0,0.48294347772489693,0,0.43779957612145065,0,0.49386171826207503,0,0.032356861331755526,0,0.01943728285613218,0,0.15884283847786093,0,0.21894458095481817,0,0.1864351737694457,0,0.336,0,0.1403280875717181,0,0.11344098570153516,0,0.2797283549783549,0,0.1038692224782581,0,0.4352063210275405,0,0.19391273480160393,0,0.14742805705752485,0,0.15595905495714468,0,0.16070119459179172,0,0.2970448204702436,0,0.4358559350806116,0,0.39010969885410074,0,0.05826207858606353,0,0.032793427629464196,0,0.24,0,0.02930897141041392,0,0.07164313027531134,0,0.21213063006542698,0,0.202386280339598,0,0.1068240463474002,0,0.3738943621637985,0,0.0985331191374412,0,0.2584206732230417,0,0.18,0,0.05300466519948323,0,0.017826886477951966,0,0.2030917429415617
1_S11E04_067_u,0,0,0.284845233870042,0,0.17818870624966884,0,0.37749843417716117,0,0.04285562895144949,0,0.09971142610334995,0,0.12186457409163537,0,0.3757136399229403,0,0.3081600748211737,0,0.4105545772176748,1,0.5177380702687687,0,0.459760006287149,1,0.540720866633766,0,0.06365416739326502,0,0.0020946397581895182,0,0.1516848374514814,0,0.2730289507971903,0,0.23721038127783814,0,0.38580086098602,0,0.2945885506286413,0,0.19731595193657,0,0.39195779220779214,0,0.14537227518248205,0,0.0016412963628404395,0,0.15778973571149474,0,0.041753687003765874,0,0.1001897199536775,0,0.10274378018495663,0,0.3692888143185011,0,0.32454884263554773,0,0.4183021193072708,0,0.12340095274060411,0,0.02822062567649631,0,0.27,0,0.061774636269156004,0,0.09244600735026552,0,0.1993314904202806,0,0.2905633491341469,0,0.20641235801547572,0,0.47798654686279024,0,0.1401784475199528,0,0.0009413434257586258,0,0.1559831223628692,0,0.12256767993457031,0,0.023293320931473988,0,0.19850738231920773
1_S11E04_162_u,0,0,0.4348845144605318,0,0.35383231952022776,0,0.4439078549374219,0,0.04111947450978946,0,0.1094451163026703,0,0.14812243589743584,0,0.3780678475451443,0,0.32917446606295864,0,0.42397081283566085,1,0.54487668079229,0,0.451852153258387,0,0.4423149168307087,0,0.061103232782449175,0,0.00024687274252339024,0,0.20940002516536105,0,0.42430625249539555,0,0.2577200409453112,0,0.4379292360013603,0,0.43553297959652965,0,0.32255901301863404,0,0.4361757686757686,0,0.044744795248985766,0,5.4891433013886385e-05,0,0.1747226171573998,0,0.030791349698578593,0,0.09013103001611687,0,0.15807031374422684,0,0.3697498170705997,0,0.27762543785720856,0,0.41699322837831493,0,0.06897232006465975,0,1.965988864324525e-05,0,0.3,0,0.05875229784713646,0,0.07424977485432588,0,0.22447306480503557,0,0.40320715454881073,0,0.2020248382130763,0,0.47710799027481116,0,0.03647843350497467,0,2.443114837625094e-05,0,0.172,0,0.06226540688063687,0,1.2521590433837736e-05,0,0.2339651488015664
1_S11E04_273_u,0,0,0.47021886852359107,0,0.471471946560328,1,0.5130053969885453,0,0.21734052420955433,0,0.05995314399719611,0,0.18062206920442217,0,0.3406393506694577,0,0.4598327428978182,0,0.3708893243219552,1,0.5786962775134838,1,0.5891245052353344,1,0.6655715421987212,0,0.11970375938794377,0,0.0012396536235465422,0,0.23781166159227463,0,0.3051081556747715,0,0.42306937477047357,0,0.4198822066822066,0,0.49059510909453197,1,0.5401750605333812,0,0.43152802752802744,0,0.09220708032735318,0,0.02000874651217588,0,0.183906739654108,0,0.2209737497815229,0,0.09086542185878269,0,0.22835109320580518,0,0.3390001571520166,1,0.522186207040606,0,0.41451516111256614,0,0.08040887240953444,0,0.0006384088445507527,0,0.3,0,0.12730537828105462,0,0.05728487199385483,0,0.28222760453197615,0,0.3486281896598263,0,0.46099243947392293,0,0.3863424191130542,0,0.08734023734005178,0,0.034992606053316805,0,0.178,0,0.07929857161485042,0,0.0011439704507630356,0,0.2214226238348697
1_S11E04_315_u,0,0,0.36257030325069345,0,0.2965374762334361,0,0.43325643359774424,0,0.0623569867406883,0,0.04616301660520515,0,0.16496721031517594,0,0.4587203022007785,0,0.4677221174905827,0,0.4596369983108832,1,0.5563569160605568,0,0.48438276991166823,1,0.5404799587047463,0,0.05260052347580889,0,0.0004735528102042305,0,0.226174071879089,0,0.34546353655458945,0,0.23076379822509901,0,0.4139436594764584,0,0.36858179279889497,0,0.2797726854071544,0,0.48262087912087914,0,0.11947064722698321,0,0.00040625730302357236,0,0.19764464810951957,0,0.07816538958131329,0,0.061969141060902906,0,0.16887399142928916,0,0.45379488497958553,0,0.44753521519198836,0,0.49659732794106276,0,0.05393070060142448,0,0.0004277310889384551,0,0.31666666666666665,0,0.052854970275242004,0,0.05430235852736694,0,0.2869414971679024,0,0.2797572414680365,0,0.20117310409471462,0,0.4242999504350993,0,0.12362142724787885,0,0.0009830252327309129,0,0.206,0,0.054603201075427245,0,0.0009843870464588535,0,0.26301764939352007
1_S11E04_347_u,1,1,0.6151391337477613,1,0.7849357557053712,1,0.5123409170573994,1,0.9017569671177688,1,0.8970979638481235,1,0.7499994927650299,1,0.7350850363745431,1,0.7859009147051254,1,0.7397787884739011,1,0.6088075564572106,0,0.42748789161949136,1,0.5179159813313071,1,0.9369686938683031,1,0.9999851516820597,1,0.7214560387652927,1,0.7474797649776067,1,0.8255604778604555,1,0.6618755055938369,1,0.5621831701656087,1,0.705752837161379,1,0.5144285714285715,1,0.9597652550307151,1,0.9999959918471817,1,0.7568222923984972,1,0.8883245429471044,1,0.8643022678568358,1,0.7340309080332986,1,0.7299860863679115,1,0.7165319468635234,1,0.7013083574416623,1,0.9689180328831482,1,0.9999990802484571,1,0.753219512195122,1,0.9284428560364691,1,0.9678413529930648,1,0.639054714093693,1,0.6970969100670342,1,0.7753294861880335,1,0.6092799130177865,1,0.9582588048052104,1,0.999996204222747,1,0.7749348974181448,1,0.9664971775963127,1,0.9999987928543844,1,0.7285364121009066
1_S11E05_005_u,0,0,0.28933875692973693,0,0.24787466378652812,0,0.385046410238868,0,0.014687437223165815,0,0.008179705493165547,0,0.09123583608647835,1,0.6176879655621031,1,0.5610208202716425,1,0.5867901593954018,0,0.35991187374734457,0,0.47804015220621265,1,0.5537949896190424,0,0.011438956357309535,0,1.440478824533856e-05,0,0.12785488054193334,0,0.4781474738495314,0,0.315952084221752,0,0.4858334744900846,0,0.2722943359096138,0,0.26093589559637187,0,0.3860079365079364,0,0.01605326416870526,0,0.0002621012164929558,0,0.12659271455156912,0,0.010776308863983996,0,0.007828824480971944,0,0.0777962084015647,1,0.5846458229929367,1,0.5505788589927264,1,0.6128045629367815,0,0.013919339400024723,0,0.00012305237411246024,0,0.21666666666666667,0,0.010030654738095435,0,0.003164374107475442,0,0.23042849972146495,0,0.487977343907765,0,0.3431446204192611,1,0.5344688206509832,0,0.014933124757180623,0,0.00020442479009957992,0,0.146,0,0.01281231076169595,0,0.00011268775462284776,0,0.15140948153002468
1_S11E05_060_u,0,0,0.2826692923268227,0,0.2284869549501042,0,0.38918664997309305,0,0.08901843909423916,0,0.04296716445667944,0,0.15538690813809977,0,0.4202421185846965,1,0.536525927834585,0,0.4905183309400091,1,0.5469878704939065,0,0.2902397296631617,0,0.4648920485313065,0,0.021129192721128145,0,9.8438568861176e-05,0,0.18453961211692005,0,0.4481076790210883,0,0.378714452286149,0,0.4153463866230438,0,0.22783746662801893,0,0.11867736522806244,0,0.34267857142857144,0,0.10821344268716548,0,0.002616590340156827,0,0.27983127001088626,0,0.06180043517021966,0,0.020959774492574797,0,0.17058736002174724,0,0.39845340157545145,0,0.4097232358612186,0,0.46822709189571016,0,0.10295952821032038,0,0.0004313461754287281,0,0.30333333333333334,0,0.01749514014120074,0,0.006505943713712396,0,0.24350126791639573,0,0.4329136698271256,0,0.22119715974341728,0,0.3627623798338329,0,0.09834200289579657,0,0.0016598092652902537,0,0.182,0,0.09156391744366826,0,0.0002392378808626742,0,0.23425942925046786
1_S11E05_156_u,1,0,0.44033778568805804,0,0.4673540681680781,0,0.4889734045154532,1,0.9223683518729021,1,0.8405597563308811,1,0.8250794655966571,1,0.7443059097578755,1,0.8025713271090464,1,0.6292630788718946,1,0.5370525399781074,0,0.4486172305157995,0,0.49204953171615784,1,0.8159503620974221,1,0.8099373006144678,1,0.7340940182910012,1,0.6861142175962475,1,0.788458066634998,1,0.5328230352342533,0,0.44051614118137705,0,0.40691074614097844,1,0.5224646464646466,1,0.9565784562239444,1,0.9969262898722862,1,0.7976979813564898,1,0.9190560689470201,1,0.8349554718106871,1,0.7958297374208396,1,0.7354090211542004,1,0.7830335546077817,1,0.6512597980493022,1,0.9384176589072477,1,0.9975519076283504,1,0.6698446490689585,1,0.8053287901223181,1,0.6542455895969866,1,0.7112384991033731,1,0.6160156509227483,1,0.7590332570987879,1,0.6432500457341951,1,0.9536976350531676,1,0.9942225895571251,1,0.8379013804814642,1,0.9344443510285572,1,0.994984838273658,1,0.7614608493012399
1_S11E05_186_u,0,1,0.7013408006161238,1,0.8268775681358176,1,0.556130446092209,0,0.026473523796004338,0,0.06384494287942794,0,0.15611149918043127,1,0.702465186151812,1,0.6828747157382027,1,0.6571826006164341,0,0.46044439696551004,0,0.4160279872238243,0,0.45622496099471965,0,0.12324382951406068,0,0.07548479603858668,0,0.22708957099232702,1,0.7898513412224748,1,0.8926425694777264,1,0.6414902094412859,1,0.6966019781047718,1,0.817709091776547,1,0.5874365079365079,0,0.08905340016869849,0,0.027361020988449884,0,0.23662726385124339,0,0.023301939453603242,0,0.049203568876936145,0,0.1227720956422944,1,0.6717606945288547,1,0.6142068215244537,1,0.6850898129490585,0,0.30602616076725325,0,0.102026444787127,0,0.38333333333333336,0,0.11675751125604503,0,0.06044631971961303,0,0.325531175393926,1,0.8044439414808237,1,0.8668129691346875,1,0.6703998819216277,0,0.07815383326465858,0,0.014772089253787177,0,0.202,0,0.29567437028770577,0,0.08409263211746382,0,0.22704275638202362
1_S11E05_253_u,0,1,0.510483631596127,1,0.758783846553347,1,0.5273887903768122,0,0.012035487990558055,0,0.027458575320788877,0,0.13443016528102983,0,0.20742940691270015,0,0.4772760652815433,0,0.3619778295904683,0,0.4350362819248761,1,0.5709906888044055,1,0.6113843444224771,0,0.05451944330854996,0,0.0016530564492965286,0,0.17510747536699622,0,0.2477187933353957,1,0.5851050318976622,0,0.408,1,0.5158153140341448,1,0.8184077701831967,1,0.5329847097347098,0,0.03807883554891698,0,0.014342705270000826,0,0.14665170336908767,0,0.011243873206219949,0,0.03668863500042503,0,0.1267411863927612,0,0.1968439654931905,1,0.5118341751224906,0,0.33468657534447427,0,0.03641327224388246,0,0.005276973353735877,0,0.24666666666666667,0,0.055100958635203826,0,0.23786123043619847,0,0.24799424205408296,0,0.2374493006307499,1,0.6794321697626786,0,0.4596556238051304,0,0.03191617748355889,0,0.011598009061408914,0,0.126,0,0.03519840321481785,0,0.007035694169743276,0,0.20211585227444168
1_S11E05_306_u,0,1,0.6350168730388877,1,0.6404386102380596,1,0.569903433406621,0,0.024409602329494996,0,0.03276136969262499,0,0.10527583527583532,1,0.632342576341813,1,0.7872114813875635,1,0.6046945707381,0,0.4560460211839418,0,0.4412742197895226,0,0.34654267268328287,0,0.06231334075969144,0,0.0018335326141654712,0,0.18396082221899104,1,0.6514472183606286,1,0.8151130105193912,1,0.5891833969096039,1,0.620193097900291,1,0.5750716345590262,1,0.5002132034632035,0,0.11963621637566774,0,0.031109305810894793,0,0.14367511192511193,0,0.01711907632318019,0,0.03165849512308956,0,0.11606369147935744,1,0.6115802130507169,1,0.7346592923372095,1,0.6169747964567233,0,0.14867984903140516,0,0.012993235249214113,0,0.3566666666666667,0,0.058069388923982015,0,0.020190497396036507,0,0.27119477034789496,1,0.5993597128654709,1,0.7432791610436403,1,0.6195089987807427,0,0.10157373858409662,0,0.014727838633261362,0,0.20797247706422017,0,0.132129338812659,0,0.006920662953940544,0,0.21915199916864508
1_S11E05_370_u,0,0,0.2373794252693911,0,0.16281941522516938,0,0.4145976316065788,0,0.10782610080128667,0,0.06901074786933684,0,0.13623612786631295,0,0.1935298127668278,0,0.1900534674504768,0,0.2851710624446104,0,0.4597912942527301,0,0.3741768687607388,0,0.24278400631755528,0,0.024045637086144916,0,0.00012976690909617433,0,0.17182696378545698,0,0.10662980017571923,0,0.10202959513013089,0,0.344,0,0.21093379061021553,0,0.11123901525790224,0,0.3964365079365079,0,0.07595613355108906,0,0.004764852694574469,0,0.1534468860034536,0,0.06605680610211673,0,0.03937140880760493,0,0.14542797558574153,0,0.18946992343683536,0,0.16472111691059038,0,0.3269686358482956,0,0.01994533830300106,0,2.8722251187280273e-05,0,0.25333333333333335,0,0.020412929526799486,0,0.019821223605617423,0,0.24696176445486454,0,0.10258647556218904,0,0.08261450962170784,0,0.42197696667936596,0,0.06625792334470502,0,0.0035451918389163787,0,0.168,0,0.018022477856694887,0,2.3951519986702966e-05,0,0.1450430584864994
1_S11E05_429_u,0,0,0.433672662828752,1,0.550707073366068,0,0.4978744069101328,0,0.007471569313081487,0,0.019491719391155352,0,0.07914811705909268,1,0.6362401319649866,1,0.6797607533181558,1,0.6623617065646048,1,0.5831974419375482,0,0.41451627112415657,0,0.4610464371312548,0,0.022194235776594705,0,0.00020952064960539965,0,0.14482367097968105,1,0.6639081806675977,1,0.7835538504427583,1,0.5858726082715483,0,0.3946373461203125,0,0.43379146370234445,1,0.5539044011544012,0,0.027685033095870566,0,0.001386289371185092,0,0.09159877311084742,0,0.006206022531801252,0,0.01258945645208349,0,0.10798951345290018,1,0.6219871410210405,1,0.5988515975468557,1,0.6491218748644945,0,0.06155412731208377,0,0.002462586446018491,0,0.28,0,0.019734275903780053,0,0.027741668653760522,0,0.22500762120508921,1,0.5311058300715589,1,0.7127579487122238,1,0.6589876131509381,0,0.02533156106303254,0,0.0007001337440317634,0,0.134,0,0.05931045201157027,0,0.001624768491340595,0,0.2047736493648957
1_S11E06_003_u,0,1,0.548158278532839,0,0.48530436579270214,1,0.5760342056419339,0,0.08653192785865643,0,0.08256776028373439,0,0.25830068080068075,1,0.7275174321549762,1,0.597745210998458,1,0.6776399731994989,1,0.5679015872676597,0,0.49662391995043975,1,0.5333903392526776,0,0.1294073394003543,0,0.00020326465073843767,0,0.3415567424828965,1,0.6472033736971611,1,0.5638368664532569,1,0.651304568281182,1,0.5357885533988317,0,0.45644513442924645,1,0.5427486124986125,0,0.11230035130991957,0,0.0004012641678392475,0,0.3160935363178089,0,0.08401354349912227,0,0.07791687063533687,0,0.24876030981148758,1,0.7275437327201526,1,0.5835299421650042,1,0.6764393041697966,0,0.11148883013275337,0,0.0003919415645908682,0,0.3933333333333333,0,0.12054822842288791,0,0.09936843894152589,0,0.3804722578344657,1,0.627346060809092,1,0.5354779568461576,1,0.6327694949643177,0,0.10712743243616701,0,0.0003783914005090507,0,0.344,0,0.10735823516901427,0,0.0004973897730278429,0,0.36498137095462496
1_S11E06_019_u,1,1,0.6021377143226649,1,0.5725116610413226,1,0.5435546361940069,1,0.9738145363909403,1,0.9805069278932821,1,0.8595212478133935,1,0.5477779104644166,1,0.6501177723146101,1,0.5178980315421352,1,0.5419994430943662,1,0.5585624899684707,1,0.507824916815466,1,0.9551704959776844,1,0.999825765504274,1,0.7684797314479068,0,0.49060118187317014,0,0.4392570207002809,1,0.5579701945564015,1,0.5932448655829986,1,0.5723368465727062,1,0.5700436507936508,1,0.9579210562155082,1,0.9996277402066261,1,0.8348443923065184,1,0.9790455961594864,1,0.9850008917764668,1,0.8459495860721289,1,0.5417572915926575,1,0.6578448731421876,1,0.5493205234203737,1,0.9222468542385402,1,0.9994998769224744,1,0.7366666666666667,1,0.9577918458150966,1,0.993572957886854,1,0.7544556510996369,0,0.47559731795141374,0,0.41786736955529835,0,0.473913799856561,1,0.9614702269059958,1,0.9998275033281596,1,0.8139706655402235,1,0.9248276835470083,1,0.9996411221535073,1,0.7964862584964292
1_S11E06_060_u,0,1,0.6258334640027114,1,0.5949685640662228,1,0.5460926012567239,0,0.07181235161329279,0,0.04376849797034765,0,0.18449365079365077,0,0.4111514857554671,0,0.408372046494125,0,0.4729967614344083,0,0.5135863272036468,1,0.5228073680376751,0,0.2509000499365504,0,0.08816083225614252,0,0.013714741795713135,0,0.2661176003182117,0,0.44510865882926925,0,0.47915182219074187,0,0.4779769435215947,1,0.6247751300942149,1,0.6182999812774437,1,0.5881154401154401,0,0.06166979782476032,0,0.04587330959512569,0,0.20416706492014977,0,0.06468941154972639,0,0.03673281996440904,0,0.1702392011313119,0,0.4003865966532174,0,0.41240900788784896,0,0.42965192134647184,0,0.06526766818126872,0,0.018039544481105944,0,0.3398861788617886,0,0.08945786309736337,0,0.07889918088729864,0,0.30705086243909857,0,0.3830682516434777,0,0.49614348522610485,0,0.4416680516991454,0,0.0538280829891448,0,0.028883916360036437,0,0.216,0,0.0599040491556956,0,0.012086677076858463,0,0.2759637379481299
1_S11E06_187_u,0,1,0.6493969711011452,1,0.5570041250198823,1,0.5786669493322057,0,0.07068112812996258,0,0.06287183888017209,0,0.1508468475968476,0,0.486802959273844,0,0.47687723854630476,0,0.4787692442503785,0,0.509146842126897,0,0.4649465971226524,0,0.39977527155482795,0,0.07732207903346748,0,0.0007118766896160566,0,0.1824468758122884,0,0.46441984901694555,0,0.4732484400880895,0,0.4915048207429979,1,0.6178243801835201,1,0.5187476357308718,0,0.4926608669108669,0,0.034477443654215754,0,0.005098834295227415,0,0.18805308849084,0,0.07424431149275758,0,0.0508779596525509,0,0.1450880540829173,0,0.4687235967423306,0,0.4407659615601039,0,0.45516697512887705,0,0.028395900878709298,0,0.0003241858413101776,0,0.26,0,0.07021868227066175,0,0.045452113284948054,0,0.25266744816957437,0,0.4349501678975922,0,0.42448125987247814,0,0.4657944377272969,0,0.037358172423332586,0,0.007531325693259892,0,0.172,0,0.028446291484514198,0,0.0003354697080145843,0,0.21661845852924627
1_S11E06_249_u,0,0,0.4048509011398228,0,0.4395108634603832,0,0.49359716878547194,0,0.004269263600418458,0,0.023236016653218887,0,0.08366535271240781,0,0.26230506120777775,0,0.38914010119477904,0,0.3558614558798625,1,0.5431277124301137,1,0.5789275580078718,0,0.37857267412495876,0,0.006683823399433088,0,0.0003462107892296561,0,0.12019854026509857,0,0.26241358728826764,0,0.36241902352497485,0,0.377989247311828,0,0.4335029083113881,0,0.4509755060498411,0,0.4633051948051947,0,0.02937946435050019,0,0.0002088022643014778,0,0.1257984981183336,0,0.0034599893278914975,0,0.025808108363897516,0,0.09473732788300526,0,0.29166131826975944,0,0.44347179258098945,0,0.3230455313490063,0,0.011993193549517289,0,0.00022843403658258466,0,0.15666666666666668,0,0.007017862424846878,0,0.06398461590267536,0,0.15459506105305218,0,0.23951363550666896,0,0.40096386320350386,0,0.3149193593191211,0,0.029110968279752757,0,0.00016376287010801311,0,0.154,0,0.012137493031277922,0,0.0001610881720860528,0,0.12338387761424217
1_S11E06_391_u,0,1,0.571816714364235,1,0.6880229687196199,1,0.5833384809794553,0,0.006003018764021293,0,0.006918977222176222,0,0.08706569263662571,1,0.7127657143923701,1,0.7897642149900533,1,0.6982924154623684,0,0.38546152059123756,1,0.6159361584873166,0,0.42493586323182897,0,0.051241809561191884,0,0.0012631134414410514,0,0.15274343210685995,1,0.796904019681893,1,0.934538083058892,1,0.6456650353511642,1,0.5766969761094247,1,0.7986980358535254,1,0.5955555555555556,0,0.043929810296522806,0,0.00059254420929261,0,0.10849904658833232,0,0.007713332733114092,0,0.011251331252687093,0,0.09918822832473137,1,0.7287127703488704,1,0.8182874979196266,1,0.6626516431826287,0,0.16827412816871962,0,0.02206442894974665,0,0.25666666666666665,0,0.058029349301559514,0,0.08633089652339584,0,0.22474857033954163,1,0.789716451516989,1,0.9502228475284683,1,0.632521122581487,0,0.04842951413896716,0,0.0013074132289559802,0,0.14,0,0.18525803539700525,0,0.05384823263325193,0,0.1827869081591286
1_S11E06_410_u,1,1,0.5125246374620852,0,0.36551852586116296,1,0.5065675461624767,1,0.8664309934880516,1,0.9228404324206633,1,0.7396405239552531,1,0.6283585994053216,1,0.6227803470046084,1,0.6571428286862968,1,0.5374046750516174,0,0.4304312748348134,1,0.6670548649918518,1,0.8782153756721595,1,0.9950575086100626,1,0.7061066072683291,1,0.5729423110754848,0,0.3354640484168404,1,0.5956826413974198,0,0.49021146540799904,0,0.2961757473493983,1,0.5041159673659673,1,0.9500495286519165,1,0.9885927229490934,1,0.7835545485704595,1,0.8963464374102097,1,0.9150664490100479,1,0.7336767736249296,1,0.6321273178125093,1,0.5826652442627618,1,0.6590396620948449,1,0.8860271960163421,1,0.9913348331151496,1,0.6965528455284553,1,0.8732513861223545,1,0.8871576942551278,1,0.6488057983829536,1,0.5,0,0.2841822718309436,1,0.6460839081851045,1,0.9544670374268575,1,0.9883733184983755,1,0.7599149969206325,1,0.8896718393717248,1,0.9877488436324777,1,0.7637126269340859
1_S11E07_112_u,0,1,0.613993670463253,1,0.6049593168367443,1,0.5392318590272673,0,0.19205677736539953,0,0.03475904589301969,0,0.19764013689013685,0,0.4141355492519854,1,0.7119607654301586,0,0.4923218011977881,1,0.5562021031994597,0,0.3469875248901552,0,0.4189221179371758,0,0.1309698934076562,0,0.001060154281318329,0,0.25689192647259496,0,0.5,1,0.7252302039524183,0,0.47596582018714556,1,0.5830271450872598,0,0.49302428655653846,1,0.5703435453435454,0,0.13043314362957462,0,0.09853261476025885,0,0.26621681888992915,0,0.14172631238752367,0,0.01852111835169591,0,0.22100467920271247,0,0.40287110042914354,1,0.6128917075351639,1,0.5116931168738145,0,0.09948552121100894,0,0.007271392345137065,0,0.3333333333333333,0,0.11379662820789621,0,0.02128222796031285,0,0.31417076628309504,1,0.5174149006014566,1,0.6753520550604658,1,0.5178411260507266,0,0.11638507570744173,0,0.03800190378256633,0,0.284,0,0.08746278506493252,0,0.002283658328942012,0,0.2966513155396608
1_S11E07_161_u,1,0,0.3702468829192125,0,0.42928227823267057,0,0.41219882705977134,1,0.837708646442935,1,0.8109730670660888,1,0.7216401998864,0,0.38153148150415345,0,0.38163855511795414,0,0.42791635167921516,0,0.3790817233126777,0,0.31691354245100545,0,0.18109073983754348,1,0.5051328800580107,1,0.9490640455461322,1,0.6794915499798871,0,0.32353863438007596,0,0.23671488654106448,0,0.36786963494233066,0,0.339848646927104,0,0.35292223651765453,0,0.35583730158730165,1,0.7307655576160392,1,0.8378892712685108,1,0.6572510533153486,1,0.7968573805157675,1,0.6785464203451438,1,0.6750057954965547,0,0.36039882613486185,0,0.2866169290698006,0,0.3560704407513177,0,0.47218172406687187,1,0.7454719731028577,1,0.563076923076923,1,0.4690411430428331,0,0.4245984154338234,1,0.5912907876403856,0,0.2818315751537503,0,0.21753793486469447,0,0.39315922946636617,1,0.7124893683100925,1,0.802864996831234,1,0.633818846382793,0,0.44747051223669715,1,0.6831980443710208,1,0.634927656866477
1_S11E07_220_u,0,1,0.618477818625247,1,0.6360450449452092,1,0.5310627773879176,0,0.018447195030329946,0,0.030968113160209382,0,0.14386108776844073,0,0.43439806482588583,1,0.5510452657918267,0,0.38879766925692444,0,0.5,0,0.3566095202046478,0,0.12187726784778843,0,0.02742165274758871,0,0.00011525342578311598,0,0.17284064257684412,0,0.4328329066313065,1,0.5879703236886509,0,0.4219483526199707,1,0.5633547928595674,0,0.455537264027678,0,0.46242765567765576,0,0.052398505401025336,0,0.00027920270766366035,0,0.1830074977051283,0,0.013551925124844754,0,0.01785258218005792,0,0.1289783368273934,0,0.4267294284568283,0,0.4329609487920235,0,0.3841593076102898,0,0.04920508522880882,0,0.00036008761399347687,0,0.24,0,0.02357348009201487,0,0.05375559195852466,0,0.24390390471851206,0,0.43559870349496316,0,0.48964531580937815,0,0.41080254861711807,0,0.04976892118051934,0,0.0001412630137337133,0,0.142,0,0.04529146880088402,0,0.00012736537654763096,0,0.17655150895944707
1_S11E07_265_u,0,1,0.5605792778302001,1,0.6592004506255369,0,0.4712422393749843,0,0.021716234291434353,0,0.05329831935675018,0,0.1072603257853258,0,0.34773355424423114,0,0.45184322745099303,0,0.30260074995377717,1,0.5480952289519533,1,0.5298641025809037,1,0.5246114641805324,0,0.03948595946211283,0,0.023443480153731225,0,0.16167010811107896,0,0.3977443423727267,1,0.6577498552599161,0,0.37,1,0.5603184321815343,1,0.7325386818428878,0,0.4466230158730159,0,0.0827521377173015,0,0.008002016615537186,0,0.13715214241409762,0,0.018819750210561106,0,0.05277173735243316,0,0.09586772486772485,0,0.3387603667996803,0,0.4845891494732422,0,0.333259763870021,0,0.12665345426967586,0,0.07761085736670562,0,0.22333333333333333,0,0.0393618936895098,0,0.05674751415136054,0,0.2263125229653463,0,0.4347069366225904,1,0.6834574010479918,0,0.3433899178465312,0,0.07537559190661533,0,0.004492498458816278,0,0.152,0,0.12090926198369824,0,0.06582266890312394,0,0.1407593705408643
1_S11E07_271_u,0,0,0.22596187325785436,0,0.14535236680970115,0,0.37739188003628865,0,0.39661046402705624,0,0.11005002984522363,0,0.23774339083308552,1,0.6508212516953759,1,0.6600091857336681,1,0.6016336106462628,0,0.5163061200722961,0,0.4383456883421601,0,0.37836131036888976,0,0.10143111060057422,0,0.011908946735065255,0,0.2570189793430786,1,0.5149736326389568,0,0.2881387960623375,1,0.5058407588414546,0,0.22630191044164485,0,0.14276213738854757,0,0.43361954711954726,0,0.3882676181970685,1,0.6167999263472717,0,0.2762811142158968,0,0.34633140611442476,0,0.06607167213945653,0,0.22109836459836463,1,0.6351195033779784,1,0.574894432685378,1,0.5321247786174872,0,0.22246136430912597,0,0.030061643586290605,0,0.37,0,0.09482935113576833,0,0.04079181598040266,0,0.2704850363957521,0,0.48388216364865466,0,0.26531314824179086,1,0.5027201747470221,0,0.36741406146614974,0,0.40172317319694206,0,0.328,0,0.2065510069039409,0,0.01475550265346798,0,0.2867282709426387
1_S11E07_381_u,0,0,0.36512161135090704,0,0.22107445605250406,0,0.43181924973371905,0,0.024253962860355423,0,0.04410691269289918,0,0.11255689655172411,0,0.47377529427032994,0,0.27909171912666025,0,0.43271353135088125,0,0.5,1,0.5961204442961976,1,0.5199155384947772,0,0.022821383368762466,0,0.00015892500213427014,0,0.152069077576082,0,0.2763861508064871,0,0.08466633914440236,0,0.4719053186615483,0,0.41190051711679854,0,0.2785046312359608,0,0.43896678321678306,0,0.003806558351075115,0,1.3479291974911934e-05,0,0.158965371182703,0,0.02600140279290848,0,0.06316247278188261,0,0.13243278018278018,1,0.5131857880156524,0,0.365417942100866,0,0.470027464737791,0,0.004088601350624318,0,4.59505211475154e-06,0,0.286626746506986,0,0.02497673108355826,0,0.03593108177408368,0,0.20814747348579996,0,0.2970987664755793,0,0.10757556963718273,0,0.47570312276417204,0,0.0043480884224362795,0,2.0069500272043416e-05,0,0.128,0,0.004611332807834548,0,8.377334425135731e-06,0,0.16936595436714308
1_S11E07_415_u,0,0,0.2763919178744662,0,0.17224284696246628,0,0.39421561988876586,0,0.012386589617925176,0,0.023153847820809495,0,0.09578015873015873,0,0.45441068935650675,1,0.5930303802529131,0,0.3908270991659485,0,0.4350865115842416,0,0.465126465139097,0,0.41974548550304525,0,0.012021736915293445,0,1.3038336795643994e-05,0,0.1289127735751419,0,0.34957320149962967,0,0.33377437891494754,0,0.4268,0,0.26340709641165755,0,0.16269396134209219,0,0.3894007936507936,0,0.01718582204070417,0,4.7788901041365085e-06,0,0.1538710202327224,0,0.011112739668097183,0,0.02393964432842079,0,0.1296384657667058,0,0.4455035791934128,1,0.5731107634612409,0,0.40144338469328406,0,0.015497237493184025,0,8.108926043611928e-06,0,0.24321951219512197,0,0.01103951581314331,0,0.011103567985157525,0,0.2061500041137179,0,0.28627889004384033,0,0.31595174617582616,0,0.40159390660954963,0,0.014812549626933494,0,4.011853100429101e-06,0,0.146,0,0.014412595986786,0,6.494992909088688e-06,0,0.17870086215384826
1_S11E08_005_u,0,0,0.4151936060955493,0,0.43390775139427057,0,0.4754771759177654,0,0.023414915276388917,0,0.02581690187803753,0,0.13399136522082358,1,0.5509213984378766,1,0.5611568225396232,1,0.5411800790581812,0,0.5,1,0.5713955276854705,1,0.6198393853934175,0,0.018557613220003273,0,7.170941414817643e-05,0,0.15985389654497154,0,0.38750537744156544,0,0.2431801750365852,0,0.4995311004239403,0,0.42116434481408277,0,0.47367823966784195,1,0.5036340603840602,0,0.03242559652331419,0,0.0005746168624961867,0,0.17661303761786712,0,0.022138118308551145,0,0.028205598723021856,0,0.15001023991972268,1,0.5515575794354911,1,0.6177312956355325,1,0.5829461450028182,0,0.015273093709897753,0,0.0001224830127908515,0,0.2733333333333333,0,0.018405430013136253,0,0.015254879651916286,0,0.22055532622257862,0,0.29873954691092364,0,0.29559388567580375,0,0.45769658669358165,0,0.030884210937062832,0,0.0004077410839002282,0,0.162,0,0.015243332302985966,0,0.0001573586089372614,0,0.16946553186187913
1_S11E08_113_u,0,1,0.7795047328674484,1,0.6970465661506082,1,0.5989103383179837,0,0.01876482375077948,0,0.016274136145243017,0,0.06664725829725829,0,0.3924743340939516,0,0.4597203948996709,0,0.33381169932220056,0,0.5171613474354809,0,0.41273802387267994,0,0.47828253070000015,0,0.14059423467194118,0,0.006664172529018103,0,0.14702840733008796,1,0.6487725210248393,1,0.5321869101167928,1,0.5079782710829223,1,0.7672702128060255,1,0.6496839897497783,1,0.5840292207792208,0,0.04121367129657244,0,0.0037258194972270213,0,0.08578919502397764,0,0.014152467274593548,0,0.011675771058868061,0,0.04670144078711853,0,0.391112592187294,0,0.418464291251753,0,0.37504293247981796,0,0.1026480219720234,0,0.0046747410294756785,0,0.18666666666666668,0,0.1288769569467566,0,0.04926743082449035,0,0.1931659147819188,1,0.6869038379902942,0,0.4527824661553986,0,0.4665676885296382,0,0.036635337063180125,0,0.002738568591764873,0,0.07,0,0.09377739132550328,0,0.0029769049142581573,0,0.12407598236462414
1_S11E08_137_u,1,1,0.5743280861717338,1,0.5254916337626987,0,0.4457933618738803,1,0.926727269455185,1,0.9773061661557413,1,0.7034191103779899,1,0.7043414191610687,1,0.6680974241213253,1,0.7146328250057847,0,0.38954904493660686,0,0.38001686765168013,0,0.4398902575938155,1,0.8972989457280204,1,0.9999879656616357,1,0.6540961256751833,1,0.7382149454652719,1,0.6665697889402861,1,0.6395711564732588,1,0.5402199537227588,0,0.4951545742415596,0,0.46028102453102454,1,0.9443518204662583,1,0.9999822904933207,1,0.7569642629718039,1,0.9157790031047165,1,0.9725107507753853,1,0.6814236424308178,1,0.6812578493313752,1,0.599343785648563,1,0.7242883676171866,1,0.9662669248849245,1,0.9999950506536472,1,0.6732148148148148,1,0.8917741104953442,1,0.961334553226007,1,0.6623516990451157,1,0.7985569836619562,1,0.6480211698288167,1,0.5393962401581238,1,0.9402568803781514,1,0.9999678804483838,1,0.761938117087618,1,0.9632112896758722,1,0.9999897702665776,1,0.7745617826493042
1_S11E08_142_u,0,1,0.5205058944351513,1,0.6325640800701982,0,0.49566654228925233,0,0.036400761323210504,0,0.03458738891128837,0,0.12729087430184993,1,0.6183932552234549,1,0.6969589910360708,1,0.5540513916768003,0,0.4308000932305666,0,0.4577116315966954,0,0.4783113674271359,0,0.01754053636754753,0,5.114928961041866e-05,0,0.1773289365854177,1,0.5586509759741631,1,0.7270383476456684,1,0.5077798154658933,1,0.5260011107736869,1,0.5717166217815314,0,0.41436904761904764,0,0.03499591565437056,0,0.017457457013956085,0,0.1813812062013281,0,0.029330385853076277,0,0.025517497732132334,0,0.1663059174651246,1,0.611405326697663,1,0.6853190683120887,1,0.5550364307154024,0,0.035277024827373486,0,0.0013255380842546035,0,0.283219512195122,0,0.016046316838211377,0,0.0231806150752411,0,0.22314803317813067,1,0.6447594137518147,1,0.7171786854810098,0,0.46119995044994083,0,0.031995432756885135,0,0.008806153170578448,0,0.18196135265700483,0,0.033656482655118204,0,0.0011821265071059023,0,0.20469699845921271
1_S11E08_195_u,0,1,0.5399285881322069,1,0.7251715630108572,0,0.4932045844809532,0,0.24089294865691782,0,0.0793342478643102,0,0.10592927710332035,1,0.5692787234485943,0,0.39895872171806857,0,0.47932692442983477,0,0.45677801216142583,0,0.4581681300791956,0,0.363276427061752,0,0.060033687926583215,0,0.01536678870064456,0,0.1363964412806364,1,0.5242473248355366,0,0.4451781808220096,0,0.447826054181011,1,0.53061124691785,1,0.7236010945874247,0,0.43244816294816296,0,0.09686293133575705,0,0.025091021706913404,0,0.10732236366362315,0,0.19785526868330322,0,0.06442737245085475,0,0.1037065545510073,1,0.5527898369775127,0,0.3426063871378495,1,0.5064191729705849,0,0.06287689850563806,0,0.014766090510394644,0,0.22333333333333333,0,0.05484160609477854,0,0.038056887092707804,0,0.20315505205991582,1,0.623923145925163,0,0.4530661827448652,0,0.41417949749436933,0,0.08764329644135244,0,0.01168711184731573,0,0.1759440926907008,0,0.05989472702218337,0,0.012759086998524875,0,0.19785688278580202
1_S11E08_217_u,0,1,0.580065044939638,1,0.6571470465310196,1,0.5798607898453974,0,0.10554184938312315,0,0.20150706083808315,0,0.19825590682874847,0,0.4538234660305238,1,0.5735716091139313,0,0.4888063869674977,0,0.47572359191107894,0,0.4333594857336963,0,0.3974551190384559,0,0.12116942696807499,0,0.16648971102956805,0,0.2487671066023985,1,0.5375433662314364,1,0.6687994638916646,0,0.48577853394768294,1,0.5554720813172196,1,0.6622779478737593,0,0.4888917471417471,0,0.13944318611506498,0,0.034752738905522135,0,0.21060478679433856,0,0.12304170312262802,0,0.20557524130082172,0,0.21018689796279313,0,0.479333054629688,0,0.48131120115097126,0,0.466952043002454,0,0.1988673626147608,0,0.09597557406023326,0,0.34,0,0.1274202927159751,0,0.18311384192860733,0,0.3280754850069625,1,0.5184462164350928,1,0.6028191697594705,1,0.5328094531764659,0,0.16700284969047527,0,0.05839146807838915,0,0.238,0,0.21492200066656192,0,0.1470596660596539,0,0.19804241348127077
1_S11E08_283_u,0,0,0.33125154772782206,0,0.1577282407343514,0,0.4060638765958695,0,0.027972886725988078,0,0.03625319745071889,0,0.20463102658601054,0,0.2519023246842537,0,0.4016700319992289,0,0.34523159372802115,0,0.46047361036713313,0,0.3737373893351131,0,0.4618954878964847,0,0.030570457859462732,0,0.00010088006479842626,0,0.22805118702273755,0,0.18091212564549064,0,0.22097687623310552,0,0.32789312977099233,0,0.2631153328957073,0,0.12215565877974807,0,0.3887132034632035,0,0.1236541567065257,0,0.008357324695058921,0,0.26131114652543225,0,0.019271122683535848,0,0.02614495869072346,0,0.23257465416587897,0,0.2403413748965502,0,0.3133305870157079,0,0.3655853469400002,0,0.0586711422093941,0,0.0007958835735421815,0,0.3333333333333333,0,0.024773306399178383,0,0.02197128729845233,0,0.29296665105958286,0,0.21108116054549558,0,0.15997201208256404,0,0.33972545608401206,0,0.12388222381818594,0,0.006811317498536043,0,0.238,0,0.05716383757592406,0,0.00056694611833526,0,0.2808159834768706
1_S11E08_305_u,0,1,0.7976803663000145,1,0.9097289941379368,1,0.6032539256124929,0,0.11592003788993419,0,0.24943006163551504,0,0.1943799622082769,1,0.5082689950931675,0,0.31934714098835243,1,0.5190683160811413,1,0.5186872018407702,0,0.49879631413874553,1,0.6072963109681687,0,0.2274088431804571,1,0.9710463773711921,0,0.277349448295915,1,0.7047760025683314,1,0.8873272022371717,1,0.5856588632306916,1,0.7860711573091178,1,0.8988716218964908,1,0.6638508713508713,0,0.07899147984819625,0,0.15627512035950195,0,0.22483110201648454,0,0.11813213663521073,0,0.24608881555846107,0,0.21102795852795858,1,0.5193659894025804,0,0.3395046347773744,1,0.5332529380764193,0,0.21346976247890254,1,0.7876336072142047,0,0.30666666666666664,0,0.23198409815212026,0,0.3262424952547076,0,0.28831979943211183,1,0.725678723810033,1,0.8868751491105714,1,0.5748555577962605,0,0.0869109804916733,0,0.17448140401163026,0,0.23,0,0.2256795419917829,1,0.7643286399770856,0,0.257786392938207
1_S11E08_351_u,0,1,0.5302066550805742,0,0.46895945709471365,1,0.5150673279811032,0,0.0451834928799923,0,0.011769161850774128,0,0.2026908031353003,1,0.6812422779490382,1,0.7670135411986075,1,0.5847336224680204,0,0.4698115572665231,0,0.4409650961048961,0,0.49703383698839004,0,0.04107080653808085,0,5.2731103356013574e-05,0,0.2657450169604531,1,0.6175456912974752,1,0.5364595825959423,1,0.5570376100261224,1,0.5259359570227646,0,0.42574064411945955,1,0.5173686868686869,0,0.07310562376726641,0,8.640149496365253e-05,0,0.2616286045431526,0,0.042689422682136935,0,0.00905810086630469,0,0.20341531628022314,1,0.6791901564796311,1,0.7428174940063158,1,0.5994551272723424,0,0.059522055625972,0,5.002096593613616e-05,0,0.39,0,0.03765690409431631,0,0.006206962783718486,0,0.29323462927546173,1,0.5839907417247552,0,0.48878127573383545,1,0.5038234690984333,0,0.07202920217226265,0,0.00010741011762070167,0,0.266,0,0.055635068577401976,0,3.056486244961761e-05,0,0.24693754579638036
1_S11E10_009_u,0,0,0.2888253300892496,0,0.3557566890086968,0,0.43335747432397576,0,0.010976946798941551,0,0.02327989108442768,0,0.16544756754524367,1,0.7345178976486669,1,0.6826138368833701,1,0.6064696845812333,1,0.6072167149675349,1,0.5468876230375117,1,0.6965140424272114,0,0.018926407821618692,0,0.00039268479047933284,0,0.17688611336018548,1,0.646707518665846,0,0.4645016944668355,1,0.5297706574740362,0,0.3135757583471827,0,0.3389149599340762,0,0.38463095238095235,0,0.14840959363377737,0,0.0005688494104247666,0,0.21018757585974648,0,0.009469748360794714,0,0.028066390274513013,0,0.15553931064331494,1,0.735681502074042,1,0.7033551388495378,1,0.6016676820471233,0,0.08910375271215024,0,0.0004169648248844444,0,0.31333333333333335,0,0.019410384752778953,0,0.049521920889650003,0,0.27725118772583807,1,0.649906019062198,0,0.4257745656348334,1,0.5120541811848187,0,0.14477702699038805,0,0.0005661109395370698,0,0.2179816513761468,0,0.09174516593570489,0,0.0003885951471511257,0,0.25343574976136735
1_S11E10_062_u,0,1,0.5374480492673094,1,0.6726897889795074,1,0.527961320710372,0,0.03214517653986535,0,0.07215875230292516,0,0.18344806175198938,0,0.38790808000876015,0,0.39350698154616137,0,0.4379111727859509,1,0.6004165886760634,0,0.3414654471640252,1,0.5094065528502314,0,0.19181825348719686,0,0.3183043634437261,0,0.24223871368758684,0,0.45914611089576074,0,0.4378479543470815,0,0.48771853657285924,1,0.5,0,0.4477730769625545,0,0.43124242424242437,0,0.052950758010599584,0,3.635136115203052e-05,0,0.22559163407823382,0,0.01978357559460079,0,0.03561432751904419,0,0.17178127704559717,0,0.36186359656518713,0,0.32169389770231666,0,0.4280761304269813,0,0.15562854253207778,0,0.004928860758822811,0,0.3233333333333333,0,0.1714967461316781,0,0.07712188997148463,0,0.2622030399198698,0,0.4191673073978314,0,0.2874676167005502,1,0.5183570379140321,0,0.04592184809467118,0,7.485674819380377e-06,0,0.212,0,0.14219407086604902,0,0.0014308825370058394,0,0.25458555755022627
1_S11E10_143_u,0,0,0.2906361920815288,0,0.09689963470696777,0,0.36179600129652756,0,0.026612623039295305,0,0.023760544510371108,0,0.09847558023361974,0,0.4030817632513359,1,0.7691498510548054,0,0.47955080091939,0,0.48095027533156104,0,0.43603688602008067,0,0.45247644673583814,0,0.014643679700232464,0,0.000930685318138278,0,0.17205266881312278,0,0.2956098963774832,0,0.2628591636144095,0,0.434,0,0.2748760855931085,0,0.07438782510783298,0,0.4066150793650793,0,0.23869689219662235,0,0.03551745036802301,0,0.1246197355058563,0,0.025305194613188746,0,0.02413436037171162,0,0.126167428088251,0,0.39407782455441637,1,0.7439820159272145,0,0.4330277075852018,0,0.12367050524624926,0,0.018386080187992877,0,0.25333333333333335,0,0.013432594752666506,0,0.025689433430171597,0,0.21448201062672434,0,0.3104848223559504,0,0.2134809373036196,0,0.38509776818651803,0,0.24001801161750064,0,0.043067903096407956,0,0.1905,0,0.12241623970559187,0,0.020548492000826812,0,0.15940395645481323
1_S11E10_228_u,1,0,0.4557656952744993,0,0.29118332929431223,1,0.5110729327125437,1,0.6818994022636153,1,0.510460014064207,1,0.517333203973157,1,0.5764975356363259,1,0.6299008236503475,0,0.4801470456059918,1,0.5595749055392997,0,0.4564111070771803,1,0.6138944527230563,0,0.3992071329944344,0,0.2726148824978265,1,0.5359597364445614,0,0.4407613894453344,0,0.39454262492552233,0,0.47787975730832877,0,0.4093784296617162,0,0.20202699276546382,0,0.4755988455988456,1,0.7508095013150695,1,0.8050357566453269,1,0.5314446880817307,1,0.7519455730702034,1,0.6069312073069724,1,0.5058549072455041,1,0.5826915740320783,1,0.6262467892390807,1,0.5223944815711621,1,0.5492132945486375,0,0.36948567431315665,1,0.5066666666666667,0,0.38993291392572876,1,0.5092645211950284,1,0.5328818696310604,0,0.4546371618061374,0,0.34319735972288234,0,0.49628999760639986,1,0.7843462490080847,1,0.9272211008612016,1,0.5579735447611401,1,0.5663814688226975,0,0.475709221851776,1,0.5254188077881101
1_S11E10_240_u,1,1,0.5407028215778951,0,0.45957428989157084,1,0.512748078082724,1,0.9227502922154867,1,0.8500601492238503,1,0.725253403890108,1,0.7266483355496668,1,0.8525957923076785,1,0.6905351777476101,0,0.46864240334579454,0,0.4546588768861463,0,0.387827008558112,1,0.8592450443944051,1,0.9984340791231222,1,0.6909157079367726,1,0.807462977530777,1,0.83441680715,1,0.6858478587353702,1,0.549284808388308,0,0.4302181958500641,0,0.44393614718614727,1,0.9752122480617731,1,0.9999587810708258,1,0.727148149978021,1,0.9213651742667666,1,0.8354490731127923,1,0.6580621894561562,1,0.7260165311803931,1,0.8304219639321032,1,0.677906374366406,1,0.9706342554491411,1,0.9998912304765999,1,0.633219512195122,1,0.8551006477477882,1,0.8100502178104054,1,0.6008947182521591,1,0.8043292932776692,1,0.8232193399952213,1,0.6095015136908304,1,0.9751721794415991,1,0.9999769150200526,1,0.711944331380409,1,0.9703926709539049,1,0.9998717409416704,1,0.7304372770347705
1_S11E10_249_u,0,0,0.3784467269426878,0,0.28668955286491066,0,0.445046312113381,0,0.019742806788021202,0,0.03152911521013177,0,0.10992808543765414,1,0.5139039401367632,0,0.3656679224434558,1,0.5489448880572666,0,0.4611352896533098,0,0.4561068591980274,0,0.4952762118143871,0,0.018363632903234853,0,0.001009125293137283,0,0.14534423545909123,0,0.4606500517564015,0,0.31804142933038104,0,0.49154074732215514,0,0.3465032795651648,0,0.24849789204369055,0,0.42041666666666677,0,0.01716427510308472,0,0.00013578382006587957,0,0.12146922891922891,0,0.02530984148164442,0,0.029673164960536246,0,0.11520205388865494,0,0.47956971462024217,0,0.3396140888355402,1,0.5194449864064103,0,0.03613486881036197,0,0.0009336309219470135,0,0.26666666666666666,0,0.01792397214976294,0,0.02895108823341573,0,0.20963125531693177,0,0.40005631072536746,0,0.29186574202309523,1,0.5626593619173852,0,0.018006422149308924,0,0.00017832728041915745,0,0.1679724770642202,0,0.0358330548815821,0,0.0011246794277698171,0,0.19587086275448984
1_S11E10_297_u,0,0,0.38255036558761013,0,0.23374837692568046,0,0.4504802901975822,0,0.09408660693381475,0,0.045798653795405486,0,0.10511618826618829,1,0.5755854884000047,0,0.46109004687234595,1,0.5615021638755665,0,0.5237168808105227,0,0.4951427700581702,0,0.47674953263032965,0,0.023976893845379602,0,0.0006860428970604918,0,0.11960754620395911,0,0.48451054532891097,0,0.21907255453929902,0,0.4938697059365215,0,0.4003730607825923,0,0.2629829039396178,0,0.4395774225774226,0,0.060755145962527894,0,0.014988413041350963,0,0.11839531426940186,0,0.10331948270803595,0,0.046697152830265876,0,0.09913765916683537,1,0.5952167955508136,0,0.44995611262653723,1,0.5051491910961547,0,0.03012748202522833,0,0.0005785168613973725,0,0.19988617886178864,0,0.024434474118445692,0,0.017149520732303913,0,0.17496199152363592,0,0.4864376570292067,0,0.21386153081124953,0,0.4652677490855613,0,0.06699343997733065,0,0.021874703420322463,0,0.12,0,0.03343595080196543,0,0.0009804072829744962,0,0.17725653757486515
1_S11E10_309_u,1,1,0.6667134489592244,1,0.8955297519439237,1,0.5908813538716291,1,0.7740786331322195,1,0.5153199015877927,1,0.5767581321507578,1,0.7274932504561334,1,0.7802168821024082,1,0.7129759988692822,0,0.48579499544065474,0,0.36493486605531755,0,0.3603285367537986,1,0.8513704837456335,1,0.996379354843897,1,0.6378712109531866,1,0.8653316184156407,1,0.9203045113963155,1,0.6697699622920182,1,0.6558118985267652,1,0.8387351628231227,0,0.49230555555555555,1,0.8899519354082689,1,0.8887934156159071,1,0.6331449223297603,1,0.7649366648562815,0,0.4538948480147081,1,0.5975132080615886,1,0.7192217558807035,1,0.6917470774484423,1,0.6431164998213719,1,0.961505503177275,1,0.997326774997964,1,0.6066666666666667,1,0.8449941356677926,1,0.6529767899448095,1,0.5718493987704232,1,0.8725760031319181,1,0.892237337105455,1,0.7126615030532362,1,0.8936917506333351,1,0.8439581743929706,1,0.5979679664136186,1,0.9599029596214347,1,0.995142660498851,1,0.6350730957342056
1_S11E10_337_u,0,1,0.568327544721272,1,0.7234053976953727,0,0.4588667243350175,0,0.025674167479803087,0,0.01627576691829231,0,0.11429245595711639,1,0.6811725683031808,0,0.44398569073136945,1,0.7076723794318929,0,0.45808541867016317,0,0.46550737260104996,0,0.3061891966991321,0,0.03028463960285212,0,4.8501010963385366e-05,0,0.1914643664625013,1,0.6972943996904358,1,0.6124377308320309,1,0.5276819305927766,1,0.5428119416581914,1,0.6755430385526705,1,0.5232233877233878,0,0.0578686760935112,0,8.827913511293057e-05,0,0.19539722709229282,0,0.01782600408994668,0,0.010156217019184292,0,0.10852696377696378,1,0.647927139197594,0,0.3999886963908378,1,0.6196830397861475,0,0.06538294883248572,0,0.000632181689737788,0,0.31,0,0.027698918804885606,0,0.01594496489825884,0,0.2510649584486885,1,0.7004818220321714,1,0.5564189809140335,1,0.5193049208388736,0,0.046376626761615455,0,2.7342327808820504e-05,0,0.156,0,0.05881953220916737,0,0.0002595002249476515,0,0.1879655746303344
1_S11E10_432_u,0,0,0.1780837944435016,0,0.18567583314767933,0,0.34317753826640823,0,0.014228900798067821,0,0.02815448079184478,0,0.09399814786743192,1,0.6303154365347564,1,0.6183486075003972,1,0.5895392261242945,1,0.5214011572585003,1,0.5133577927414279,1,0.5049200710648272,0,0.004543955266707882,0,0.0002094472280843911,0,0.12269534963469465,0,0.4267295788292518,0,0.43532552240834044,1,0.5196313675168924,0,0.16151191855542818,0,0.19025732934892886,0,0.35880158730158734,0,0.060343593533249244,0,0.0014700981940899685,0,0.16599802150684265,0,0.012122100109404602,0,0.029666762095058516,0,0.08675083542188805,1,0.6262331778508237,1,0.6248376475348895,1,0.6155021577764425,0,0.03462692056062418,0,0.0002541191034599307,0,0.29,0,0.004152042331057589,0,0.016609983686629293,0,0.1928919462639032,0,0.3962632522488092,0,0.4353027091395987,1,0.5213899429290172,0,0.05781262443693557,0,0.001027148338439415,0,0.17,0,0.03232856027626053,0,0.0001977877455308983,0,0.15731332217463517
1_S11E10_461_u,0,1,0.7510198863457868,1,0.8172141505173266,1,0.5586558865446439,0,0.033932229905386656,0,0.03917774791861202,0,0.09638409366818633,0,0.39508979515350956,1,0.534894162583118,0,0.4342058782488122,0,0.4390569239131622,0,0.4971733883592263,0,0.4068918665490643,0,0.04764732393958977,0,0.030943054417650093,0,0.14856822301388287,1,0.6019509042253733,1,0.883298626171004,0,0.487830054865674,1,0.7754030800484577,1,0.8136755822202363,1,0.5329837662337663,0,0.05947753272654596,0,0.0008872298477218344,0,0.1761491711276332,0,0.028950730720701437,0,0.03551408718344761,0,0.10711972511119894,0,0.42318762414164424,1,0.5390911873715355,0,0.40445832860368014,0,0.11676776288558818,0,0.0813945695402358,0,0.29333333333333333,0,0.04528898786536076,0,0.2545359062847172,0,0.21171875745989657,1,0.5449243595474091,1,0.8870083039940106,0,0.49860714759430924,0,0.06057203451004116,0,0.0010981938718108899,0,0.15583333333333332,0,0.12040890584952116,0,0.09741939135316562,0,0.19997283075782105
1_S11E11_024_u,0,0,0.4353175664506838,0,0.4501540778015095,0,0.451067364871691,0,0.015242413137239584,0,0.013370152144119546,0,0.07973907203907202,1,0.6009825609877979,1,0.5792031772547772,1,0.5481164082592843,0,0.5145405263313001,0,0.46574617632862364,0,0.41324987960761905,0,0.02280526468142281,0,0.0002833502039466273,0,0.14774765236912862,1,0.5734782187528641,1,0.5770738383570921,1,0.5559205444526688,0,0.4178191727038526,0,0.42150088442099726,0,0.41726526251526247,0,0.07916453919606081,0,0.006459565483598408,0,0.10194977293661503,0,0.013594535590686352,0,0.011406952514304769,0,0.07666634734026037,1,0.5967317549197017,1,0.5521484042247574,1,0.5732430361374279,0,0.11801022260957372,0,0.017794253999451184,0,0.27,0,0.02237466082283015,0,0.00811378362054948,0,0.13823559104587846,1,0.5292409559270395,1,0.5576305758240716,0,0.4965642933457767,0,0.07422326378123958,0,0.0035337593209743205,0,0.116,0,0.11055199120221247,0,0.016262404858968724,0,0.15262050391901902
1_S11E11_055_u,0,1,0.5581473303886305,0,0.2090680365124755,1,0.5244846771529272,0,0.14046934130977803,0,0.1850078607449107,0,0.24337940055067356,0,0.45641569483124994,1,0.5143182095016684,0,0.49699410989923914,0,0.4538723436214924,0,0.43020228607551203,0,0.475944372719242,0,0.1196548397091874,0,0.003526678707244454,0,0.24377890908650063,0,0.48652176004209396,0,0.2010830163220953,1,0.5238153731691648,1,0.5557295876283773,0,0.2081905074627349,1,0.5806626984126985,0,0.10244640862909822,0,0.012441580285343251,0,0.2534820671792842,0,0.11594408619104489,0,0.11214325203411553,0,0.23606814692956,0,0.4541973123670695,0,0.47478899977341604,1,0.5198195795715127,0,0.07568257061457881,0,0.0018531247234585527,0,0.34,0,0.11030240278560051,0,0.13490391206245847,0,0.32899281494069615,0,0.4747650009721308,0,0.21470402566680727,1,0.5025392463800309,0,0.09741224962581767,0,0.008776715735609326,0,0.264,0,0.07329735911173914,0,0.0016808986018378813,0,0.27766774219399215
1_S11E11_077_u,0,0,0.23878833242252626,0,0.24017281081012834,0,0.3867477202058069,0,0.03163288112046631,0,0.12019047425651713,0,0.11857966271364162,0,0.27236148320454184,0,0.25527208985397837,0,0.33258307433362555,0,0.4384300796201388,0,0.4784879833120634,0,0.39720068356447086,0,0.019984770531121854,0,0.0007760609307611034,0,0.13177176327590903,0,0.20686144530781525,0,0.12893599383706486,0,0.351,0,0.25011139122031506,0,0.23121183601620246,0,0.3686203796203797,0,0.07466224875632647,0,0.0003074923117771085,0,0.14469749694749695,0,0.027001504930615927,0,0.10362445438965884,0,0.10790585270566501,0,0.27822797814848044,0,0.27778354430425845,0,0.3976563638316488,0,0.03844730405471644,0,3.078520313394251e-05,0,0.26666666666666666,0,0.01889209517410368,0,0.027795325768959732,0,0.1618038238901266,0,0.2509850650211384,0,0.1266950161355947,0,0.35527227644918796,0,0.06942514492351981,0,0.0003217188620284569,0,0.148,0,0.03601628162327009,0,2.4937036527293385e-05,0,0.1700052046301577
1_S11E11_098_u,0,1,0.6432531705318012,1,0.7089628759167947,1,0.6131895600033436,0,0.012012000777008138,0,0.020576113055481144,0,0.11702980265082391,0,0.46304449047250135,0,0.33637874070606866,0,0.43721459251644396,1,0.5802095197746052,1,0.5419691421173561,1,0.7103113575831089,0,0.05169044054778906,0,0.0006307497247400785,0,0.17712125151123392,1,0.5633180508599641,1,0.5595273336381782,0,0.473881979104081,1,0.6414585692493466,1,0.726703145856046,1,0.6161511544011545,0,0.04523935203075153,0,8.28148651939176e-05,0,0.16956662318678545,0,0.008955338153667622,0,0.02512367926141461,0,0.12040585516505764,0,0.48556734442145577,0,0.36209579652229557,0,0.4684845312845339,0,0.04641655090337582,0,0.0005493426870483769,0,0.30333333333333334,0,0.04965807269596457,0,0.07393631350424226,0,0.25252602185487766,1,0.5425741571008927,1,0.5815678008782589,1,0.5354577649888254,0,0.043521230554788556,0,8.936724588705006e-05,0,0.15,0,0.0466972676662914,0,0.0010330615293747672,0,0.21707376996001768
1_S11E11_127_u,0,0,0.351195971697567,0,0.31135209690450166,0,0.4459557028654856,0,0.048608645638313255,0,0.02556859641046854,0,0.12194033189033192,1,0.5450171447588443,0,0.4989550788900623,1,0.5668360840540538,0,0.5085683710061359,0,0.47139871734210465,1,0.5319031111719693,0,0.04014646823188606,0,7.472882094580349e-05,0,0.1633290838327169,0,0.3867811092944592,0,0.32154055984278795,1,0.515852618938535,0,0.3499306345533501,0,0.25180729051312345,0,0.39201262626262634,0,0.1668465144247029,0,0.00792120976564641,0,0.11946690166202362,0,0.045295070045009586,0,0.024134003329876395,0,0.10014357130460826,1,0.536578267553641,0,0.48300860544176555,1,0.5781582177568099,0,0.09712266098795203,0,0.00037934685176327197,0,0.29,0,0.03726876158913246,0,0.010801401848724147,0,0.21831208936764535,0,0.42025051787736456,0,0.29078246727146045,1,0.5346526173940133,0,0.1521927920675621,0,0.007204337624209367,0,0.146,0,0.09256125546824769,0,0.0002629664165082411,0,0.17562421403410913
1_S11E11_182_u,0,1,0.5847260636671376,1,0.7882918163938639,0,0.4627762088300703,0,0.06567934722633195,0,0.06296290191029487,0,0.16181879010794686,0,0.37166401070284655,0,0.2896786362962655,0,0.45993522543796916,0,0.45597765478100555,1,0.558745047682339,0,0.4435762377321719,0,0.053083278610822175,0,0.10055152336768432,0,0.20619056620264406,0,0.487104507332292,1,0.5633562595117302,0,0.4139160520186335,1,0.6170580866659269,1,0.8343259534623532,0,0.4643203463203463,0,0.11207199882519359,0,0.0010414506166232993,0,0.16542684159804588,0,0.06146089805945114,0,0.0678283363171247,0,0.19041585306153044,0,0.41745713317183586,0,0.3272264132188076,0,0.42916550840229045,0,0.12549488208955384,0,0.09918969870471737,0,0.24666666666666667,0,0.054391442091960916,0,0.08850050546331073,0,0.2625872476907098,1,0.6207807247463073,1,0.6179299492040581,0,0.3824865300431245,0,0.11551688359112758,0,0.0019762614467434022,0,0.1698061224489796,0,0.135092716078466,0,0.20401821071266713,0,0.22490876797583423
1_S11E11_217_u,0,0,0.41710199032635975,0,0.4134689119044976,0,0.4823677989561728,0,0.029040768195834562,0,0.009273076396299448,0,0.14145108965108963,1,0.7406883138245353,1,0.6686006632510216,1,0.7512088404659184,1,0.5603908216054928,1,0.5394806275160394,1,0.7014552629094513,0,0.008740820644181614,0,7.65666399311903e-05,0,0.14733189001647537,1,0.6175132083590028,1,0.5718676505749524,1,0.6037523998968892,0,0.4188713698529974,0,0.43420522444676607,0,0.4787857142857145,0,0.027043762682222017,0,0.0011170142704214517,0,0.13890958767023673,0,0.02552127986551092,0,0.010065560272830494,0,0.08409095051486355,1,0.7477589891505944,1,0.6920650189513048,1,0.7354020300110246,0,0.031024379620445616,0,0.0006073339687344133,0,0.28,0,0.008468480728196453,0,0.013743901318901281,0,0.21184198940640894,1,0.7248547340323469,1,0.5996999979529616,1,0.5878966256115173,0,0.02558273465299793,0,0.0008862901034767685,0,0.194,0,0.02923444400129865,0,0.0005640524310314215,0,0.17597724910692256
1_S11E11_301_u,0,1,0.5,1,0.6933068143114636,1,0.5027214981177204,0,0.08253336241540526,0,0.020015772606264175,0,0.22371713815793234,1,0.5352108345722016,1,0.5348186157138999,1,0.5655117669376026,1,0.6054288566946376,1,0.5076257881282827,1,0.5785345437626462,0,0.07391651494137468,0,4.075147744152096e-05,0,0.2958598450026603,1,0.6331090023850454,1,0.8682100741018959,1,0.593590701790326,0,0.4890371541613637,1,0.6824888097997267,0,0.40732692307692303,0,0.07291659605683964,0,4.733109794667929e-06,0,0.3298806875190387,0,0.0890305588503611,0,0.030979939129802965,0,0.24822006348020556,1,0.5267929023979626,1,0.5413943413687626,1,0.5798112796701129,0,0.08403641324500116,0,9.648421823164182e-05,0,0.4033333333333333,0,0.07319162836281054,0,0.08198254072334892,0,0.320579075566337,1,0.5268833250616503,1,0.8757891891967071,1,0.5386692725509878,0,0.07110887150321914,0,4.064210874838949e-06,0,0.3,0,0.08601718671277182,0,0.00010583581942976138,0,0.32357963070404655
1_S11E11_343_u,0,1,0.5211962051723149,1,0.6551831426720179,0,0.45592377586535465,0,0.22882533143453804,0,0.31561884541615487,0,0.31265679131959123,0,0.4661292972672794,0,0.3755462402354536,0,0.47853895136567237,0,0.5164512243878656,0,0.35802576390248536,0,0.4016607518473208,0,0.2025168612639415,0,0.40987852432158367,0,0.33322890557149715,0,0.4704576461885034,1,0.5719635313924553,1,0.5077876061922574,0,0.4874112222055076,1,0.5116854566709105,0,0.41113095238095243,0,0.11492637454188166,0,0.19268520470612668,0,0.3016257882023508,0,0.19146198839551695,0,0.18477532652119832,0,0.29126088812317635,0,0.420678767929038,0,0.29476890055189375,0,0.47224443463953414,0,0.16818820372874993,0,0.17106953640271047,0,0.39,0,0.1799601862042168,0,0.3013759752444651,0,0.38793289033319317,0,0.42771653375830804,0,0.4653942218818866,0,0.49280161056852895,0,0.1041040983842744,0,0.09967573175432505,0,0.3259613526570049,0,0.15515085652886665,0,0.12926582225588085,0,0.31823051494075194
1_S11E11_403_u,0,1,0.6400123168771671,1,0.7246763892874375,0,0.49303261600102943,0,0.039524430681799075,0,0.042848898855739684,0,0.19522900778338348,0,0.20637813271721342,0,0.2531722653973573,0,0.2969480516279874,1,0.5399495677352951,1,0.5830811220081539,0,0.28911239289385743,0,0.08923683925792866,0,0.005601980094846949,0,0.2275638142847727,0,0.22060032814917144,1,0.5928137768744834,0,0.334,1,0.6652528699000544,1,0.7716007609566569,1,0.504,0,0.029336555254102975,0,0.000701025755921245,0,0.23508375923593317,0,0.0418697323258945,0,0.04963532637541038,0,0.1926590587161454,0,0.2140653539135807,0,0.2698174143684312,0,0.2861452642004964,0,0.03260877231754214,0,0.0030269629476366187,0,0.28,0,0.10211065098770461,0,0.060196599425049534,0,0.3068663215588243,0,0.19943393540058468,1,0.6104825589368381,0,0.3528770078605605,0,0.02927002626547617,0,0.0006462111333783519,0,0.264,0,0.03409497634931362,0,0.004470839917512268,0,0.26067718979268195
1_S11E12_038_u,1,1,0.7191890513573092,1,0.7645881997259127,1,0.5767473284560197,1,0.8657115429878498,1,0.7832889071592548,1,0.6746504284069799,1,0.5396380894857161,1,0.5169399007610997,0,0.478879948932815,0,0.5253194611474298,1,0.5081527857262483,1,0.5696938087371178,1,0.9026146256717075,1,0.9944280927081608,1,0.6287884246784233,1,0.6920893892101416,1,0.7149729101897481,1,0.5450332882472717,1,0.7276449115014114,1,0.753579087804791,1,0.6140313852813852,1,0.880778672987431,1,0.9965978054549712,1,0.6579714567042242,1,0.8933786066804048,1,0.8011903151954375,1,0.6334004839512026,1,0.5484679657957049,1,0.5284739602796142,1,0.528149479461548,1,0.8987166333661426,1,0.9930835529597885,1,0.6298861788617887,1,0.9075299739267225,1,0.8584132386461056,1,0.6525785035912529,1,0.7126117674220452,1,0.7232476808341127,1,0.5618969912920084,1,0.888181574300288,1,0.9973809123353646,1,0.6899554557876244,1,0.903795065321375,1,0.9953008414817225,1,0.6648403028079405
1_S11E12_237_u,0,1,0.6073417219413179,1,0.6132786877941744,1,0.5152940444283046,0,0.16034288092796956,0,0.1000478814442093,0,0.23116839970979808,0,0.37140860685986105,0,0.3784169009961601,0,0.34022729385637845,0,0.4855490765623377,0,0.3444540110297071,0,0.3323630090418322,0,0.13682544123760665,0,0.01134157899344627,0,0.23981958941551576,0,0.41230492437074084,0,0.38264940221360194,0,0.36993674741066496,1,0.5735593867967846,1,0.5310127365606762,1,0.5811846764346764,0,0.0599817378937001,0,0.010558190603233108,0,0.2513579398846009,0,0.13303399317289333,0,0.03838884502228986,0,0.23992456053431663,0,0.35548168382197004,0,0.29835094182357313,0,0.34693978012564175,0,0.0625875151737844,0,0.0035105383352136417,0,0.23666666666666666,0,0.12453084141916795,0,0.0639922973107205,0,0.36890482261600527,0,0.4092219460928225,0,0.3668926380020508,0,0.42887630262648746,0,0.059036597174515315,0,0.0038880528298858258,0,0.222,0,0.060977958256767426,0,0.0018832301576450865,0,0.2362198772322732
1_S11E12_279_u,0,0,0.38852785523166855,0,0.22039127178073722,0,0.4643271427517775,0,0.03757895567082886,0,0.07761719683269322,0,0.11023145177262826,1,0.5416595196257569,1,0.7488473673749719,1,0.5389406509618271,0,0.5117896181201487,0,0.4422956183156692,0,0.47721961887961417,0,0.05173698509218713,0,0.01931244445950533,0,0.1284222995241726,0,0.48321767871605914,0,0.3413741976914132,0,0.4888450178364778,0,0.38116060927450307,0,0.22947596932266184,0,0.40720779220779213,0,0.11000401975056794,0,0.32331802509261326,0,0.12839173232818507,0,0.04020658764567268,0,0.08063410913036251,0,0.10592839105339104,0,0.48665034977968485,1,0.7034138135121801,0,0.4673768481595642,0,0.11080710566584691,0,0.2919136338813036,0,0.27666666666666667,0,0.05022310232198786,0,0.05320111059893363,0,0.18906603412066866,0,0.45989092830600475,0,0.34185257633073485,0,0.4711055183331637,0,0.09997500026710515,0,0.2647368985732349,0,0.13371428571428573,0,0.11563244090272015,0,0.30181712515158476,0,0.15064947076258395
1_S11E12_290_u,1,0,0.3627206707600308,0,0.4890575677413906,0,0.39889134638113855,1,0.8188432110614648,1,0.6882139841414474,1,0.6558445168536594,1,0.5,1,0.6029472011219847,1,0.5277178973837378,0,0.5,0,0.4156994459227134,0,0.4801154123340339,1,0.7881719652316377,1,0.9747734390792812,1,0.6073739917638394,1,0.5,0,0.43759940971876626,1,0.5296285089120747,0,0.34069563316980495,0,0.4277384396636869,0,0.3994926739926741,1,0.8885643539457174,1,0.9935832207305039,1,0.6806666809614293,1,0.8512605095579555,1,0.6896328908976902,1,0.6295586907321106,0,0.457839734485757,1,0.5327558987808937,1,0.5066712599412786,1,0.8550172567637111,1,0.9954213079833883,1,0.6332965009208102,1,0.7832971970282961,1,0.6929404873828146,1,0.5559143550573252,1,0.5050733875891765,0,0.36333928211301947,0,0.481271279402419,1,0.8862521552132341,1,0.9971829388187483,1,0.6619627501685819,1,0.8526508309429611,1,0.9969002144906641,1,0.6040493175088257
1_S11E13_001_u,1,1,0.6473020183920389,0,0.4102815485124966,1,0.5893607708225301,1,0.7466806023654124,1,0.9322411830025289,1,0.6026132928694574,1,0.5846460999959349,1,0.530619443458122,0,0.4900484693566135,1,0.5254283374364815,0,0.427504941972028,0,0.4750662403720475,1,0.7260997975652547,1,0.9636650702387428,1,0.601657155508626,1,0.6470469126056871,0,0.3190369179809804,0,0.49168787584828627,1,0.6781159144644917,0,0.4521342841518863,1,0.5347579365079365,1,0.7215420087381956,1,0.9741993837478492,1,0.59270647218428,1,0.7525296517341444,1,0.932213467512007,1,0.6059235897587297,1,0.5890446192649327,0,0.4845149562671857,0,0.488900690490145,1,0.7215964531809638,1,0.8609896148840626,1,0.6033333333333334,1,0.7230459546371587,1,0.8810657642825146,1,0.5733895057040485,1,0.698475653244353,0,0.34322529066448065,1,0.5463383969491287,1,0.7188546902349245,1,0.9724013099824733,1,0.5499212394504873,1,0.7292063596591435,1,0.8968694027116301,1,0.6180461378730698
1_S11E13_211_u,1,1,0.5724047122343938,1,0.784443937829975,1,0.5054583249398334,1,0.8845397131872152,1,0.8203036145224727,1,0.6165699706174832,1,0.7050006278522174,1,0.6177721780080258,1,0.7396745774284093,0,0.4359313940471109,0,0.49660352392953927,1,0.5088190329288403,1,0.7925432945326815,1,0.9926351733444889,1,0.6037055262502409,1,0.6885238582796985,1,0.7325540419588594,1,0.6193990795001026,1,0.5741167573004525,1,0.7724915091107705,0,0.47878643578643576,1,0.8836239567298126,1,0.988030425765395,1,0.6258630724008124,1,0.8945535382411255,1,0.8001234668600082,1,0.6443958275921475,1,0.7038825281493988,1,0.6117925157329577,1,0.7288106714595277,1,0.8833607858547887,1,0.9803464092157278,1,0.5933333333333334,1,0.7911782117805898,1,0.8815470558590146,1,0.594007089114807,1,0.7044953033533825,1,0.7102655328214854,1,0.6933349432105035,1,0.8767232039228927,1,0.9886332609280346,1,0.671903173362121,1,0.8788963000886013,1,0.9776851118420816,1,0.622976973329962
1_S11E18_206_u,1,1,0.6789312794871264,1,0.7858950819639053,1,0.5504501234143543,1,0.9256762782591127,1,0.8821289611382079,1,0.6196039172108461,0,0.3839503178851469,0,0.25190849548292404,0,0.3807112342049995,0,0.4923620620065832,0,0.4680351866841,0,0.36641518914758453,1,0.9007536968463435,1,0.9812271291245677,1,0.611055155932102,0,0.48766186954784196,1,0.5633050255812168,0,0.4219676467044222,1,0.682990630539245,1,0.7875712358534233,1,0.6070710678210678,1,0.8023647220584486,1,0.8081517883021491,1,0.6050788703224721,1,0.9236363791558448,1,0.8845532576446704,1,0.6350444605901058,0,0.37848754192246903,0,0.26161350357292606,0,0.30796621083465386,1,0.7825084251182445,1,0.8659455028018062,1,0.553219512195122,1,0.9031030057385483,1,0.8470135704682915,1,0.5961334447475318,0,0.4922450016784263,1,0.5667364942435461,0,0.43134302949564957,1,0.8012920892379647,1,0.8245779685202479,1,0.5858969079471168,1,0.7815289949527556,1,0.8844717243979769,1,0.5610771501349374
1_S11E19_030_u,1,1,0.7139855168206949,1,0.8256052776449648,1,0.5694329695326509,1,0.9623629937055229,1,0.9385907297014755,1,0.6750267090432336,0,0.4141425709085537,0,0.2956423808006072,0,0.4302487627795001,1,0.563475878959976,0,0.39308494620187084,0,0.3934038208963609,1,0.9310020142701255,1,0.9999002350645811,1,0.6867312261036047,1,0.6279039690671621,1,0.6991357759164986,0,0.49850376819305164,1,0.7070097053044667,1,0.8071403155763598,1,0.5607504717504718,1,0.889425997910532,1,0.9997319055232137,1,0.692254945447573,1,0.9404161203714168,1,0.8758260419461725,1,0.6839907155440961,0,0.3588330383305901,0,0.23654701991277602,0,0.4377170606779409,1,0.911619024225889,1,0.9989299002790042,1,0.5531599883855982,1,0.9246860361629174,1,0.9563298688999693,1,0.6011485754738377,1,0.6128976971968518,1,0.661184235791382,1,0.5241489803377771,1,0.8584125291065985,1,0.9990196554703771,1,0.6199073744823651,1,0.8980230421808837,1,0.9977728449794743,1,0.630206320580885
1_S11E19_143_u,1,1,0.7258554279872425,1,0.5929103582550296,1,0.604464897228807,1,0.8720928197850305,1,0.6232690675293202,1,0.5725549480107565,0,0.48290277760706796,0,0.36980459598282894,1,0.5307080957109497,0,0.4633817505425936,0,0.4680276769279716,0,0.45986779145342344,1,0.7815592868479319,1,0.8927342648982705,1,0.5998683588031749,1,0.6631041657139328,1,0.596472226853997,1,0.5596097092100126,1,0.717701181856728,1,0.575503594940682,1,0.5782454212454212,1,0.8282702227086671,1,0.9175761535479137,1,0.604772288328228,1,0.8748457270741026,1,0.6073990679476844,1,0.6028524590984145,0,0.48118014241895896,0,0.3421705237483825,0,0.4948269016580555,1,0.8315334726068879,1,0.9086972941535328,1,0.52,1,0.7808105308799292,0,0.48841807401212434,1,0.5691408233751659,1,0.7329879766641272,1,0.5762719903041008,1,0.6124476168137156,1,0.8314147295032073,1,0.9031649966657214,1,0.6339905660377357,1,0.8295791034190473,1,0.903195117014114,1,0.6198895974069502
1_S11E20_143_u,1,1,0.5,1,0.578969991111213,0,0.426606113031788,1,0.7536345093868042,1,0.7083891122123678,1,0.5833057498568311,0,0.4453289414714949,0,0.41098840517621565,0,0.4624558634711622,1,0.5708528889434806,1,0.557015547828037,1,0.6749535880252477,1,0.6585856120767605,1,0.9541778045807024,1,0.5796883814994009,0,0.46430969467134786,1,0.5117101093604268,0,0.41187975243147656,1,0.5460463040651076,1,0.6898421353054711,0,0.42134523809523805,1,0.5922426305256622,1,0.826154115735015,1,0.5525178424789026,1,0.8003263886105614,1,0.7447829722956343,1,0.5774493095266539,0,0.48285436864176745,0,0.43435764092705514,1,0.5115332657821576,1,0.6544288541627035,1,0.8105988711300781,0,0.47333333333333333,1,0.6851608086339318,1,0.8187972155653489,1,0.5726129342749924,1,0.5615155501637241,1,0.6262241278353895,0,0.40453837433505824,1,0.6207174231713504,1,0.853596759101922,1,0.53199,1,0.6899135379491117,1,0.8741396466867855,1,0.5246512339216219
1_S11E20_332_u,1,0,0.484242171505307,1,0.5220474236774497,0,0.4767018657980073,1,0.8922659843959989,1,0.664184003768267,1,0.7114300933649842,1,0.6641036756704772,1,0.7521782541245599,1,0.6723815252836024,1,0.5589728563771782,1,0.5156726252780485,0,0.49805736684768187,1,0.7744517499253102,1,0.9346562685759612,1,0.635836086791617,1,0.7943035896509537,1,0.7702474678784136,1,0.6499153951293486,1,0.5122418533097274,1,0.5553749934182265,0,0.4519249639249639,1,0.8800060803584089,1,0.9179828399358776,1,0.683354577686451,1,0.8751567415496163,1,0.6979071728972793,1,0.678929807412228,1,0.658813331366682,1,0.7472400136936039,1,0.6571563093258836,1,0.9553620467368171,1,0.992866474927125,1,0.6166071428571429,1,0.7934175372704118,1,0.7692062590196707,1,0.542380783101252,1,0.8266452444521974,1,0.7660424621122145,1,0.6694064809760968,1,0.8693610082228207,1,0.931051175536596,1,0.6886015640848114,1,0.9550615579206823,1,0.9925058416618427,1,0.6750135843692044
1_S11E21_080_u,1,1,0.6360596391324776,1,0.7246697640512266,1,0.5550842264100635,1,0.7887218889524767,1,0.7145371103838534,1,0.7075713337529265,0,0.4527712372448507,1,0.7205083443564989,1,0.5003711526957121,0,0.4573264201585511,0,0.4700845261353356,0,0.45082057408339893,1,0.8758128200716374,1,0.9874207723352427,1,0.7102005711769546,1,0.5906647966645996,1,0.7969727345194191,1,0.5358321382607097,1,0.6320578600151845,1,0.7463473286017208,1,0.5030079365079365,1,0.5,1,0.994434782841783,1,0.6077000406586771,1,0.745307673338352,1,0.695616492855929,1,0.650225021212448,0,0.4584840527710701,1,0.726789894886594,1,0.5596986549674281,1,0.8750163083468198,1,0.9989100019085028,1,0.6033333333333334,1,0.8765612264356396,1,0.8074517911021077,1,0.6138111704955761,1,0.5884782049213791,1,0.804259142583146,1,0.5499434847459501,0,0.4830721356056872,1,0.9917021946064097,1,0.615963043101956,1,0.8718129256340738,1,0.9987357916164817,1,0.6613821586265625
1_S11E22_069_u,1,0,0.4087595575159936,0,0.2157775048922166,0,0.4083186645425413,1,0.9092874200013382,1,0.9893782699624724,1,0.7251939175181937,1,0.5818845327399965,0,0.49256353143396214,1,0.6136130162979483,0,0.48961438731436513,0,0.45302071356114915,0,0.44002775714116815,1,0.9009228125577247,1,0.9990311952437301,1,0.6767318728860636,0,0.4167417721039667,0,0.19445899131551853,1,0.527745272262304,0,0.3435154198398577,0,0.17060658958340805,0,0.2964242424242423,1,0.9469970647422119,1,0.9937681962081312,1,0.7196573391434792,1,0.912258944633103,1,0.990638136912473,1,0.7675622608191889,1,0.5611584414646383,0,0.41587759957034354,1,0.5617411840012491,1,0.9262110392057781,1,0.9985765088532007,1,0.6433333333333333,1,0.8881981999763692,1,0.9690599332092235,1,0.6534515194541108,0,0.34988193348008034,0,0.1515276134966299,1,0.5453826192550502,1,0.949506200648124,1,0.9934916738136069,1,0.7548375582503533,1,0.9200416613700386,1,0.9973057705154144,1,0.7180566716309278
1_S11E22_149_u,1,1,0.5181533089263751,1,0.5479505542712926,1,0.5171900488565054,1,0.5443749349003175,1,0.5916826106262862,1,0.6387195421301842,0,0.3574978577792706,0,0.28880321017703575,0,0.37944506024793395,1,0.559879050630671,0,0.432706625406449,0,0.37899825850449936,1,0.7305207285599433,1,0.7987027125964257,1,0.6370884429921454,0,0.33625168425003493,0,0.3544491257752008,0,0.40588067978533093,0,0.48509950422266573,0,0.46428134311478,1,0.5408412698412698,1,0.550317308378059,1,0.8617598416692003,1,0.5857645420619758,1,0.5320013122406609,1,0.5987670266274165,1,0.5783442396806571,0,0.3551956872170486,0,0.25205699146816885,0,0.3752707499220112,1,0.516451075620085,1,0.6387510797664255,0,0.49666666666666665,1,0.7127969378020705,1,0.7458313663388212,1,0.6223517587201614,0,0.30136172739083933,0,0.32186323192055943,0,0.47020954778066293,1,0.5489752130573,1,0.843593769511176,1,0.523935555290112,1,0.5089630283673189,1,0.5633214649447602,1,0.5917007994479507
1_S11E22_205_u,1,0,0.3797204680948989,0,0.48974137882534174,0,0.4892356921119372,1,0.9357924910850824,1,0.9500519549619026,1,0.7224841911004221,1,0.5971369558979663,1,0.5269818694908625,1,0.6147570990489035,0,0.4617684654532335,0,0.4282421341783282,0,0.4487980928150173,1,0.8519573854447121,1,0.98421058128168,1,0.7259020321494906,0,0.45633531409913586,0,0.4129009252816052,1,0.5956729460561262,0,0.3614182448199481,0,0.49140303755093984,0,0.47142857142857136,1,0.9375273849998217,1,0.9983846270678923,1,0.7437686574524847,1,0.9350086877199413,1,0.943612102958717,1,0.7209060639837791,1,0.602536498867302,0,0.44240515702055655,1,0.6232701227345385,1,0.8077197568550316,1,0.9756852252494962,1,0.7198814814814815,1,0.8467178554207684,1,0.9443388042526873,1,0.6846995978350491,0,0.3931821439197106,0,0.4176316543352504,1,0.558072388556303,1,0.934845792824764,1,0.9982049108062462,1,0.7498561873530591,1,0.8073749831550031,1,0.9773826858226321,1,0.7419981735898918
1_S11E22_260_u,1,0,0.457059026753113,1,0.6936893395245096,0,0.4777653178667369,0,0.20841973288153737,0,0.343654194244192,0,0.4919228824690738,1,0.6959350591278511,1,0.7558366746612462,1,0.6528370828045695,1,0.5255999349345764,0,0.48107628533964775,1,0.5850318070732987,0,0.4107189791981121,0,0.030530293388879266,1,0.5079408884146347,1,0.6431096678445827,1,0.6857082503897141,1,0.5937538825897144,0,0.45942543112076645,1,0.6698855471801134,0,0.48128607503607507,1,0.6464948107842943,0,0.36480446678141537,1,0.5263998253845876,0,0.17166410630846135,0,0.3193773913507813,1,0.5263012925032434,1,0.7061352544693633,1,0.7575684153701285,1,0.6378379058832724,1,0.5246844065309074,0,0.17167628866275697,1,0.5132965009208103,0,0.4053348811173424,0,0.494379862336104,1,0.5297308194781264,1,0.5696036153264162,1,0.6829793476650847,1,0.5579878680096155,1,0.6240126752406455,0,0.2789017117790372,1,0.506,1,0.5162930000664875,0,0.16999209187486827,1,0.5554744802529616
1_S11E24_338_u,1,1,0.7565113909876878,1,0.7565394777227462,1,0.5308174967263558,1,0.9441855948776101,1,0.9154320340856534,1,0.7453231725320428,0,0.4841881083970361,1,0.530471474172313,0,0.4425590025127707,1,0.5160356476205589,1,0.5348203481891257,0,0.37677841427159764,1,0.9650893868876532,1,0.9939394148862828,1,0.7498727451295035,1,0.6713225169772364,1,0.6528190913434396,0,0.495924433497537,1,0.7604260162076539,1,0.7859886860943159,1,0.5696908369408369,1,0.9154277553612407,1,0.9792753210678187,1,0.6402049735651049,1,0.9591155610714894,1,0.9297095627746637,1,0.7185226004335203,0,0.47201912792644374,1,0.5292286870302026,0,0.48550826052804996,1,0.9464155654703423,1,0.9914283501799145,1,0.6466666666666666,1,0.9676266273665401,1,0.9549284656194806,1,0.7227647994863764,1,0.7088465600530056,1,0.6702297650040572,0,0.4722410452968935,1,0.9245975641626618,1,0.9907262209162775,1,0.6258064275037368,1,0.951075229882807,1,0.9945185354235774,1,0.6732809403339944
1_S12E01_111_u,0,1,0.5733475726502864,1,0.6210540703178297,1,0.5600461634925202,0,0.10942332718880812,0,0.10663595193063863,0,0.2945282590173737,1,0.542863051481824,0,0.47055677171048693,1,0.5285631197573971,1,0.5164049604036872,0,0.4255772485100951,0,0.2788106406329106,0,0.061514272871922404,0,0.0008510719619689496,0,0.3369520274743158,1,0.634751557762558,1,0.6625723178762061,1,0.5775590677517978,1,0.5742549095309193,1,0.5630463611578378,0,0.42862026862026864,0,0.3117274172609581,0,0.016994621585599425,0,0.34371043341311835,0,0.09747746305044971,0,0.0860601358339607,0,0.2843736849027141,1,0.5345790068291676,0,0.411323828247467,1,0.5497018433270221,0,0.17109651919941715,0,0.012490804942851572,0,0.4432148148148148,0,0.05584183906574385,0,0.10745233725255102,0,0.3732450801006376,1,0.5,1,0.5553560493480305,1,0.5919116397128126,0,0.2917030428813085,0,0.011087285003638555,0,0.35391809256661994,0,0.1629590594780392,0,0.009734360516523355,0,0.3743625583565754
1_S12E01_139_u,1,1,0.7759398483985279,1,0.7521454485411824,1,0.5811473179424426,1,0.6863390112161968,1,0.8539034920463753,1,0.7192415197379848,0,0.48761616364262533,0,0.48655185654876626,0,0.44497723011993867,0,0.3912818528142812,0,0.4381129971569295,1,0.5294098080455409,1,0.9670370833255902,1,0.9997955921046453,1,0.7756558395329031,1,0.6482730600895369,1,0.7053480755997443,1,0.5190990796739596,1,0.7539154453575687,1,0.7324439439532834,1,0.5582023809523811,1,0.8773659885910877,1,0.9941815329962966,1,0.6631095057908124,1,0.6837397753464216,1,0.8238152277668959,1,0.6970259065785726,0,0.46451090114624904,0,0.44061518791062043,0,0.43910750718016855,1,0.9583537387826029,1,0.9997341405280726,1,0.6833333333333333,1,0.9615925555347337,1,0.9408420375888762,1,0.6955802901961751,1,0.6710379248248316,1,0.6661139941567703,0,0.44656025770891566,1,0.869457305854711,1,0.9922454174689057,1,0.661912711960169,1,0.9551350611496708,1,0.9996763122946354,1,0.6861695733534959
1_S12E01_248_u,1,0,0.47729290739434793,1,0.518542727615326,1,0.5129682758371373,1,0.7929999819437594,1,0.8757092570737901,1,0.615471161931882,0,0.44518450300004797,0,0.43080653196701196,0,0.4581900772721056,1,0.6142433418720894,0,0.4903369379770251,1,0.6715800583134643,1,0.7416199087355486,1,0.9769372433967468,1,0.6016989650573069,0,0.3947905400904442,0,0.49708717699462335,0,0.4498976102420996,0,0.46522230448577045,0,0.46242839558618887,0,0.49811111111111117,1,0.5,0,0.4886842585259814,1,0.5636431348506667,1,0.7643445232921325,1,0.8713110902453725,1,0.6408455540692328,0,0.43438827212468567,0,0.4172777369124073,0,0.4928892935618606,1,0.5360664413126183,1,0.6528593238081104,1,0.5265528455284553,1,0.7251162469422363,1,0.9241893806939131,1,0.5868623475648138,0,0.369472400781442,0,0.42473281833887705,1,0.522448139975488,0,0.4773446077162971,1,0.5822742232444521,1,0.5779149969206324,1,0.5131361408108445,1,0.6626586044135876,1,0.6265915309014549
1_S12E01_268_u,1,0,0.2574886509012784,0,0.21131952390877387,0,0.39335427765056136,0,0.4631837194813357,0,0.4721356769652476,1,0.5351516150294812,1,0.701799057837473,1,0.6822660175143197,1,0.5755953296795069,1,0.5814881031887494,1,0.5416140781690758,1,0.6899916507332532,0,0.36036527635019777,0,0.003931862662595997,1,0.562820891472054,1,0.5672960982011752,0,0.49742717062944053,1,0.5275290366658122,0,0.25267556593138873,0,0.22929961536480492,0,0.3151471861471862,0,0.41144788144094063,0,0.14895784307547935,1,0.5130204029712486,0,0.47100371529100843,0,0.46824091301236387,1,0.580382544249364,1,0.7262834159488792,1,0.7022768771135447,1,0.6023977671928106,0,0.3366915006729657,0,0.015130033448176584,1,0.505,0,0.37550039705442817,0,0.2804581876396502,1,0.519375028331214,1,0.5157298961220842,1,0.502733360070766,1,0.5580105934555553,0,0.43767542739266563,0,0.12305557997536988,1,0.5639554557876245,0,0.35234086359530814,0,0.019502238202669293,1,0.5659992784479113
1_S12E01_274_u,0,0,0.17092416932748045,0,0.17386973570794861,0,0.3239500197748288,0,0.060680766802318604,0,0.08056899399133675,0,0.2123424948291868,0,0.48723927437094383,0,0.332948258631642,1,0.5156979279030593,0,0.5070282447996807,0,0.4430273816701714,0,0.36579415616208005,0,0.041017764668069175,0,7.96563400363386e-05,0,0.26321714581871947,0,0.2142532659959076,0,0.16364332495875022,0,0.4335871939404212,0,0.1558855677267118,0,0.1315649182356412,0,0.35242676767676767,0,0.11765019040377037,0,0.0024069386915444523,0,0.24791155807043452,0,0.060645076155381304,0,0.06432041653753064,0,0.19705786879850085,0,0.4596374110137372,0,0.2677362003679949,0,0.47556097835639927,0,0.05909062775827317,0,8.377620282762444e-05,0,0.3333333333333333,0,0.039701357174334595,0,0.016735463910409507,0,0.3102511126112144,0,0.23891469895281786,0,0.1391387724362573,0,0.4151419268294431,0,0.11635389644551845,0,0.00200209776427118,0,0.259962441314554,0,0.056538250087375626,0,8.74580156370479e-05,0,0.27348511246937973
1_S12E01_297_u,1,1,0.5091885122501604,0,0.4879343280224527,1,0.5253172497782537,1,0.6380211881145378,1,0.9081011738594177,1,0.7571010918862876,1,0.7634676295664675,1,0.7068487466934495,1,0.7289447494557063,1,0.6673892221837898,1,0.5863245506541953,1,0.674792482003246,1,0.9428161843597409,1,0.927092629988169,1,0.7062864512739684,1,0.7852392846091149,1,0.707123217247703,1,0.6717045305343136,1,0.5399188574638717,1,0.5367054850378001,1,0.5277420634920635,1,0.8976264135758384,0,0.3889639756721893,1,0.8193832304218793,1,0.7299347410482726,1,0.9269596316077626,1,0.797178318613035,1,0.7818358104509544,1,0.765292136475446,1,0.7286246895506279,1,0.9705814786091133,1,0.9476884211498884,1,0.743095238095238,1,0.951086173872133,1,0.8983387639422704,1,0.7002955256350019,1,0.8599537137579699,1,0.7071771129427397,1,0.6459614841457372,1,0.9179134289955025,1,0.6365307430609111,1,0.7997057506427019,1,0.9740468089565352,1,0.9624879953819035,1,0.792711755679376
1_S12E01_325_u,0,0,0.45040848136545936,0,0.33305867384473925,1,0.5046231466634471,0,0.02795725944012784,0,0.014455714539631981,0,0.12873411880517147,0,0.379800573996692,1,0.6899697366566057,0,0.40536123714225314,0,0.5069076359167444,1,0.5381418504218148,0,0.39747981898615387,0,0.04618067927942899,0,0.00017113862808270232,0,0.21809739886063687,0,0.30749217552045166,0,0.3947210480241872,0,0.43996138996138995,0,0.4644818421504579,0,0.3446958345460999,1,0.6157323787323786,0,0.05379361115866376,0,0.00016596341536156435,0,0.16035329958413577,0,0.029529973244800136,0,0.017688391312753918,0,0.11667396322318567,0,0.3828628910719504,1,0.7075927095112873,0,0.4254561437247041,0,0.0729286334721893,0,0.0003454120713396247,0,0.30666666666666664,0,0.04470178323274659,0,0.02380291358520525,0,0.2429324864127635,0,0.3299327274475561,0,0.40064380193129967,0,0.4600385054983287,0,0.055389562349431855,0,0.0003578780586279615,0,0.168,0,0.07431766141342484,0,0.00039151317874416337,0,0.2014690139878507
1_S12E01_332_u,1,1,0.5564957889463038,0,0.4697296982474963,1,0.5612501961761366,0,0.28372485480300685,0,0.08667212218164724,0,0.4797533537025479,1,0.6691375129139582,1,0.702906578793308,1,0.642761446655287,1,0.5083100170389222,0,0.4767051147855465,0,0.39273171712483146,0,0.24245653636612957,0,0.04033164215419596,1,0.5248632542575595,1,0.6964427319981088,0,0.355303107471239,1,0.6277047601663464,1,0.5634990678277049,0,0.4240357690342091,1,0.5981507936507936,0,0.4064928589803636,0,0.011777187429649297,0,0.49958187530453463,0,0.2843168419269993,0,0.10166771613818507,0,0.4480446900510155,1,0.6555660826704731,1,0.6635722929978753,1,0.6404993290878551,0,0.43935283980987166,0,0.07396692692035711,1,0.5033333333333333,0,0.2500583255425987,0,0.2676194492147047,0,0.49079830364341287,1,0.7316053702073619,0,0.32284012930300043,1,0.5487506109679534,0,0.39270790199404787,0,0.01630120618297815,1,0.5319707818109294,0,0.4359809172535975,0,0.08280044788487441,0,0.48766588903438857
1_S12E01_339_u,1,0,0.315436330843031,0,0.29008360106979214,0,0.3877044508784571,1,0.7205126335167711,1,0.6193344542063012,1,0.5622945674034268,1,0.6072485988350746,1,0.6307689576735026,1,0.5828824375733742,0,0.4471824399738506,1,0.5089611281265347,0,0.48466064036975953,0,0.38810614368294755,1,0.8760808792746423,1,0.5084852059146289,1,0.5493459406947819,0,0.3888406919563445,0,0.493948717948718,0,0.34463127374839686,0,0.4927009974559698,0,0.4230790043290043,1,0.7346051049781712,1,0.9801526509243902,1,0.5734523803352979,1,0.7654425413796762,1,0.6567070873153109,1,0.5277586308058253,1,0.6228901033613431,1,0.6345542963831324,0,0.4801045930215966,1,0.6726069309862961,1,0.8503468083017469,1,0.5366666666666666,0,0.41414615145875006,1,0.7171323693162346,1,0.5355387495464885,1,0.5963561296446044,1,0.5231946155731672,0,0.4772114036360429,1,0.7635310990887806,1,0.9854244636487767,1,0.539322463768116,1,0.6924403327757549,1,0.889830234045973,1,0.5731465252385098
1_S12E02_105_u,1,1,0.6785125945269199,1,0.5924028972915087,1,0.6243078038962737,1,0.8594544506807091,1,0.7506576749420476,1,0.6738079644983539,1,0.6466202047325239,1,0.5893089627429771,1,0.6276975177077047,1,0.5695881825992606,0,0.425922768444891,1,0.5557856151212929,1,0.8685404379615632,1,0.9260889396546771,1,0.6756722530264756,1,0.7601547729548277,1,0.6804359346928979,1,0.6518763677638792,1,0.6618822292403594,0,0.49923856415865875,1,0.6466984126984127,1,0.9091888509482056,1,0.8870275715064907,1,0.7024803060644106,1,0.8627694654404469,1,0.7607293714188036,1,0.6303863544633493,1,0.6272840786694296,1,0.5363782445768333,1,0.6252125383172495,1,0.9296679329727683,1,0.914640109044248,1,0.67,1,0.8556218259481115,1,0.8396208036810504,1,0.6313677115258697,1,0.7474935139717027,1,0.6058661229267982,1,0.6333109360143364,1,0.9114529164226409,1,0.8508592151409168,1,0.6867740411490317,1,0.9283587838875709,1,0.8975511281942828,1,0.6707462501121038
1_S12E02_118_u,1,1,0.6456358401227946,1,0.7700553846295266,1,0.5801606025566738,1,0.8413264071701465,1,0.7044301431697003,1,0.5923425170650265,1,0.541888558636093,1,0.6162705597429257,0,0.3849603704550793,1,0.5446707107867633,1,0.5444997219484565,1,0.6256017148294232,1,0.8390863904596891,1,0.9763752333979404,1,0.6209581529622181,1,0.5255646362475707,1,0.8575718049497978,0,0.48146138996138993,1,0.6472971688958631,1,0.7478885800680575,1,0.5356345598845599,1,0.6452426464057182,1,0.9814716974498736,1,0.5809997072579718,1,0.8562699933969351,1,0.7115716485965182,1,0.6030600208479826,1,0.5601812858804222,1,0.6475111128105578,0,0.4179881678989258,1,0.6801190680761685,1,0.9604059610778146,1,0.5733333333333334,1,0.8456656496256718,1,0.8031282545475276,1,0.6004825935216391,1,0.5,1,0.8447604362081377,1,0.5015716803321786,1,0.6461424341756082,1,0.9848632291452412,1,0.5019536442636277,1,0.6926475992807019,1,0.9654492485403181,1,0.5602366507006601
1_S12E02_204_u,1,0,0.32863056986787736,0,0.22803196915761972,0,0.4525840414471495,0,0.4583750884479697,1,0.7319151052366304,1,0.714404360005198,1,0.7647594779090869,1,0.6909818663600019,1,0.7594642806088885,1,0.5266796424856737,0,0.4753121866425754,1,0.5933289309093105,1,0.5940556606278514,0,0.19030914616556766,1,0.6945853486199398,1,0.6466046599186663,0,0.428350729780819,1,0.6092387445973764,0,0.32040636216809015,0,0.271662781974499,0,0.4454636752136752,1,0.7171732470958105,1,0.6476672217876013,1,0.7660814309625069,0,0.383567156987977,1,0.725719822922935,1,0.7103293691123922,1,0.7510824370763998,1,0.6810564780954541,1,0.7397993048784623,1,0.7422744407072265,1,0.5410070834087994,1,0.7,1,0.5799722540688,1,0.6498876097198822,1,0.6147268996740998,1,0.6053702341299693,0,0.4743207405522609,1,0.6510740155543051,1,0.6802069537894744,1,0.5593029877030659,1,0.7798975686543103,1,0.7320983523142439,1,0.5993946780171929,1,0.7092666744503668
1_S12E02_228_u,1,1,0.723038829169399,1,0.7346750234527281,1,0.6542996633344315,1,0.774619365342659,1,0.5417235306986689,1,0.6848105347509313,1,0.6988164584346602,1,0.5374470564590687,1,0.6694092856225093,0,0.5,0,0.43971459649464806,0,0.4131109770353526,1,0.8644425489679739,1,0.9134663142509436,1,0.7445519815137848,1,0.7470334823252434,1,0.6640142058316043,1,0.6932040698092551,1,0.6838993418239786,1,0.600132178742512,1,0.5830851370851371,1,0.9203581364847039,1,0.9401041489622716,1,0.71696339915862,1,0.7976570891211062,1,0.557908543428083,1,0.700989480825348,1,0.6876557983343594,0,0.4646306550500044,1,0.6646100303184213,1,0.9243428911497599,1,0.9536758910403826,1,0.71,1,0.8441434978654065,1,0.6257086955399135,1,0.6666459486153886,1,0.7653239965295584,1,0.5469253636057367,1,0.6484493933786224,1,0.9315711446737283,1,0.9658322276815988,1,0.7559905660377357,1,0.9218561518534831,1,0.9475057723417782,1,0.6963031858558061
1_S12E02_262_u,1,0,0.48600146733151284,1,0.5750070008749725,0,0.4338912628394827,1,0.8702068906945767,1,0.8810774465991451,1,0.5339112517948166,0,0.251559471874762,0,0.4639962882263098,0,0.3658448358194438,1,0.649181139835335,0,0.35748088899023617,0,0.3842580646059094,1,0.5754274980710632,1,0.9696118092437933,0,0.49079340892352225,0,0.28962598365519787,1,0.6446683385952601,0,0.408,0,0.4332408709408803,0,0.462650910617436,0,0.418258547008547,0,0.2984141006265856,1,0.9894146666948832,0,0.4837980650027067,1,0.8738393650560381,1,0.7921402917700917,1,0.5410671826942971,0,0.23059218079095165,0,0.3259443190633755,0,0.39816825237639786,0,0.3551997951703947,1,0.9889015891381306,1,0.52,1,0.5464283510917556,1,0.7501363415439438,1,0.500452988206453,0,0.2782398639340204,0,0.4814831454290415,0,0.4825116880027096,0,0.28478614421138493,1,0.9800894605362475,0,0.47199056603773587,0,0.33405148041905164,1,0.9806503328624937,0,0.491400000403659
1_S12E02_274_u,1,1,0.6014645968638435,0,0.4586712611559425,1,0.5430814847314336,1,0.7992862357326158,1,0.7409768080749047,1,0.7177459936468784,0,0.26854183432989703,0,0.3420474909729098,0,0.32760819353704235,1,0.5534007462513382,0,0.45826269748243886,0,0.3528684242298693,1,0.8910074079541782,1,0.9012961506873762,1,0.6853956843456608,0,0.3233132251479419,0,0.33796993253642005,0,0.4118139488265722,1,0.5930256699944038,0,0.46190819613266165,1,0.5266996336996338,1,0.6039869950602273,1,0.9038119931444345,1,0.5651097623532573,1,0.764563930514106,1,0.6930778306620768,1,0.703511305429876,0,0.2663738809320393,0,0.3136191552567395,0,0.32959120044425927,1,0.6895756751316149,1,0.554089803822327,1,0.5666666666666667,1,0.8910378816643885,1,0.7962858331513719,1,0.6566399012852183,0,0.3193795665042116,0,0.3964212238955191,0,0.45190427928034815,1,0.5841996946392554,1,0.9072840578124034,1,0.583315866084425,1,0.6864298998598009,1,0.5313727303020322,1,0.6024091635791357
1_S12E02_358_u,1,1,0.7023792189162749,1,0.7899791562199783,1,0.5466701296375809,1,0.8840716486195341,1,0.9052750928259693,1,0.7387193522756738,1,0.5085468635863873,1,0.525593783024114,1,0.5498309721012374,1,0.5605373248771264,1,0.5467371123995278,1,0.5403020594731671,1,0.961881908661599,1,0.9988954876815046,1,0.7597432892644466,1,0.777840151248689,1,0.8162793192864434,1,0.5958829797605244,1,0.7090673456243116,1,0.8085277129577424,1,0.5794170274170274,1,0.8308073185049217,1,0.9461359520529096,1,0.7844762763063963,1,0.8927276584016622,1,0.9281772769252008,1,0.8115778856695678,1,0.5151793337878741,1,0.5311998456540313,1,0.5514047388946779,1,0.9470810396602123,1,0.9982403596436527,1,0.7198266550522648,1,0.9643745543210368,1,0.975104280730655,1,0.727498766477196,1,0.6886868708469894,1,0.8081200213545754,1,0.6076328633115383,1,0.8384542422180088,1,0.9723961274600808,1,0.7775927879945145,1,0.950469648271238,1,0.9987971765557887,1,0.7873834177983676
1_S12E02_385_u,1,1,0.7114689837835583,1,0.6516232332279295,1,0.5991926207095383,1,0.7285057441662158,1,0.7280000296338853,1,0.711424114455794,1,0.7797756234993024,1,0.6363938146480329,1,0.7501409477465985,0,0.4213993830789356,0,0.4755851671619669,0,0.38286444390465296,1,0.8648295018495243,1,0.9477852791570642,1,0.7003246507799533,1,0.7632248233686639,1,0.6560088664499045,1,0.6916926727156446,1,0.6991905601577117,1,0.6048490187311385,1,0.5795589133089134,1,0.9159902182770374,1,0.9688157827295355,1,0.7759861752735658,1,0.740341608970961,1,0.7347015344433547,1,0.7119299111633163,1,0.7670898942484058,1,0.6203123676997259,1,0.7120472669700375,1,0.8742547397765073,1,0.9734148870106286,1,0.6898266550522648,1,0.8554995637464107,1,0.70423692880581,1,0.631742076049994,1,0.7749859611609853,1,0.6123183753832434,1,0.6466859395080092,1,0.9092090266241255,1,0.9716292795149463,1,0.7939261213278478,1,0.8647446413536154,1,0.9596119453637119,1,0.7631995086145562
1_S12E02_433_u,0,1,0.6208230969649629,1,0.7108463197704475,0,0.4931865380001134,0,0.02395218137411997,0,0.05205870715911615,0,0.17199712963181532,0,0.35213503120849554,0,0.20807464072327614,0,0.3313638575201263,0,0.47609997887993355,0,0.4266947219570092,0,0.14140689511193172,0,0.12836677107802758,0,0.08008982744781479,0,0.2220810660753096,0,0.396247723079187,0,0.48954300112623195,0,0.4059310012486103,1,0.6091473052706855,1,0.69881890568245,0,0.4291865079365078,0,0.04565194638525737,0,4.0013546614922e-05,0,0.1617046276391819,0,0.01572709249375072,0,0.042769280258253696,0,0.14315892382036202,0,0.3364307077117007,0,0.2301902498992293,0,0.357353342194687,0,0.0982980071009435,0,0.011768490715093774,0,0.27,0,0.11781165260930603,0,0.11472416287204361,0,0.2590297528734687,0,0.3829720682983331,1,0.5376488763065249,0,0.47643387780633084,0,0.04033011361699994,0,2.383285018783041e-05,0,0.14594871794871794,0,0.08775757980438727,0,0.006042935470834787,0,0.2187304413479669
1_S12E02_443_u,0,0,0.24301230706543628,0,0.14110340124414922,0,0.3622295261671732,0,0.0361258351817983,0,0.027575612233823824,0,0.09693794453580992,1,0.5343258577881607,1,0.7838352485920727,1,0.5852291585141361,0,0.49304179271451143,0,0.3498067885928197,0,0.32410710821294436,0,0.020929393698953077,0,1.705602947355198e-05,0,0.11413735509641249,0,0.4669411456227472,0,0.4685848594322717,0,0.4836587665478229,0,0.21243379017412267,0,0.1028929232793213,0,0.31420346320346326,0,0.4682161758411697,0,0.16729984732710526,0,0.19330727581336105,0,0.023326892835477217,0,0.016353154448682586,0,0.11830990951339788,1,0.5,1,0.6851212341262395,1,0.5318874316470404,0,0.2431110206337245,0,0.010777939441893784,0,0.32666666666666666,0,0.017800980194212394,0,0.007636264607560988,0,0.204920805507471,0,0.47263180751357214,0,0.423625274583804,0,0.4567559845975435,0,0.4189843726495076,0,0.04931866154720659,0,0.204,0,0.21700861817927306,0,0.003972946845163224,0,0.22226777589520993
1_S12E02_466_u,1,1,0.7753785847176035,1,0.7535542351202484,1,0.6594449342341491,1,0.89261934299854,1,0.8053111075495962,1,0.6979227985223593,1,0.5302948623362881,0,0.4533525123757485,1,0.5195516274816849,0,0.4934290098831548,0,0.49226275878698666,0,0.47290490240937066,1,0.9441486718383061,1,0.999760928220505,1,0.7072375691748547,1,0.7165881501863764,1,0.7534607900709958,1,0.5697214245789944,1,0.7763504462955008,1,0.6588318207075055,1,0.7204068986568986,1,0.6924549191903915,1,0.9837640168717389,1,0.6499128667032313,1,0.8926804844190283,1,0.837886719365291,1,0.6713876772393129,1,0.52777951853609,0,0.4242388956128642,1,0.542093655985166,1,0.8546922046142803,1,0.9979019492928803,1,0.6398790819045519,1,0.9477179747557247,1,0.9410757721393685,1,0.6509463266515726,1,0.6748423247808069,1,0.6511293578281513,1,0.616955295577993,1,0.7174571386246614,1,0.9839868913827529,1,0.6258410390515237,1,0.8568674701409832,1,0.9971775709238223,1,0.6479179944521236
1_S12E02_471_u,1,0,0.458259281175936,0,0.4306759313647674,0,0.44788594779124175,0,0.39230650467635686,0,0.4799598333700024,1,0.56197435074412,1,0.6412028099886983,1,0.7280366005686227,1,0.5387724901039176,0,0.4678513449803236,0,0.3619608220272773,0,0.25576666666666664,1,0.4506951010903498,1,0.6511994163084462,1,0.5353638231460845,1,0.5736586196776188,1,0.5205822219763281,1,0.5123462288858226,0,0.3424156828083807,1,0.5645440089219017,0,0.4085566655566656,1,0.775433119191953,1,0.9342919514360969,1,0.5729215191813222,0,0.29856766609531926,0,0.41829824498291296,1,0.532271756850064,0,0.36926337343746346,1,0.7533556568021037,1,0.5000369287913476,1,0.6511242160334125,1,0.7129186919147629,1,0.5199821746880571,0,0.35453217780460233,1,0.533130147938835,1,0.5411437456083754,0,0.34268339767233286,1,0.604901294448475,1,0.5449236443765062,0,0.45385907352079574,1,0.8814842673945689,1,0.5718922952139681,0,0.40326180690840013,0,0.39667063437431227,1,0.5698066531052295
1_S12E03_061_u,0,1,0.5350510839383369,1,0.5914898872566106,1,0.5344184243136891,0,0.07176721940389472,0,0.021283097961560637,0,0.18894111297108734,0,0.4672585217659108,0,0.4297180114501229,0,0.3618502848944653,1,0.532126776732702,0,0.476902959735011,0,0.43325689210720486,0,0.08580559494636678,0,0.0008667084854783405,0,0.24267114341350363,1,0.518977509573729,1,0.5154857369451168,0,0.4698715823037066,1,0.531422397536342,1,0.5101915564653009,1,0.5428492063492064,0,0.08773923615770263,0,0.0008275387627690956,0,0.19077903790968812,0,0.06497089663702216,0,0.018842324513619935,0,0.20013509583964223,0,0.46452396502330673,0,0.3992396634305804,0,0.3993976801768344,0,0.09846708361752864,0,0.0017037325022143334,0,0.3433333333333333,0,0.08445137856668707,0,0.026951308016372306,0,0.27244439450217295,1,0.5659729019661405,0,0.45926337096732944,0,0.44427088044886637,0,0.08224391407474582,0,0.0010984896260521333,0,0.21798297872340425,0,0.09780415718029309,0,0.002067403008190888,0,0.26964200094278135
1_S12E03_095_u,0,1,0.5741694910879587,1,0.6449911534726032,0,0.4907726054947956,0,0.09466916838026182,0,0.10986908683770145,0,0.2415166864830982,1,0.5614633681771769,0,0.3949637984269915,0,0.4774550503105853,0,0.488103289277292,1,0.5282182651551116,0,0.4919601704848823,0,0.07651524311255438,0,0.05474001712722715,0,0.2821392656019299,1,0.5169405784221697,0,0.4206515442999339,0,0.43380950107971256,1,0.5797151214991111,1,0.6577392448278636,1,0.5236046176046176,0,0.08463425927459035,0,0.002015560376266378,0,0.3061068146417457,0,0.10546705042402517,0,0.1346898887565433,0,0.28352423897873313,1,0.5630511930988754,0,0.4264632704528574,0,0.4906387725070164,0,0.06826185539690947,0,0.00711368598000354,0,0.35,0,0.08057022744374735,0,0.05325127372400338,0,0.371914641496145,1,0.5465631130168663,0,0.44972267137504657,1,0.5196885883231213,0,0.08904279711614087,0,0.0030746226853662485,0,0.27,0,0.07254941333811249,0,0.01039922320367468,0,0.30652466946982615
1_S12E03_101_u,1,1,0.6173924781587666,1,0.8206440972247133,1,0.5605680658918801,0,0.2739181625294922,1,0.5736793596481399,1,0.6661068081056156,1,0.7201379775014173,1,0.736959349320356,1,0.6823910831690418,0,0.4648623272773553,0,0.3926299025497216,0,0.4025351384885589,1,0.8274076433733702,1,0.9251161364711009,1,0.6707688628019876,1,0.7343162518998183,1,0.8384682692556114,1,0.5777166680428523,1,0.6016819300216324,1,0.7512969834040635,1,0.5261230158730159,1,0.786709403950987,0,0.09988906363962793,1,0.7412929150944002,0,0.31654118496953315,1,0.5271020103459184,1,0.6738720941414504,1,0.7077929612899638,1,0.6337057682106455,1,0.6684259120351086,1,0.8312363734219685,1,0.82412641473242,1,0.6799600798403194,1,0.825890836848608,1,0.7469890958103862,1,0.6320020414425442,1,0.6953044795098673,1,0.7943073314736544,1,0.6023846210661751,1,0.7874102898150142,0,0.07425420219234813,1,0.7319083005816237,1,0.837287981066773,1,0.842956402864901,1,0.6686735407747708
1_S12E03_118_u,1,1,0.6816997400745913,1,0.8742323604040572,1,0.6041762397845611,1,0.8354147774414853,1,0.8438498866716592,1,0.7845695635035962,0,0.4254679623103998,1,0.7037364816501046,0,0.4856053824014644,0,0.4883883557255904,0,0.39558995948395287,0,0.3061413883079366,1,0.916998551540152,1,0.9912302284420548,1,0.7645364814630341,0,0.4564380098703737,1,0.8762610031405692,0,0.4818088627629705,1,0.6501461747348615,1,0.8486693267411297,1,0.5293809523809524,1,0.784881830785197,1,0.961243782766535,1,0.6266155250350264,1,0.8322578906353757,1,0.7941138256065472,1,0.7348871648965426,0,0.4238572704310662,1,0.6455275457450014,0,0.4326464659603305,1,0.8772033382726725,1,0.9968120407837602,1,0.6432148148148148,1,0.9123437256422414,1,0.9255014631713218,1,0.723507475159806,1,0.5060213386349302,1,0.863268049091165,0,0.48924560584519633,1,0.7863877404682117,1,0.9432240786691429,1,0.6596080306085261,1,0.8769539423389681,1,0.9965746849342683,1,0.6795983359060818
1_S12E03_174_u,0,0,0.27928018004174987,0,0.1771356103390947,0,0.35679258694448895,0,0.04554553516890887,0,0.027371275154470902,0,0.19876570381204448,0,0.3372563972937201,0,0.11777826350354553,0,0.411954385263591,0,0.5,0,0.42211461845531184,1,0.5478368892151763,0,0.016592927196862815,0,0.00030552121437864445,0,0.16810884779059268,0,0.22094553851183824,0,0.1009242771361298,0,0.3439294766124047,0,0.2712114444136233,0,0.14009174500002303,0,0.4234119769119769,0,0.036068300599937694,0,0.00013137225995866247,0,0.18431499285357286,0,0.036924037537979126,0,0.023085761352160037,0,0.15497727261377564,0,0.3114828595510792,0,0.10175513185507551,0,0.382107328984986,0,0.014208541982916401,0,0.0005069040866453767,0,0.27666666666666667,0,0.014792517403505342,0,0.021633741018068114,0,0.20514181369824183,0,0.22327617775055514,0,0.09759547368155706,0,0.41937355428857015,0,0.030715205576982707,0,0.00010484442046204341,0,0.212,0,0.013142970845246156,0,0.000345699355770748,0,0.21417701123200256
1_S12E03_239_u,0,0,0.29822253364104273,0,0.13901935332954454,0,0.4116382178128464,0,0.11532306587374093,0,0.09230251609666253,0,0.26557532825192864,0,0.26325792225174327,0,0.400819400128295,0,0.33920739759578433,0,0.521600067703648,1,0.508992829981979,0,0.46108976742259844,0,0.06273784519645215,0,0.0011693026108227748,0,0.3021050553437346,0,0.19799169702366723,0,0.11879750320819231,0,0.37,0,0.29560722242591464,0,0.1485927977143701,0,0.3539907314907314,0,0.06104084281646683,0,0.011710484554176104,0,0.2723748692917917,0,0.10392880227458608,0,0.09809468357138101,0,0.257863928171676,0,0.2661589885367776,0,0.3965038225507099,0,0.36609058727936555,0,0.05938042001857737,0,0.003018426943301502,0,0.39666666666666667,0,0.06259258657737059,0,0.07086066211800363,0,0.3567225605703796,0,0.19545439401505066,0,0.1185531556221212,0,0.4080873350712104,0,0.062272486362985116,0,0.00973062553257785,0,0.29,0,0.059571714650592834,0,0.004231743121417245,0,0.2846543144247902
1_S12E03_263_u,0,0,0.44469892169386177,1,0.6387560909721378,1,0.5007407308892297,0,0.011830857997695718,0,0.017765627342177084,0,0.12191927285757437,0,0.2592869995453486,0,0.21303195856766624,0,0.3374383721052443,1,0.5455928172508447,0,0.3404939538160268,0,0.32516626116747044,0,0.031122809357244294,0,0.009088175681970255,0,0.16812812277590997,0,0.21533503325633194,0,0.4103340895064713,0,0.3979620853080569,0,0.36148406097536057,1,0.5369868632591082,0,0.44144119769119755,0,0.1227224237286894,0,7.462813740737217e-05,0,0.16566580320335988,0,0.0099232792364828,0,0.013170804026266239,0,0.11940249459790567,0,0.25528435831697904,0,0.16048771462341385,0,0.36018676203184236,0,0.06089669139665753,0,0.006978512665640522,0,0.31333333333333335,0,0.025271302351335918,0,0.028258698520250564,0,0.24324704039939904,0,0.23350384694547455,0,0.41998424009010316,0,0.41455857887466147,0,0.11804313318430408,0,6.753085921550027e-05,0,0.198,0,0.057846272850308585,0,0.0044326067267331905,0,0.20887075572064948
1_S12E03_310_u,0,1,0.7587398417170748,1,0.83482798286798,1,0.6415361402321395,0,0.030987553443472097,0,0.011299598489867146,0,0.14507662939539692,1,0.7604880977682021,1,0.6278875549377212,1,0.7115033091929144,1,0.5416510411091326,0,0.45304481211454667,0,0.39938052409436364,0,0.06726386563405216,0,0.00016080978703781083,0,0.2222560538007465,1,0.881943370972494,1,0.829610704315126,1,0.7196502260285955,1,0.7353897313326369,1,0.8000353960013895,1,0.6350396825396827,0,0.03150043840501106,0,0.00022703438987922887,0,0.1727536199192838,0,0.026469171027739862,0,0.010358706049735574,0,0.1362135072709883,1,0.7142802106435062,1,0.5964200525077438,1,0.7292117710711452,0,0.09881842639558631,0,0.0007202480799798912,0,0.3433333333333333,0,0.06190159352043374,0,0.017942982691406255,0,0.27900038859397447,1,0.8445000340463231,1,0.7977286226205609,1,0.6958406754129633,0,0.024976960269504463,0,0.00012679785245451808,0,0.21,0,0.08523537788341046,0,0.00041498676571535007,0,0.2748850961367581
1_S12E03_337_u,0,1,0.6475969773536343,1,0.8093446249142564,1,0.5412323337481286,0,0.09947379796666717,0,0.10455055127331091,0,0.1843492002066307,0,0.29713921530104337,0,0.40000413302754884,0,0.37253597353868384,0,0.447815620863654,0,0.34213046203471364,0,0.3690669897478353,0,0.14331105328473911,0,0.07214743633379171,0,0.23384557340485332,1,0.505385853462494,1,0.7724440828889331,0,0.4973322906101532,1,0.6057784992887165,1,0.666897630430823,1,0.5787261904761904,0,0.08366749899853727,0,0.01709512625723101,0,0.23224742579699809,0,0.07246601752729291,0,0.06790944227778713,0,0.18816425481354487,0,0.2588801574694315,0,0.2650195056491431,0,0.3832230347197812,0,0.14356957445260718,0,0.07890503505878853,0,0.3333333333333333,0,0.12700038841152642,0,0.17286810953544962,0,0.2753833154136544,1,0.5316352551983321,1,0.6817675909526554,0,0.49849616712609224,0,0.07575129090042695,0,0.012832940940001791,0,0.18733333333333335,0,0.13484570834187615,0,0.06826336153800125,0,0.22102663790619903
1_S12E03_338_u,1,1,0.8327130489897447,1,0.7136897940397696,1,0.6218541514772267,1,0.8551370778035653,1,0.8465334818454758,1,0.6074624212507561,1,0.5223252774611824,1,0.6989404561416371,1,0.5563329576531238,1,0.5846391534217207,0,0.4437798360489199,0,0.46125379877359246,1,0.8976986137202426,1,0.9986472715471103,1,0.6532959526551892,1,0.7324564310288835,1,0.6548314398839938,1,0.5277806080477486,1,0.8457260378305289,1,0.6900136170686848,1,0.5569029304029304,1,0.8371225722886558,1,0.9979028870897395,1,0.5772246849450399,1,0.8677289296814289,1,0.8135257505623257,1,0.5974579810729762,1,0.5,1,0.6565455437758287,1,0.5163991041502403,1,0.9263317128183822,1,0.9987876920075722,1,0.5299821746880571,1,0.895971070030027,1,0.8717333093581873,1,0.5851342963597301,1,0.8066577717692507,1,0.6636737855468692,1,0.5045957885754385,1,0.832011964435008,1,0.9987001270152331,1,0.5899905660377358,1,0.9250484746516086,1,0.9990397053653116,1,0.6074614250048856
1_S12E03_380_u,0,1,0.630136037284572,1,0.6847575337134085,1,0.5714703437812666,0,0.07252654248548915,0,0.07076543072955958,0,0.161343969684442,0,0.39769939943190485,0,0.39821843425356435,0,0.3352487201092808,1,0.5648039210025347,1,0.5557085123156846,1,0.74854711505596,0,0.059790097450107015,0,0.025813986982769148,0,0.19459649905806212,1,0.4902661648785698,0,0.49074063846973875,0,0.4518000475299063,1,0.6487124726796192,1,0.7465722352773757,1,0.6201547619047618,0,0.015755144128404484,0,0.0013934677665627727,0,0.18993796520141853,0,0.08485411487349924,0,0.09981676196328976,0,0.18448659483210542,0,0.4087467134933323,0,0.46468260868618705,0,0.38239665891887464,0,0.03620387945603545,0,0.001326320669442654,0,0.24666666666666667,0,0.06701933691676286,0,0.0582074262250491,0,0.2964455065016979,0,0.4114467963075847,1,0.5568233356519044,0,0.3692881994226812,0,0.016608916196290475,0,0.001991062189785027,0,0.196,0,0.038907286360837554,0,0.0024828315311704453,0,0.2157285304055105
1_S12E03_410_u,1,1,0.6436832455401935,1,0.5392656288091827,1,0.5006892099348067,1,0.8666447783920164,1,0.823215194030157,1,0.6630469411287045,1,0.6945777483983818,1,0.5155497257597609,1,0.7934964284870955,0,0.5,0,0.45551406335810013,0,0.4760830634812932,1,0.8222235337102437,1,0.9902890905355846,1,0.679518296789635,1,0.8522574967022422,1,0.6508757279712853,1,0.7456041842854875,1,0.6345358277853131,0,0.47650573181809275,1,0.5355018037518038,1,0.9195016814902387,1,0.9820550221231801,1,0.6973300579798896,1,0.8385205544543628,1,0.7929436097214695,1,0.6233188210931763,1,0.6707817250223466,0,0.4929827646473117,1,0.7615369315099985,1,0.9457205907671904,1,0.9962833533062921,1,0.6931599883855981,1,0.8167329487065811,1,0.6516342534896226,1,0.6234215809391376,1,0.8636275913407307,1,0.6220069558578681,1,0.644635717494294,1,0.8991498457830306,1,0.97827654389719,1,0.7014261213278478,1,0.9392324654323194,1,0.9958389586081783,1,0.7328704820715728
1_S12E03_449_u,0,0,0.452525830145994,0,0.4196511847837941,1,0.5004292501502133,0,0.07517575857957493,0,0.11448644968761551,0,0.12077868076792117,0,0.44921368249725746,1,0.6346249539487452,0,0.43701682800846214,0,0.46280579662761673,1,0.5326441158969453,0,0.20713818521891433,0,0.058102731899349926,0,0.007779541340872687,0,0.16398467439071765,0,0.4478793869384259,1,0.6161476641755759,0,0.4757114469067963,0,0.4762129827922891,0,0.41101054472948984,0,0.4320132367632368,0,0.3021031436913189,0,0.01746507624471104,0,0.16647439698321817,0,0.0717098163851015,0,0.1282942535169245,0,0.11518483660588923,0,0.44995413491316527,1,0.6879275322193699,0,0.4971889480779783,0,0.26521281328483376,0,0.07324051498715002,0,0.26,0,0.0607160304533969,0,0.10001216499340021,0,0.18803501358482766,0,0.4123237755868495,1,0.6695941871890142,1,0.5125975691289119,0,0.30813043975340115,0,0.03136195785435372,0,0.22,0,0.2680034471558369,0,0.10319486654969184,0,0.17864147670683614
1_S12E04_003_u,1,0,0.40710066318313126,0,0.31442441930642345,0,0.4169829780409709,1,0.9396932562120152,1,0.8972756761859573,1,0.6750693072825373,1,0.5,0,0.36372113512141874,0,0.49629436063424437,1,0.5247014871255545,0,0.44252814256050343,0,0.38126065851459506,1,0.8046476010057237,1,0.9877483748534143,1,0.687041493371273,0,0.41458287876318817,0,0.22923942837444283,0,0.4496844097039803,0,0.38327634729447335,0,0.3190800247597695,0,0.378491341991342,1,0.9049867912018849,1,0.9515938718813397,1,0.6333217048473553,1,0.9457088965770957,1,0.881043223541902,1,0.6763074285258742,0,0.46491957756360885,0,0.335747912436136,0,0.4774315189208526,1,0.8515857395749113,1,0.9594241149158662,1,0.5665635738831615,1,0.8103345801037924,1,0.8493503662908505,1,0.6395080673073842,0,0.43299104042526715,0,0.2502725864138092,1,0.5186761424959697,1,0.9070924373159621,1,0.9640957694058124,1,0.6208903527656273,1,0.8588170820987409,1,0.9666322111203747,1,0.6418120342425954
1_S12E04_027_u,1,1,0.5520033986748231,1,0.6533912084930839,1,0.5342145853566941,1,0.8752063713683308,1,0.7346129120094095,1,0.7319838768454225,0,0.4786064988114275,1,0.5256286393546735,0,0.49090196808196046,1,0.5145521877473082,1,0.5439211548018956,1,0.5226203131256916,1,0.678784806620859,1,0.9962723855002882,1,0.6776313175601404,1,0.5110117999607084,1,0.6113897208559105,1,0.5579592720148118,1,0.5503008991292684,1,0.6672124715643357,1,0.5169960317460318,1,0.5354592102976262,1,0.7732933186230537,1,0.6255451141838747,1,0.8974725934434533,1,0.7443628117129042,1,0.736990492136513,0,0.46722617830487667,1,0.5717405175192167,1,0.5140400824818502,1,0.5727954030764825,1,0.9369186636508152,1,0.61,1,0.6938459302441827,1,0.6738556126376818,1,0.6493034304448457,0,0.4398379347269749,1,0.638982447226102,1,0.5978469104415904,1,0.5501682363489394,1,0.8302252139440014,1,0.657593402635793,1,0.5794355806206334,1,0.9377945877363304,1,0.650186685499378
1_S12E04_040_u,1,1,0.5,0,0.44900102238332695,1,0.5198999537639849,1,0.9420142797931214,1,0.9292603698174952,1,0.6906026596690817,1,0.6754835652333443,1,0.5756326346843514,1,0.6195486980617328,0,0.3827884063391529,0,0.3489805210956199,0,0.1930560994935278,1,0.9292642186296847,1,0.999946608322349,1,0.6895304118641784,1,0.639401871127428,1,0.7050882471975087,1,0.5649827186853001,0,0.4703367159391821,0,0.33102715340541916,0,0.45282720057720055,1,0.9533725130007759,1,0.9973205606811875,1,0.7487464179889068,1,0.9329545792118509,1,0.9106347255705084,1,0.7006410170525847,1,0.6466098306549365,0,0.4541881252720783,1,0.5682389341834644,1,0.9594082912222995,1,0.9999310955916695,1,0.68,1,0.9234503041730026,1,0.9612555503758566,1,0.6282839566470618,1,0.6469881167349761,1,0.5758579728347558,1,0.5894496479224489,1,0.9545928067077145,1,0.9956404650593559,1,0.7398589255745105,1,0.9600911905683197,1,0.9998895073575397,1,0.6717431565690668
1_S12E04_055_u,0,0,0.43267760928621146,1,0.5793454939735991,0,0.49834257751972866,0,0.0501469445318074,0,0.03684095952974224,0,0.1859167459907739,0,0.40852334074931723,0,0.45726113995912093,0,0.48629036232825124,1,0.5589560595182601,0,0.36439565730006496,1,0.5206826270127074,0,0.08653845787670317,0,0.0027682786549610423,0,0.19719136225105013,0,0.3532531224053959,1,0.5153285236375756,0,0.4599616735379447,0,0.4014774943738182,0,0.4051510121107015,0,0.464875652125652,0,0.04660837844185491,0,0.001944215017042758,0,0.21163666616607793,0,0.0445194406044936,0,0.021662532104002506,0,0.1770418689260152,0,0.39057500561059905,0,0.3585644927011937,0,0.4572279457741475,0,0.05981327185763098,0,0.005650348547099919,0,0.27,0,0.07522030969381822,0,0.010383167002802122,0,0.26538862927773765,0,0.3275080110900632,0,0.3808653237495349,0,0.40115120902339074,0,0.046813446884826034,0,0.0006644465076951377,0,0.188,0,0.057800450083717564,0,0.0027205548564936534,0,0.2176594420271562
1_S12E04_070_u,0,0,0.2432911276671579,0,0.2297031189157128,0,0.38845191768560255,0,0.04915548458524457,0,0.049984005466548236,0,0.1563949417867571,0,0.3625930651820325,0,0.3423765421899938,0,0.3538044087100744,0,0.49478316980841447,0,0.3661358045852663,0,0.43411108547802957,0,0.023640452420887585,0,0.00024137923392043753,0,0.19763074317796817,0,0.19932811637496428,0,0.16995862298921852,0,0.3625980392156863,0,0.194241714278059,0,0.11839420506722804,0,0.355118326118326,0,0.053082772351894875,0,0.0021112387173337663,0,0.19735813651361034,0,0.030956708907366733,0,0.031671256519424255,0,0.18382346853709844,0,0.3385685108045336,0,0.25328236839265805,0,0.4173518316035294,0,0.01988153318049829,0,0.00029101449703183586,0,0.30666666666666664,0,0.01904703594794819,0,0.023272358890668334,0,0.26253813019045535,0,0.1697798549984592,0,0.10392198111192309,0,0.40174331307979194,0,0.04055879221381391,0,0.0012576161207193506,0,0.178,0,0.016044026437072652,0,0.00015299374006744667,0,0.18895403374038397
1_S12E04_076_u,1,0,0.42984647314887153,1,0.6149211744088848,0,0.4801773279529133,1,0.9280995791876769,1,0.9029199018428429,1,0.6855060780524094,1,0.6587557312846887,1,0.7985544050169815,1,0.6079103018604135,0,0.44968625750521196,0,0.35914576757824496,0,0.4654469446241444,1,0.7208961725096126,1,0.9106176587411858,1,0.6020543382824758,1,0.6503897415410143,1,0.8269779643267494,1,0.5798478208709112,0,0.3925192146065631,1,0.5276830425107366,1,0.5080058275058276,1,0.9413044171539116,1,0.9998727562159272,1,0.6815105659205529,1,0.8977306906647444,1,0.851938346535806,1,0.6358758407986727,1,0.645684086141694,1,0.7100218512938106,1,0.6113571221462252,1,0.8697878924760433,1,0.9981593891261905,1,0.6566666666666666,1,0.6777255121812973,1,0.8880727553756455,1,0.5589807168268208,1,0.5524523578699827,1,0.797721688152808,1,0.5922450958441347,1,0.9316016944674693,1,0.9996352419194702,1,0.6639687222715174,1,0.8481726816280113,1,0.9940270070576585,1,0.6660508899373098
1_S12E04_102_u,0,0,0.5071368155512904,1,0.5338433763624777,1,0.5538451731028262,0,0.04825566025490015,0,0.0669519138885947,0,0.15901022507841014,1,0.7204799414628243,1,0.5818172296979791,1,0.6464747019970732,0,0.3591185548358775,0,0.4352445530437687,0,0.3517128020259808,0,0.06826953262811776,0,0.00047324569767330884,0,0.23887180742278147,1,0.604712937774643,1,0.7602855791310844,1,0.6257779700415612,0,0.4798740450866129,0,0.425486316806247,1,0.5150384615384614,0,0.04719169002632663,0,0.001976496306366466,0,0.20421565077917858,0,0.04514493190004058,0,0.06863374351543838,0,0.13456144964574007,1,0.6902124288299278,1,0.5186894769481596,1,0.6281225969163021,0,0.07405496871292824,0,0.0012916410025749926,0,0.32,0,0.06128914546373563,0,0.04590352968949053,0,0.27012779315280294,1,0.5568265657010641,1,0.6812848246384514,1,0.5979595627794939,0,0.04460991850578682,0,0.0016065563552238892,0,0.19998009950248757,0,0.07076267890088803,0,0.0008136966625859632,0,0.22491113410743982
1_S12E04_204_u,0,0,0.3802345773529469,0,0.29100173098307447,0,0.4749089805514197,0,0.10131092609867082,0,0.09015829649271592,0,0.14574644689329386,1,0.5391474072211333,0,0.4584259009176344,1,0.62178826085511,1,0.5610317542989095,0,0.4403957112249823,0,0.38338539507230934,0,0.05587674575353832,0,0.0005577995912958615,0,0.20796651534744906,0,0.4260137847057164,0,0.2709760979503189,1,0.5815196586265929,0,0.3744121826581997,0,0.30619935884937827,0,0.4990818070818071,0,0.1333278242456288,0,0.01595832189414796,0,0.2500590081441558,0,0.0845902165511967,0,0.07279903082908237,0,0.17604391530672933,0,0.4947957370291231,0,0.42449112864933525,1,0.62867747714355,0,0.07169610604579074,0,0.0008118046216350584,0,0.31998217468805706,0,0.05019967318303861,0,0.029287826629830316,0,0.2805996219970409,0,0.4413375942152307,0,0.2765647962281344,1,0.557155492796728,0,0.11502136967304481,0,0.015952000400795297,0,0.23197560975609754,0,0.06528430410435765,0,0.0008644744476294132,0,0.26668382409619434
1_S12E04_233_u,0,0,0.29740949455137866,0,0.2288635347265099,0,0.38024927212968923,0,0.014307152654919324,0,0.006439943903628518,0,0.09305240238309548,0,0.20918253794584601,0,0.0895651241527848,0,0.30294962918198914,0,0.5,0,0.3925102118094988,0,0.4983045222109849,0,0.020909409609196097,0,2.967096283517972e-05,0,0.1603861831551921,0,0.18028717799992847,0,0.1005745091839601,0,0.33,0,0.282943711053,0,0.2105923820052942,0,0.39951262626262635,0,0.03820681199730111,0,3.855108415765579e-07,0,0.15146173494449347,0,0.011078331425439167,0,0.003390437947552,0,0.09655520704316728,0,0.20464257191685306,0,0.08761544055060887,0,0.32577975519043073,0,0.030305665481627872,0,5.265162828229367e-07,0,0.24666666666666667,0,0.018617149765516053,0,0.005649002782387849,0,0.22425167209007899,0,0.19436323243308162,0,0.11379218998519344,0,0.346283452021414,0,0.03510984393364065,0,2.086820245370829e-07,0,0.166,0,0.027656325358497564,0,4.6407715201978066e-07,0,0.1720984787524383
1_S12E04_242_u,1,1,0.6869920272275546,1,0.8349140479381765,1,0.5831076274321713,1,0.839082770434406,1,0.7937565028861279,1,0.6410243446312388,1,0.553727007902746,1,0.5096230936706381,1,0.5704959083450399,1,0.5857226129090682,1,0.5120147627118037,1,0.5740429042038935,1,0.8469092195759246,1,0.9969278697950578,1,0.6497854485719963,1,0.7098176610290836,1,0.7805862658148512,1,0.5852678989148017,1,0.6707206234497727,1,0.8179367298939159,1,0.5426248196248197,1,0.8316614438084172,1,0.7319499476440842,1,0.6713206438449305,1,0.8279359370878469,1,0.8107132799604169,1,0.6626320552130821,1,0.551329616613444,1,0.5200392998458332,1,0.570117719505226,1,0.8497222555670177,1,0.8282421573219904,1,0.6133333333333333,1,0.8490084706313237,1,0.8786116064631427,1,0.5907784292805986,1,0.6841348791920273,1,0.7616410757368144,1,0.6010057419022504,1,0.8212183518681689,1,0.7245466022989873,1,0.6759630782258917,1,0.849260955831177,1,0.8591722356761355,1,0.6338561190563542
1_S12E04_249_u,0,0,0.48945824000598137,1,0.6714350313000679,1,0.5145061913429236,0,0.004253502780080709,0,0.013161189880876108,0,0.08397259392760843,0,0.27185941441129613,0,0.32354295783408443,0,0.3222450476624213,0,0.4770522831538176,0,0.42488191843684486,0,0.40330609872288586,0,0.012795360151179493,0,0.0019254371107595431,0,0.12766034068865595,0,0.31329782312984295,1,0.5006504896693261,0,0.37796786111194547,0,0.48144091708853065,1,0.6446669719282795,1,0.569047619047619,0,0.005925400432355836,0,1.2066419412142424e-05,0,0.09464282540853072,0,0.0035789856948139865,0,0.0112722770142213,0,0.05373290490732351,0,0.2654419813690861,0,0.29200197364492614,0,0.3656669404077333,0,0.010434532836963363,0,7.834049149521929e-05,0,0.18666666666666668,0,0.01109857698666671,0,0.021165670692107893,0,0.21583535241105054,0,0.35896166606335833,0,0.45421853460440326,0,0.4161993717348053,0,0.005465272219474901,0,8.629503767556396e-06,0,0.07,0,0.009830646133410208,0,7.436447996226246e-05,0,0.12394483204055444
1_S12E04_276_u,0,0,0.24557823595592862,0,0.1496429814190746,0,0.4546035019147559,0,0.031232428466613983,0,0.05784927836248437,0,0.09257203819216014,1,0.6445425726968276,1,0.6176903195005579,1,0.5607315216949396,1,0.5399207069211919,0,0.47894992143385956,0,0.46246457782688455,0,0.04051250877843235,0,0.0007727327075834183,0,0.13420524089571803,1,0.5321402547810112,0,0.41719838122830144,1,0.5118457806715173,0,0.23616588221596008,0,0.1712594251871655,0,0.41780949605949597,0,0.10110554127257254,0,0.006724485667422948,0,0.19878648164033397,0,0.02652416517602452,0,0.043220931777979935,0,0.06066511955571671,1,0.6540462126533989,1,0.5960915067930977,1,0.5955582754876335,0,0.10525061125135945,0,0.0030622438786818236,0,0.29333333333333333,0,0.0371904444429714,0,0.029295913964891857,0,0.20471488859486683,0,0.4198396479324859,0,0.4095592879637078,0,0.4574421268968947,0,0.09453064109713344,0,0.003245136516137066,0,0.168,0,0.09733127561020308,0,0.002088349471856395,0,0.1627564193221155
1_S12E04_456_u,0,0,0.3716364665201811,0,0.35553499538557876,0,0.47042800830607395,0,0.018289062533305308,0,0.004560195222502375,0,0.1977336333445769,0,0.29901808361054555,1,0.6327838474311188,0,0.4267014977995827,0,0.4348974888351457,0,0.4468845809225042,0,0.49368465386655436,0,0.04729616047946517,0,0.00010684498225891766,0,0.2331447980239708,0,0.2549405893574424,1,0.5510603108266782,0,0.39582995266312615,0,0.34244843712960354,0,0.22020517778878548,0,0.4959783272283273,0,0.024720906261686486,0,0.0005152005262615432,0,0.22306109710714092,0,0.011065073079552781,0,0.0037832203132273606,0,0.1807764195690624,0,0.2807089449707816,1,0.5446507363175435,0,0.4025739895093566,0,0.020511749964578763,0,0.00039054350221353197,0,0.30666666666666664,0,0.04000923925075877,0,0.0035694284749309313,0,0.2690682957429937,0,0.23670310107080347,0,0.37123587696493177,0,0.37784781985404087,0,0.020105130672040613,0,0.00017737777913395355,0,0.224,0,0.016924460751035767,0,0.0001057764283209823,0,0.23060807763110652
1_S12E05_030_u,1,1,0.5803742756005102,1,0.5815556312210547,1,0.5206069837370058,1,0.9219946254119887,1,0.8124035725320123,1,0.7065668969108257,0,0.42643191347172343,0,0.30684186096257227,0,0.4210595890081725,0,0.43092155490561257,0,0.4204309768204384,0,0.4449892228131977,1,0.9333031302140135,1,0.9974020422448538,1,0.7043925956876503,1,0.5464403680926928,0,0.4218076989261285,0,0.41994075304540424,1,0.541859091432035,0,0.4894290328242148,0,0.41406240981240977,1,0.7901031841404466,1,0.7325668353775833,1,0.6643219769397821,1,0.9019830771263141,1,0.7573016961960246,1,0.7159771777768625,0,0.40177950444857735,0,0.24359163575409612,0,0.39682802938601897,1,0.9007312279382148,1,0.9592257565662726,1,0.5732195121951219,1,0.9224535258862525,1,0.8907802887329631,1,0.6577163288226393,1,0.5167081338316055,0,0.36668480949719107,0,0.49730343122937376,1,0.77064074954771,1,0.6343628545522588,1,0.6159706655402234,1,0.8890610442167415,1,0.9233814336508287,1,0.6589572271202693
1_S12E05_054_u,0,1,0.8422825363311358,1,0.7923570395025757,1,0.640195136636868,0,0.20196602816673637,0,0.20939257449374338,0,0.1905957901956392,0,0.3965930184515758,1,0.6662522684255805,0,0.45067432934049484,0,0.47877183956983377,0,0.4286578268280291,1,0.5446830804691435,0,0.33277848984617686,0,0.28060840533137504,0,0.23731380613952976,0,0.4853433225868449,1,0.7861436847847212,0,0.44194257651895846,1,0.835081958437221,1,0.7423380269323152,1,0.6258615551115552,0,0.24213781748673566,1,0.7005769392962357,0,0.22985912601044187,0,0.17189670079759461,0,0.13033035339086868,0,0.25273266721715015,0,0.3878923631939571,1,0.6203735115605348,0,0.47697499872205007,0,0.20558585046425992,1,0.5555663801709873,0,0.36333333333333334,0,0.2944012517760753,0,0.10952198045384948,0,0.29679453748308343,0,0.4382767777681192,1,0.760492898475324,0,0.49893703387357313,0,0.2364481030498728,1,0.5782058788200065,0,0.258,0,0.19369667788173386,0,0.3945519336679804,0,0.2642399483172137
1_S12E05_110_u,1,0,0.35132853478876547,0,0.21825578528780218,0,0.3582353110167223,1,0.9389926582828956,1,0.8578699749331106,1,0.7748478562535154,1,0.5,1,0.5454804849930325,1,0.5425250654531729,1,0.5248324744640893,0,0.47415039567814854,1,0.624079078840751,1,0.8407995556155692,1,0.9946922721666503,1,0.6982042421133186,0,0.46568051360906165,0,0.20993638852050803,0,0.4398631297709924,0,0.33547301668717633,0,0.18332814373633505,0,0.3177424242424242,1,0.8666699059747512,1,0.9596462549706013,1,0.7580744121276382,1,0.9463256198043762,1,0.8232146380291556,1,0.7887657707371678,1,0.5085353969448888,0,0.497932024492125,1,0.5366452822475706,1,0.7890456921777774,1,0.9667100871264941,1,0.6397435897435897,1,0.8366924810336979,1,0.6774890061219045,1,0.6451972194307908,0,0.425756237994819,0,0.17141430532248722,0,0.47582885464198355,1,0.874392263332639,1,0.9560859748371003,1,0.7279188463827929,1,0.7864371631985768,1,0.9540512443303867,1,0.6874294795360665
1_S12E05_134_u,0,0,0.35090197754336544,0,0.3246680834723819,0,0.48063644786229814,0,0.02505710043781146,0,0.049338296703236584,0,0.08233250026887426,1,0.6173348499503741,1,0.628432971676288,1,0.5694772423046799,1,0.5542863551128465,0,0.48562536158727154,1,0.5202367675205727,0,0.013531927031912888,0,6.588714937290543e-05,0,0.13915630983520513,0,0.40017055831026477,1,0.5340848476001513,1,0.5559664804469273,0,0.3384159653599485,0,0.27898464328627,1,0.510790626040626,0,0.09331787294134376,0,0.28209502570145667,0,0.1332368145946734,0,0.02154767127128452,0,0.04607292672434356,0,0.08218876479279201,1,0.6153519853991865,1,0.5904539506008575,1,0.5407496628370609,0,0.05110362886079124,0,0.0029078580482820313,0,0.2966666666666667,0,0.012663472872206878,0,0.024975610441946898,0,0.18585398711023746,0,0.39398573962567474,0,0.4386888215571143,1,0.5010292915224768,0,0.09776468189688624,0,0.2323760476401632,0,0.11397247706422019,0,0.05146915310056311,0,0.002296485995010055,0,0.15892638835714876
1_S12E06_010_u,0,1,0.7252811774826894,1,0.8753377437167293,1,0.6537052333414272,0,0.04977700924310917,0,0.05874482601927454,0,0.11465160406085606,0,0.34603988960176196,0,0.37520390365243095,0,0.389826874808687,1,0.5798277142775613,0,0.4532667127553981,1,0.5763987525533961,0,0.11659389978526952,0,0.30132377970931884,0,0.20919841629037203,0,0.4371758908240643,1,0.7734371746674239,0,0.3959215811965812,1,0.7063586557754786,1,0.8377882260311604,1,0.6307070707070707,0,0.0812754664993664,0,1.5629068938277632e-05,0,0.1826623746623747,0,0.045440069452823764,0,0.06466722892277496,0,0.13518637703131373,0,0.3523143468017969,0,0.3164058278071733,0,0.37174497580162597,0,0.07848249319978294,0,0.003413109194055486,0,0.27666666666666667,0,0.11031526146616594,0,0.2582320156092576,0,0.27090376094138857,0,0.4313985593961369,1,0.7417905468272689,1,0.5040637759560596,0,0.08435819802413652,0,1.7743458985367524e-05,0,0.164,0,0.07835514976871438,0,0.0033448443696000485,0,0.21282012904327197
1_S12E06_016_u,1,1,0.5741392407515421,1,0.6110367258729751,1,0.5200043716036397,1,0.5330349872925904,1,0.6219866514936063,1,0.5206218618980136,1,0.612185352493955,1,0.5392738828743106,1,0.6977699962886131,1,0.5187821682032008,0,0.3404484352886334,0,0.22396097257555359,1,0.6348362609458754,0,0.40958058064479297,1,0.606974673845721,1,0.6046193700930479,1,0.5205746943455809,1,0.5920302393912452,1,0.5291971206338535,0,0.48362324953937386,1,0.5170119047619047,1,0.8088249372411828,0,0.10865213956866486,1,0.5754786484516172,0,0.4753278896734084,0,0.4005916256093754,1,0.553924413849454,1,0.5844965024992345,0,0.4012531933272937,1,0.6376083624231949,1,0.6812945819747263,0,0.2273751246635399,1,0.57,1,0.6029507271022531,0,0.25380710125410866,1,0.5069097727182141,1,0.5987423507653311,0,0.4501838585815608,1,0.5617098523622562,1,0.7803194273289348,0,0.025727751755591777,1,0.5736492753623188,1,0.6567204239121146,0,0.1108684318066307,1,0.5295806336219488
1_S12E06_027_u,0,0,0.4093859431242773,1,0.5583680319263145,0,0.4911146278259133,0,0.1200408146204125,0,0.047847991853879855,0,0.2108059952661134,0,0.36729433138263207,0,0.37106239457749496,0,0.4823688133807997,0,0.5,0,0.42588249490049696,0,0.46145580369746536,0,0.045772054607089115,0,0.0002211072758073319,0,0.21581337533371045,0,0.2821809975888244,0,0.37431605196078466,0,0.41761019535867044,0,0.411917405138553,0,0.48164747720110807,0,0.49344610944610934,0,0.04513975576741567,0,6.864608109961436e-05,0,0.17171367065110496,0,0.12526424652646084,0,0.05918116618592905,0,0.19546195439114517,0,0.36187694872852566,0,0.3089681873856792,0,0.4002103815132367,0,0.023750760549584436,0,2.5611385673785598e-05,0,0.2966666666666667,0,0.04667149953880238,0,0.05886453586203464,0,0.2544446478531592,0,0.30360479997792383,0,0.33312151719278654,0,0.45121203244274605,0,0.045498257274771234,0,0.0001438162135188015,0,0.264,0,0.02515497458764636,0,5.738608042462295e-05,0,0.19521990960938723
1_S12E06_088_u,1,1,0.617900705503738,1,0.6485212130575213,1,0.5615244543541931,1,0.8880392316900075,1,0.7848896131458446,1,0.7901731324803541,1,0.7403142723453998,1,0.8022554506148191,1,0.650285109386995,1,0.5309926246541883,1,0.5063931470391477,1,0.6215640687953069,1,0.9157396065133742,1,0.9881326287988365,1,0.7449567826490586,1,0.7066473440306651,1,0.7361532753540941,1,0.5618525565715348,1,0.6183439414273166,1,0.6932034390629277,1,0.5374126984126985,1,0.9735225627067554,1,0.9986383004108897,1,0.7356987926137991,1,0.8895146502471607,1,0.7751362658503519,1,0.7703813612759924,1,0.7235262183803316,1,0.7956546235935085,1,0.6237714301112628,1,0.9221063135323373,1,0.9937660754727748,1,0.67,1,0.9162558315554873,1,0.9573955334031576,1,0.7301680098777853,1,0.6318698506827896,1,0.7603308436594511,1,0.6149516219105323,1,0.970042154820014,1,0.9988345478687505,1,0.7457653515305616,1,0.9185975572540431,1,0.9957165911495635,1,0.7173957086794518
1_S12E06_111_u,0,1,0.5859597098311298,0,0.457422073738502,1,0.5818542855298181,0,0.34284154519964,0,0.1732645454911394,0,0.19851598990032726,1,0.7060760655995256,1,0.8502295770581667,1,0.6829139869100399,0,0.4562973672975161,1,0.5488137150520044,0,0.3901581955663616,0,0.15016641769715106,0,0.1601472181597877,0,0.2636672368195985,1,0.7303440068594714,1,0.6217948344285474,1,0.6290749175917923,1,0.5755219102622012,0,0.4883846299172202,1,0.6206594516594516,1,0.5263575444373997,1,0.9452447621983397,0,0.2564648064768605,0,0.3605962947110951,0,0.23014414558956023,0,0.17315384681389315,1,0.7202252923669857,1,0.8584788818534689,1,0.6606633462373414,0,0.40852713104843735,1,0.5584377322363018,0,0.37,0,0.14781889399303613,0,0.1821920212629475,0,0.2838499757930907,1,0.7312044255088861,1,0.6669572153171625,1,0.5714094628522056,1,0.532774595591375,1,0.9660907041793847,0,0.26,0,0.40858487666428883,1,0.6081889524887278,0,0.32304934760630616
1_S12E06_229_u,0,0,0.44944400662930156,0,0.46051504417959355,0,0.487688633456912,0,0.051796201290548904,0,0.029209184060737158,0,0.2202208083945366,0,0.2500073957298734,0,0.38252032933543867,0,0.3986582658194002,0,0.41550369760710437,0,0.3155327099188502,0,0.31946619766977385,0,0.08736512910366472,0,0.017010426276244935,0,0.23805757909270792,0,0.2757291069502609,0,0.48844489679218944,0,0.396,0,0.420415716693809,0,0.2624668515944417,0,0.4789246031746033,0,0.1353595235370524,0,0.0006613786841965047,0,0.25840725293685896,0,0.037041416266401,0,0.016652310216120614,0,0.22451107440031118,0,0.23971799087417897,0,0.24371392512875117,0,0.3754299212648857,0,0.13553195832483436,0,0.01286250791555452,0,0.37,0,0.07267168406830601,0,0.017168461673089733,0,0.2889316122588075,0,0.30949839517385963,0,0.3144925183905232,0,0.3720899807215982,0,0.1287326919515385,0,0.0002757056656305523,0,0.242,0,0.12478917688761777,0,0.005642587186182962,0,0.2703166933682075
1_S12E06_287_u,0,0,0.23282048215118473,0,0.3558616049910043,0,0.41132028736494836,0,0.1577670337589507,0,0.041060642173301555,0,0.24518239993165186,0,0.25825775593225286,0,0.35987277796306044,0,0.24971121099706917,0,0.5,0,0.4857643883227503,1,0.6154170736754238,0,0.061196178431316944,0,0.0033137089910436394,0,0.2782623752372279,0,0.17123598348119629,0,0.17227370937317013,0,0.2937305635983313,0,0.2503258527632999,0,0.3507746394999707,0,0.39732647907647917,0,0.03577586455522925,0,2.5741168890690183e-05,0,0.22912751789952998,0,0.1334434310724247,0,0.033768430907979284,0,0.25311036186036195,0,0.25089993674297373,0,0.3323633791738178,0,0.30325571680794383,0,0.03039978714876229,0,0.00015052976127618065,0,0.3433333333333333,0,0.05795324450444683,0,0.04669361146023597,0,0.3120788931999543,0,0.17555925196440167,0,0.15133906170802458,0,0.35259611795134305,0,0.033025755307372257,0,2.499559236271599e-05,0,0.244,0,0.028862011372796162,0,0.0001304918668230698,0,0.23751904322511083
1_S12E06_316_u,1,1,0.7952265635763379,1,0.9420186557948114,1,0.5392764127178815,1,0.9282529025496582,1,0.9596138023077451,1,0.5787595135498171,1,0.510512714326124,1,0.6736369054232488,0,0.4855987872146697,0,0.4642510969255836,0,0.38700706361903203,0,0.4600689207872735,1,0.9283115541811281,1,0.9999945820396058,1,0.6113510277552925,1,0.66078971937619,1,0.9411787474888037,0,0.49592775794300986,1,0.790993567210574,1,0.8780402310803306,1,0.6123965201465201,1,0.7548799362841923,1,0.9999924855863258,1,0.566452845216031,1,0.9269478905982627,1,0.9355074259786832,1,0.5690235609160895,1,0.5,1,0.6137615767138651,0,0.46944418471118904,1,0.8905563457551193,1,0.9999968410251499,1,0.5466666666666666,1,0.9256822791376025,1,0.9605958394786928,1,0.6175383759039715,1,0.5647123458276119,1,0.9066934973142974,1,0.5982918921659285,1,0.755138118998281,1,0.9999863496167282,1,0.5259567551105865,1,0.8889036852428397,1,0.9999929309995996,1,0.5695958393253665
1_S12E06_412_u,1,1,0.5438380764582549,1,0.7341013602056511,1,0.5774590065769136,1,0.9406134246476515,1,0.8828706331950784,1,0.5970446734093617,1,0.5773049452291078,1,0.5465189526027755,1,0.5877718719261485,1,0.5560888465093944,0,0.4127486645747397,0,0.4033487812769355,1,0.7347963566095119,1,0.945627567392408,1,0.5886340528850963,1,0.5922278600787174,1,0.7956817880250316,1,0.577494976618146,1,0.5206196065555941,1,0.7002538039764895,0,0.45751129426129417,1,0.8454199750776532,1,0.9922664809038614,1,0.6333055524374573,1,0.9455757616791706,1,0.8787605263935454,1,0.6252653385609819,1,0.5718943117133518,0,0.4729629612916367,1,0.5981409432447478,1,0.7609496578598011,1,0.9544364330159049,1,0.5794869771112865,1,0.7261934289987169,1,0.8075400360425692,1,0.5868077112925454,1,0.5328808126233413,1,0.7490615491894527,1,0.5992283284954348,1,0.8405014208417405,1,0.9929769049095241,1,0.5999507995051083,1,0.7669688858380157,1,0.9668467509898641,1,0.6232926780305924
1_S12E07_005_u,0,0,0.38473761714870225,0,0.18191808278856797,1,0.5005934798850518,0,0.19822675323123376,0,0.10183029570747687,0,0.2365860825518034,0,0.33505150149857577,0,0.4197493078258204,0,0.3598393888135635,1,0.5541278360394608,1,0.6045367680732439,1,0.6306294469542508,0,0.11860291338596181,0,5.6233315642407274e-05,0,0.27101812863987795,0,0.24844123427519554,0,0.08976388381711753,0,0.37586514336036864,0,0.38974056008797486,0,0.187504324053128,0,0.43410531135531144,0,0.14710777504437247,0,0.1086349474279392,0,0.22466853678349025,0,0.23486500047080583,0,0.19146446698637407,0,0.2570575268472936,0,0.35065255790479755,0,0.49667772383511305,0,0.3987185041511628,0,0.0647284743580595,0,0.000579636200704834,0,0.3566666666666667,0,0.11987096762642868,0,0.0796302462555217,0,0.31914432285744715,0,0.25856304036067324,0,0.09433205581170638,0,0.4170869450842414,0,0.15968124997591593,0,0.2005501414085688,0,0.262,0,0.06539306114002653,0,0.0009402662194121095,0,0.30380036213958256
1_S12E07_060_u,1,1,0.524611314641058,0,0.29730033710553205,1,0.5076577622725875,1,0.8594742217245047,1,0.727724035737421,1,0.6327206199391904,1,0.764539139364089,1,0.7536588757996528,1,0.7412607830702034,0,0.464709034713733,0,0.4638129785019951,0,0.4939350238941116,1,0.6536497156781764,1,0.7538278306170791,1,0.5975079934893192,1,0.69598253955425,1,0.5363972888240344,1,0.6671920048794137,1,0.5340680173962259,0,0.3134126295343652,1,0.5596190476190475,1,0.9593512723063381,1,0.9958185484271818,1,0.7078322615827795,1,0.8690041875637898,1,0.7113218888920432,1,0.6370978799868308,1,0.7747237911379738,1,0.6865261808756726,1,0.7853411959395156,1,0.8700117063201498,1,0.9936017941185561,1,0.6766666666666666,1,0.6591963134486453,1,0.6138449091275255,1,0.5816615194301039,1,0.6253688121389115,1,0.5267066907494601,1,0.7269858726879579,1,0.9610234123601724,1,0.9963668373155836,1,0.6918911780829757,1,0.8753699562221997,1,0.9943132391369703,1,0.6645131899016208
1_S12E07_092_u,0,1,0.6247697836186832,1,0.7134115910541056,1,0.5486633601124444,0,0.04392305354617629,0,0.010002662026217633,0,0.074782077695826,0,0.30427374050457257,0,0.3516660180387533,0,0.3186226327597744,1,0.5442704403601559,1,0.5027550947064382,0,0.4812883084545855,0,0.061125558059900664,0,0.003666082707148927,0,0.1310997441933363,0,0.39911284295086685,1,0.6516577313589282,0,0.42595238095238097,1,0.6259766870362501,1,0.6580343765812569,1,0.5328993506493506,0,0.038628132831741706,0,0.0019704918993591605,0,0.10057407407407407,0,0.0373781315332353,0,0.00854444362038616,0,0.08980835896956012,0,0.305734753242523,0,0.38356484637236277,0,0.36240628442389194,0,0.07003226496341608,0,0.0015097683707906936,0,0.21333333333333335,0,0.05790569876569606,0,0.02059370506517768,0,0.21599929491784675,0,0.40451661974335806,1,0.6488326219212392,0,0.4474380722703576,0,0.03817219200060857,0,0.0020850621123766526,0,0.112,0,0.06734213087511613,0,0.001596690199888877,0,0.16139906508926777
1_S12E07_105_u,1,1,0.7053132825173299,1,0.8488845286364597,1,0.609352521124486,1,0.7535698526854795,1,0.7959440831832558,1,0.7339922250874326,1,0.7379296695535206,1,0.7878706655310064,1,0.6997470103229372,1,0.6810461476412375,0,0.40622879302284165,1,0.5166094490763941,1,0.8603358936724447,1,0.9880436822554589,1,0.7121546463653887,1,0.7766969155571538,1,0.9224049742271128,1,0.6804672460173857,1,0.6502423148323906,1,0.735603051874805,1,0.5745869408369407,1,0.8755955789633382,1,0.9931643551878998,1,0.6739975057854567,1,0.7394999487760237,1,0.7268239326393434,1,0.710619454901001,1,0.7233778519139964,1,0.7036111680630084,1,0.6840010691629316,1,0.9242080054675165,1,0.9987115288041772,1,0.6898861788617886,1,0.8344087651778535,1,0.771388685766783,1,0.717580445879971,1,0.7781511968676655,1,0.874318370127575,1,0.652789378532231,1,0.8718859493618697,1,0.9881145761573289,1,0.7098874739848526,1,0.9170838622412122,1,0.9978469867675493,1,0.7106293040935454
1_S12E07_147_u,0,1,0.5951835472268278,1,0.6896703803921068,1,0.5331048950848283,0,0.005299002142994022,0,0.03160094030002998,0,0.07859647617648748,1,0.5538605133686274,0,0.4089465508822685,0,0.4958265739597964,0,0.41991948276453045,0,0.4756040811818187,0,0.23963560907239143,0,0.036265924378184274,0,0.0030688744253064035,0,0.09829977100344947,1,0.6239152893511158,1,0.7337035499226144,1,0.5158495401246032,1,0.5962331498056073,1,0.6653250011703037,1,0.5167323232323231,0,0.0427003011323199,0,9.950802702388351e-05,0,0.09623725476791271,0,0.003333846000956534,0,0.02500713591218178,0,0.08278722868267185,1,0.5563004039237907,0,0.3936145597511558,0,0.487569796049611,0,0.09691633297669175,0,0.0367142877081494,0,0.21333333333333335,0,0.03321366880279477,0,0.08991947740033639,0,0.1849657739391175,1,0.6714057391122306,1,0.694273566779572,0,0.47370838915043917,0,0.03586656219674703,0,5.16388404991239e-05,0,0.106,0,0.09440354634891107,0,0.026335392374194907,0,0.14021392727187543
1_S12E07_169_u,0,1,0.5619251006320134,1,0.7949806740263875,1,0.5601341560390686,0,0.014542396647008599,0,0.0271921863050706,0,0.06963149539371806,0,0.23990126128921704,1,0.5080352765313475,0,0.3146365631981437,0,0.4136495262444216,0,0.4929954199372808,0,0.4581912420483992,0,0.030632806558690388,0,0.011368935064541721,0,0.13898129786275393,0,0.3826791294818908,1,0.7278862180584527,0,0.39789312977099234,1,0.5299131486989993,1,0.7854846900630081,1,0.5343809523809523,0,0.01257692894074728,0,0.0016528250420622902,0,0.14622355107851318,0,0.01415887655887054,0,0.029708359219820513,0,0.1040652209205772,0,0.23618091574147204,0,0.4633224786467681,0,0.3289241683040319,0,0.03262928278694744,0,0.002923313581327832,0,0.21333333333333335,0,0.029858364620495268,0,0.11949510479282034,0,0.2142707997356917,0,0.3276467566764615,1,0.7500196761360837,0,0.3936462328311114,0,0.014651066215442043,0,0.0009422929394725006,0,0.092,0,0.03183438649802356,0,0.001467271254153836,0,0.1610095797781604
1_S12E07_264_u,0,0,0.3571881652788258,0,0.3509257352943122,0,0.42351744542104036,0,0.046939984587029575,0,0.046604429389613115,0,0.0991470017255252,0,0.34970349692297686,0,0.24993383513093032,0,0.34380371521160663,1,0.5373671704412791,0,0.36617174058020235,0,0.4375588087973264,0,0.03731551272799482,0,0.00041916994038377096,0,0.1549596819911977,0,0.22070567585938103,0,0.21562716823013026,0,0.41597657935285054,0,0.33009548613129175,0,0.30653667792705025,0,0.45740836940836943,0,0.035089397079199246,0,0.000509105168820641,0,0.12198100049682277,0,0.03330417763962605,0,0.027523440544326944,0,0.12372780752386013,0,0.33323545853537373,0,0.1706139584419802,0,0.37408819229869245,0,0.03240632680409339,0,0.00017687058212060002,0,0.27666666666666667,0,0.03197182375609275,0,0.01174076283342509,0,0.220896203745497,0,0.25838298739077964,0,0.17867397181859007,0,0.401252464566547,0,0.030702484100174763,0,0.00015265906585714754,0,0.136,0,0.02882504855675732,0,8.866511849503272e-05,0,0.1641589312620939
1_S12E07_424_u,0,0,0.29421342328400213,0,0.133932182272209,0,0.37455960329429955,0,0.043904110199319425,0,0.06162012545162483,0,0.10893769120224127,0,0.27312726238870133,0,0.17443922938133943,0,0.3150789323614397,0,0.4486257732523344,0,0.45887684477023155,0,0.3418011129859504,0,0.04092724617498974,0,0.0015123371887057662,0,0.18923460907041598,0,0.17432796232429992,0,0.058121841340416994,0,0.3259183673469388,0,0.29571520455769446,0,0.12722664777454276,0,0.39562554112554105,0,0.016371410923779247,0,0.0004580148744174843,0,0.11944182888634977,0,0.03888508310800146,0,0.062423481909602126,0,0.12095925032510399,0,0.245936190523108,0,0.15973844803420975,0,0.3327719540811542,0,0.02421513743826925,0,4.0078592027691334e-05,0,0.23988617886178862,0,0.0413555286757284,0,0.026217121479459985,0,0.16867583592576266,0,0.1907595603505979,0,0.05639049582154974,0,0.3657624875923866,0,0.013489008100655108,0,0.0001297973335624236,0,0.118,0,0.021610627076171694,0,2.506528605172246e-05,0,0.16267278674344315
1_S12E07_443_u,0,0,0.37730045876007934,0,0.43232730616500736,0,0.36857331631332546,0,0.24549382949085902,0,0.20068323339664848,0,0.3184473426643429,1,0.5273326583181257,1,0.506666381595332,0,0.48540152650088997,1,0.5519383980014786,0,0.48401920445640595,1,0.5784995170854067,0,0.1556854566886595,0,0.014005563540492231,0,0.30244573511967865,0,0.4490472555159156,0,0.4302272930106847,0,0.4155535944265525,0,0.3811901060795397,0,0.4239855398333102,0,0.35854029304029306,1,0.5646944980216415,0,0.25884296336485413,0,0.39040673133472076,0,0.21721518615940344,0,0.17830662261910984,0,0.3632403277810338,1,0.5325245687667661,1,0.5440706386150109,0,0.43830252962259353,0,0.3711789252772767,0,0.21946895842866468,0,0.419963167587477,0,0.156928802254705,0,0.0876164275299655,0,0.336514043500326,1,0.5053860822124421,0,0.4381904915736919,0,0.4070359627640901,1,0.5693144071878761,0,0.23969186473473905,0,0.326,0,0.3726201590693676,0,0.2129446964899175,0,0.33301932394860817
1_S12E08_006_u,0,0,0.46125836201803105,0,0.33227887250202737,1,0.5187407037773216,0,0.023703812766837935,0,0.01286035418317446,0,0.07123555754590237,0,0.44676707435841423,0,0.37448996932468936,0,0.4883870245894956,0,0.5177758969814563,0,0.4979355223198259,1,0.5260066989381418,0,0.030401732744076575,0,7.948090157336608e-05,0,0.14098869657266117,0,0.37783480619768967,0,0.3264351153458635,0,0.4258492359349916,0,0.4602159239149595,0,0.3040139066976117,0,0.488463924963925,0,0.03304176974448876,0,0.002721845309909706,0,0.10677471468641682,0,0.020759930066588855,0,0.013830504491678311,0,0.08601964219355522,0,0.43535148403959484,0,0.3900223205064437,0,0.40718469176480904,0,0.049478036881054586,0,0.00026703653528251824,0,0.23,0,0.02949169471607553,0,0.00811979664356317,0,0.20173758449842027,0,0.42855626844053213,0,0.33084605665610173,0,0.4445007727812378,0,0.029913627349709135,0,0.0022532574809151357,0,0.104,0,0.046879723290451744,0,0.00034149636029245884,0,0.14061419776343087
1_S12E08_023_u,1,0,0.420213899193165,1,0.5888393430622024,1,0.5189083743172855,1,0.8062606096608972,1,0.8553349062646125,1,0.703268693392949,1,0.6623649830878009,1,0.5737158386262431,1,0.6694721235339468,1,0.5290668674331406,1,0.5260683736620441,1,0.7259124538704358,1,0.8472615611998434,1,0.975268543048052,1,0.6777713080014499,1,0.584228027844344,1,0.7753384952279928,1,0.6197004001245889,0,0.4191164910746212,1,0.6541977187946478,0,0.4625270562770563,1,0.8751700651001993,1,0.8964720455623824,1,0.7129160315795584,1,0.7992416887805595,1,0.8704659021811415,1,0.7459722578385588,1,0.6775475055146055,1,0.5849471623844188,1,0.6758867001832123,1,0.8603892182160285,1,0.9727764447868851,1,0.6199631675874769,1,0.8593243155428286,1,0.9012748934856288,1,0.637405293185832,1,0.5424336867106703,1,0.8280410892977363,1,0.6474646444329234,1,0.8744371653508884,1,0.856133126350249,1,0.7179446707497351,1,0.8651882455333797,1,0.9722675461027328,1,0.7237211972666312
1_S12E08_071_u,0,0,0.22528295526739145,0,0.07987894010213485,0,0.38071794332128217,0,0.01722127791231459,0,0.023387167527366196,0,0.09792138195817833,0,0.24690751498865862,0,0.12076716159504915,0,0.3193859225883536,1,0.6084432669819309,0,0.43198940195890917,1,0.5695221360756869,0,0.020637536620198776,0,9.199322799552958e-07,0,0.14749745832237923,0,0.1381850244674684,0,0.02043621781299227,0,0.3259627906976745,0,0.21828637840169818,0,0.07554057520524568,0,0.3513440725940725,0,0.004444379678336495,0,8.893932253111049e-07,0,0.11846891534391533,0,0.011777765865341898,0,0.017447023241915594,0,0.09448130273396882,0,0.22759598652155452,0,0.10646161597143301,0,0.2609831418173945,0,0.00399013342352857,0,4.0593156925634675e-08,0,0.19,0,0.017471904230409264,0,0.0021831430385034927,0,0.21349385887044856,0,0.15643864729432927,0,0.025129100664657244,0,0.28040809167852454,0,0.0038137820578908075,0,4.1622259138483553e-07,0,0.09,0,0.003422053579994151,0,3.0233743536644406e-08,0,0.15456093952056027
1_S12E08_098_u,1,1,0.5128705851640387,1,0.5889152043633484,1,0.5023633618186967,1,0.8333182044346376,1,0.7292717007436789,1,0.624921038950271,1,0.8435229056219417,1,0.9002572967752864,1,0.8007986264329152,0,0.4329996106192326,1,0.5233140711600464,1,0.5281738463980183,1,0.6930933920068187,1,0.965988852481779,1,0.6390673515719164,1,0.7877446040491564,1,0.8420936538243448,1,0.6490743597932317,1,0.5237697835699029,1,0.5937310300432546,0,0.4626541514041513,1,0.9217135618188096,1,0.997176063127498,1,0.6919987616297976,1,0.8326155016617168,1,0.6759855369078913,1,0.6457653963626792,1,0.8602969084037129,1,0.8957215741959058,1,0.7028311770854271,1,0.8700821685047375,1,0.9893126707290529,1,0.7133333333333334,1,0.7040892678303062,1,0.8469250639693766,1,0.5814253771082869,1,0.7786953403280618,1,0.846956669665867,1,0.614221005618566,1,0.926050831355301,1,0.9957563052091504,1,0.6967731742617669,1,0.8752743092742462,1,0.9876219641332042,1,0.7000695449551951
1_S12E08_103_u,1,1,0.5236100723534723,1,0.5142323591567477,0,0.46151790370262386,1,0.6924076185412645,1,0.7010844546231233,1,0.692077622328099,0,0.2399816174898356,0,0.2884646541861603,0,0.38253400226500783,0,0.4659456621690732,0,0.44195478020182555,0,0.42280095870488177,1,0.6458061480258442,1,0.6192146260944564,1,0.6401806780531121,0,0.28999589147944194,0,0.47930763505993207,0,0.4019240516333211,1,0.5234635675471863,1,0.5345468902438998,0,0.4375479797979798,1,0.7125552680160693,1,0.8430927045615654,1,0.5227823922939139,1,0.6443933509227029,1,0.6781017351911828,1,0.6950553053991346,0,0.25293736688805846,0,0.2540622334635547,0,0.3670005423959007,1,0.6466169977214913,1,0.8570874493962963,1,0.52,1,0.6536563650692018,1,0.6125955901629019,1,0.5706117305289778,0,0.319210492533382,0,0.4850061785460099,0,0.4594418667776,1,0.7315341388202109,1,0.7454493335193172,1,0.5539911111111111,1,0.6546204219219335,1,0.8314477331742212,1,0.5135545493122236
1_S12E08_135_u,0,0,0.1428339028703475,0,0.033996880844804546,0,0.3511871180722416,0,0.04268132199841245,0,0.008321143353379353,0,0.11231058941058943,1,0.7362988650115541,1,0.5630433845784235,1,0.7294872886423089,0,0.45793404900836165,0,0.4916057645362109,0,0.4606471746169098,0,0.006149512282773332,0,6.951874568500788e-07,0,0.1978599822521035,0,0.4569224418103601,0,0.07304770796760503,1,0.5475534114351415,0,0.13425414368365843,0,0.02705006029234103,0,0.3507564935064935,0,0.04177778628257106,0,0.00037313394850986255,0,0.18101649343799975,0,0.04780920463264161,0,0.009206828095722057,0,0.1146365740740741,1,0.7312196650769364,1,0.551261274559371,1,0.6963982138891257,0,0.016863107346158757,0,4.7903901599785555e-06,0,0.34,0,0.005627663355891975,0,0.0018077379636404361,0,0.22343031469355482,0,0.4512577864116035,0,0.0616588488589043,1,0.5380985175471805,0,0.045912027743295614,0,0.0007940887672598502,0,0.2259724770642202,0,0.017369044405302722,0,7.534167890911386e-06,0,0.23685516686180327
1_S12E08_445_u,1,0,0.5,1,0.6128477522564855,1,0.5019061887978349,1,0.7404515453513535,0,0.15581261132981264,0,0.46803174666726577,1,0.8257420060417108,1,0.7562165122750653,1,0.8156342506810784,0,0.40956147667471426,0,0.44432655075907607,0,0.24353782934834925,0,0.3986641150094838,1,0.7983024262542128,0,0.46974527437405583,1,0.8180024782355367,1,0.8143189021017854,1,0.6777493963105735,0,0.5,1,0.564940884617526,0,0.3958048340548341,1,0.5736031982892145,1,0.7678811484649803,1,0.554782974031264,1,0.7319130313172701,0,0.1641186075842786,0,0.41277180509509737,1,0.8101672508583443,1,0.6804649190176516,1,0.7227696023751768,1,0.6312634036544752,1,0.6556706567166801,1,0.54,0,0.39533295226120385,0,0.2303528312891617,0,0.45229833134028186,1,0.812336940927206,1,0.7693933898299847,1,0.671653118390271,1,0.5604927179445028,1,0.5355008664974938,0,0.4839756097560976,1,0.6223390576082846,1,0.558934566451247,1,0.5386687311827033
1_S12E09_005_u,1,1,0.6834481711521739,1,0.6165495050583738,1,0.5781351733679273,1,0.6103812490973377,1,0.5386086234970526,1,0.6500540096592378,0,0.3223028351927974,0,0.4684055798024815,0,0.41433550110248446,0,0.5,0,0.40610590021507703,0,0.41973969288277885,1,0.8057073362245735,1,0.9966707165695627,1,0.6246689536637231,0,0.4078609571555916,0,0.49291484609296604,0,0.429928083848583,1,0.691640660703965,0,0.44783145667078256,1,0.5126230158730157,1,0.5550769718294443,1,0.9802329428522867,1,0.5818991831374196,1,0.5104150468733585,0,0.4159225891039626,1,0.6447230684657774,0,0.3048901191839762,0,0.39203627236114835,0,0.4341844349148395,1,0.7307053359311183,1,0.9916068931201306,1,0.5833155080213904,1,0.7890175118701417,0,0.4925986579674445,1,0.5994415310876964,0,0.41901069465459406,0,0.3762655263109662,0,0.4655223192676157,1,0.5141991399149156,1,0.957880678455589,1,0.5439656697721758,1,0.6999850211960087,1,0.9755150332870718,1,0.5601572266740072
1_S12E09_081_u,1,1,0.7500713841480545,1,0.8791318294672541,1,0.6349099926295815,1,0.8979399382176093,1,0.7619588275661546,1,0.7025569678172898,1,0.6382672038800569,1,0.7671400926905083,1,0.6614799853439105,1,0.5428059689076695,0,0.4933449879306824,1,0.5560403644367792,1,0.9299044235013665,1,0.9921124222262113,1,0.7021652954927965,1,0.7841119281485502,1,0.9388347877391365,1,0.6533356715584628,1,0.7314224615287048,1,0.8594128799569043,1,0.5804325396825396,1,0.9336389037230411,1,0.997467660283595,1,0.6905631044018993,1,0.8740529727100427,1,0.750868065816326,1,0.6339200375072616,1,0.6343181277199188,1,0.7555928085427494,1,0.6570557834198077,1,0.9573596216342507,1,0.9949039286184014,1,0.6965113157356251,1,0.9241413788831029,1,0.936295347940007,1,0.6788611571269507,1,0.7397880625420266,1,0.9380191634310948,1,0.6300373302510497,1,0.9198671600185286,1,0.9958428735740711,1,0.7059368512046588,1,0.95063969126317,1,0.9912042592949108,1,0.7121106008973828
1_S12E09_090_u,1,1,0.6664217516000669,1,0.8140491672675233,1,0.5753335401269015,1,0.6135379812371259,1,0.5942377802238812,1,0.6347503795325953,0,0.30041987855949503,0,0.3234098173373729,0,0.35380761677057476,1,0.5158276557179574,0,0.3893869200046287,0,0.3720412240248619,1,0.8574263944380006,1,0.9987593655779641,1,0.6067909620217986,0,0.40571747416481185,0,0.44118167499198796,0,0.43185701533668824,1,0.6417794086929323,1,0.7893959191361488,1,0.5142313797313797,0,0.36590974335167903,0,0.1027442694235057,1,0.5699766179340086,1,0.5833383611125197,1,0.5220384043681288,1,0.6381734001873132,0,0.28482729983768396,0,0.2673655709806546,0,0.4033336867681085,1,0.6565294848445511,1,0.9777717861690131,1,0.55,1,0.8481425267063226,1,0.8894695360987939,1,0.6014017817989855,0,0.42108740904186537,0,0.4322671442003089,0,0.41898634660373174,0,0.34528907948031773,0,0.07267291319314378,1,0.5719519186449794,1,0.6462207201324585,1,0.9727977822496514,1,0.5542946861857959
1_S12E09_103_u,1,0,0.27958245525648256,0,0.07169154076307319,0,0.43494637353979715,1,0.9544557432467838,1,0.8724629957931408,1,0.7712358350861327,1,0.6668748737048309,1,0.5483697285349073,1,0.6646131926397291,0,0.4872414464964541,0,0.3973276919716944,0,0.32571116407210166,1,0.5912097008856689,0,0.16379146687318988,1,0.6705662415718092,0,0.40297321592577495,0,0.10418372900630386,1,0.5374706674980473,0,0.24972060312722427,0,0.04972413807635718,0,0.3263661616161617,1,0.9322391549387197,1,0.9038130590407071,1,0.7494294980295042,1,0.9568219676047856,1,0.8507595518442355,1,0.7312056928003904,1,0.662474089776413,0,0.4433881831355347,1,0.6083401070142629,1,0.6850547697066104,0,0.306740351290003,1,0.6066298342541436,1,0.5708650036292581,0,0.42081586143749306,1,0.6328891349737958,0,0.3752251713528537,0,0.07709316709945259,1,0.5832586448346474,1,0.9353300210364682,1,0.9125795087578527,1,0.7299206272805489,1,0.6819072092748668,0,0.264135876597008,1,0.6941354946815913
1_S12E09_175_u,0,0,0.30195080106258,0,0.36259833584465323,0,0.3855058250432617,0,0.040614038577701156,0,0.06403921411659319,0,0.0979180060234197,0,0.36755086191376257,0,0.30558351463497074,0,0.44623596946592387,0,0.4744505045674237,1,0.5285001846611874,0,0.3535912070954064,0,0.01459710315786391,0,0.0005375598051645213,0,0.10784860925036091,0,0.278511544401961,0,0.3898454617869921,0,0.4439464483218916,0,0.30226719081726117,0,0.29706127865525006,0,0.42168503718503714,0,0.06110221207026968,0,0.014742462292325401,0,0.14608108171237927,0,0.03222835245191021,0,0.07764941748488097,0,0.08894667552121466,0,0.3782420941220117,0,0.3433466076874894,0,0.47966602732095,0,0.03342636889846332,0,0.001204527132864157,0,0.2866666666666667,0,0.013581591522506915,0,0.06500667207188009,0,0.1977164128277817,0,0.28544997464175237,0,0.37457580615809866,0,0.43704054571190226,0,0.061498544450631236,0,0.0176121219212129,0,0.15599000000000002,0,0.03115244212337123,0,0.0009174564289950902,0,0.17818980254343864
1_S12E09_207_u,0,0,0.217337638187949,0,0.07347102942798638,0,0.3381054870838814,0,0.12715781501539644,0,0.13207429489703038,0,0.23990541273142768,1,0.5660668589929239,1,0.5489668550440587,1,0.5379950934363252,0,0.5130552450385105,0,0.48615804763593673,0,0.4504265754366144,0,0.0196756401522696,0,1.5549635660435133e-05,0,0.20634580879113973,0,0.4140922968092434,0,0.16842013333865208,0,0.4639265062404597,0,0.2049490043825169,0,0.0790294178931774,0,0.33078138528138523,0,0.23363975105779172,0,0.33183275489362324,0,0.3073727734792802,0,0.11681245467941825,0,0.11775720739414755,0,0.23074328142754874,1,0.5557537689709637,1,0.520671256956108,1,0.5321526597372017,0,0.13938567320925466,0,0.001261938125523468,0,0.39,0,0.019378938154984586,0,0.013593469713037107,0,0.27669415829362337,0,0.4753911075513161,0,0.14702214694366555,1,0.5113316499293297,0,0.22521269156653667,0,0.16293664879490735,0,0.286,0,0.1323502193412073,0,0.0006380562266454486,0,0.3673594102782479
1_S12E09_307_u,1,0,0.5,0,0.4694181135908786,0,0.46851247348963443,1,0.968404032359254,1,0.8623159514039196,1,0.7090409867208196,0,0.4578606570585662,0,0.34302807774785427,0,0.4053039075734919,0,0.44961001870756306,0,0.3058590743576769,0,0.25546348625106197,1,0.8729524818028207,1,0.9998958394637074,1,0.640635909188617,0,0.4946858610080194,0,0.3787398872801065,0,0.4018923373753488,0,0.46799167630961824,0,0.2989878205502031,0,0.4998167388167388,1,0.7012819527914602,1,0.9608311981109808,1,0.5856904954317361,1,0.9659601361778701,1,0.7605760328063464,1,0.6829482984966672,0,0.4186229233797038,0,0.23806407273967892,0,0.4265110053401462,1,0.7853591814819145,1,0.984345126718493,1,0.54,1,0.8642569813609556,1,0.8189135423248072,1,0.6229298088663362,0,0.4728118706971722,0,0.2658014225675847,0,0.475917023832161,1,0.6735724107306303,1,0.9043665787541084,1,0.5539266746600465,1,0.7670477269661438,1,0.9555175113686535,1,0.6037664053066412
1_S12E09_369_u,1,0,0.31630250759214457,0,0.1566877290040453,0,0.4478955512546807,1,0.7811468791114297,1,0.688590585692803,1,0.6564580173622074,1,0.5144780598954324,1,0.7776371066980927,0,0.4980640661440614,0,0.34321882112721486,0,0.32811818202660475,0,0.22613734399053426,1,0.49306329125077863,0,0.37895040909644184,1,0.6076116496948977,0,0.4772352434353789,0,0.40709631851207234,0,0.48793309294871795,0,0.28669944341635256,0,0.07535370814278843,0,0.3844667277167277,1,0.694095333021794,1,0.9299825138255983,1,0.6010434429674102,1,0.7707184149885821,1,0.5702584447515002,1,0.6619737949580023,0,0.48751540665440163,1,0.690094323767921,1,0.5440792720168175,1,0.6803440642239226,1,0.7018435177997439,1,0.5666666666666667,1,0.45830005003689434,0,0.3790880080666496,1,0.582024818302439,0,0.42525722489849405,0,0.26881549968548685,1,0.5401627975459756,1,0.6956587126885075,1,0.9030676791438538,1,0.5996688463827929,1,0.6635228865052571,1,0.5733540048544253,1,0.604904795180408
1_S12E09_413_u,0,0,0.267423069389771,0,0.4121084418857163,0,0.381180475755222,0,0.03710533516175802,0,0.03444988855807896,0,0.14978900585786148,1,0.5820262908573811,1,0.5825964641115521,1,0.5895440801282168,0,0.3797906241031379,0,0.40262829174418163,0,0.34354117142976776,0,0.03161112619452565,0,0.0009426210279509903,0,0.2198777400743098,0,0.4387292002260559,0,0.453533513705386,0,0.48931629037651403,0,0.2510522971569889,0,0.36444589292302826,0,0.32600305250305256,0,0.053946356431559435,0,0.001489953227838731,0,0.23317052748963443,0,0.028700657340404816,0,0.02756572632308184,0,0.1441495328664554,1,0.563521814534339,1,0.5101254522880599,1,0.5673928324996718,0,0.04170461127629777,0,0.0007286877374884036,0,0.36,0,0.02842022537470932,0,0.015848027271244448,0,0.24935249080069966,0,0.45966342280623756,0,0.3880124858933661,1,0.5106902352596694,0,0.05065354946391457,0,0.00111001089832861,0,0.176,0,0.03801573395726012,0,0.0004523925293907669,0,0.20369042227310685
1_S12E10_076_u,0,1,0.6014366844934315,1,0.6637334648289023,1,0.539389295050109,0,0.04180426609480386,0,0.03888505445243592,0,0.10768014453927986,0,0.3779327330748761,0,0.4761622015911499,0,0.4514708359784446,0,0.5,0,0.46791653371083697,0,0.49579555180240154,0,0.05282054928618984,0,0.005739530874653166,0,0.10771992512945226,1,0.6000289724427564,1,0.6798001089716899,1,0.5159068896047061,1,0.6419181850801353,1,0.6420676694628129,1,0.5605930735930735,0,0.0699617018441136,0,0.0002216363577068127,0,0.15073380481753004,0,0.029841724346507437,0,0.029064817288785558,0,0.09337189701757438,0,0.38049859963441074,0,0.4759382260409812,0,0.39720683495809683,0,0.12219976342165358,0,0.003034772479146246,0,0.26666666666666666,0,0.050241793213301036,0,0.12380306409012005,0,0.19637944538999427,1,0.6647613119158422,1,0.6803301011577053,1,0.5151996856963899,0,0.06671251234433147,0,0.000143382267227906,0,0.138,0,0.12121108315999357,0,0.002547676701189048,0,0.1728022616152718
1_S12E10_195_u,0,0,0.339579053536256,0,0.21611266620518035,1,0.5386373278061213,0,0.06757210487657778,0,0.12906012022643115,0,0.1876529024965645,0,0.3005541448611284,0,0.26883148347759367,0,0.4001484689144101,0,0.48364278585832843,1,0.5405697171628964,1,0.5789586995106102,0,0.07633796975178858,0,0.00014441635556897316,0,0.25071527688460066,0,0.2936353452369086,0,0.11741818190304709,0,0.426,0,0.34126226366849416,0,0.24908383160843797,0,0.49323701298701295,0,0.04764638963337799,0,0.00021360734709782711,0,0.23105221831308798,0,0.07134766504082564,0,0.14576389044855187,0,0.21789588523156297,0,0.30365863777190155,0,0.30580430075454035,0,0.37740391408796475,0,0.05763980079814371,0,2.7104184206920747e-05,0,0.32666666666666666,0,0.07592338399072492,0,0.13156582126791577,0,0.2830718744165298,0,0.2980338339573498,0,0.13615657560981978,0,0.3908541822972317,0,0.048788005395862456,0,0.0003147826719631633,0,0.228,0,0.055911927498400536,0,4.452190491829902e-05,0,0.2709294440026102
1_S12E10_245_u,1,0,0.4502684387030176,0,0.479517813879485,1,0.5149551173765324,1,0.9476096292584226,1,0.8882491574179605,1,0.6690232058727511,1,0.5212611913358557,1,0.6291951352058038,1,0.5053318306636563,0,0.5097347165913546,0,0.39864077110246143,0,0.40523598954543777,1,0.6551093332159552,0,0.29732556444744146,1,0.577253051036782,0,0.4324911892256538,0,0.45077985057146985,1,0.5238952322423517,0,0.42914875489465226,0,0.43130170135526885,0,0.489942612942613,1,0.8505745049991318,1,0.9272760971375505,1,0.625367735389376,1,0.9469728542965498,1,0.8764924184607461,1,0.6418907676392973,1,0.5051380561840737,1,0.5479213366566472,1,0.5083770205531889,0,0.45203100289266573,0,0.07400439798118474,1,0.6065481481481482,1,0.6382055859555298,1,0.7493067886479666,1,0.60256863628204,0,0.4501899399893618,0,0.4123995205116937,1,0.5043731855138384,1,0.8420621666388329,1,0.9573215571901812,1,0.6219308466196197,0,0.4512717470364861,0,0.0836154343693542,1,0.5922743325104446
1_S12E11_002_u,1,1,0.7310304126246374,1,0.8454398842720607,1,0.5772522129280159,1,0.5941943691279519,0,0.48224758857071465,1,0.6771761912494878,1,0.592851199093577,1,0.5835945751803646,1,0.6734410433999254,1,0.57890675754432,1,0.538669830209613,1,0.5183252925940794,1,0.8821048098115246,1,0.8154439773067143,1,0.7023494928010244,1,0.8474110944322975,1,0.8629552424045331,1,0.6636367538761191,1,0.7759670904866933,1,0.8446993993144823,1,0.5845555555555556,1,0.6904638025128006,0,0.2386546862063436,1,0.6906797007995387,1,0.5878799895683849,0,0.46937260611729237,1,0.6574090504978173,1,0.5930348444506501,1,0.5848187932950853,1,0.6360426245753998,1,0.9426550325097868,1,0.9659258211011296,1,0.6999666666666667,1,0.8948949501282311,1,0.8267913349786271,1,0.6363750003942455,1,0.8918091674908528,1,0.8395882542008614,1,0.6143530607407218,1,0.6644634258627813,0,0.20501896929583802,1,0.6879419301492397,1,0.9438893016491497,1,0.9648638247101431,1,0.7251543631296432
1_S12E11_072_u,1,1,0.6543621253276128,1,0.8138559031376785,0,0.48071561090124826,1,0.6235606881845821,1,0.7598518870858202,1,0.6501082020102753,1,0.6639896450973394,1,0.7272270195449426,1,0.5726099636751159,0,0.4665758790987086,1,0.6108640337144104,0,0.4479150826964272,1,0.752373266461848,1,0.8081614675845388,1,0.5974673488886232,1,0.7575276855093378,1,0.9035343509139382,1,0.5317768959870606,1,0.6763631448295757,1,0.9036710359224883,0,0.4579491341991342,1,0.5932983996956587,0,0.15835081874969223,1,0.687169783989214,1,0.6254144136253855,1,0.8291546782092873,1,0.6609852731120002,1,0.6863194511485989,1,0.7968311347432563,1,0.5781371826029378,1,0.7679887486955582,1,0.5116815013504439,1,0.5766666666666667,1,0.7733783580597013,1,0.935590528276634,1,0.5961901309486337,1,0.7707650457962103,1,0.9394749152169168,1,0.5058437326469309,1,0.5981827228642751,0,0.1346526646716574,1,0.6898796562396362,1,0.7858221811561201,1,0.6106326181858844,1,0.5997074170074786
1_S12E11_190_u,1,1,0.5210061680687984,1,0.6386288296330592,1,0.5173433653310101,1,0.8674029711578823,1,0.6261772055404239,1,0.6290487892498845,0,0.5,1,0.566283997015601,1,0.5146094425272641,1,0.5504620120962402,0,0.43105330484450205,0,0.46221135803967167,1,0.8069707130418162,1,0.9945103168849003,1,0.5715653803678775,1,0.5375469395512544,1,0.716084556971527,1,0.5259266443234185,1,0.5061112908812961,0,0.41086704365597265,1,0.5857766955266955,1,0.6464998132915982,1,0.9624874093472249,1,0.5900584270250029,1,0.8217162502304727,1,0.5405173985199166,1,0.6292114060317086,0,0.46767031464038045,0,0.4966282290962882,1,0.5516385065672725,1,0.7485070463623125,1,0.9872011003897443,1,0.59,1,0.7955158356214909,1,0.5486005770368743,1,0.52201073340827,0,0.4574288664817079,1,0.5727022352019014,1,0.5200630140159014,1,0.6211006164024795,1,0.9306611796362818,1,0.6038536756987094,1,0.7265708666559202,1,0.9638838762010249,1,0.6122030376042953
1_S12E11_199_u,1,0,0.48262010769470826,1,0.688242434642653,0,0.4580722558360865,1,0.7853625055522234,1,0.662295005191719,1,0.557204803658211,0,0.2490078267000072,0,0.3739940317693163,0,0.28745089421284215,0,0.459001438760748,0,0.4427602745389247,0,0.2565291594903526,1,0.6627525633808607,1,0.9823735925981592,1,0.5253884881563909,0,0.2756013352316013,1,0.7447323623681404,0,0.37,0,0.46901706080760014,1,0.5919039083205658,0,0.47472474747474747,0,0.34581716813546615,1,0.9699470897898878,0,0.47414383806719645,1,0.7987402957050063,1,0.6535200312278074,1,0.5803806724190109,0,0.2414932548497886,0,0.34156448919446797,0,0.3423395273499167,1,0.5083838606531597,1,0.9938190158106635,0,0.44666666666666666,1,0.6742942331990877,1,0.7257579869650131,1,0.5365611017708583,0,0.2740882604100624,1,0.7033277022705373,0,0.3278390621761359,0,0.33342302597948625,1,0.9750655380684146,0,0.43398009950248756,1,0.5,1,0.9942498577788023,0,0.46738082418616206
1_S12E12_043_u,1,0,0.23328765540171292,0,0.1536271091705336,0,0.39253021687371376,1,0.9623885072801251,1,0.8318958500506165,1,0.8467801638927339,1,0.6204586194692187,1,0.8862978461065357,1,0.5509255907354349,0,0.5,0,0.4646162358777168,0,0.456351175658122,1,0.7018528971083665,0,0.4849863594681305,1,0.7208164065486126,0,0.415300766666091,0,0.435535567605097,0,0.4359468380866763,0,0.21448652936428164,0,0.1396197081936927,0,0.42147682872682873,1,0.9849152759306126,1,0.9999866281027969,1,0.7700830035260069,1,0.9514416399158608,1,0.8317069478119471,1,0.8446547599854033,1,0.6119805310618514,1,0.8734033085575734,1,0.5368662488568037,1,0.895361754499526,1,0.9968969690486843,1,0.6498861788617887,1,0.6759548732353612,1,0.6611786700990375,1,0.6631013287992744,0,0.46295574201664424,0,0.4070538693596234,0,0.4658974226450306,1,0.9854145398350114,1,0.9999880858789845,1,0.7519460218253602,1,0.8927457118891827,1,0.9963730156894395,1,0.7159066160325858
1_S12E12_266_u,1,0,0.2464997076420596,0,0.21807808252517052,0,0.38237251866297833,1,0.9013174556349268,1,0.7582454215061558,1,0.6198166391635906,1,0.5799633832354949,1,0.7998948666728424,1,0.5674921443325719,0,0.45779306022896105,0,0.46127223980884297,0,0.37321485404299964,0,0.4051048851622722,0,0.156333872547246,1,0.58506083499769,0,0.46202087613204545,0,0.33007423895011523,1,0.5118187962291719,0,0.2548467095451046,0,0.22714996183169894,0,0.3479325396825396,1,0.9584504211771162,1,0.9982394998214431,1,0.6693965148963484,1,0.8709641664259228,1,0.7319857530161041,1,0.6242451378811654,1,0.5795143201002968,1,0.7873476853272937,1,0.5798240028551246,1,0.7759271351509588,1,0.8710485326013521,1,0.5864713955759444,0,0.4089270748439308,0,0.4294151213903628,1,0.5010967876359003,0,0.457949354759259,0,0.3272747799493624,1,0.5117718256038664,1,0.9558042144119925,1,0.9975686969001328,1,0.6339807532155085,1,0.7756985493724863,1,0.8654903524024818,1,0.5864192375724057
1_S12E12_281_u,1,0,0.40487668516672354,0,0.46523627771688614,0,0.483874746088856,1,0.9028004587919047,1,0.7656067733734907,1,0.6676604952991874,0,0.2939869660323469,0,0.22460017316001984,0,0.33339367529607294,0,0.4372301368801767,1,0.5271569330001523,0,0.42691183141650774,1,0.791701116892724,1,0.9913699029192049,1,0.610880693349118,0,0.18436067076620014,0,0.2095818904724989,0,0.38593606531637625,0,0.4249993087365693,0,0.4440755207767924,0,0.43834920634920643,1,0.5202625683797905,1,0.921650127467309,1,0.5565311188773632,1,0.9129521551303157,1,0.8183702170597128,1,0.6507348358972823,0,0.30290476034796665,0,0.22015672979533144,0,0.3667543430331617,0,0.4100461695369729,1,0.9414072482006143,1,0.5266666666666666,1,0.7992322854956391,1,0.747907301078139,1,0.5711847753606268,0,0.1907269534057804,0,0.2185826792375102,0,0.33204726935915874,1,0.5168274745604647,1,0.9149478096116785,1,0.5413333333333332,0,0.4144874420769305,1,0.9457867815325571,1,0.5620111738708946
1_S12E13_088_u,1,0,0.3929927761516407,0,0.41778217008146984,0,0.446666685884768,1,0.8015246326063108,1,0.8500124434707802,1,0.6349964900487565,0,0.2892441026229173,1,0.5667271886706003,0,0.2917067550626574,1,0.6569657411928553,1,0.5762903825254378,1,0.6489652029930955,1,0.7069327088456567,1,0.9639194271488142,1,0.6134031607489078,0,0.27470692748090236,0,0.3668075720873354,0,0.3962471554657457,0,0.4071011247617223,1,0.5527518541563883,0,0.48280519480519485,1,0.5,1,0.9033702686591705,1,0.561604159215242,1,0.8183840725064309,1,0.8749510714968429,1,0.6769128663281861,0,0.28283825519113404,1,0.6250055962786196,0,0.3138898663725478,1,0.5672437930481459,1,0.8817353321858917,1,0.5566666666666666,1,0.7242903838905647,1,0.9230367156668527,1,0.601290890462553,0,0.28305491467515387,0,0.4588003595530974,0,0.34241900044391754,1,0.5,1,0.9373564926174379,0,0.48387078181092935,1,0.5785031541126056,1,0.9238268371131853,1,0.5828414876240117
1_S12E13_224_u,1,1,0.7198873532773857,1,0.5046029709406266,1,0.576413237651233,1,0.9106721611949197,1,0.8559889972594111,1,0.8213241822620445,0,0.3773144988916997,0,0.409031620348593,0,0.39422339247745003,0,0.5080948873898214,0,0.47545629298479203,1,0.541632466579239,1,0.9652670978112448,1,0.999484032841048,1,0.8037589838931013,0,0.5,0,0.4241454529500271,0,0.4919691844553914,1,0.708619806685884,0,0.4612402189481859,1,0.6796038961038962,1,0.8611405996784677,1,0.9439398516155509,1,0.6864333567926765,1,0.9062875701193381,1,0.8533152960647585,1,0.800592317239602,0,0.3613107475738778,0,0.37770427692239167,0,0.37302770626890563,1,0.920930005416278,1,0.9933324348687426,1,0.6566666666666666,1,0.9639462159412037,1,0.9479817967230479,1,0.7004018824969694,1,0.5094100509714417,0,0.40186137133891936,0,0.4820641529988226,1,0.8503580666788825,1,0.9105413266531248,1,0.6869800995024875,1,0.9161359117258928,1,0.9896512667953253,1,0.6717027832982889
1_S12E14_125_u,1,0,0.4034814038450299,0,0.21447024142955984,1,0.5339238832447902,1,0.672141318584568,1,0.6623999542875687,1,0.6689298376079591,0,0.3569869216294664,0,0.21936156674480084,0,0.3613347264988738,1,0.5800034351454165,0,0.4212576562339582,0,0.4371765349074451,1,0.6448826470566373,0,0.44804781421939427,1,0.6323086554421482,0,0.3283465881935492,0,0.12485855238060443,0,0.40988775858534776,0,0.39042897866297555,0,0.24030462583405263,1,0.5515674603174602,1,0.5345184749373874,0,0.2289537331529368,1,0.6071428941928043,1,0.7426713290273615,1,0.6671092423989916,1,0.6935315146221658,0,0.3368502339125845,0,0.1955943330883309,0,0.3505465031130827,0,0.42909517821337617,0,0.13636926628771076,1,0.55,1,0.6420517864617281,0,0.3356607859463272,1,0.5820375303168848,0,0.27766947355671406,0,0.136689289618616,0,0.413593887386884,1,0.5745803970356795,0,0.3071493813882361,1,0.5659572869049445,0,0.4296548816512806,0,0.1317781427982869,1,0.586674691430947
1_S12E14_152_u,1,0,0.3899242686597312,0,0.37085296942151386,0,0.4054548156681639,1,0.8837746066792028,1,0.8617042204564187,1,0.6121294350509096,1,0.7744102334620913,1,0.8501626287407241,1,0.6724166724119446,1,0.5545562534373893,1,0.5983521117423449,1,0.7217010552101101,1,0.6624945147098428,1,0.8093460426395618,1,0.5881846062074764,1,0.7581721207979224,1,0.7357703001204009,1,0.6178106879696279,0,0.41360391641943645,0,0.4902615846808315,0,0.39579120879120877,1,0.9735791712143667,1,0.9995887647776903,1,0.609040828690922,1,0.9010149316099776,1,0.9076782852920927,1,0.610074389901044,1,0.7852788863115062,1,0.8834692108922962,1,0.7013607732046601,1,0.9386678051868675,1,0.9949730680774136,1,0.5965528455284553,1,0.6903493716954717,1,0.8290583214875832,1,0.5766973277820171,1,0.7292630391846002,1,0.7999258194354766,1,0.5842191309936857,1,0.9762395547899207,1,0.9998231102270713,1,0.6499724770642201,1,0.9449196250120251,1,0.9971739589315818,1,0.6192307697233235
1_S12E15_013_u,1,0,0.359808110030809,0,0.28594195523365734,0,0.4243936448234353,1,0.6119902626831302,1,0.5183991371106756,1,0.5008517808282655,1,0.730819222403469,1,0.6099183823320727,1,0.7341897992958761,0,0.5,0,0.4882372995917926,1,0.5779658519750749,0,0.3677382393017598,0,0.19398172760102547,1,0.5248477308931351,1,0.6150393382840234,1,0.5095512132352424,1,0.5837010731887817,0,0.36990327703861253,0,0.2898564768540724,0,0.41592243867243867,1,0.7318813661107533,0,0.4896638999098317,1,0.5943893779395918,1,0.5881109596834948,1,0.5501665779729566,0,0.4898117393449803,1,0.7211578810458836,1,0.5907059777401235,1,0.6767522493863238,1,0.6817301194808455,1,0.6006615333683716,1,0.55,0,0.35947525375852735,0,0.4284797184517768,0,0.4934899912479952,1,0.6427356983642257,1,0.5014153801649073,1,0.5424026225105466,1,0.718676027721315,0,0.40525037106066125,1,0.573944882647172,1,0.6777976738967494,1,0.6282972797951064,1,0.5589750814307295
1_S12E15_064_u,1,1,0.719976276107165,1,0.8414814602271969,1,0.579771922910522,1,0.5398689790628108,0,0.4888625814381732,0,0.4677032805675164,1,0.6648220934895945,0,0.3440564035067312,1,0.6519364500941732,0,0.4643320015436442,1,0.5376796827452831,0,0.4738632678888343,1,0.623967458008872,1,0.9812425616779591,0,0.47989326669368976,1,0.7826430266228698,1,0.7780999579818683,1,0.6678623520806835,1,0.7290836763000703,1,0.8555059774919075,1,0.5815913253413254,1,0.7389195689392724,1,0.9181397608633891,1,0.5239045677305796,1,0.55461623844716,1,0.5510944418998937,0,0.4791113125391687,1,0.6734343778331621,0,0.40231059037668193,1,0.6927530485887676,1,0.7884819366067384,1,0.9683398450778351,1,0.523219512195122,1,0.6348717032317566,1,0.8261917165814036,0,0.46722688673733026,1,0.8185877764528064,1,0.8038738887466492,1,0.7291376130960363,1,0.7291888696613338,1,0.9390163852671679,0,0.49392443088289667,1,0.7861271030255347,1,0.9805079803073244,1,0.5643555991903373
1_S12E15_351_u,1,0,0.4302845200064605,0,0.3388949802515581,0,0.4631113853246671,1,0.7977919948602928,1,0.7671870902912837,1,0.7090571048620112,1,0.6647185887804733,1,0.5546069626876834,1,0.6817902931396156,0,0.40217528601197206,0,0.36343144732033766,0,0.2912799596913624,1,0.6774069533268181,1,0.6857250584324914,1,0.6799311027146693,1,0.49231354780386954,0,0.3184594382455513,1,0.595935796298559,0,0.41947007692600297,0,0.2124574912800862,0,0.4576933621933621,1,0.8874546235740838,1,0.9556580651213985,1,0.6651273575749526,1,0.7974115780921255,1,0.6535680263403534,1,0.6675431966670289,1,0.6514601880477611,0,0.46734546936821836,1,0.646089460183788,1,0.6529827925036171,1,0.7684026558932118,1,0.6466333333333334,1,0.666038522404378,1,0.5660901038546691,1,0.6160565163880354,1,0.5357246326553777,0,0.2323199093703077,1,0.5187076196605168,1,0.885242522988252,1,0.9107218799756802,1,0.6919607818109295,1,0.6477106441295367,1,0.5966001952416415,1,0.6923996685331473
1_S12E15_420_u,1,1,0.7206920420546229,1,0.7810820868880539,1,0.5365174024816954,1,0.7945263802711265,1,0.75588688375774,1,0.6513238392740787,0,0.4444516544995934,0,0.4437916437315459,0,0.41077718226635923,1,0.5870000197410912,0,0.4868892231805175,1,0.6181002336188371,1,0.9103853744288528,1,0.999782038453934,1,0.6754672977251346,0,0.40557089695277815,1,0.5648880138848186,0,0.44196511627906976,1,0.7163167194128641,1,0.7623251411827878,0,0.4635941558441557,1,0.6103324533142616,1,0.9784426169076513,1,0.609465793318409,1,0.7931377066029125,1,0.7809089712403952,1,0.631358794814103,0,0.4447673598629708,0,0.45821681884365534,0,0.3690234403390235,1,0.73794859196012,1,0.999866744804133,1,0.5033333333333333,1,0.9100688249788828,1,0.9204149220616845,1,0.6032005515392055,0,0.38889883787755464,1,0.5723794753368786,0,0.41684251129860345,1,0.6233529438844622,1,0.9826664086079391,1,0.5479905660377358,1,0.7426131040448912,1,0.9998645414965092,1,0.6068079487613257
1_S12E16_140_u,1,1,0.7083872865620336,1,0.6901143150901938,1,0.5235016427156571,1,0.9442612991868287,1,0.8835932427236305,1,0.7889899023149269,1,0.5,0,0.3951888662097112,0,0.37499384849137374,0,0.5062918772981398,1,0.629233014356397,1,0.7549348020814226,1,0.9579322949700879,1,0.9998222843186231,1,0.698795680302038,1,0.6214644534325228,1,0.5869441782379763,0,0.44780133648817755,1,0.7383388000939194,1,0.7958549133361525,1,0.5041984126984127,1,0.9325933932658153,1,0.9945493486647321,1,0.6522292804449731,1,0.9518143363928924,1,0.920241386607198,1,0.78960908114452,1,0.5302827612795762,0,0.4871818152100131,0,0.438013998979845,1,0.9525374737969918,1,0.999425619095029,1,0.6232302405498281,1,0.9674787194800815,1,0.9422326595481748,1,0.6761910357457699,1,0.6336593368534309,1,0.7074421303553188,0,0.4925347818863537,1,0.937715090651013,1,0.9949522727861684,1,0.6798324606915043,1,0.9589245340350329,1,0.9996588542239081,1,0.6935818723985336
1_S12E17_085_u,1,1,0.6930040961635576,1,0.6764609943083985,1,0.621428200963729,1,0.7416147357535405,1,0.8276029558492111,1,0.6649823351895389,0,0.39369927440104896,1,0.5163616459621769,0,0.363378838800041,1,0.5833961341800018,1,0.5862168185732459,1,0.7005504055107238,1,0.9361963097901501,1,0.9611111087029516,1,0.6502542976868751,1,0.5140318479514228,1,0.6694293926004632,0,0.46165830422780757,1,0.7170211274439496,1,0.7133753281342068,1,0.6295205627705628,1,0.6648184248685939,1,0.9769691074180508,1,0.6032128860710727,1,0.7560126907104887,1,0.8723316317936306,1,0.6454724617011972,0,0.3932496282393391,1,0.5949565448009835,0,0.43790628565376155,1,0.7871041815543853,1,0.9870535765351514,1,0.6065481481481482,1,0.9426696444333729,1,0.9386513108899525,1,0.640118313037952,1,0.5,1,0.75489066390776,0,0.4513536659673207,1,0.6631019501999357,1,0.9872162474263458,1,0.583609516337736,1,0.7941554854557039,1,0.9922723073004281,1,0.5930559703329218
1_S12E17_124_u,1,1,0.6008159211668355,1,0.6304568065911417,1,0.5055375416496861,1,0.9689216903412022,1,0.9199557880184365,1,0.8276451389828143,0,0.3718410412504441,0,0.44575107348860427,0,0.33859072842924354,0,0.4568900910677006,0,0.469837131852341,0,0.46458557531529876,1,0.9422227868510444,1,0.9992974113921433,1,0.7549099553585767,0,0.36556622771716113,1,0.6038097581348421,0,0.42793267651888345,1,0.5814150160492378,1,0.6470557103135637,1,0.5368257575757576,1,0.8116190272002922,1,0.9776553254241638,1,0.6814887132938292,1,0.9782533710023087,1,0.9140746080728206,1,0.825373695991009,0,0.3698646418381923,0,0.41732762467171486,0,0.3660140194282701,1,0.830304466655307,1,0.9917641234442768,1,0.55,1,0.9444977449140276,1,0.9380612037393697,1,0.6916971895183588,0,0.3464752814109742,1,0.569430579841425,0,0.3400119615875763,1,0.8091172190638316,1,0.9843720570380297,1,0.6339443313804091,1,0.8301168659705201,1,0.993924317252803,1,0.6623266189214112
1_S12E17_195_u,1,1,0.7062823254596925,1,0.8772502515018997,1,0.5957668883741265,0,0.4568998684836332,1,0.6704760515558406,1,0.6366641551187054,0,0.30853037792736093,0,0.34973673335685695,0,0.3627169514380551,1,0.6184248175599061,0,0.4623283036027983,1,0.5609559914292498,1,0.8452015158286293,1,0.8359308040522975,1,0.6604324232240795,0,0.4007721824874157,1,0.5999033320637182,0,0.3719788888888889,1,0.6841082623945395,1,0.802039979698466,1,0.5998195970695971,0,0.30804083397215926,1,0.6316954852284327,1,0.5126209528236244,0,0.4031594110008243,1,0.6396389538635342,1,0.6198336210449447,0,0.3018380825163385,0,0.28264003791972087,0,0.35262598059737044,1,0.4926128234191243,1,0.6937562864818714,1,0.5433333333333333,1,0.8364784900170872,1,0.7557707600740191,1,0.621661561734917,0,0.3429720497494222,0,0.47441216407239833,0,0.42049713527933263,0,0.30166028458088645,1,0.5865190881125899,1,0.547917404452121,1,0.4817201598658328,1,0.66655249880666,1,0.533780246159315
1_S12E17_336_u,1,1,0.632414462366016,1,0.6155033957531231,1,0.5957393804498529,1,0.7511909312455328,1,0.866630339923843,1,0.6262471400785753,1,0.7200528745506831,1,0.6402234808231402,1,0.6327550801417146,0,0.4811905508864035,1,0.5192226033529832,1,0.5760999137510449,1,0.8201342583268232,1,0.9759863866996952,1,0.6789601765979627,1,0.6836939214708492,1,0.6544325294171249,1,0.5774497620544132,1,0.643122933710394,1,0.6687818185074511,1,0.5791010656010657,1,0.9261822042894399,1,0.9828215482965016,1,0.6462710477752249,1,0.7312473468333132,1,0.8473167806562865,1,0.6793986171416425,1,0.714885177416472,1,0.6666882586634664,1,0.6360932099098372,1,0.868892710649904,1,0.9881675752608909,1,0.5633333333333334,1,0.8199734775545355,1,0.8138199046030414,1,0.6165906212827824,1,0.685703655912272,1,0.7081257492717736,1,0.6694176144014229,1,0.9192511264557638,1,0.9747014912353809,1,0.7039630431019559,1,0.8627203005107038,1,0.9827287673764293,1,0.6395063921005129
1_S12E18_030_u,1,0,0.40666044605647783,1,0.5053930684526803,1,0.5008589669229782,1,0.966526465667196,1,0.923395198560229,1,0.7771380433077094,1,0.5651369515339032,1,0.5216655241982112,1,0.5821452036161772,1,0.5980980904182385,1,0.5123757964375607,1,0.5564844365259355,1,0.9328150670131101,1,0.9953999565263696,1,0.7509458006614381,1,0.51927357416301,0,0.45482515865472933,1,0.5070457161959229,0,0.3981527195372298,0,0.4908489565635017,0,0.4256522366522366,1,0.9857427675270602,1,0.9992579892538701,1,0.7559324558306966,1,0.9595547970391819,1,0.9198767657515986,1,0.7889592956773179,1,0.5594818286092154,1,0.530625423146135,1,0.5458436610708233,1,0.9638095288764413,1,0.9982971987061947,1,0.7133,1,0.9319474940035065,1,0.9216110501609832,1,0.6588315524069118,0,0.5,0,0.4586484299710157,1,0.5236923826214582,1,0.9851683631255609,1,0.9990210893160586,1,0.7802317146901567,1,0.9634692680808031,1,0.9980695085578694,1,0.7250424178150066
1_S12E18_159_u,1,0,0.5,0,0.4965702211619084,1,0.5482601099068617,1,0.667401188222781,1,0.7001516296405189,1,0.6108958137767655,1,0.8106785716193088,1,0.7881968307769854,1,0.8026607807577558,1,0.5372913028761404,1,0.5222490073647331,1,0.5133377227045912,1,0.6735257471562475,1,0.5930109290543549,1,0.6142611802940356,1,0.8537689881934706,1,0.7575399033651352,1,0.7252757421754513,0,0.49195014829800754,0,0.4625760292022435,1,0.5407216117216116,1,0.8933481605657985,1,0.9770166524544459,1,0.6607828130257014,1,0.6891669316956924,1,0.7239372162670181,1,0.5915182696399308,1,0.8152739157591732,1,0.7921787857796505,1,0.7894484935893206,1,0.9280936077207326,1,0.9290366868033134,1,0.67,1,0.6705539531313583,1,0.7249091566125785,1,0.5945060384431011,1,0.8763226549321209,1,0.7685558775763414,1,0.6624490336656403,1,0.9023185446041269,1,0.9914621258058388,1,0.6519348974181449,1,0.930483272044794,1,0.9479408738397603,1,0.6115914746555726
1_S12E18_198_u,1,1,0.5784512640277325,1,0.715933529212649,1,0.5610138220030146,1,0.9770317120604111,1,0.9432158243912582,1,0.7933290111684518,1,0.5541683558803413,1,0.697255882357161,1,0.5415500488807351,1,0.5132624599073591,1,0.5189975624357301,0,0.4922550295945681,1,0.910142728240143,1,0.996203154641143,1,0.7432475867327374,1,0.49486752809731704,1,0.799234214887506,1,0.509771706043603,1,0.57016052171511,1,0.6862575962708823,1,0.6021691919191919,1,0.843944167192174,1,0.9991869480536694,1,0.7159342931287147,1,0.9673678805591318,1,0.9346366778015295,1,0.8069667264999209,1,0.5481043998177729,1,0.7051933481162691,1,0.5143449237887333,1,0.7655459025162953,1,0.9970454148926117,1,0.56,1,0.9069176428813461,1,0.9483540440229525,1,0.7045742999131075,0,0.42226251791163155,1,0.8110666251509462,1,0.5547015066839905,1,0.8383649495097031,1,0.9982654158708599,1,0.733460062657656,1,0.7561496473894606,1,0.9960082639634218,1,0.6948253960170903
1_S12E18_225_u,1,0,0.33045584834687125,0,0.18484787466034616,0,0.4678008806268959,1,0.8015283805208252,1,0.7664104564736366,1,0.6884639319991274,0,0.3776049784700343,0,0.3388840719414835,0,0.45772610438387856,1,0.5225553774772016,1,0.5048583133987303,1,0.5926291090599934,1,0.7255234163698715,1,0.8430525298355657,1,0.6582497093501032,0,0.2127117611677014,0,0.17524668173854227,0,0.43177800405754396,0,0.3351372253293706,0,0.1815512204036653,0,0.47072907647907647,1,0.7490950371605044,1,0.9509391982553281,1,0.6371496630690592,1,0.8276934302660238,1,0.7825256217733716,1,0.6834750683541903,0,0.40410775525100195,0,0.32044355152031495,0,0.4491732779988476,1,0.5800313217701357,1,0.8404902249937847,1,0.5466333333333334,1,0.7506689114951641,1,0.8353927642073613,1,0.605181743309515,0,0.1559926712092694,0,0.1786108979740521,0,0.41863413554027146,1,0.7704832205064795,1,0.9543278380860226,1,0.6259484278155707,1,0.6043376957848479,1,0.8657536265603211,1,0.650945255685278
1_S12E18_290_u,1,1,0.7021640436489306,1,0.768761051033469,1,0.562269459081825,1,0.976769647540277,1,0.9481774913502274,1,0.7434120172839355,1,0.7090020161445101,1,0.7999422318092879,1,0.6655929951026256,0,0.5,0,0.4636177664102953,0,0.46052608300726633,1,0.9653108754442474,1,0.9999821198042282,1,0.7355358844877563,1,0.7897528591343475,1,0.897290765736484,1,0.6672277538409904,1,0.684426066839976,1,0.765972090003198,1,0.6257142857142858,1,0.9616070637105835,1,0.9999316795508801,1,0.785596282182053,1,0.9827661448079303,1,0.9500041596321616,1,0.7462302006193964,1,0.691064066162701,1,0.7543463308132153,1,0.6758331118347463,1,0.9720764209395241,1,0.9999818697274384,1,0.6931380622426111,1,0.9672284376163888,1,0.9818743003677268,1,0.6798633513901371,1,0.725881245657486,1,0.9093754731004131,1,0.6650694307351038,1,0.9586347076732623,1,0.9999414736448278,1,0.7678833774345376,1,0.9724497415353967,1,0.9999864129070842,1,0.7530080267605043
1_S12E18_303_u,1,1,0.5352893544614673,1,0.5509978205102571,1,0.5118087726614896,1,0.8932423539818782,1,0.8597345034669528,1,0.7300491971024502,1,0.599268752024938,1,0.6649237629017505,1,0.6644611680241503,1,0.5540577311144361,1,0.5223807841763445,1,0.6008391073007887,1,0.8398905092166183,1,0.9956954197410233,1,0.7260439633435278,1,0.6517308153290187,1,0.743021185956795,1,0.6418170994015887,1,0.5473561786182827,1,0.5649769127770902,0,0.44313888888888897,1,0.8619503199980406,1,0.987437546958231,1,0.7750643616104333,1,0.8861712325325173,1,0.8793798730340547,1,0.7632883941646508,1,0.5954478095579758,1,0.6836594675423433,1,0.6558327175740022,1,0.8888013902443158,1,0.9960465049260774,1,0.68,1,0.8443118878333137,1,0.8360823691372284,1,0.6709501945589214,1,0.5941892839524762,1,0.7365253704990387,1,0.5689366368437373,1,0.8443087146507295,1,0.9904965097083649,1,0.7659320181972282,1,0.8855519310157725,1,0.9961741242649049,1,0.7477763284052041
1_S12E19_354_u,1,0,0.24820260253791562,0,0.26768596260609684,0,0.43659376615179973,1,0.7819309190550456,1,0.7629360710489268,1,0.6356139061624048,1,0.5600021466901519,0,0.44588792775429875,1,0.5383839151359068,1,0.5502376806800648,0,0.4697516332212876,1,0.5502942075064002,1,0.4433159357292202,1,0.6178313042983448,1,0.5307451104373045,0,0.35077525511422875,0,0.20673258873802097,0,0.42781266800048534,0,0.24923974811146218,0,0.20401399433204137,0,0.38544552669552673,1,0.8147470107485202,1,0.9691269760338146,1,0.6067447151538481,1,0.7893174733036027,1,0.753346167879652,1,0.6454869477810276,1,0.571745851333312,0,0.39309234230397117,1,0.55282080427588,1,0.5094667455887939,1,0.6874905696352644,1,0.5699666666666667,1,0.43643833451092806,0,0.4971185321321835,1,0.5432039549261366,0,0.34443358709561256,0,0.16240376833264403,1,0.5067685220654269,1,0.8199648797209027,1,0.9572019422103645,1,0.6359522246051862,1,0.5,1,0.5764410943750938,1,0.5466015744067972
1_S12E20_378_u,1,1,0.7313412570783085,1,0.8164770760082033,1,0.6091151233851183,1,0.9190705233820264,1,0.8537050541565945,1,0.6910049556183785,1,0.7710988697883108,1,0.6885644557890694,1,0.762453787739179,0,0.48262335769581005,0,0.38204446515548085,0,0.3085547277498686,1,0.9403896646010593,1,0.99950212383978,1,0.7080761078398102,1,0.8509144665821432,1,0.8849973864027272,1,0.7275067976465783,1,0.6999912498883696,1,0.7518510729662885,1,0.6163690476190474,1,0.9404291093296383,1,0.9785711664354878,1,0.7574778512063134,1,0.9411941673549862,1,0.866973985497689,1,0.6878335776614412,1,0.7636999514741971,1,0.6342420663239152,1,0.787671698027478,1,0.9701618584851672,1,0.9987177974110335,1,0.7166488413547237,1,0.9397252157162338,1,0.9324414235839447,1,0.6597340926138376,1,0.8431389274398501,1,0.8478041978142606,1,0.7425175757705444,1,0.9485020998649805,1,0.9819004752268838,1,0.7717534351058224,1,0.9713394344110415,1,0.9982136486944794,1,0.7266922098302627
1_S12E21_261_u,1,1,0.7271381065511148,1,0.8874261704234904,1,0.5803025752823742,1,0.8127345853487417,1,0.7671520803934789,1,0.5691524771084462,1,0.6712037470402066,1,0.5343562334604223,1,0.5943947057999853,0,0.5158724320829917,0,0.4514713412892331,1,0.6043006100974417,1,0.8317773479743887,1,0.9388431644708936,1,0.563294701513672,1,0.7922401514467544,1,0.9044540892707212,1,0.5939232496502257,1,0.7163316805852759,1,0.8755314262012105,1,0.545229797979798,1,0.8821848486361729,1,0.9845272388348958,1,0.5855879646342266,1,0.7821879303442492,1,0.7220397728907182,1,0.6008729924427427,1,0.6391236266277215,1,0.504212089505557,1,0.5966239717834915,1,0.907402612645658,1,0.927239087153328,1,0.5799404761904762,1,0.8225176978691261,1,0.7898469563331496,1,0.5447130937853715,1,0.8071716117354294,1,0.8941002602497874,1,0.5606534224708374,1,0.866133897466227,1,0.9902176597079949,1,0.584,1,0.9005582939380653,1,0.9406400020100839,1,0.5950194899124388
1_S12E21_285_u,1,1,0.7436344656416827,1,0.7314661884531599,1,0.6295926934586196,1,0.9068963877729387,1,0.9783527240538129,1,0.5519460392568513,1,0.6584197743036373,1,0.7457445091206027,1,0.5771911898550061,0,0.4230308676202158,0,0.341535631161535,0,0.1712135607681736,1,0.8741010986063684,1,0.9999926022670194,1,0.6035035305564609,1,0.7688537657833591,1,0.8762912354798849,1,0.6017994208215581,1,0.713430422980498,1,0.5808119407128405,1,0.6023896103896105,1,0.8676376526378139,1,0.9999973555093109,1,0.5770201568688573,1,0.9044497456606246,1,0.9602286967577072,1,0.5353378736603173,1,0.6213487196653711,1,0.6457068084494599,1,0.5025781570283047,1,0.9250106022483583,1,0.9999983536790594,1,0.54,1,0.86247630604543,1,0.9809603477472534,1,0.5669231819883992,1,0.7030682018537784,1,0.7833197359039987,1,0.5743500127997166,1,0.8631496229408845,1,0.9999950595550992,1,0.5519245881912254,1,0.9193633791919079,1,0.9999963813213473,1,0.6140446161890627
1_S12E22_004_u,1,1,0.7307934508988627,1,0.7136683141919384,1,0.6122003069645806,1,0.7872784657559823,1,0.8975592732311649,1,0.622962993353661,1,0.5411554335404412,0,0.4840150175484757,0,0.46499813842245447,1,0.5855366334847512,1,0.5035638840868302,1,0.584360657524586,1,0.8774029562980787,1,0.9964916956129376,1,0.6228608378443543,1,0.6238475577825509,1,0.8246061184800948,1,0.5099535330261137,1,0.7337313979030892,1,0.7265239438256972,1,0.6209761904761905,1,0.6292844608242727,1,0.9930956693758725,1,0.5635161935984196,1,0.742449330424735,1,0.8795522080950893,1,0.6304450933092537,1,0.5488298222527005,0,0.49440258659816133,1,0.5028804340054841,1,0.7833080088788624,1,0.9991959684255142,1,0.5566666666666666,1,0.8782267152798905,1,0.9190116485424277,1,0.5931677664856653,1,0.5440603378273683,1,0.8218432139498488,0,0.47021555959822886,1,0.6059849103917582,1,0.9824237526910657,1,0.556,1,0.7717633428576116,1,0.9979203890968533,1,0.6205132959017601
1_S12E22_066_u,1,0,0.5079575764612045,0,0.46651429300343966,1,0.5260279223040041,1,0.756418326111112,1,0.8683011381066409,1,0.6574619792780692,1,0.5610305060452919,1,0.6541928639619747,1,0.6113771342488483,0,0.5142343755044604,1,0.5107274533300307,1,0.5537615329216548,1,0.8346626155727475,1,0.9341658550136859,1,0.6957901144947428,1,0.5449191292599206,1,0.576043346359946,1,0.6218133563042144,0,0.4824943096284063,0,0.46738579982780964,1,0.5239761904761905,1,0.8746770325932053,1,0.9761027372822231,1,0.7230815591646443,1,0.7569856679880606,1,0.8969726591103946,1,0.6950607058266275,1,0.558093504214097,1,0.6394907163382039,1,0.5687416619031374,1,0.854954510216265,1,0.9817157757229602,1,0.6166666666666667,1,0.8403399320785299,1,0.9182669094577075,1,0.6397025961606284,0,0.48363910781337255,1,0.5784330361672116,1,0.5544637449033566,1,0.880461359788382,1,0.9693555964868059,1,0.6919139292237124,1,0.8605215192613571,1,0.9802882402441662,1,0.7101954593160854
1_S12E22_188_u,1,0,0.33998187657526846,0,0.47753884852693584,0,0.4727040160175284,1,0.931096438429753,1,0.9373650081436743,1,0.8330865561646633,1,0.5489030250342765,1,0.5572153384467853,1,0.6783992661824453,1,0.5910423068677385,1,0.61537738017506,1,0.6369301153956574,1,0.8946113318536666,1,0.9971208730789209,1,0.7747004422838785,0,0.44817288426098556,1,0.5074766172909079,1,0.547831157971158,0,0.3442560461062866,1,0.5701613240034198,1,0.5043095238095237,1,0.9776289621811944,1,0.9995784615512501,1,0.814610882470986,1,0.9473680145611323,1,0.9685641768812538,1,0.8214146640295305,1,0.5535709459602319,1,0.6237786546700175,1,0.6397751556390681,1,0.9330655395486117,1,0.999524286542668,1,0.7466666666666667,1,0.9058991268587308,1,0.9384128101118313,1,0.7000206031317462,0,0.3738395783100634,1,0.5831574672027898,1,0.5670938651019938,1,0.9795510662529205,1,0.9997985776675783,1,0.8035816635872991,1,0.9369997100826203,1,0.9997522244420549,1,0.7371144784038387
1_S12E22_211_u,1,0,0.4029763211535684,0,0.12619878026395348,0,0.44613242394719754,1,0.8025739141550633,1,0.8187970499133923,1,0.6481562825454606,0,0.46037279195493336,1,0.5672283735191255,0,0.468790046004004,0,0.4303453313828675,0,0.4859249597157748,0,0.34034734408778755,1,0.7145440683654327,1,0.648371785929163,1,0.6180688292057853,0,0.5,0,0.2775192969043029,0,0.45193267651888347,0,0.40584239279803574,0,0.09967350079609168,1,0.5459444444444443,1,0.7310738546866922,1,0.6236948569543899,1,0.6258637697286842,1,0.8067686627513564,1,0.8205617641535294,1,0.5934766893758314,0,0.45756357070615816,1,0.5374383616960954,0,0.4641739683800091,1,0.7399445050129567,1,0.5913788550383915,1,0.5332738095238095,1,0.7115976951341441,1,0.5541094395887629,1,0.5713013243610111,0,0.47352492285492326,0,0.24253892934002666,0,0.43277501758649756,1,0.7431210174192211,1,0.7427271644020386,1,0.618,1,0.7452676761502164,1,0.5936433422824785,1,0.6241213667308007
1_S12E23_209_u,1,1,0.575643127001789,0,0.45861453437231775,1,0.5147696151483423,1,0.5894246179639233,1,0.6650933230492724,1,0.5404073389300342,0,0.46750561699097426,0,0.2764049333588028,0,0.4555721175869103,1,0.6347137170214342,0,0.49075079890851425,1,0.615094819240641,1,0.6249039528980356,1,0.9940869093874141,1,0.521627063218807,1,0.5919309781430646,0,0.273015259683866,0,0.4976611749565363,1,0.5765073273914034,0,0.47291956610128505,1,0.526974025974026,1,0.5218829099923386,0,0.3305963596926852,0,0.45606875633476224,1,0.5639808867718402,1,0.6758344972508648,1,0.5619467598364106,0,0.461580140935968,0,0.25913098115477307,0,0.4997891303263525,1,0.6356441682761197,1,0.8488400657328072,1,0.5133333333333333,1,0.6227218949352674,1,0.7818383311891821,1,0.5067913632049589,1,0.5792475686537419,0,0.25982590673011763,1,0.5196784526282021,0,0.4873271427812503,0,0.4215743035699279,1,0.5319044952614485,1,0.6187005135276415,1,0.8736515741447409,1,0.5458600705339378
1_S12E23_350_u,1,1,0.5343977890785035,0,0.46247685749930234,1,0.5081237487064445,1,0.7087430395623461,1,0.5334499780139134,1,0.5676331615509864,1,0.6545974633913854,0,0.3923256384526491,1,0.5836984016408692,1,0.5434960801990838,0,0.38979828305091097,0,0.473012296373259,1,0.6875871199836269,1,0.8588441311135837,1,0.5761205403384574,1,0.5985915645418453,0,0.3306146683017214,1,0.5454979736628562,0,0.5,0,0.3531868715930696,1,0.5533131313131313,1,0.7676877870046512,1,0.8914265981543755,1,0.6023722413511783,1,0.6890103342829893,0,0.4432519065923791,1,0.6150132250004298,1,0.63087092147255,0,0.2815300289468888,1,0.518702202962345,1,0.7424813794813355,1,0.9227459651506874,1,0.5766488413547237,1,0.6679951704059497,0,0.376069661061397,1,0.5719721214377741,0,0.5,0,0.2522969317809766,1,0.5265049012355766,1,0.7611644419989971,1,0.827446660530785,1,0.5739911111111111,1,0.7279999301673439,1,0.9099672245003454,1,0.6057432295623267
1_S12E23_389_u,1,0,0.4233564473673536,0,0.3061412497962824,0,0.49110237397252865,1,0.6149244612166398,1,0.8037296056906039,1,0.6629658091566291,1,0.7927449334971145,1,0.640399597679082,1,0.7702366400039812,0,0.43016348560200685,0,0.30757099197023097,0,0.2537156804978492,1,0.6521334098756153,1,0.7814803286814319,1,0.6580340293479089,1,0.7083635255571625,0,0.392634520246266,1,0.6396668598629226,0,0.3954566814530145,0,0.16050478517292183,1,0.5137142857142857,1,0.8009907658679106,1,0.8853753262259119,1,0.7580467371251772,1,0.6172788850690637,1,0.658524260891152,1,0.649386464642266,1,0.7587044311760103,0,0.48224303951315745,1,0.765551117721618,1,0.7288275979933947,1,0.5665532348480184,1,0.6066666666666667,1,0.6426629918255955,1,0.5311807331548705,1,0.5994962467189112,1,0.648006968016817,0,0.27587346459262596,1,0.6503042780143998,1,0.799246927599945,1,0.728967127944777,1,0.7439231627633104,1,0.7161081185305952,0,0.3220291676541452,1,0.6706329726484728
1_S12E23_470_u,1,1,0.7036255252172715,1,0.8034048776522531,1,0.6186075338579639,1,0.9312440485313344,1,0.9676477311647117,1,0.7686469863257444,1,0.6249352638715052,1,0.7214986683582372,1,0.6377986398803421,1,0.5772148776600058,0,0.4514859989225852,0,0.42049423325219704,1,0.8919979040646783,1,0.9990935186898207,1,0.7366775959812812,1,0.7242561155392679,1,0.7690282699835135,1,0.6414603080536672,1,0.7038156297412207,1,0.8111392397865754,1,0.6137162004662003,1,0.8583568834935789,1,0.9993753705495448,1,0.7644809896368203,1,0.9291320559238333,1,0.9670384681332708,1,0.7383617837714166,1,0.6348115908261315,1,0.6915215401783503,1,0.6102936413373209,1,0.8881702828961862,1,0.9995602399257593,1,0.7365481481481482,1,0.8938902211287039,1,0.9565043773448043,1,0.7253688583236063,1,0.7100498902857609,1,0.7754403969704634,1,0.552834969426863,1,0.8570309158288629,1,0.9993339888079638,1,0.7739480180777171,1,0.8893741373812175,1,0.9995482252179819,1,0.7458309622175845
1_S12E23_488_u,1,0,0.21931084710431145,0,0.214483225946681,0,0.38264500445751004,1,0.7893469269526401,1,0.6355079808865827,1,0.6908214935714443,1,0.6875700148619583,1,0.6586288003804572,1,0.607358606154316,1,0.5528410951130562,1,0.5443804102622937,0,0.441212385866804,1,0.5053574179320397,0,0.07277274424125654,1,0.6008497704431094,0,0.39070756891587977,1,0.5089646738323165,1,0.5238455305247973,0,0.2328704472891816,0,0.23171528395824734,0,0.3836706349206349,1,0.9070495208445915,1,0.9714658617509566,1,0.7550344620725798,1,0.8027690266196641,1,0.6537715219011689,1,0.6995467061098146,1,0.6963867301744622,1,0.6573811196999566,1,0.5857122817592602,1,0.6724080096982941,0,0.2874975278653647,1,0.6032302405498281,1,0.5064286490650218,0,0.48967527382289766,1,0.5676741002189888,0,0.3806570413105143,0,0.48099869310930443,1,0.5985375745719973,1,0.9108245761678029,1,0.9750272268993119,1,0.7157977941621102,1,0.668624075523798,0,0.30906278202220394,1,0.6895151110476087
1_S12E23_539_u,1,0,0.3943848067654632,0,0.4938630027887021,0,0.42255234278531206,1,0.9014554524933951,1,0.96044937359655,1,0.7524087573782337,1,0.5313144896155975,1,0.705895555100655,1,0.5435651130418325,1,0.5882966405830952,0,0.4883859631739405,1,0.5846696478451877,1,0.9378075674840083,1,0.9988238287481229,1,0.7538580096647043,1,0.6470924245038545,1,0.7449321834351577,1,0.5358478587353702,0,0.41574605764443434,0,0.4837540328272898,0,0.46592784992784986,1,0.9046413753118966,1,0.9984849080947895,1,0.7283149963092735,1,0.9037779422669437,1,0.9589642880494637,1,0.7744473250521388,1,0.5377513866382548,1,0.6973944768763094,1,0.5910183791482526,1,0.9708734010744341,1,0.9996912026368255,1,0.683219512195122,1,0.9380022527357407,1,0.9437519243141173,1,0.674540813272493,1,0.6578844040956001,1,0.7619765480385748,1,0.5236162030279387,1,0.9081496630996201,1,0.9989532594406549,1,0.7199261213278478,1,0.9709028643868494,1,0.9996399750959634,1,0.734535974074971
1_S12E23_600_u,1,0,0.4245814500705835,1,0.5008803272586401,0,0.48772481916270694,1,0.8068259039744271,1,0.7496589757662254,1,0.6837710391312269,0,0.48153618397007847,0,0.33425191481861527,0,0.44868860350152234,1,0.5748993569063328,0,0.48587727137942016,1,0.5865621202146987,1,0.7526363998116917,1,0.8168192692083602,1,0.6712776044676684,0,0.38145118873486616,0,0.4871529842728047,0,0.49595021677703244,0,0.4227619659657254,0,0.4872166498786533,1,0.5360999278499279,1,0.6714250930823826,1,0.8444544940898905,1,0.6254971665718639,1,0.799361041958865,1,0.7490373043994675,1,0.7017708558204441,0,0.48843901539677576,0,0.32084823192368295,0,0.4141332609498088,1,0.6030891263489961,1,0.6175978730343595,1,0.623219512195122,1,0.7484821532800029,1,0.7000574270706346,1,0.5921781560259477,0,0.3110088693713394,0,0.4785148753692389,0,0.4105722281964486,1,0.6542721130954069,1,0.8435009236958034,1,0.6673992369687949,1,0.6007337309524772,1,0.6406493604594482,1,0.6356450421424317
2_1_u,0,1,0.5964407975055596,1,0.7402429604909637,1,0.5100183649784034,0,0.13232096160343887,0,0.24011525773499806,0,0.4245028108938645,1,0.7072332636169603,1,0.8279796956457336,1,0.7047503428891319,1,0.4476357234144929,1,0.508958326890319,1,0.5563747628582572,0,0.35757037272101994,1,0.8751981034220103,0,0.45557856489428683,1,0.7927403495515978,1,0.9424097078358159,1,0.6294784855160523,1,0.5739861207403627,1,0.7412280701942386,1,0.5241368076368076,1,0.5162915029880368,0,0.16122201592077143,0,0.4803818848483951,0,0.12246797245023704,0,0.23984260921124936,0,0.45855306339223434,1,0.7031044439029276,1,0.8270750572908426,1,0.6849485707203617,1,0.790583979939545,1,0.9624599980397021,1,0.5232407407407408,0,0.35589993243572204,1,0.5997065456953546,0,0.4875274120490215,1,0.8167522443044555,1,0.9408640309324828,1,0.6189472264473225,0,0.4935993018336254,0,0.16152431253116387,1,0.5118903160004163,1,0.7841044933458191,1,0.9633055830822291,0,0.48782460282527823
2_103_u,1,1,0.5064642177937364,0,0.36377147653737346,1,0.5148694803273642,1,0.5300611901926504,1,0.9075510387952355,1,0.5898672965923722,1,0.677418196566582,1,0.6778378597819695,1,0.6730178964460679,1,0.4495092898881738,1,0.5075786641122109,0,0.36694041469844707,1,0.5566292710990256,1,0.6698147137938035,1,0.5769818005228179,1,0.7900197791398825,1,0.5456522402283709,1,0.6510520517884821,1,0.5,0,0.360971420840179,1,0.5074563492063491,1,0.8042949468587957,1,0.9920536370420328,1,0.6267672474548082,1,0.5231064305066909,1,0.9072297540160067,1,0.5417843100891634,1,0.6835364242539027,1,0.6774639160580603,1,0.6619897124064866,1,0.8647012268038498,1,0.9818980001124659,1,0.6099800399201596,1,0.5626844402661461,1,0.8527509513867167,1,0.5608501173676936,1,0.7803324947624976,1,0.5329290178552002,1,0.6400455969049373,1,0.8084505571320058,1,0.9936084448894301,1,0.609783874572673,1,0.8682530911260598,1,0.9842372345720938,1,0.6372878235193364
2_104_u,1,1,0.6461089190490891,1,0.8213696223016107,1,0.5650939445329964,1,0.5537642471246084,0,0.46890638731019235,1,0.5300208612713484,1,0.5452002050922485,1,0.6555223799677017,0,0.46436458711669854,0,0.43972039447043787,1,0.5111072704929218,1,0.5697735380847774,1,0.610702963288959,1,0.9342640517468319,1,0.5632715068546357,1,0.6770016079579884,1,0.9253240432351246,1,0.5197317515377654,1,0.6113608342103294,1,0.8133550751791858,1,0.6025357142857143,1,0.7465752859931136,1,0.9625117646754741,1,0.5503336821271406,1,0.5364760943998123,0,0.46839675134237707,1,0.5259822793985534,1,0.5335285506552404,1,0.6416003882325579,0,0.4455802699457651,1,0.852434873643158,1,0.9952809254649977,1,0.5199676375404532,1,0.607237842019788,1,0.836747506878362,1,0.5504222673841068,1,0.6805370476910508,1,0.9194007859567543,1,0.5100898687811235,1,0.7139830836206976,1,0.9645472833557082,1,0.5078197205346633,1,0.8441251634318498,1,0.9950460069637087,1,0.5676640883516886
2_105_u,1,1,0.617871725930624,1,0.583226513454143,1,0.538380588086558,0,0.4767931141615453,1,0.7716078851171567,0,0.480111231258825,1,0.7510748649522674,1,0.6385729264044654,1,0.7372980296501505,1,0.45049131997032826,1,0.5185022300989625,1,0.729962427757032,1,0.44731084182343045,1,0.9709416581956855,0,0.47632896467174257,1,0.8448736355257204,1,0.7877402382132765,1,0.6811323244656694,1,0.6302960237306378,1,0.5875479960207215,1,0.5282222222222223,1,0.8430133244960354,1,0.9447446772749652,1,0.5460228774411937,0,0.47548292154187843,1,0.7715097600345986,1,0.5193648139750283,1,0.7471632082818399,1,0.6419794389966331,1,0.7336063053878817,1,0.8568576979871748,1,0.988051896337708,1,0.5332967032967033,1,0.45634779444049894,1,0.839631953287417,1,0.5396690262098378,1,0.8939807490010636,1,0.7895711773206633,1,0.6292811257693827,1,0.835685260421489,1,0.9308487598348535,1,0.573916337956483,1,0.8543509354258271,1,0.987550052505447,1,0.5926231227744728
2_107_u,0,0,0.4933968700954126,1,0.7580082162465226,1,0.528876366049825,1,0.6787576042148152,1,0.7304532617612127,1,0.6061098051719976,0,0.2843640978412708,0,0.2831451135660066,0,0.3062498855809232,1,0.5393940172129039,1,0.5730125753422081,1,0.705076897991553,1,0.7083231345575207,1,0.9420073023571053,1,0.6200302886341919,0,0.30409745684842804,0,0.49801773164645996,0,0.4158923076923077,0,0.5088232578201662,1,0.820350803667373,1,0.5373531746031746,1,0.76070920058833,1,0.9073449462237296,0,0.4978475494788162,1,0.7092424138923826,1,0.806399336406117,1,0.6288112362811367,0,0.28878695673726973,0,0.3660536995487237,0,0.4071815182037649,1,0.6305823897171464,1,0.814656745699961,1,0.55,1,0.7253781492866003,1,0.9085988836726492,1,0.586466960167752,0,0.36550132304418637,1,0.6079832781164636,0,0.3352532081665632,1,0.7716201997669334,1,0.9469213169416132,1,0.5439630782258918,1,0.6451385341633281,1,0.8698627305100319,1,0.5466295620783532
2_109_u,1,1,0.6098102536365809,1,0.8168913177438379,1,0.5433078684709692,0,0.23114147366921003,0,0.3503811794115278,1,0.5154976063952104,1,0.7423082437039752,1,0.736154851430051,1,0.8058190599709845,1,0.4485555469003859,1,0.5077941824447216,0,0.27876625943660555,0,0.3432140692672342,0,0.3635228821653278,1,0.5499550020862028,1,0.8308285005423762,1,0.8079018167698175,1,0.6974462757928728,1,0.6110395272494044,1,0.8172014965718122,1,0.6121987734487735,1,0.5495511013827764,0,0.16460494184320373,1,0.5700655130675536,0,0.26035877889910186,0,0.3515701543656352,1,0.5142502687441814,1,0.7318597647896236,1,0.737902821199168,1,0.776692075710122,1,0.6674880765701949,0,0.41738856632022286,1,0.5732323232323232,0,0.3467870298551289,1,0.5074249325782698,1,0.521004467467685,1,0.8415451283465761,1,0.8031670321295862,1,0.7005353443623774,1,0.5465424229037392,0,0.2098375865995897,1,0.5837763661877402,1,0.666623011078689,0,0.4853436554917094,1,0.5725290337518039
2_112_u,1,1,0.5888476300668902,1,0.5097760739481382,1,0.5134187966373394,0,0.35584769190749216,0,0.37887085353317407,0,0.490405902393361,0,0.2049516552107002,0,0.2967257766834734,0,0.20498185540901867,0,0.4375565467009208,1,0.5319704334564194,0,0.4545177273498282,0,0.20176609736828172,0,0.16339757753509204,0,0.47006708328645364,0,0.28802343649397055,0,0.38729231245212337,0,0.304,1,0.6003525619378476,1,0.5019781992202276,1,0.5475364635364636,0,0.3661119778875694,0,0.052357118928743715,0,0.4296555460705409,0,0.31663540724212735,0,0.3767308041003417,0,0.4504197555079012,0,0.19545995556838114,0,0.2969738102705701,0,0.2154587389238328,0,0.16865986615413625,0,0.06686780430940319,0,0.4166296296296296,0,0.1983065388906202,0,0.3066648738864129,0,0.47109325373426236,0,0.24196395909585328,0,0.3750656045991678,0,0.3356772725577067,0,0.3383448484944549,0,0.05306267077779694,0,0.416,0,0.1575296911930243,0,0.0651605408952402,0,0.40083196338296834
2_113_u,1,1,0.542167860430544,0,0.4932896032213703,1,0.5038378104109847,1,0.5904104630653825,1,0.569522876793205,1,0.5551141094008962,0,0.22362007330683853,0,0.29187483346769644,0,0.1963491364832531,0,0.44096702222519796,1,0.5308535761000207,0,0.49049719958597343,1,0.5786677172794605,1,0.8843879041467673,1,0.5170853789845473,0,0.33797975400298846,0,0.3725614314420083,0,0.2738439716312057,1,0.5565330650415512,1,0.5005962892383072,0,0.43111111111111117,1,0.65956670094117,1,0.8501527457071496,1,0.5159305577017265,1,0.5689149052097728,1,0.5689327506116096,1,0.5704590663705214,0,0.20887617953810417,0,0.2941159067015365,0,0.1884282469834535,1,0.6181430819830283,1,0.8124114041912033,0,0.44659726717008275,1,0.581739587139533,1,0.6515907677172079,1,0.5506059603897095,0,0.32842333584548605,0,0.3790706404547103,0,0.2957245210142789,1,0.6432588905905817,1,0.8094234507971598,1,0.5059827586206896,1,0.598200095780656,1,0.7631492714547818,0,0.4864477501754837
2_114_u,1,1,0.6887382576883936,1,0.7437240684615057,1,0.5540272013994071,0,0.2919446086620888,0,0.29573186673946833,0,0.4859104230727126,0,0.3707877808154366,0,0.4664018543073157,0,0.4025918863781272,0,0.44049363973466626,1,0.505659261562742,0,0.3755088727608047,1,0.5331859317470216,1,0.8710822192194715,1,0.5140203034580347,1,0.517761991177669,1,0.5681683043235868,0,0.4598970833358983,1,0.7001615621629289,1,0.7316911616057199,1,0.575164502164502,0,0.3716196512713727,0,0.11949956460151773,0,0.4437416013157742,0,0.3129566902250839,0,0.2938938918440171,0,0.48354872273744065,0,0.38274486588217427,0,0.4659968757599716,0,0.35662603285020195,1,0.5852170927483544,1,0.8661630136122793,1,0.5266666666666666,1,0.548759542189293,1,0.6501130663318946,0,0.4931197627983584,1,0.5633175185042849,1,0.5458845069472609,0,0.4588683994437421,0,0.3781364946182001,0,0.10691198521199285,0,0.4959243627459316,1,0.599567372561972,1,0.8860014154754677,0,0.48946884859395956
2_115_u,1,0,0.26758212549149696,0,0.32836063592165654,0,0.3518682989734927,1,0.5571006659282893,1,0.9803371821751717,1,0.6018568467286246,1,0.8024465807081468,1,0.7953835697264974,1,0.7911486286686542,1,0.4640468688187068,0,0.4861680440196148,0,0.4504092016239587,1,0.4119898053635242,1,0.9958212139429031,1,0.6028276064079389,1,0.7002591257986198,1,0.6343300110774114,1,0.6016197728360638,0,0.26221339562112544,0,0.3283158805847364,0,0.40610750360750364,1,0.784963004946743,1,0.9999696979299957,1,0.686976062010555,1,0.5173825436454725,1,0.9802941077499026,1,0.6195794109021413,1,0.7884051691371715,1,0.7986895732081107,1,0.756302598673465,1,0.8405728473934109,1,0.9999499430904507,1,0.6266296296296296,1,0.4052817122848809,1,0.9640234571700793,1,0.5881886673409907,1,0.7486049279743007,1,0.6418505941868813,1,0.5972102738129007,1,0.765341716422143,1,0.9999398613568284,1,0.5938783740405588,1,0.8285258979132739,1,0.9999298374758909,1,0.661956011849757
2_119_u,0,0,0.19021223626781272,0,0.035219015693377966,0,0.3551961244650981,0,0.3995659082943881,0,0.3981572686989384,0,0.29857528001470074,0,0.25274393167196035,0,0.3168508461347409,0,0.33264420743343365,1,0.5461353004466807,0,0.4699813516478791,0,0.4028731610851246,0,0.14320225080297513,0,0.13132103783416754,0,0.3334698082471226,0,0.18549057698659663,0,0.02155220009731077,0,0.36387485398597863,0,0.21520922329483255,0,0.034232268193462256,0,0.3943802863802864,0,0.19157721387612425,0,0.06327195759622854,0,0.3497994858784724,0,0.3786665446001596,0,0.40167026056152977,0,0.31345959951405516,0,0.25327537353150165,0,0.33313848882582553,0,0.3215272347603703,0,0.1551239412496978,0,0.1583644666286842,0,0.3132965009208103,0,0.13635523597708332,0,0.12032956667092605,0,0.3842722970395569,0,0.19404045311790247,0,0.021304998212316007,0,0.4247057263580553,0,0.18557428925167818,0,0.043046643391089504,0,0.30198757763975154,0,0.1553245007489235,0,0.11688834259101773,0,0.30669916616217935
2_12_u,0,0,0.46508704979082655,1,0.7115627594254125,0,0.46262069629833924,0,0.1924678866101993,0,0.3830272600227899,0,0.4531209033839895,0,0.40865342719437386,0,0.35243164863703574,0,0.47346707979898106,0,0.47205235104591164,0,0.36296412581812787,0,0.3584431158064705,0,0.34447186906657723,0,0.22483025492121386,0,0.44104605674738456,0,0.3781914679317407,1,0.5345194261069809,0,0.4798278758760219,0,0.41773622098287505,1,0.5651677171883074,0,0.480751887001887,0,0.19410680126571572,0,0.02437140987525843,0,0.47976617311778486,0,0.1389133366638587,0,0.28651137565094675,0,0.4491775643002357,0,0.374259016932141,0,0.3101978045327293,1,0.5127840195118538,0,0.2656110928776588,0,0.04689134491729528,0,0.48333333333333334,0,0.3033120363862016,0,0.09437872141707196,0,0.44012098102052366,0,0.36412821644629173,0,0.39801106089033506,1,0.5122327914147173,0,0.16384576742154258,0,0.014579358021914669,0,0.4939736438622028,0,0.23709553937382566,0,0.03197340902631021,0,0.4939400509375783
2_120_u,1,1,0.5745370573440387,1,0.8380078676625327,1,0.5712028862852735,1,0.7154868061697425,1,0.967145127302191,1,0.6080335993820847,1,0.4947858675603326,0,0.4996267336496552,1,0.5293707116206257,1,0.44859896602044375,1,0.5308549153413983,0,0.48920728436774696,1,0.7387268752196998,1,0.9963530335709389,1,0.6393266544233858,1,0.684456955075203,1,0.8982286526156025,1,0.5622887546919398,1,0.5556052087522536,1,0.8380187571851867,1,0.5840512265512265,1,0.824585498109222,1,0.9985755789787935,1,0.616423698333612,1,0.6963937853935736,1,0.9669351333812164,1,0.6340026890745117,1,0.4926728682073685,1,0.5061997722336414,1,0.5178580707959073,1,0.910128241021668,1,0.9992346768763686,1,0.6166467065868263,1,0.7410146596309276,1,0.9481974706500808,1,0.6191250140487998,1,0.7397562115531436,1,0.8977184926701954,1,0.6310494597779924,1,0.8127403012905703,1,0.9978342872322937,1,0.6077656652360515,1,0.9081271746789829,1,0.999158448209479,1,0.6585701991378395
2_124_u,1,0,0.14477575406068036,0,0.06312699962284943,0,0.44443894108260684,1,0.6422892698471097,1,0.6439466594056652,1,0.6322347161612454,1,0.6467429947375,1,0.6545629683680311,1,0.6232216434461716,0,0.44365667649478213,1,0.509348909676214,1,0.5412118344722747,0,0.23540229759764184,0,0.06705289655258442,1,0.555764685469956,0,0.21080939522253186,0,0.07034467899092732,0,0.45780171690349386,0,0.172190337922137,0,0.06610630371421196,0,0.3960876623376624,1,0.7871285436613232,1,0.7748912264025535,1,0.658510062955689,1,0.629025171845794,1,0.6434069745496834,1,0.5991607218427528,1,0.6476595938864013,1,0.6605643800959013,1,0.6484506522510901,0,0.2736873476751409,0,0.07556263069842097,1,0.5931467065868262,0,0.23945579586141236,0,0.42064817529155146,1,0.5060640705265541,0,0.21565990163996443,0,0.0699248703413565,0,0.4809083137265238,1,0.7846979904851371,1,0.8068198608077101,1,0.661780373284319,0,0.27184125700120676,0,0.08903337101473208,1,0.6537810360522326
2_125_u,0,0,0.2711079508256204,0,0.4695666406103404,0,0.4879788328154625,0,0.15955865143351555,0,0.18958736012630392,0,0.37439803971128993,0,0.41743007879746724,0,0.34656349125575725,0,0.40727471624432854,0,0.4816135929505781,0,0.3932027061224486,0,0.4156352507463419,0,0.13856244919698577,0,0.11101660625065402,0,0.45229798084951456,0,0.29416876998489927,0,0.24394459460700935,0,0.4116585264919933,0,0.25910019809940044,0,0.4000157075535347,0,0.4168733766233766,0,0.2375286975582578,0,0.05101970003479814,0,0.38922501659218983,0,0.13271834188918477,0,0.108308815722421,0,0.3446280454996149,0,0.3768525240420151,0,0.2840862137900547,0,0.3940462578539166,0,0.23668980072377263,0,0.1399579767861195,0,0.35317798240229176,0,0.1301923236182743,0,0.041482062006166304,0,0.39342646641834506,0,0.2841855417700502,0,0.1819288702565339,0,0.446041001614576,0,0.21339990632944467,0,0.015608641372005192,0,0.377990099009901,0,0.21774559562313658,0,0.0669262892230032,0,0.4221740401773942
2_127_u,0,1,0.67314890522333,1,0.7113863637525543,1,0.5543171407671874,1,0.6836037965222603,1,0.7254551516068295,1,0.7650691600611927,1,0.5189685028755714,0,0.4849228200371282,1,0.5348143876230145,0,0.5,0,0.47539226106603033,0,0.34635037135600755,1,0.9163177165286905,1,0.984320018968095,1,0.7594202091809308,1,0.7389566707032351,1,0.7477217446630866,1,0.5977631910221309,1,0.6790158057469,1,0.7202545287222083,0,0.453440836940837,1,0.7895818248566845,1,0.8152416604503351,1,0.7567118108923064,1,0.6814863386426517,1,0.737313103238545,1,0.7577474100855778,0,0.5,0,0.4585642452413409,1,0.5591901571713405,1,0.9283982136880908,1,0.9961649345445711,1,0.68,1,0.9192883814128401,1,0.8515850237080838,1,0.7081133977885772,1,0.6469336084602763,1,0.7661627025572129,1,0.5641828375439722,1,0.7998854666077999,1,0.8306957019383157,1,0.7758874739848526,1,0.9313029672859727,1,0.9955353769579789,1,0.7553700541328818
2_128_u,1,1,0.5978799897115844,0,0.43118692288197613,1,0.5340707082325256,0,0.31591444172874006,0,0.12730367038166257,0,0.36135176185563717,1,0.6158739629002288,1,0.7168001668131329,1,0.5219877402653643,0,0.44020055050734236,0,0.4987322660746179,1,0.543198102838074,0,0.15014966626334061,0,0.027428115974943247,0,0.39314655648061025,1,0.6881603974009303,1,0.7974459682115708,1,0.5256604384289755,1,0.6062243124461194,0,0.44153992252507424,1,0.5083431845931846,0,0.359964463255802,0,0.44973744241326785,0,0.38867935113103885,0,0.3021760596668002,0,0.12748405082589503,0,0.3550885143383088,1,0.618880482937904,1,0.7161284304231674,1,0.5637950538646078,0,0.3683456241844628,1,0.8480532425894409,0,0.3598989898989899,0,0.15095200843367962,0,0.2863896771151571,0,0.3773928204060252,1,0.6957249451779863,1,0.8001837132924641,1,0.5772937093916511,0,0.3447400900651919,0,0.4335538077321737,0,0.393,0,0.364947675356699,1,0.8287160575458331,0,0.41864685410083696
2_131_u,0,0,0.22465824545016327,0,0.3911000519174167,0,0.3665153094747267,0,0.4081434303564325,0,0.2541761598935198,0,0.4729093801080639,1,0.541463592404364,1,0.6579484067724746,1,0.5396044287475177,0,0.4429646814441101,1,0.5028211704362042,0,0.3098416140919413,0,0.20893271356826404,0,0.40851546428330193,0,0.44814351220165716,1,0.4853037687986908,1,0.7135761964479224,1,0.5515267832198414,0,0.2167869264375748,0,0.4156995225935201,0,0.382952380952381,1,0.6779571876356453,1,0.9840981462715552,1,0.529955426677284,0,0.3955872885481745,0,0.25432854438221725,0,0.49129094273527385,1,0.5454527003977282,1,0.6648874568302199,1,0.5527590197044968,1,0.578892418635174,1,0.9318513932570013,0,0.4789550264550265,0,0.20997616797480498,0,0.244443354594577,0,0.4978997863504637,0,0.484000604351103,1,0.7229385938262135,0,0.4777991942653643,1,0.6700083322522139,1,0.9809268649247543,0,0.468,1,0.5728925036031434,1,0.9233085761778158,1,0.529231261153217
2_134_u,0,0,0.24582055155682694,0,0.14850016032521662,0,0.3673792838273153,0,0.3080217445506689,0,0.32441243398314434,0,0.3704053163325379,0,0.30225628878385824,0,0.48430903295706407,0,0.35424954462513314,0,0.4438925925276204,0,0.45964293934962164,0,0.4006013665434001,0,0.09875374734299885,0,0.1113204330957413,0,0.3403257515034592,0,0.14107809109355157,0,0.14146193655132622,0,0.3279431250869878,0,0.2509644866505195,0,0.13838118194357626,0,0.37730067155067154,0,0.33916259526395653,1,0.7069374027325471,0,0.33810685344729335,0,0.29714439706237866,0,0.3240043803454995,0,0.38391991933352465,0,0.28846433691546036,0,0.4793409859522465,0,0.3515457334173674,0,0.12581230069277965,0,0.11965597640457908,0,0.32666666666666666,0,0.09621179026478288,0,0.16070636702100646,0,0.39183968217047593,0,0.15164341809875215,0,0.14030124242889352,0,0.3914006411871223,0,0.313607080848757,1,0.6046287486455016,0,0.382,0,0.11758627229620129,0,0.09610419428508073,0,0.3478490712470504
2_137_u,0,0,0.24913328506965948,0,0.1572768644600529,0,0.4145731629665287,0,0.3591757852868626,1,0.5571343479350579,0,0.36352465643314497,0,0.35794595113054756,0,0.2783234868808927,0,0.3350743145791757,0,0.4436017333767795,1,0.5291600714488446,1,0.5531567938391317,0,0.16234039198901964,1,0.9570742308478223,0,0.3836193904491472,0,0.21969384075395143,0,0.11853920812735055,0,0.30775171018476194,0,0.2585095063411336,0,0.1582065265542494,0,0.47823015873015867,0,0.31677491635208865,1,0.7852285887829467,0,0.3126425148925149,0,0.3112338906130729,1,0.558078823264319,0,0.3531208408339804,0,0.3358868115677723,0,0.28049063647701933,0,0.31289825668483023,0,0.13510861711711636,1,0.5438088252644316,0,0.35333333333333333,0,0.16199241152940033,0,0.4654545304181723,0,0.3970749989249323,0,0.22232956179918373,0,0.11751986535750761,0,0.41875535707686135,0,0.2801561791279368,1,0.716301707148832,0,0.312,0,0.1233604619772555,0,0.46086349702722873,0,0.3552310951605152
2_141_u,1,1,0.5812715608708661,1,0.8476719481962666,1,0.5083289824221954,0,0.3463177391121537,1,0.602881686915036,1,0.5331366057158664,1,0.5385107093510751,1,0.6852477823934552,1,0.5994811989480496,0,0.4431898211971941,0,0.4925700623454357,0,0.43757294005443104,0,0.38227311520761575,1,0.9983372663474245,1,0.5333788003960883,1,0.6785102383039923,1,0.9086967931858547,1,0.6128326901189268,1,0.5618940767942087,1,0.8395376992077509,0,0.4675440115440115,0,0.41629269433575433,1,0.7173142087688905,1,0.560514246483263,0,0.32223398722313457,1,0.6032250739181008,1,0.5216127438069817,1,0.5157262092595628,1,0.6765929806769223,1,0.640917799680779,1,0.5760297177953904,1,0.9953195482730289,1,0.573313373253493,0,0.3762679933106381,1,0.7103527705724848,1,0.5105564157672725,1,0.634999266474575,1,0.9052560022614609,1,0.6122161063053043,0,0.4026356516213291,1,0.6799905224515408,1,0.5019909090909092,1,0.5621814696799396,1,0.9931683877429477,1,0.6056368099918307
2_147_u,0,0,0.46933718490883414,0,0.3608811884395398,1,0.5240682229628005,1,0.7280948979977958,1,0.8924362819956129,1,0.7773853417315376,0,0.35047120351472694,1,0.5407924919955855,0,0.34327516478774617,1,0.5815311717347856,0,0.4864294075658851,1,0.677813923627521,1,0.9227646608613468,1,0.9785760962408442,1,0.7486754216149695,0,0.45063771891778,0,0.4591223175196265,0,0.39984127486607157,0,0.47909921529004507,0,0.3106765518666018,1,0.5247597680097681,1,0.7963684349794026,1,0.983196121311859,1,0.6730873202479475,1,0.7257737694605921,1,0.9098660931972085,1,0.8050898715913731,0,0.341350819740635,1,0.5003288310308227,0,0.36749132535246704,1,0.9370315023359992,1,0.9982430699854651,1,0.7,1,0.9233874576029426,1,0.8572798958322464,1,0.7034813184965647,0,0.47351624711545975,0,0.4310575989755191,0,0.48606129205591836,1,0.7823729749133745,1,0.982791554647786,1,0.7019496177897653,1,0.9345786104915146,1,0.9983326952063806,1,0.7010186646734405
2_148_u,1,1,0.5183235701926361,0,0.47174507507605473,0,0.46682005902744034,0,0.03980147607359898,0,0.052761242029290924,1,0.5860600127491311,0,0.3026425978684734,0,0.30485370522591565,0,0.28910664074107145,1,0.4487781249304394,1,0.509506473048807,1,0.689484496405173,0,0.32143381290080725,0,0.0004404977942357135,1,0.5658565259854939,0,0.26029070936398563,0,0.4274680603706988,0,0.2998336623528552,1,0.5314988936641457,0,0.47885159733594324,1,0.5194282384282384,0,0.13029164459539716,0,0.0009117367999046245,0,0.4262605955667095,0,0.044168823747284126,0,0.0529832670981203,0,0.49691315797126995,0,0.3023982265501631,0,0.31020407978629316,0,0.30758399578698303,0,0.1902200854447341,0,0.003553093885762864,0,0.43996763754045315,0,0.3318901085678018,0,0.11511678816407128,1,0.5407645848103706,0,0.2937841178591104,0,0.4253307704413908,0,0.3817493616153395,0,0.13526357720505852,0,0.0009019062561340409,0,0.43389248436287065,0,0.190280548268741,0,0.003523269219378189,0,0.4776616109193853
2_149_u,0,0,0.21027175448583504,0,0.14887685690341265,0,0.2030280812330123,0,0.19876935443941152,0,0.37787403805220776,0,0.3920810263909214,0,0.3399971991198338,0,0.2312875898664762,0,0.33379399008209937,0,0.34562652286890344,0,0.38997852510998715,0,0.18228302372344457,0,0.13842060939863343,0,0.040882423846491794,0,0.420474160957109,0,0.12765835818045598,0,0.12822482796536364,0,0.314,0,0.17039739153337843,0,0.08706259096628502,0,0.2990351037851038,0,0.3168902009065872,0,0.3042723019235724,0,0.4187958849579776,0,0.15089342565067296,0,0.2975001803724879,0,0.3895760966651491,0,0.3408481449242429,0,0.19825298802369187,0,0.41575998800116615,0,0.11466234556965237,0,0.0674706077081475,0,0.4033333333333333,0,0.1283553541611033,0,0.11858397215317606,0,0.39674080178277915,0,0.15308107832432014,0,0.09943470141207507,0,0.2978162083015024,0,0.2782180670048541,0,0.12728413871679117,0,0.40597309417040356,0,0.10639208975918413,0,0.03397646790163079,0,0.41491651910590344
2_15_u,1,1,0.5818673799026793,0,0.43667552576050894,1,0.5284213396901543,0,0.1664177804391138,0,0.04043740122746374,0,0.3517236421804939,1,0.830250346266752,1,0.7478719634597605,1,0.8302819308669583,1,0.44712627564280444,1,0.5045289783468313,0,0.48507295299549213,0,0.16371758792565524,1,0.6213497145453295,0,0.37646177040438006,1,0.8210409813571993,1,0.7765179192266805,1,0.6965454631063853,1,0.582089274685225,0,0.44019910455297484,1,0.544053391053391,0,0.4948990851741378,0,0.43197333367492097,0,0.40346015998712287,0,0.17333724807867726,0,0.040213938324174026,0,0.319746702532772,1,0.8323266310020793,1,0.7500147788900172,1,0.826587058242998,1,0.5153065905344248,1,0.903255095559974,0,0.4232967032967033,0,0.16795211434276508,0,0.08586828038334886,0,0.3955184046788267,1,0.8395116635587117,1,0.7746111774255078,1,0.7442814386515327,0,0.4886982487585143,0,0.3274725592351555,0,0.43395384615384613,1,0.5177873804465002,1,0.8873692510404578,0,0.429683724843864
2_150_u,0,0,0.44692413064173386,1,0.5649335571610965,0,0.4988478680104269,0,0.3723728167258443,1,0.5007103540411101,0,0.4807187412325946,0,0.28179225574581135,0,0.2793131861939679,0,0.34017331095503756,0,0.47468651617826774,1,0.5468450911070161,1,0.5901331085478964,0,0.3431232426116578,0,0.4440452228628625,1,0.5018985592433665,0,0.2040730285158592,0,0.407379257848685,0,0.40993263994390555,0,0.45731974827011285,1,0.5777169212927309,1,0.5179285714285714,0,0.1398423559225491,0,0.016192181888426353,0,0.4553825440296048,0,0.37958201081026927,1,0.5422454429433216,0,0.46625764291368293,0,0.28128659737771433,0,0.337143357754099,0,0.3624844131486594,0,0.10239524480488273,0,0.2471310308142659,0,0.4166666666666667,0,0.33628499895538344,1,0.7000397664211501,1,0.5230992493391428,0,0.17596871094161828,0,0.4808730411669647,0,0.3973918820580415,0,0.13586784051945636,0,0.02247178122053912,0,0.388,0,0.09897816943899103,0,0.30118310340771787,0,0.4624687329510942
2_151_u,1,0,0.3945266357030582,0,0.4316592055447561,0,0.4534336009058786,0,0.1733637197416413,0,0.25097519094769094,0,0.36194683245734444,0,0.2402205641824827,0,0.25572558600286355,0,0.2990566257417644,0,0.4428683947143778,1,0.5330999253284977,1,0.6399811522945942,0,0.14956288922337482,0,0.1317659937046333,0,0.3540639361864204,0,0.24976205181652933,0,0.3487758347413147,0,0.37792776777677767,0,0.40630753313805734,0,0.43428096162444113,1,0.5198091630591631,0,0.08494061980891132,0,0.0049551438943227916,0,0.38039073082638425,0,0.14686975176503367,0,0.25099178987681536,0,0.4020860234594618,0,0.2332951612825583,0,0.25270848149350783,0,0.32292064007821253,0,0.1006483009249046,0,0.024351975527989785,0,0.4266666666666667,0,0.1525096227959342,0,0.28303827962353123,0,0.4017378447279565,0,0.2963295900757578,0,0.34147066213024946,0,0.3631158036867565,0,0.07747846953777021,0,0.0037062635099463104,0,0.3738820031925345,0,0.0966850125114815,0,0.024711368904369396,0,0.39950889639023845
2_152_u,1,0,0.3809516379436433,0,0.34821845374237526,0,0.43035231594718654,0,0.44649205247862894,0,0.42234653162940666,0,0.4148102118590081,1,0.7104250830030084,1,0.642316217597937,1,0.6262339689736992,1,0.5577468396212881,1,0.6795674008927292,1,0.7559778982063665,0,0.23924211123080188,0,0.09459329338617974,0,0.37283992704924274,1,0.569797633150649,0,0.4598615210282445,1,0.5415823504764303,0,0.43273979068446206,1,0.6339966245097249,0,0.45089452214452214,1,0.523766229973023,0,0.35703796538183985,0,0.4540983735368634,1,0.5177920708210643,0,0.4477383474106806,0,0.47663811127534433,1,0.7435193908412473,1,0.7955074832228591,1,0.6514920847698233,0,0.35294489047719296,0,0.05893083346638921,0,0.4198446490689584,0,0.26940962742897484,0,0.26249063906933157,0,0.3966588573627511,1,0.575971528045684,1,0.6786567344795287,1,0.561871272355467,1,0.5779414622472063,1,0.564006301065748,1,0.51,0,0.3875079734610363,0,0.11346482867496184,0,0.4668903492167736
2_155_u,1,0,0.3462406054651157,0,0.23949485697130712,0,0.45782987940374553,0,0.32188182743853,0,0.28221130276473627,0,0.37580057367272884,1,0.5883817295339036,1,0.664294250697406,1,0.5388860592099753,1,0.4462309145247629,1,0.5319000403540594,1,0.6842541755051915,0,0.15651856787512627,0,0.10301519916140883,0,0.3854194344833808,1,0.48974257902577345,1,0.5313312451421031,1,0.5117575934901648,0,0.35458648846190904,0,0.25462502807707893,0,0.4915678210678211,1,0.5576214062954162,0,0.19822365183960555,0,0.4300555006714261,0,0.308795992578508,0,0.28204169013142594,0,0.41379131528265595,1,0.6120160045674502,1,0.6687815694096884,1,0.548703740275225,0,0.3753108813609913,0,0.3374155964207775,0,0.42323232323232324,0,0.1590618721595259,0,0.30657009975499994,0,0.3958682331043225,1,0.5275868608220401,1,0.5328066716561514,1,0.5524492191736532,1,0.5512555186017623,0,0.19940275500323854,0,0.4358903160004163,0,0.376768143666243,0,0.3559504600837503,0,0.41830365110002016
2_160_u,0,0,0.43388784161232447,0,0.3140075852270797,1,0.5174452806082004,0,0.2139574358757871,0,0.10575430226976662,0,0.4345437122084398,0,0.32197903643766373,0,0.3966334532501296,0,0.26995809700862156,0,0.44378457998371645,1,0.5072435665203526,0,0.3971577268858058,0,0.24400235311980964,0,0.001953957411565502,0,0.44061782144567035,0,0.2648108649233106,0,0.2750459104179064,0,0.32998969072164946,0,0.4253074249788248,0,0.3108487800937323,1,0.5100059107559107,0,0.26826674450798343,0,0.006605918477972118,0,0.3987830955983051,0,0.18080634035399953,0,0.10606793650826746,0,0.40807354255999484,0,0.3137438743306892,0,0.39897209152635293,0,0.2673418719406007,0,0.1377732769977989,0,0.001495329895502899,0,0.4299074074074074,0,0.22340917494160267,0,0.08950397037324082,0,0.4503442140874022,0,0.26751426342928347,0,0.2731293879579522,0,0.3094969435549428,0,0.25726486742501636,0,0.004360301980198535,0,0.402,0,0.13922390759033607,0,0.0012193458574299703,0,0.40033480170088187
2_161_u,1,1,0.6174853412904282,1,0.6875007134585118,1,0.5677161693009527,1,0.5912858528904541,1,0.7301441276763008,0,0.46467287258817497,0,0.3982681154883184,0,0.3652334282189742,0,0.4347459279134413,0,0.44328364677463655,1,0.5088504730315856,0,0.13408199635085175,1,0.5,1,0.9997067183458755,0,0.4938862915810118,1,0.5,1,0.5459930744562611,0,0.4836304774283811,1,0.6352554819636805,1,0.6946822814013467,1,0.542337801087801,1,0.5606707230944586,1,0.9964758750609415,1,0.5191761584287057,1,0.5824497533164836,1,0.7304240292168539,0,0.4934807858549253,0,0.40169916263190547,0,0.3718992072806546,0,0.4388947541236872,1,0.5736610542763154,1,0.9874946811892985,0,0.45664670658682627,1,0.5,1,0.9219969535739397,1,0.5320659822054645,1,0.5094291098451205,1,0.5504177425899763,0,0.4974901621964104,1,0.5620781011019381,1,0.9958650200637902,0,0.496,1,0.5718520951141228,1,0.9862180811627579,1,0.5210771918155027
2_162_u,0,0,0.3482291341697546,0,0.45769763984479,0,0.4969512671868962,0,0.2764908865080558,1,0.5378645968477326,0,0.41780928346552787,0,0.19218358001741395,0,0.04639475795233422,0,0.26357916157916167,0,0.4401382422345895,1,0.5445469229463988,0,0.33974785648501626,0,0.28849947264366216,0,0.4781077320373865,0,0.42987722632276054,0,0.139767234171141,0,0.215725595843214,0,0.37,0,0.35985522013343485,1,0.5165347527861366,0,0.4714130591630591,0,0.09636073380659835,0,0.001833211084434401,0,0.32731679956369075,0,0.30455471856285804,1,0.6530285893978218,0,0.42736510595367494,0,0.20303893409848467,0,0.06096778947734265,0,0.28870078162578156,0,0.07703128588472581,0,0.023830874613576348,0,0.39,0,0.2942685157525702,1,0.7617107685684744,0,0.46024273712044655,0,0.19638034952739125,0,0.23017241247347162,0,0.31085524601599324,0,0.0987666497959649,0,0.002623729247625245,0,0.326,0,0.0789145096077693,0,0.028970770845787173,0,0.3342565363498484
2_166_u,0,0,0.20646068376141088,0,0.07804704945977846,0,0.3755575689678958,0,0.13258003718670255,0,0.2516576155635383,0,0.43650416044208645,0,0.43278804164273516,0,0.38143568016931095,0,0.4761786439144785,0,0.48036083631549686,0,0.40727031931573554,0,0.30657945549176463,0,0.09713659699240834,0,0.001965502412267028,0,0.45513123912338854,0,0.3343812449449466,0,0.20741319364257926,0,0.438,0,0.1858507672741084,0,0.06465302938971813,0,0.39397222222222217,0,0.09645260287777073,0,0.0036624274630528007,0,0.496257048125415,0,0.11205824440485983,0,0.15823096485950144,0,0.4448994416198348,0,0.4082360473087697,0,0.3265102807210867,1,0.5105964863711147,0,0.16223262093698468,0,0.003658340725015193,0,0.4665528455284553,0,0.08939765164564933,0,0.08440412940345719,0,0.4701642599442673,0,0.36078587284888075,0,0.19212483684906678,0,0.4839055913856711,0,0.09057829772830074,0,0.0019126047793341563,0,0.43999056603773584,0,0.1548046575998632,0,0.003163430689685689,1,0.5027184800559479
2_168_u,1,0,0.2821607830985756,0,0.471851888625263,0,0.40362812377298396,0,0.1626855230667822,0,0.11282344358368819,0,0.4859385184691555,0,0.24926838133346246,0,0.34032097975498266,0,0.31307586203561977,1,0.46069869749124936,0,0.47183322046634585,0,0.39747575367839255,0,0.12316758216739433,0,0.20739165902646772,0,0.416855983748244,0,0.23200063032406518,1,0.525333668966536,0,0.3439371552617409,0,0.2661868420651143,0,0.4804147009961017,0,0.3824796494355319,0,0.2632595506673953,0,0.3127579339574924,0,0.3764998913067787,0,0.15292627439672002,0,0.11251113609772176,0,0.42654185143534096,0,0.23193012107657623,0,0.34101160199050906,0,0.33871076117203935,0,0.22019803305216978,0,0.3318763473608212,0,0.36,0,0.12082234738919778,0,0.15949620923710864,0,0.4361677862485676,0,0.25195434692484686,1,0.5383283566215588,0,0.3104056350626118,0,0.25348186122613936,0,0.3797325457295491,0,0.4159909090909091,0,0.21351290960328345,0,0.34109130600802123,0,0.40674644166512736
2_169_u,1,1,0.6859578683199709,1,0.759618852279814,1,0.6002175189891413,0,0.2506218002055852,0,0.31320994845672706,1,0.5616154870918129,1,0.5807250802983536,1,0.6627004213889357,1,0.6704629236862045,1,0.44792854285662637,1,0.5201030751740718,1,0.5965570611078636,1,0.7047007277061671,1,0.7069941837224588,1,0.6229855012301554,1,0.7793901659896485,1,0.8678358133101717,1,0.6690557735901786,1,0.7001603617400468,1,0.7658025721884391,1,0.659049603174603,1,0.6454375431671301,0,0.18029817098564546,1,0.6326324202813858,0,0.2643130445395817,0,0.31238481121157485,1,0.5426630008855396,1,0.5911069997533295,1,0.6706755778589704,1,0.6924197948528522,1,0.9169511761175158,1,0.9623247157726926,1,0.5633152173913044,1,0.7152815774746539,0,0.40959300114688646,1,0.627726116778307,1,0.8109135027261032,1,0.8677701837905837,1,0.6064238585137898,1,0.6464747775298311,0,0.21689884080627883,1,0.605921149476011,1,0.9166709800499907,1,0.9700216545637352,1,0.6400964119725062
2_170_u,1,0,0.3217235449892003,0,0.25381265971414846,0,0.3735686043194891,0,0.48411685510345526,1,0.509317520842789,1,0.5338253938858457,1,0.5535846483004194,0,0.39915889685322875,1,0.5403990244155595,1,0.4460530278759968,1,0.5338061100208485,1,0.620988013515067,1,0.4289028393515345,0,0.32778348436372623,1,0.5475402787252254,1,0.4937929496693758,0,0.2555124257000073,0,0.45787718826230445,0,0.3415166747714012,0,0.26212147511480843,0,0.3997693319752144,1,0.7793406120590344,0,0.2524796405975473,1,0.5615625541708641,0,0.48652484047057937,1,0.5107891753682168,1,0.5292116941893087,1,0.5502553541434136,0,0.39673682094351886,1,0.5568957527986163,1,0.7258273608135928,1,0.630436609639136,1,0.5099263329263328,1,0.4386360933450108,0,0.47465140470691874,0,0.4909871134931138,0,0.47852361457118797,0,0.2542930909267795,1,0.5567078773510284,1,0.7784038696935534,0,0.2190897492807463,1,0.5019644128113879,1,0.7276070443980809,1,0.5989398632547672,1,0.5329109514715064
2_171_u,0,1,0.6252841712739622,1,0.631516077475043,1,0.5864288594087235,0,0.10878422962704029,0,0.1481047451511122,0,0.39901276607144803,1,0.5520376134166226,0,0.3819158158278201,0,0.4978496188379725,0,0.4863769671766024,0,0.4621762415422742,1,0.5237303310222939,0,0.2740797293480964,0,0.06456750767519491,0,0.440685127416723,1,0.6301338918347953,1,0.7273307808823838,1,0.5857479509151735,1,0.6517720538741231,1,0.5356418048117743,1,0.5914465811965813,0,0.1444922167059631,0,0.003959302710558536,0,0.3752256206643608,0,0.0831559511333606,0,0.11254531757990749,0,0.3929441196453624,1,0.5327436451969157,0,0.389815188373314,1,0.5294765688863408,0,0.31621344693952247,0,0.05441299476899641,0,0.49,0,0.2557012897236126,0,0.44882420545109036,0,0.45588533005406867,1,0.6259242285044,1,0.6318896786564197,1,0.5722569795309752,0,0.12416046327589968,0,0.0018885352817750432,0,0.46,0,0.285599989153835,0,0.030342484477188462,0,0.44851663065080866
2_172_u,1,0,0.2734275869496386,0,0.2514149097446573,0,0.3346368690568718,0,0.3330217951552417,0,0.3861703048397775,1,0.5097291796281741,0,0.2604312681083534,0,0.25613226085466756,0,0.329263962499973,1,0.4530655112623431,1,0.5276038986069564,0,0.4783980506350412,0,0.25937337638597346,1,0.5690420283607313,0,0.48748354042959013,0,0.11726055161584188,0,0.2653953059808872,0,0.29388431610657845,0,0.26872470890396866,0,0.23584625599502576,0,0.4071208513708513,0,0.25455484916023785,0,0.33953624550769057,0,0.47186339508302466,0,0.31992348256548647,0,0.38529068885082857,0,0.4912523689307941,0,0.2438401732160738,0,0.24351347592853914,0,0.3130280483922384,0,0.17352242107167642,0,0.14293080045484993,0,0.3933333333333333,0,0.2667851981286149,0,0.43695605566805473,0,0.48858715201268843,0,0.1260837853144229,0,0.249424847028872,0,0.29630818128403286,0,0.24691869397202615,0,0.2950843293637339,0,0.3959335793357934,0,0.16871000245462672,0,0.12369748292377039,0,0.4339209629037304
2_173_u,0,1,0.5274591961663299,0,0.4753424721881422,1,0.5267618229222824,0,0.28913231778434934,0,0.38623039219722205,1,0.5377375133371176,0,0.4467795997561972,0,0.3049819966127821,0,0.481105552757044,0,0.4259331885102364,0,0.4446576083522821,0,0.347304822014204,1,0.4824411513233559,0,0.051239595070353645,1,0.5451835578384558,0,0.46897377294797526,0,0.3304957320260267,0,0.4595745298747485,1,0.5088725375926049,0,0.47956443299900536,0,0.440994227994228,0,0.4294419909289701,0,0.0055693748321482255,1,0.5472489011863948,0,0.29103427426660206,0,0.3334899059674739,1,0.5418149883293746,0,0.4205952353555634,0,0.27714390497217317,0,0.4668041568364446,0,0.46756620419212913,0,0.08338507186260756,0,0.45654814814814815,1,0.46572865454441137,0,0.47723324350495827,1,0.5030528576981913,1,0.5166229218610623,0,0.3391518879127684,0,0.47720483075711073,0,0.39739556444849794,0,0.0052225819681784025,1,0.5779875776397515,0,0.4525227866750384,0,0.07166530971678493,1,0.539685919027773
2_174_u,1,1,0.5423166581738005,1,0.5068192049923779,1,0.5144526150555294,0,0.2819050409682327,0,0.32685203529978674,1,0.50238767607974,1,0.5,0,0.4286135737704102,1,0.59292021688597,1,0.45394696204869,1,0.5279501608324527,0,0.4771380866222623,1,0.4173042432670874,0,0.4392596454191984,1,0.5268664644720844,1,0.572848698602953,1,0.5303347939805808,1,0.5053824346568526,1,0.5563249109138498,1,0.5224339458710615,0,0.43223689219277467,1,0.5528833288422506,0,0.009387508312837528,1,0.5086769070091247,0,0.26185248442339315,0,0.3284683867399015,1,0.5093807082952034,1,0.48375883276297954,0,0.4325240699794598,1,0.5496880902828352,1,0.5966854639624679,1,0.8721203479970527,0,0.49333333333333335,1,0.4204885915956467,1,0.5449332756609965,1,0.5090001804262024,1,0.6631288974608864,1,0.5360690868772638,1,0.501627457198692,1,0.5206301782641355,0,0.009149353830472853,1,0.5078471429100658,1,0.5806716601558101,1,0.8335452426956812,1,0.5311618438966225
2_176_u,0,0,0.2887533303252748,0,0.36468343480052495,0,0.42409125929818103,0,0.08847481739236907,0,0.09681617181491177,0,0.4121972087175095,1,0.508459182926819,1,0.6563892029494224,0,0.49024146232461446,1,0.44628291654764185,1,0.531176545478312,0,0.4861503921886713,0,0.18184738395838923,0,0.026147828637694454,0,0.4239911128386619,0,0.34691450930610956,0,0.3829982837466983,0,0.40573349507390094,0,0.2871047412526845,0,0.376119792594905,0,0.34877777777777774,0,0.4543014993169293,0,0.20083031883632999,0,0.4326143901728006,0,0.09917364127389802,0,0.09671688712017772,0,0.4060070037331927,1,0.5086175415708118,1,0.6580247371417266,0,0.4855513432972854,0,0.23120989121961041,0,0.17539015547559098,0,0.45664670658682627,0,0.18534156643219513,0,0.1716564513744431,0,0.4477115700664943,0,0.398060181439918,0,0.3848627607172546,0,0.44949569427096725,0,0.46623949252959096,0,0.21595142268804288,0,0.39799078341013827,0,0.22326678528544122,0,0.1544949755139477,0,0.47191716882988
2_177_u,1,0,0.3491396806452901,0,0.33782006890512895,0,0.4256443511319031,0,0.37537879389179163,0,0.14917392245796965,0,0.4367498923750217,0,0.2996066029310141,0,0.1892827946932323,0,0.39424283247582126,1,0.5203625329667428,0,0.34743791868494944,0,0.29250567176178444,0,0.19195979214686493,0,0.02605346416925589,0,0.4186073987841627,0,0.20476147204408882,0,0.1305436921309041,0,0.42584553052479734,0,0.3202782588035313,0,0.18928360785888657,0,0.36406746031746046,0,0.13112008443216036,0,0.0014650941719760065,0,0.4220938930888278,0,0.3138468852595923,0,0.11650857821083264,0,0.4197109613288169,0,0.2579190859497199,0,0.14824219512539974,0,0.3681491539358222,0,0.10092999420918848,0,0.0027415745881922515,0,0.44666666666666666,0,0.1658892143764295,0,0.20038568509480537,0,0.46491850193514395,0,0.22695817955791525,0,0.08393700641453383,0,0.40711052562951333,0,0.11817551307744535,0,0.0013581780894968097,0,0.4639825327510917,0,0.0882419025045217,0,0.0019420194202721113,0,0.439134597413052
2_178_u,1,0,0.4427733714868613,0,0.49558405281468876,1,0.5733912508091856,0,0.4414462841906168,1,0.6526787393643426,1,0.5647116706281333,1,0.5,0,0.4244436337969311,1,0.6791243293236627,1,0.4491432367508968,1,0.5113564706342169,1,0.549938750728918,1,0.5154295878133632,1,0.7359155228477763,1,0.5734964599114893,1,0.5272078092183432,1,0.5456752020272501,1,0.5425328889885496,1,0.4527426897036008,0,0.4964367771887078,0,0.4811397491397492,1,0.576949544872074,1,0.7566832595042426,1,0.5968046629157634,0,0.43080704406773496,1,0.6502058074591324,1,0.5371649185600682,1,0.5082183954897825,0,0.4308358889377451,1,0.6311829219904735,1,0.6443945433707504,0,0.4926393283845801,1,0.559981884057971,1,0.520792377536393,1,0.5943880371633123,1,0.5744092761386858,1,0.623652835257545,1,0.5375165076793545,1,0.6260920866600469,1,0.5807251811253068,1,0.7600688177229165,1,0.6118177561059213,1,0.6519850860460251,1,0.5714741871169264,1,0.6518228475143312
2_181_u,0,0,0.31540566286242255,0,0.2652626541105763,0,0.4183505804649485,0,0.3372057255124379,0,0.2204586400174107,1,0.5411760605400098,0,0.34024300170887334,1,0.5722135199969864,0,0.3648489891179413,0,0.4818981709385116,0,0.4634080695961748,0,0.16782925617136046,0,0.30291277724727167,0,0.09592716126400075,1,0.5365005098771595,0,0.4074519257879612,0,0.4574495100119634,0,0.39990692640692643,0,0.3146887122642292,0,0.28336998296610627,0,0.36083333333333334,1,0.513686986754683,0,0.15070328776723194,1,0.5382765890417475,0,0.2906725310901294,0,0.20136760465774506,1,0.5757074641268047,0,0.33089838669933286,1,0.5269317460326329,0,0.38942266613680393,1,0.5383781529006553,1,0.5856222932672811,1,0.51,0,0.29348813146565844,0,0.18132461036910016,1,0.535540206786293,0,0.39207033261873514,0,0.4642362780007208,0,0.3784199776808261,1,0.49320556492431794,0,0.09653615248362417,0,0.4959724770642202,1,0.5187502090761175,0,0.4236002062410814,1,0.5398939561653532
2_183_u,1,0,0.3987031075653214,1,0.6749004729610653,0,0.39624323202200573,0,0.2405974595698509,1,0.59593075155975,1,0.5520388211816024,1,0.5160297826523338,1,0.7531525780459948,1,0.5219771095556796,1,0.44786034263412833,1,0.5147080915996525,1,0.6549301286592782,1,0.3932825856075189,1,0.7990235643590813,1,0.563947004224819,1,0.518635804531194,1,0.9061971814185049,1,0.5039185816654312,0,0.4077049574475844,1,0.6951625833432045,0,0.4415086025086024,1,0.5172526615940065,0,0.46618088039579153,1,0.6206311891615856,0,0.23998221796248778,1,0.5964207539884516,1,0.540005538831831,1,0.5365997752007511,1,0.7575366131826784,1,0.5792530735733701,1,0.6453885228469497,1,0.9872574173620686,1,0.5365475406236276,1,0.404007530067493,1,0.7859068699784519,1,0.5562285919008345,1,0.5305044840916536,1,0.911642747567135,1,0.5242345983302039,1,0.5172813716418052,0,0.4708355479834249,1,0.5416053048756911,1,0.6501653044465663,1,0.9877970498392282,1,0.5484671323699859
2_186_u,1,1,0.5294278838213531,1,0.7505405167337731,0,0.4269418518415148,1,0.5747971603686031,1,0.6755310375609984,0,0.477194653529244,0,0.28948324788775104,0,0.31548937155795864,0,0.471444994265935,1,0.4468336559940637,0,0.4929746256577736,1,0.5479644956437016,0,0.2933832675997328,1,0.9895625990351073,0,0.45501573558520025,0,0.38341011537788433,1,0.5899673159007799,0,0.4219592547092547,1,0.5217581412419181,1,0.7432754294270452,0,0.40965145965145966,0,0.3854289157584357,1,0.983485150730646,0,0.4662616545257822,1,0.5859515720711587,1,0.6744934244760491,0,0.4253086878590409,0,0.28940691221554393,0,0.31049957386666494,0,0.44089829236225864,0,0.4904668058348815,1,0.9958494910061593,0,0.45666666666666667,0,0.2921081682427062,1,0.5543714823569583,0,0.421301818945848,0,0.41257567515171095,1,0.5796801567793874,0,0.45350808438869555,0,0.4072297739107516,1,0.9840161663630898,0,0.434,0,0.49321006812007784,1,0.9945618569250362,0,0.48066373526211537
2_187_u,1,1,0.6875154739742475,1,0.5586042560266872,1,0.595425814031875,0,0.25609332956612474,0,0.40355591827226284,0,0.4093118397018566,1,0.5401032509861258,0,0.49493584953880054,1,0.6009758254152779,1,0.4581185527714305,1,0.5024689840249971,1,0.6575137453908904,0,0.3588027995635455,1,0.6100391311129001,0,0.4479605973059011,1,0.80051874628914,0,0.4903568975003323,1,0.6807264658674106,1,0.6972000372170633,1,0.563621310642907,1,0.5588888888888888,0,0.13392928959962508,0,0.02333514958319348,0,0.4488108678387662,0,0.22613052967149563,0,0.4029036607649748,0,0.4069859461652147,1,0.5297823367942139,1,0.5030658963917466,1,0.6189452923160923,0,0.41830330580987873,0,0.3323021896407303,1,0.5299818840579711,0,0.3566842965004424,0,0.45335665060534,1,0.5057372361571293,1,0.8098280076890021,0,0.48694660187852334,1,0.658187390740298,0,0.12515575073253643,0,0.020978863371600254,0,0.4458389924398463,0,0.40463903672702584,0,0.33721426046675074,1,0.512178128214688
2_188_u,0,0,0.3872296030502245,0,0.3567765528547287,0,0.44416718781065184,1,0.8103528580570649,0,0.48644619674761463,1,0.5491211272379171,0,0.4598443817001227,1,0.5117209236669458,0,0.4838649584830108,1,0.5455440418850864,0,0.4842155327831454,0,0.45561093456397145,0,0.4253214212300693,1,0.7715920712022264,1,0.5377009287935142,0,0.3950169382802102,0,0.3219713793929167,0,0.4536928349562098,0,0.40026440879355335,0,0.3538019316666765,1,0.566531746031746,1,0.5571013514687413,0,0.3517098594897721,0,0.4849681063397599,1,0.8099497812801602,0,0.48469519366854735,1,0.5185293853901292,0,0.4345832233434968,0,0.4846178022302745,0,0.4653787488364148,0,0.48110115156821165,0,0.4781267583864859,1,0.5066666666666667,0,0.4198339452853893,1,0.6471679973713866,1,0.5233798068265978,0,0.3868053393946605,0,0.31893434614903127,0,0.493410259371737,1,0.5766390634820955,0,0.4596272277331936,1,0.516428846382793,1,0.49413315261393975,0,0.46514975336307907,1,0.5430898343034825
2_189_u,1,0,0.1962698971275932,0,0.27103345305215176,0,0.409330767214661,1,0.5051923917297766,1,0.6298654915688172,1,0.5264152324426056,0,0.3565307082406313,0,0.3729128405810655,0,0.42959874640978685,1,0.44795556136380554,1,0.5298907892822537,1,0.6684000992513753,0,0.24023435278510816,0,0.32591357516644737,1,0.5746346238060855,0,0.10761169773336508,0,0.12954874915160655,0,0.39387143245005424,0,0.211616867988152,0,0.2666127078312473,0,0.3955634920634921,1,0.532944476275376,1,0.8333106820502716,1,0.5762446031217393,0,0.4875647767386561,1,0.6297217607519294,1,0.5425342645071455,0,0.35982062708141627,0,0.373273568619636,0,0.44609752725775187,0,0.20459062554198443,0,0.1811840624896046,1,0.5096397306397307,0,0.24819990058723448,0,0.41082349545628727,1,0.5143090849389267,0,0.1168641207831013,0,0.12637068050427636,0,0.4652060178228941,1,0.5120649380988249,1,0.8034959828202431,1,0.547918258965234,0,0.2049776752734281,0,0.19528946507167652,1,0.5969295056470934
2_191_u,0,0,0.3423756023976544,0,0.3296290741308983,0,0.38207210715967355,0,0.44918051225485683,0,0.3517297084772378,1,0.5268986377739896,1,0.5617769648595777,0,0.46451829033206665,0,0.4926783869863266,0,0.4763875130164334,0,0.45468138253677065,0,0.44875688211339604,0,0.26217124153038623,0,0.03769722968866974,1,0.535473196152017,0,0.39617974301619846,0,0.3916313166411968,0,0.43590692640692646,0,0.33700642401411024,0,0.3125748292285396,0,0.4226067821067821,0,0.4713214051516647,0,0.020930117567243323,1,0.5335467185546732,0,0.43833669238683004,0,0.30675585241195785,0,0.49025256779176646,1,0.5267744073095426,0,0.4026470190888498,1,0.5372620893701171,0,0.384302081875925,0,0.018210838103272637,0,0.49660714285714286,0,0.2583673453040881,0,0.23819051922561105,0,0.496983469738711,0,0.42629616619695054,0,0.32738429010844583,0,0.4992067964739426,0,0.4691206653505185,0,0.01293451662536098,1,0.5739829787234042,0,0.37544938501153213,0,0.01177170005455017,1,0.517132457114626
2_193_u,0,1,0.5616675107803429,0,0.40612324435790365,0,0.4847206503203993,0,0.4653224818086923,1,0.5101175972694533,0,0.43857675675548496,0,0.4290972532521068,1,0.6488675239829648,0,0.409262207585703,1,0.5555687415506815,1,0.5614777131544345,1,0.5613763356213094,1,0.46270889928837733,1,0.5573213130589219,0,0.47551109895742966,0,0.5,0,0.3835398576866499,0,0.4272233876510109,1,0.5958681712064131,0,0.43925482882697164,1,0.534398962148962,0,0.4717148675319763,1,0.9059199170419386,0,0.445433223180865,1,0.5171800982956769,1,0.511255898053619,0,0.4543275558875111,0,0.4621298535963766,1,0.6946904061162096,0,0.40807851101646064,1,0.5940721513853838,1,0.8089178524822567,0,0.4599821746880571,1,0.48834334175071037,0,0.42621544464171623,0,0.49133108255315266,1,0.5689329326344478,0,0.449431537298358,0,0.4233182680968315,1,0.49208660716148844,1,0.9167362079394706,0,0.4399355635489354,1,0.6145100115766966,1,0.7984491182631464,0,0.45317690215898465
2_194_u,0,1,0.608175213891114,1,0.5865072822705333,0,0.49520412289613497,0,0.38251499359523944,0,0.42439058888197445,0,0.49406363390845875,1,0.7506223529070817,1,0.6077986222089863,1,0.7070225470082229,0,0.46097181432455997,0,0.4436808897630852,0,0.38369441021359046,1,0.4754820042807979,1,0.9798077434053425,0,0.49841739902575544,1,0.7414414456971185,1,0.7002950706131111,1,0.6738073693061475,1,0.6060352731432265,1,0.6088750569416435,1,0.5718997113997113,1,0.7713232655923131,1,0.8167721004839751,1,0.56220430174804,0,0.28651111927297107,0,0.31465471986063176,0,0.4815868329368179,1,0.7130127943577361,1,0.5772240081168475,1,0.6704322534603224,1,0.8178732799649533,1,0.9940999911186733,1,0.5233333333333333,1,0.45105594322598647,1,0.5032243795100795,0,0.4722849487453463,1,0.7632228938168402,1,0.6615297294181698,1,0.6633371544033893,1,0.7225904371716171,1,0.7085638258755499,1,0.5399829787234043,1,0.7923053878128884,1,0.9894130961854121,1,0.5376751603987644
2_197_u,1,1,0.7093647239296976,1,0.8542292983223234,1,0.5576230888280566,0,0.4806038542888374,1,0.746165075619337,1,0.5705369905966718,0,0.3500552259551322,0,0.3897940095931935,0,0.3854074535971297,1,0.4498953733193799,1,0.5289134216599368,0,0.4520257497619696,1,0.6469872641865858,1,0.9941369060571772,1,0.5570400281376263,1,0.6073030992039238,1,0.6864623493489254,0,0.46192068416790455,1,0.6935939402361996,1,0.8561036119013528,1,0.6310126262626262,1,0.6809003199212963,0,0.4921051679151935,1,0.5514457209380511,0,0.4628265068671045,1,0.74608338942845,1,0.5689168728835549,0,0.3432108071792152,0,0.39318126007125387,0,0.3339247000252445,1,0.7381187506252951,1,0.951150697386233,1,0.5265740740740741,1,0.6479218417319379,1,0.766290436120415,1,0.5669435111301605,1,0.6149376930770251,1,0.6868951716154945,0,0.40064631858715316,1,0.6810718389847278,1,0.504290180060509,1,0.5735291099355849,1,0.732002235460828,1,0.9445857887141379,1,0.5634969580627265
2_198_u,0,0,0.19299673857702562,0,0.1037268434951319,0,0.34166124543569587,1,0.5449944851466423,0,0.47081284297820575,1,0.5092146215752968,0,0.37654874785793924,0,0.22768544188325734,0,0.3971492607370828,0,0.5,0,0.407636843181378,0,0.3937383651995937,0,0.2885649316659195,0,0.017319015460191902,0,0.49080805943711975,0,0.2083468016699652,0,0.06394682503882404,0,0.36192172062013017,0,0.1827940574033156,0,0.06853391895757788,0,0.36849236874236874,0,0.27411714192804126,0,0.13941872139315217,0,0.46844233978201827,1,0.5067749454287053,0,0.3414626339585518,1,0.516389611490466,0,0.33600395305593345,0,0.18530630987276508,0,0.38312258590373816,0,0.1788287640824267,0,0.013818964186733219,0,0.42333333333333334,0,0.25531378089597073,0,0.20241573393246776,0,0.472691677064525,0,0.1566881732198052,0,0.04420418901872643,0,0.455126617979434,0,0.24282360050447319,0,0.07705091568672047,1,0.5299290816274149,0,0.15627745243941574,0,0.006449550730577092,0,0.45292847430447564
2_2_u,1,1,0.6797572737509738,1,0.6528263230644012,1,0.6183091672821134,0,0.3172886768626292,0,0.38327342892558675,1,0.551899435076088,1,0.5331336680817074,1,0.642635640955217,1,0.5430610692481437,1,0.4492551045631978,1,0.5058682716954598,1,0.6372112203187518,1,0.5218162641548072,0,0.29456099888883347,1,0.5504721653650078,1,0.6834153171195959,1,0.7907397361682843,1,0.6093250523089766,1,0.6839849307237417,1,0.6486709199271211,1,0.6136117216117216,0,0.4903260134298857,0,0.20313586099475514,1,0.5873631986744381,0,0.31987406106333444,0,0.3831755159410062,1,0.5834039992294228,1,0.5361460226337864,1,0.6501362596918079,1,0.542077787204381,1,0.6597689684403595,1,0.7789768801943623,1,0.5565099548722441,1,0.5224530638166998,0,0.4549883617694684,1,0.5815170477785286,1,0.724206129078715,1,0.7895261739932945,1,0.5733374500973291,0,0.48318820088890363,0,0.18329091571634118,1,0.5699569892473119,1,0.6542490239927687,1,0.7636868775480282,1,0.5948963951494223
2_20_u,0,0,0.2773207667503089,0,0.23690403893289433,0,0.3332624189753763,0,0.4799115895152733,0,0.30719882439296475,1,0.5801844368207094,0,0.22306219257893967,0,0.23076792045872385,0,0.2511609931389613,0,0.4288093337871393,0,0.4825272169033536,0,0.47261558967574707,1,0.4400279987476924,1,0.8265899088619167,1,0.5162687216834803,0,0.16228659934896203,0,0.09302743983792282,0,0.242,0,0.27466759350737385,0,0.22130746816335078,0,0.35510317460317464,0,0.2921408272643348,1,0.6175022940385465,0,0.4897516849126387,0,0.4513445892728411,0,0.3062702227416036,1,0.5792405435164207,0,0.2084967372606112,0,0.2230173958173997,0,0.26361865196764467,0,0.18162541800323873,1,0.6010837173858112,0,0.44333333333333336,1,0.4324314065388773,0,0.398738741125414,1,0.5656904699332921,0,0.17224179210870524,0,0.08747825395497671,0,0.3219598491812685,0,0.2805044517284363,1,0.5379931051913968,0,0.45997297297297296,0,0.16947780676631066,1,0.5130770171000857,0,0.4282474336258246
2_203_u,0,0,0.1690615226222325,0,0.06549660265012061,0,0.3126346665708929,0,0.43837006636690845,0,0.39554061406027685,0,0.4182506569049193,1,0.5870292449506966,1,0.5101455254178214,1,0.5292377616796616,0,0.46240517535085063,0,0.4530407375453193,0,0.31991011939030833,0,0.13791975415123836,0,0.0048675615433076665,0,0.39005586618763244,0,0.28417271228396285,0,0.06017452640208282,0,0.4495243191929537,0,0.16270772551574658,0,0.0738580489231343,0,0.26396464646464646,1,0.5132615257034172,0,0.18934623280451135,0,0.4580108917369956,0,0.4046262422165116,0,0.333747493693693,0,0.3916849260867074,1,0.5787477627450903,0,0.478777675396997,1,0.5223277796007703,0,0.2002614967462027,0,0.005646021525732388,0,0.39666666666666667,0,0.13315217171078222,0,0.16009391421130498,0,0.3835225749260941,0,0.23784982158205023,0,0.0683011960717529,0,0.48671026745112317,0,0.48026822355893406,0,0.14846433342213963,0,0.4479875776397515,0,0.19002891958677476,0,0.0037809770199042116,0,0.4152941581580654
2_204_u,1,0,0.3939407926220305,1,0.5485712227140531,0,0.4123808543151333,1,0.6381590691019824,1,0.6475125710327382,1,0.6487543818820858,0,0.4034072167759055,0,0.48126746354513117,0,0.3446686968424358,1,0.4529690316393455,1,0.5105851106898138,1,0.6613358902316151,1,0.7210180515222036,1,0.9365095695722132,1,0.628084778499148,1,0.5051303534315714,1,0.645580394254279,0,0.3637988516363106,0,0.4126655894661554,1,0.5377651162085476,0,0.38816269841269835,1,0.8498489994293287,1,0.683531276426773,1,0.6425853385977554,1,0.6324550732720385,1,0.6478379120208283,1,0.6418690994872501,0,0.4053970425468676,0,0.48330993150755847,0,0.32084387271412024,1,0.9130437981458728,1,0.9070821242142905,1,0.5965773070902424,1,0.7290357885654342,1,0.7225986103317521,1,0.6326595588431524,1,0.5637019176989229,1,0.6370432862170129,0,0.36083401305539503,1,0.8604124958373457,1,0.6963021665713917,1,0.6218077561997113,1,0.9134272164225639,1,0.8957181151449791,1,0.6173841062394797
2_206_u,1,0,0.30155438256851913,0,0.4628625914376871,0,0.3894489579389082,0,0.3157467591966649,0,0.20978938746309223,0,0.465799354115669,1,0.8295642449405914,1,0.7470100294398152,1,0.7966233613710135,1,0.4614710219203344,0,0.4883483825661148,0,0.4569187958487151,0,0.295812910108158,0,0.01096061438742823,0,0.4685528153992368,1,0.7627855149421895,1,0.7770178799711663,1,0.6293894603846346,0,0.2902498986228558,0,0.4551061632326425,0,0.4187738095238096,1,0.7460004515527019,1,0.6198062895811277,1,0.5149159272048369,0,0.3057860709964008,0,0.20991241673236014,0,0.487321210962993,1,0.8222428944283303,1,0.7442009414828609,1,0.7648146560127176,1,0.6803570795278344,0,0.4855138525892693,1,0.5032785873546743,0,0.2883045705147642,0,0.20741387818609297,0,0.4690775700107116,1,0.778166312873732,1,0.7735008194132776,1,0.5814693676136895,1,0.7354974266855351,1,0.5416275103433978,1,0.5119114511508581,1,0.6654840809921684,0,0.418104536033241,1,0.5419567295779685
2_208_u,0,0,0.36832642164426976,0,0.25945031191296214,0,0.4445967692058667,1,0.6282606271330725,0,0.367472181109656,0,0.498496574454236,0,0.2635959183428659,0,0.1672283177599354,0,0.35526431607024617,0,0.47426579778277644,0,0.47789505635981133,0,0.1453851558233688,1,0.44750985533867366,1,0.7178033149413557,0,0.46725448555637833,0,0.19719352340208385,0,0.08987009968894014,0,0.36196138996138993,0,0.36532181626727567,0,0.24228901052509502,0,0.4104933677433678,0,0.2772546493741963,0,0.07311510565951589,0,0.4838310233045725,1,0.597906427489266,0,0.3436520986920075,0,0.45516369195893835,0,0.25504186444960797,0,0.16539508674714257,0,0.3924089601969167,0,0.21423904799730642,0,0.11700777730719933,0,0.49333333333333335,1,0.44431874345978273,0,0.348790993902352,0,0.482530394163259,0,0.20599207713427173,0,0.08205076782393962,0,0.3208282643396174,0,0.2609460394941468,0,0.04720661505485323,0,0.45,0,0.2039113379187176,0,0.058429756623040466,0,0.4261956439425707
2_209_u,1,0,0.2022509876581295,0,0.2571997348349453,0,0.2143352423314173,0,0.4716939542816654,0,0.45623728948731757,0,0.4948754350888601,0,0.48089260018005636,1,0.5560917528263787,1,0.5374298154124321,0,0.4645294717856112,1,0.5446406328904175,0,0.3832557701191274,0,0.1698930100546138,0,0.09997937976986394,0,0.4221044928020688,0,0.41090734534585666,0,0.24362113290018755,0,0.3776843431931458,0,0.18232395857217104,0,0.26571608145925435,0,0.24968559218559214,0,0.4663395868762166,0,0.3065141601940575,0,0.4831264225598353,1,0.5486987011862738,0,0.49226729100747957,1,0.5118152858529034,1,0.511019868113471,1,0.5656840268502981,1,0.5716313390175554,0,0.3302190942032447,0,0.2339843960358554,0,0.44,0,0.18354744072090406,0,0.2645015584383939,0,0.40535535485396773,0,0.42681579309662754,0,0.2597857512595488,0,0.41492318415678153,1,0.5159351725585112,0,0.49567270166627103,1,0.5379800995024875,0,0.3567023660428899,0,0.41782241968154743,0,0.4736484305162555
2_210_u,0,0,0.5,0,0.4044231536143035,0,0.47549335247194496,0,0.2578094591688585,1,0.5472887556334554,1,0.5397747373339457,0,0.421444077134715,0,0.35237057509794933,0,0.4438339007777397,1,0.5612004352069664,0,0.4743582344647347,0,0.3071378855501125,1,0.4848254319948624,0,0.03573023738472567,1,0.5331152735861229,0,0.4360147171537473,0,0.38688291876992636,0,0.4698185205646224,0,0.4693097250063072,0,0.47827329886154396,0,0.44476221001221,0,0.224569864415494,1,0.6385285351097216,0,0.49000344378428573,0,0.26143133741670405,1,0.517132517055264,1,0.5326269052966869,0,0.3959094903578338,0,0.3634743200854064,0,0.44186777226326657,0,0.42328628126429196,0,0.15738064988097353,1,0.5333333333333333,1,0.48655658373071503,0,0.4767385925312889,1,0.518656780615605,0,0.39923003936362533,0,0.4718917310647119,0,0.44779259225971657,0,0.2161094020905036,1,0.6094651354084182,0,0.4878874631803046,0,0.4088752410917106,0,0.19202564703863606,1,0.5130997217247738
2_218_u,0,0,0.3444458777755447,0,0.22528198213547065,0,0.4449082385476817,0,0.23800266471359655,1,0.5426433483841637,1,0.5907721503432055,1,0.5616838781243696,0,0.38564836819861165,0,0.4462143090952579,0,0.5,1,0.5681518981642764,0,0.4833645301254295,0,0.29580438730628095,0,0.00042293792820195716,1,0.5778926129871358,0,0.29501321702480654,0,0.12466257291396157,0,0.38583586457838953,0,0.3283348076715471,0,0.2302371358694765,0,0.48804148629148636,0,0.250234903486818,0,0.002670639843622383,1,0.505561880895808,0,0.291791293797338,1,0.619847222646686,1,0.6068384139185042,1,0.5663171237527039,0,0.43097295153668097,0,0.48091254956369234,0,0.11162959778519167,0,0.00015152858150978111,1,0.503219512195122,0,0.29604925692536943,0,0.4558525221439854,1,0.565547502295832,0,0.3144351329985337,0,0.13986493827781127,0,0.40777731335695366,0,0.2623566191670937,0,0.003969491371165276,1,0.5575800995024875,0,0.11312239431145502,0,0.00018136177420865468,1,0.5074481292743207
2_221_u,0,1,0.7543817496220598,1,0.8265648675531261,1,0.6683625586786773,0,0.3510506632800576,0,0.31518344009384647,0,0.43948116203989185,1,0.7196492955888835,1,0.7829249398069181,1,0.7268143394471293,1,0.44592707423087546,0,0.49861407660121376,1,0.5352628976415529,0,0.2803099803841072,0,0.02688737090282541,0,0.47231419862928103,1,0.8455434369735106,1,0.9498368630995756,1,0.7231541500730154,1,0.7630367971775336,1,0.8220070474658524,1,0.6479144744144744,1,0.5680841675677071,0,0.19649518469884997,0,0.477358975412589,0,0.3371169518815688,0,0.31552547455035224,0,0.4136431672420278,1,0.7269253599929817,1,0.7879671349942243,1,0.7147159104755971,1,0.5859984641641843,1,0.5545850986223594,1,0.5657142857142857,0,0.28073926122960635,0,0.448897718169908,0,0.48799349536548237,1,0.8483224084169384,1,0.9513930934051873,1,0.6753054058873685,1,0.5565409908713989,0,0.1812322947833915,0,0.4759557195571956,1,0.5906594364941019,1,0.6010058300966256,0,0.483126137230068
2_223_u,1,0,0.292486556594094,0,0.22333808904351432,0,0.4602604573346883,1,0.6351073758181385,1,0.5788115141501723,1,0.6311155962723871,1,0.6130555809622543,1,0.6308591998400956,1,0.583764703257901,0,0.4455785584557963,1,0.5120693049861054,0,0.34724592718122954,0,0.2590543054770861,0,0.039329229367143254,1,0.5625955596366371,1,0.480469872450077,0,0.26041925344326816,1,0.5231959294183257,0,0.2937211776766909,0,0.22903649805761134,0,0.4763535353535353,1,0.6912855564679702,0,0.33720046150434546,1,0.5999003947711694,1,0.6644722585673566,1,0.578979673396348,1,0.6218044786513927,1,0.6257282116538697,1,0.639024676558459,1,0.599969686657332,0,0.41038922305839554,0,0.030583196296281073,1,0.5199818840579711,0,0.2636248288659476,0,0.4198567728811374,1,0.5410463918702584,0,0.41836015556809913,0,0.2636508608578459,1,0.5359894691431034,1,0.6966746719381712,0,0.44727720853097463,1,0.6334034052512343,0,0.4259059414322874,0,0.04633966068692719,1,0.6079144637402747
2_225_u,0,0,0.43903503080358663,0,0.301245589380884,0,0.40763353298719235,0,0.4088532040893601,0,0.47970020984537326,1,0.5334293407913543,1,0.7573601242636486,1,0.6363199757156207,1,0.6688354279201796,1,0.5589432753496554,0,0.47112657513242256,1,0.678205920211007,0,0.34884533778549387,0,0.07349794031716748,0,0.45210662936055723,1,0.7146425288767422,1,0.5366947183752443,1,0.5772220185386618,0,0.4098935157029485,0,0.2273854929296384,0,0.36799414474414477,1,0.774804269278929,0,0.4827923713102575,1,0.5568955621920794,0,0.44652926248700003,0,0.46474144829355457,0,0.48544010114895986,1,0.7525004172075189,1,0.5860659869306025,1,0.6717382442912208,1,0.6572818651691101,0,0.27159530254280945,1,0.529963167587477,0,0.3455902067162585,0,0.3010525331505831,0,0.45390056393465367,1,0.735585781001513,0,0.44767749690604874,1,0.5362806312761139,1,0.7976094565498604,1,0.6131142572828913,1,0.5819676708723143,1,0.658379418891071,0,0.3087890800474643,1,0.5384319056147541
2_226_u,1,1,0.5616141938641137,0,0.49984803074200396,1,0.5270702903522079,0,0.2984380518070244,0,0.21811337557369592,0,0.3831084322611366,0,0.3885157116707974,0,0.4890757671271933,0,0.37548229571150904,0,0.44092687700592553,1,0.5177923577334838,1,0.5048738918749669,0,0.20538754684640143,0,0.26536028937049483,0,0.38177895601799383,0,0.43537276191652824,1,0.6163218467289456,0,0.44992300582261124,1,0.5611475134711476,1,0.5223031149606701,1,0.5113477633477633,0,0.46623516374864016,0,0.3235100798469961,0,0.3689624822069642,0,0.29287599062133335,0,0.21715312472444082,0,0.38025348429904143,0,0.3962798037788638,0,0.49808720343651547,0,0.4048386971786282,0,0.3629830148505361,1,0.7619519232158868,0,0.3866467065868263,0,0.20608923814714797,0,0.2897038607365714,0,0.4080254429081358,0,0.44394087461444504,1,0.6238298170685014,0,0.38939994086941765,0,0.4502524800014106,0,0.3010097698758263,0,0.3659557315936626,0,0.35331939277443275,1,0.7832275950556088,0,0.4041296469044774
2_227_u,1,1,0.5165915696041947,1,0.5537019569908411,1,0.5583355005854438,0,0.3157375647249696,0,0.4350851195776824,0,0.4847510241082445,0,0.3281114660861844,1,0.6610978109232812,0,0.3833200678633897,0,0.44251918423811754,0,0.49587827159529774,1,0.5591545836902088,0,0.3342769970777489,0,0.16787502893003842,0,0.484764189517404,0,0.3029000937828542,1,0.7611892632024544,0,0.3959394081179085,1,0.5131169909525476,1,0.5551470552324889,1,0.5560770520329342,0,0.3856951831993929,1,0.8061787846527548,0,0.46095662930315323,0,0.3343908871701615,0,0.43497225837855935,0,0.4546649629793999,0,0.32903560655962355,1,0.6602784949502885,0,0.4166541461714761,0,0.2910048816497742,1,0.7255712869240774,0,0.42330097087378643,0,0.3392932101343712,0,0.42731653195279934,0,0.4710702107807967,0,0.29716231261110887,1,0.7601695226328227,0,0.40000563342797385,0,0.38256525480837783,1,0.8000917111827106,0,0.42191825896523405,0,0.29377880472486306,1,0.7473995165462732,0,0.4299673693126367
2_228_u,0,0,0.3094253575850353,0,0.23401872798570675,1,0.5187429948904153,0,0.16945011613208583,0,0.23226409330226394,0,0.4242030274226378,0,0.4446446744980684,0,0.4327239064917811,0,0.4991750297227066,1,0.5903003706232732,1,0.5209232611987042,0,0.4267825609768206,0,0.22160074961405046,0,0.020431578195081415,0,0.4607843104247243,0,0.24101151960284822,0,0.103001644091276,0,0.4439668508287293,0,0.3005616948819912,0,0.1661246927775827,0,0.4835488677988679,0,0.35646278573300383,0,0.0579316579306483,0,0.4661141897430497,0,0.17006272269537315,0,0.3021261812699097,0,0.4196400334697889,0,0.42720440568145895,0,0.4264442777980807,1,0.520727298761717,0,0.15908668844018867,0,0.0026919391374658663,0,0.43,0,0.21496116769037021,0,0.14378836865349093,0,0.4811105180519194,0,0.24916616806833855,0,0.07088928962760475,0,0.4689244163097679,0,0.34123688552597276,0,0.06790311260091886,0,0.4799751037344398,0,0.1515453930049859,0,0.003364254124423314,0,0.48045464239692615
2_230_u,0,0,0.3189283115720902,1,0.6218674047214487,0,0.460232337944038,0,0.040256693021898125,0,0.0563723903555999,0,0.4486457858780429,0,0.3558036410666364,0,0.2840620443743664,0,0.4786659514521018,0,0.4427121026087258,1,0.5274966352688412,0,0.499710542277902,0,0.11961274278437183,0,0.0009133239210619626,0,0.4799133333339916,0,0.2746821748974392,0,0.4409551143425286,0,0.44767681459919906,0,0.3196665499633372,1,0.630894827987449,0,0.41170923520923525,0,0.07577030327626622,0,0.002283005970002953,0,0.4590955858432743,0,0.03554272319132726,0,0.056334066526614025,0,0.4577487795466089,0,0.36366472189496857,0,0.2908315346325083,0,0.4575767171667829,0,0.07173769570712828,0,0.0023605861119254607,0,0.4765740740740741,0,0.12353318742357851,0,0.09064480127279456,0,0.4621815845563895,0,0.32862256170399495,0,0.4515747143213252,0,0.4834437109838794,0,0.07204563751605567,0,0.002225301709465483,0,0.39190101758592366,0,0.06995552987551673,0,0.002258047891116827,0,0.48879247270444226
2_231_u,0,0,0.40990444954803246,0,0.4746416660537207,0,0.45470381511011043,0,0.03625840976528859,0,0.14934167701875797,0,0.32635458469331763,1,0.5271511934973342,0,0.4578281215186934,0,0.47135401707808305,1,0.522320605525353,0,0.49899834771481605,1,0.5503464874308107,0,0.06193138994767199,0,0.0352181403708499,0,0.3252947078368417,1,0.5689953296574289,1,0.5251549567558809,1,0.5635789536436815,0,0.4037117117455727,0,0.4846852829045393,0,0.44934126984126976,0,0.10650944011295106,0,0.014418106599749476,0,0.3032145165568909,0,0.02983813438322874,0,0.14189501141463906,0,0.3158621049322724,1,0.5091228006677079,0,0.4417389477204958,0,0.4849968952342678,0,0.1498881963662336,0,0.047778400176489606,0,0.37333333333333335,0,0.06026022107553773,0,0.30064049678286187,0,0.36285853102350074,1,0.548395488512574,1,0.5221757734692252,1,0.5219410494685804,0,0.09516490043922347,0,0.009659642579041738,0,0.346,0,0.14288745575291087,0,0.037771506170083846,0,0.3821041135719104
2_235_u,0,0,0.3625960427104093,0,0.44490163735674515,0,0.44351861502376977,0,0.46081097928805154,1,0.5520898641225735,0,0.4282896244583651,1,0.570993060446534,1,0.6782280015670241,1,0.565446092377237,1,0.4476294653675332,1,0.5341135792881173,0,0.33363043821553134,0,0.1739868690657436,0,0.1643371895438693,0,0.44706015428735263,1,0.5407099172196227,1,0.7152930842717741,1,0.5449111884670369,0,0.3615231931142149,0,0.4630782858480579,0,0.4243538961038961,1,0.6882049427029457,1,0.746470571245112,0,0.4663121505339969,0,0.427374460772481,1,0.5506166599888059,0,0.443162818777382,1,0.5640689545365557,1,0.678328316430005,1,0.5445868653054375,0,0.4873900518196315,0,0.3268077252900174,0,0.48,0,0.17964437599106206,0,0.41724324137733515,0,0.4633212542985976,1,0.5594042575985347,1,0.7147145858703543,1,0.598967772451211,1,0.661727188064311,1,0.7176558574556177,0,0.40992996222028477,0,0.47674276052153314,0,0.2974315753571453,0,0.4603059727666071
2_236_u,1,1,0.6453822494996129,1,0.7918486276666116,1,0.5583694585046335,0,0.3901311434075412,0,0.3032003258059818,0,0.4101848998878293,1,0.4931241737322529,0,0.4458218127656659,0,0.44949390792649474,1,0.4493240949902857,1,0.5062479394805438,0,0.463075264529514,0,0.19854471716334654,0,0.052082483651723445,0,0.40704496287708575,1,0.5204263949662096,1,0.7167631655009938,0,0.45782659811987547,1,0.6482730688043483,1,0.7933750259938627,1,0.5707460317460317,0,0.3801621788796033,1,0.7663660926261543,0,0.4219431861391254,0,0.3498281511679598,0,0.30237543975621317,0,0.35158470244352585,1,0.507793034797043,0,0.44472747693247416,0,0.46488893809769155,0,0.2329357236547058,0,0.07474982518694928,0,0.44321236315248297,0,0.20133227702737794,1,0.6132057632682701,0,0.4206730782784655,1,0.5197031210241463,1,0.7133481505738002,0,0.46874882058385764,0,0.3690696167767489,1,0.7446192437905983,0,0.41194679098576703,0,0.23218210743480697,0,0.08028049971804661,0,0.3963287545232437
2_24_u,1,1,0.6177310121640384,1,0.7586127814879668,1,0.5550955713276897,1,0.5499980862835431,1,0.6676060693744065,0,0.48767133205091534,0,0.3340553310964939,0,0.3658372639564903,0,0.4540206731741111,1,0.45671822813412005,1,0.5253295246636244,1,0.5307398556931713,1,0.4570030300321857,1,0.9530596173473418,1,0.5095712681260407,1,0.5085352062412425,1,0.6594989756723916,1,0.5075558937736747,1,0.6183764034867728,1,0.7554113677653678,0,0.47723665223665224,1,0.5552009166508058,1,0.757900849233701,0,0.46137610408663143,1,0.5255091569979001,1,0.6670049147160769,0,0.4437833547533945,0,0.3278906273207636,0,0.3671031904525501,0,0.46282190570969345,1,0.645618967638403,1,0.7358062175053365,0,0.49324074074074076,1,0.45509281387142414,1,0.6645978859499682,1,0.5371733602459755,1,0.5857464068317291,1,0.6566460120716898,1,0.5155091408527869,1,0.5541156675265214,1,0.7844272932904219,0,0.47999078341013823,1,0.6350286090296088,1,0.7006681649833642,1,0.5477426516079572
2_240_u,0,0,0.234592326370636,0,0.16516014119928835,0,0.23323190269542202,0,0.14213234081168066,0,0.25474947611711846,0,0.4899905106950341,1,0.5246711212674489,0,0.40721842220798793,0,0.40061503857038666,0,0.5,0,0.4349729847652296,1,0.5682238853230297,0,0.10789811423291294,0,0.010846942320580397,0,0.440742821140415,0,0.23886370525950398,0,0.11638533124016887,0,0.322,0,0.1947684419969803,0,0.14037897016697298,0,0.2349908424908424,0,0.43074191953182894,0,0.1334664843617957,0,0.46850205321658467,0,0.1494486767543089,0,0.19389633511464796,0,0.4819224613977599,1,0.52776289958616,0,0.40025847002577825,0,0.43278468753922095,0,0.10945965389949366,0,0.017526572983249552,0,0.413219512195122,0,0.11036863363334497,0,0.08008297654227882,0,0.4233400629401601,0,0.2547667991774599,0,0.12180110264632618,0,0.36817722597990604,0,0.44105476981687447,0,0.15666883907249216,0,0.38594145215949244,0,0.11405065089816742,0,0.02003086030480185,0,0.4127051503143507
2_241_u,1,0,0.4109324075561808,0,0.4636107590603823,0,0.46540946308181197,1,0.7183830678431468,0,0.34814451724304996,0,0.4083318468371405,1,0.5520128244732329,1,0.5333174115039534,1,0.6305694682450885,1,0.44566008712857125,1,0.5039833826507623,0,0.47728651586808235,0,0.17578777242390467,0,0.23155011096280162,0,0.3835867320503468,1,0.5805662207567839,0,0.4147773544591125,1,0.5665002817643934,0,0.41716492894027296,0,0.46165814873772326,0,0.4973170995670996,0,0.3816976934909733,1,0.7922639434719205,0,0.42141424661292215,1,0.6860876176593849,0,0.3481400122767787,0,0.35445102513550436,1,0.554042806407864,1,0.5382797041959259,1,0.6020630835348332,0,0.30762312959459753,0,0.18406601820910873,0,0.49666666666666665,0,0.17254088338539167,0,0.2671602198442722,0,0.3894318116116911,1,0.6153229865805664,0,0.410531009816898,1,0.541997405128905,0,0.37049589158798574,1,0.7726056003082107,0,0.38390956571104173,0,0.3015564699128744,0,0.16686328523931068,0,0.43912841620099236
2_242_u,1,1,0.6468268360291555,1,0.8585733539155018,1,0.52914701363031,0,0.28605019248095803,0,0.3772006415966685,1,0.5172183618607479,1,0.7778329577331491,1,0.8439828115434733,1,0.7003320621987734,1,0.447378113963267,1,0.5173692278024058,1,0.622663265452616,1,0.4757317573602481,1,0.5661997275496756,1,0.5078441929158739,1,0.8520028441474796,1,0.9798498072150266,1,0.6553811447069816,1,0.6366023802357798,1,0.8655462731699014,1,0.5337857142857143,1,0.7738368225798872,1,0.6398876057847188,1,0.6171627847342124,0,0.2629563241168131,0,0.37567026115877217,1,0.523672138664233,1,0.7841497237444094,1,0.846886681646906,1,0.73138247378029,1,0.8861952980480324,1,0.9841250495369351,1,0.6132962962962962,1,0.48436057631148777,1,0.6309843700015805,1,0.5706445204047303,1,0.8553312098980375,1,0.9805394360631305,1,0.6310090414870452,1,0.7657956884885827,1,0.6003517501002074,1,0.5639907834101382,1,0.8882414985132264,1,0.9850559343060932,1,0.5643174394226412
2_243_u,0,0,0.18423098573913796,0,0.14009305977102499,0,0.452709665847344,0,0.1489407007325968,0,0.20332252697850808,0,0.3513934460957516,1,0.6917929150226765,1,0.5816589646238138,1,0.6428965380407768,1,0.44587782008547383,0,0.44933097863390087,0,0.4963290336872691,0,0.07302539110850574,0,0.03076748536103783,0,0.32326113134112267,0,0.4232818432646392,0,0.22487627249665315,1,0.5350122028096687,0,0.1777089427988998,0,0.13385619064935325,0,0.4370357142857143,0,0.21918451279858114,0,0.3215281562085579,0,0.3909437180362023,0,0.137770111811009,0,0.2029200582466588,0,0.3315952603622277,1,0.6660364692781994,1,0.5823483773012221,1,0.6456363714640868,0,0.10861305131063867,0,0.15005045458776362,0,0.36664670658682635,0,0.06863941487939104,0,0.17897425094768143,0,0.37976954669356533,0,0.4537144995335221,0,0.23302671634067912,1,0.5473087918983385,0,0.20519471350978827,0,0.25574107631930826,0,0.35793357933579334,0,0.10122948142502185,0,0.11806225932300418,0,0.3397646007487695
2_245_u,0,0,0.4058047969520764,0,0.28108561694544903,0,0.4927890999814929,0,0.25745124487943516,0,0.2809332615852803,0,0.49566297182518665,0,0.21987525210666514,0,0.3020490012064607,0,0.2723811983196561,0,0.5,0,0.39077389309797184,0,0.3332745766110142,0,0.2149277146082521,0,0.0027709524255382194,0,0.4746833041270804,0,0.14412900461317577,0,0.09794827953379749,0,0.31195391705069125,0,0.36469958209624204,0,0.17500230393372443,0,0.45594841269841263,0,0.12489103990006178,0,0.00349396996895734,0,0.37881352878654995,0,0.21408442355275123,0,0.24577874277088424,0,0.4838558414210602,0,0.21073415977570442,0,0.25502507282249653,0,0.25242940531536534,0,0.059739250728529154,0,0.0014157281171717404,0,0.4,0,0.19648089802566981,0,0.30746733625263545,0,0.4876997852055756,0,0.15835382043402565,0,0.06801054592451845,0,0.296838138925295,0,0.11707401323648145,0,0.005274515312796101,0,0.374,0,0.057414681123232704,0,0.0012691681797036482,0,0.42616622379033525
2_246_u,1,0,0.4377813137180495,0,0.2286659101369821,0,0.47762259654740225,0,0.13957587487612216,0,0.1386529852725177,0,0.36244349432323486,1,0.5614009236935705,1,0.7124373656495349,1,0.5275389843549346,1,0.448196855912337,1,0.5036996940279654,1,0.6641448930215319,0,0.16067007349846546,1,0.5486485321739019,0,0.4547473327111946,1,0.5158674239911677,0,0.36342648323441107,0,0.4538457997393363,0,0.4337484044253656,0,0.23744700085119094,0,0.47820634920634914,0,0.09103046740736945,0,0.036067690639569605,0,0.4112381119943021,0,0.14070374850659925,0,0.13873210335755162,0,0.3601757789017421,1,0.5657045401855751,1,0.7140539731860942,1,0.5185450943115631,0,0.29646879522636543,0,0.2992279667113956,0,0.4866343042071198,0,0.1643425884353216,0,0.09504872087174039,0,0.4184267072475114,1,0.578918485353664,0,0.3622957133966197,0,0.4212779259296927,0,0.09116340199972969,0,0.0419010512331779,0,0.38195698924731186,0,0.30037302279612427,0,0.33014912973393445,0,0.4325425980223781
2_247_u,1,1,0.5055647320980965,1,0.6123952978204127,0,0.4959240104677148,0,0.4146162514063825,0,0.4005235300721276,1,0.517061155588498,0,0.21576846434547045,0,0.1831956766436288,0,0.27395967136837923,1,0.5631345936843561,0,0.4765548305126114,0,0.38419670421943186,0,0.40959624524338933,1,0.5504769879490676,1,0.5817405094799031,0,0.24203776642130928,0,0.2836205965248234,0,0.3239138870502723,1,0.5211369540638913,1,0.5970217721281325,1,0.501504329004329,0,0.25207642621572823,0,0.02549406441311906,0,0.4512644663852446,0,0.4694171591281534,0,0.4267030706212089,1,0.5591026824859525,0,0.22518577479912028,0,0.17088643824097888,0,0.30731385760953106,0,0.27138837047567743,0,0.11253747292446446,0,0.4432934131736527,1,0.42282593289359105,1,0.7056474975313515,1,0.5088829820769807,0,0.30678078228191785,0,0.2653837854438749,0,0.3320245349836717,0,0.26999386834750494,0,0.05992238009941294,0,0.3519906542056075,0,0.2910172630480179,0,0.24977970345753908,0,0.45718681890879037
2_248_u,1,0,0.06862239230333883,0,0.05170335503888834,0,0.32512534021811956,0,0.08898033577215891,0,0.12640461795755428,0,0.2687008084459855,0,0.3676692174952328,0,0.37538293621210966,0,0.4715645781307585,1,0.4464496034113109,1,0.522277630045643,1,0.5405036176399457,0,0.00718058100706206,0,9.672675413066072e-05,0,0.2966171850262716,0,0.06618397518899714,0,0.027117880208876413,0,0.3777148277972621,0,0.06877961329617323,0,0.04662040093436866,0,0.3246941946941947,0,0.06408667692166285,0,0.021816320417542768,0,0.3114923861031553,0,0.08973956241050086,0,0.1262557433207892,0,0.23533547777171568,0,0.3533034656693339,0,0.362156415117589,0,0.4340117939869112,0,0.003389359879459127,0,2.1284613697372205e-05,0,0.29,0,0.007514136733904801,0,0.0159120802087037,0,0.317162078194736,0,0.06551094300825235,0,0.02373129548133293,0,0.381923983269685,0,0.055794419323135135,0,0.02002416903929923,0,0.2818771216158953,0,0.003212728476927592,0,2.5623577872480077e-05,0,0.30471100228825254
2_251_u,0,1,0.5643224245402739,1,0.6420973645978904,1,0.5399878128394037,1,0.6138165224605958,1,0.7536586537910421,1,0.5281841646943937,1,0.5956815259950873,1,0.629397117047105,0,0.49086526005337866,0,0.4423169737804687,0,0.36504898435326616,0,0.27120037570866423,1,0.6987345790946751,1,0.9837558142183171,1,0.5448801086767744,1,0.6705916263555765,1,0.7362741187058575,0,0.483812457382141,1,0.53702375503537,0,0.4570103260895642,0,0.4922759462759463,1,0.8834142021990821,1,0.9547588735642306,1,0.5113523374738207,1,0.5560285919651913,1,0.686334490820119,1,0.5381043095323557,1,0.5540429081703276,1,0.5088191837954302,0,0.45280798989058996,1,0.9073150343595228,1,0.9851257310708682,1,0.5466666666666666,1,0.6817831514114978,1,0.7198792990218448,1,0.5360187920653461,1,0.6706970654910406,1,0.6096836445268089,0,0.4959385724452079,1,0.8846713959163524,1,0.9547254354057856,1,0.5457792166193831,1,0.9037017784179038,1,0.9795214594323021,1,0.5398582774859214
2_258_u,1,0,0.3522625172400594,0,0.38162896673182356,0,0.4667971321276839,1,0.725571679337008,1,0.6808624592426401,1,0.6523305654677091,0,0.31326497165563477,0,0.32176753702301875,0,0.3887703926374571,0,0.44400137941390977,1,0.5047433080568393,1,0.5281486348794424,1,0.6508553741957064,1,0.933193458078456,1,0.6859755334587666,0,0.2091181419028858,0,0.1703864216407854,0,0.3678917914095937,0,0.3619907657040952,0,0.3740839098414826,1,0.5268816183816183,1,0.821033234829842,1,0.9424821493136394,1,0.6743561069856109,1,0.7572002996969702,1,0.6796200465078329,1,0.7004206262559559,0,0.3235524493645246,0,0.32282349379855607,0,0.3481500970060619,1,0.5703092019492533,1,0.6020299349379014,1,0.606537444037444,1,0.6594059853775895,0,0.44501693606287446,1,0.660333020381741,0,0.24055317397014317,0,0.16947818865783226,0,0.37509698734425456,1,0.8282185161523915,1,0.9543662660754457,1,0.7138086132759995,1,0.5739920906125154,1,0.6721657751196338,1,0.6658645578516368
2_260_u,1,1,0.48105434801934754,0,0.3946858022741945,1,0.5598919803512894,0,0.4713969037490177,0,0.4802398813593425,1,0.5493816577677114,0,0.40627008099790624,0,0.30186259237861013,0,0.44452926401912607,1,0.4550615030220586,1,0.5076864779135051,0,0.4792099210169299,1,0.5473031120472778,1,0.6741092868723914,1,0.60483080123558,1,0.5,0,0.3098731404697443,0,0.4495912939288564,1,0.5117739997008903,0,0.4124767836937779,1,0.571166638916639,1,0.6874475832077885,1,0.9601860853391246,1,0.6219285839613787,0,0.47815067675824674,0,0.47916569195756636,1,0.5521389937823116,0,0.40622797349445383,0,0.3006625779510474,0,0.4116143884034511,1,0.7769504364253464,1,0.9612244857291313,1,0.5133333333333333,1,0.5596182548830873,1,0.6663331359246503,1,0.559167005885894,1,0.5460168180345312,0,0.3184308594660097,0,0.4412603069130883,1,0.694856379353712,1,0.9657812073326789,1,0.5698647739690348,1,0.7819150365717761,1,0.9678768101600751,1,0.557981927819259
2_261_u,0,1,0.5344966153243849,0,0.4665682838535546,0,0.4989359081054026,0,0.09503816233726253,0,0.27514971286725853,0,0.3844575936182006,0,0.2656385190495388,0,0.3723744095719586,0,0.28397733322610247,1,0.4472849638294797,1,0.5234877119950194,1,0.6010666340647197,0,0.21478521995585545,0,0.0008442064224173089,0,0.39956818132819416,0,0.3992850393607959,0,0.4576621261568491,0,0.34795068918656574,1,0.5529144806214714,0,0.4789275491509473,0,0.47354614992850286,0,0.0566385117315114,0,0.0008831863537571915,0,0.3722039596289843,0,0.10581321960615572,0,0.2753987415230914,0,0.388672661477008,0,0.2756667283266216,0,0.368920486578673,0,0.35246494552084023,0,0.11820131981307368,0,0.0031448780710466064,0,0.43,0,0.22613956337711968,0,0.23383973739525232,0,0.4141533276551331,0,0.38500074751815994,0,0.4568357038281417,0,0.4116841238711965,0,0.05982368265024528,0,0.001435347176690871,0,0.3795557195571956,0,0.12519423331435336,0,0.004069720192847808,0,0.4323384435962046
2_263_u,0,1,0.5258108411887255,1,0.6681340022254408,1,0.5675236574205954,1,0.6609336346979422,1,0.8701441617964967,1,0.7018217008007611,0,0.48703311764687257,1,0.6654669631769548,0,0.46618228670365586,1,0.5130346489831882,0,0.33716873173912765,0,0.38669402900674443,1,0.8376123438330831,1,0.9831949884516175,1,0.6558223992643452,1,0.5456721235906741,1,0.720300285617814,0,0.48681939365869037,1,0.5056802547200451,0,0.447908475357491,1,0.5660692363192362,1,0.9360705227055651,1,0.9964670944357311,1,0.6743420964070866,1,0.5939160268065345,1,0.7964340097791348,1,0.6886147500176836,0,0.45974829018856145,1,0.548962120813376,0,0.4462430700337336,1,0.8978809914089814,1,0.9873978389687824,1,0.66,1,0.8188983883399644,1,0.8588222778799852,1,0.656117843649264,1,0.5100536347809633,1,0.5473909651615372,1,0.5961380348837301,1,0.9231790659853837,1,0.9890081347362335,1,0.6319503736476642,1,0.8889873905820322,1,0.9752021251971845,1,0.6579550396306352
2_268_u,0,1,0.46877120653627563,0,0.2262033640928129,0,0.491748919407157,1,0.5333915846724304,1,0.500241139957502,0,0.48689213606763093,0,0.3733827392711213,1,0.5076708395581753,0,0.37400684889628694,0,0.44512422927025364,0,0.49214909135489965,1,0.5991754028887226,0,0.3094156017112277,0,0.1396403664801225,1,0.5077157794290983,0,0.3284583972296811,0,0.3547543934117454,0,0.38768680471112155,1,0.47658392877258965,0,0.22517421226153164,0,0.4878968253968254,0,0.4060788434985096,1,0.5788410109683826,1,0.5002815939876037,1,0.5242390992508253,0,0.49959541002835,1,0.5034454973635246,0,0.37775297143105724,1,0.5083201108835682,0,0.36542012903418547,0,0.260981258158851,0,0.39123017613219463,0,0.4666666666666667,0,0.3121919722102325,0,0.32397360577272993,1,0.5185323272525596,0,0.3131649985827765,0,0.3594489353990025,0,0.3773776388692246,0,0.40461316562786814,1,0.5458321575723695,0,0.462,0,0.26257232480155285,0,0.3971032520625292,1,0.5000125409818279
2_27_u,0,1,0.5540116364178906,1,0.5746313635307276,0,0.49114622524629886,0,0.30964270616317635,0,0.43122442334491445,0,0.3938165395106574,0,0.24246266356925744,0,0.22619245198894813,0,0.3001347875492246,0,0.45126563310305234,0,0.43521533783985883,0,0.22022357498699136,0,0.21642834068447825,1,0.9445097700837463,0,0.41943436092899217,0,0.20847785854674217,0,0.36711565163970306,0,0.32791027183655436,1,0.5276220630694692,0,0.4985991796089689,0,0.4280955988455987,0,0.11896366307917644,1,0.6418379054093363,0,0.37688857927967634,0,0.27903332929152186,0,0.3519572769919421,0,0.3497238776892852,0,0.22514604013127784,0,0.18956892566942152,0,0.29724775151239136,0,0.10648309305087483,1,0.7549863265735713,0,0.42,0,0.19973537112684328,1,0.5105184239586298,0,0.4266765807272354,0,0.18341086868798562,0,0.30001681861810325,0,0.33226816274835685,0,0.10798065037753213,1,0.5338066002304176,0,0.3793333333333333,0,0.0952803190159645,1,0.5909297126295127,0,0.36905924531258344
2_270_u,0,0,0.22133138938431868,0,0.06711782809019441,0,0.2028848317360817,1,0.7041756409147728,1,0.6954830947721159,1,0.6018510309523963,0,0.3381009421178117,1,0.7297450930355576,0,0.3850986883101642,0,0.460087868017027,0,0.4652139511505427,0,0.4988281698586966,0,0.20736409407703746,0,0.0832167552626727,1,0.5025690041016755,0,0.21919239280665417,0,0.23683182919013646,0,0.37393165556377994,0,0.17195012345281604,0,0.056915692461729395,0,0.20093722943722944,1,0.4918753113974912,1,0.9803375286028295,1,0.5294680390836292,1,0.6456623135292525,1,0.5928871924718456,1,0.6152876352202813,0,0.3325513071341306,1,0.6756773691521925,0,0.39260629739506275,0,0.2989528062045932,1,0.5385943728753225,0,0.44666666666666666,0,0.19645361274111664,0,0.17663018092574068,0,0.46765965963633005,0,0.2703593051297498,0,0.1652303942854997,0,0.31811765391839397,0,0.4658793280344478,1,0.9391630310152055,1,0.5219706655402234,0,0.2823225321050993,0,0.3294849132423712,0,0.49946533733347476
2_272_u,0,0,0.4536199457198667,1,0.5862203308238921,1,0.5210928199058418,1,0.7340725520113591,1,0.7889883732732426,1,0.6527983029279543,0,0.33735184723072925,0,0.2506345254361808,0,0.37129547175873745,0,0.4862811507222282,0,0.40430649931291235,0,0.4478732055471397,1,0.6630310177620363,0,0.21444317421280273,1,0.6378019529297485,0,0.3187991335458004,0,0.32938389914017535,0,0.3859883720930233,0,0.44612008553401267,0,0.44978607308028323,0,0.4811277056277057,0,0.34958042332536793,0,0.2222490621496342,1,0.613763637933208,1,0.7101785667564611,1,0.6540190388376335,1,0.6495429144870101,0,0.3184737422907867,0,0.20694640481764073,0,0.3851190830350489,0,0.40130111127321894,0,0.08733423907892345,1,0.5164933217189315,1,0.6492592588440214,1,0.693514540329172,1,0.6370272770650528,0,0.256611245332967,0,0.2493732277863849,0,0.39739056627641856,0,0.3435548678332499,0,0.17560051761461054,1,0.5299536442636277,0,0.39466009589435436,0,0.08671039108136606,1,0.5872775032370647
2_278_u,0,0,0.28980506926975624,0,0.28891784709438073,0,0.32572757217276727,0,0.12838412634811627,0,0.2607398942988145,0,0.4206517028146181,0,0.2874011199673866,0,0.2551354226841888,0,0.34571657847288134,0,0.49136537223125415,1,0.5750074160935709,0,0.29256559502639595,0,0.08212450383495333,0,0.03599498037902985,0,0.31359747762104195,0,0.24867351099039264,0,0.1608069856794887,0,0.31746261682242993,0,0.3081148562178412,1,0.5241088432150802,0,0.3226210317460317,0,0.0826478199026064,0,0.018426873822928874,0,0.37156410870192164,0,0.1480925465064889,0,0.16588343353177856,0,0.3983769607200067,0,0.3170132827515211,0,0.3402669600919462,0,0.33582339539379696,0,0.07556006919793296,0,0.005301925913104606,0,0.38,0,0.09357214411776912,0,0.16764739916793853,0,0.37945001169785975,0,0.2696475096630037,0,0.2928631598105078,0,0.299899564220804,0,0.09431102870402595,0,0.03090554834364281,0,0.3639825327510917,0,0.08489773571830976,0,0.015433631555499684,0,0.3685152563830932
2_279_u,1,1,0.6020965189838184,1,0.812164334657886,1,0.5336845624551216,1,0.7332723187684893,1,0.657219621674151,0,0.43135280840067175,1,0.6396259914701685,1,0.5593342295614459,1,0.564348727459841,1,0.5569086248272894,1,0.5871509602001828,1,0.7444911957594215,0,0.42104755488023965,1,0.6413425873738361,0,0.48776861319621906,1,0.6083763826432272,1,0.7525157664803203,1,0.5378998256926723,1,0.6069862982548827,1,0.8211602323195583,1,0.5365693750693751,0,0.45086740673591474,1,0.9842557180574141,0,0.459767257063109,1,0.7366542122330239,1,0.6569278439357126,0,0.44508204768338205,1,0.6545927372615015,1,0.6140257916551414,1,0.5832298038804656,0,0.3977415078500569,1,0.7589269970246414,0,0.46,1,0.42832382697158655,1,0.6248253987208318,1,0.5205620876688737,1,0.6757675435473365,1,0.7829737035075008,1,0.5224020955485571,0,0.4632713984383469,1,0.978551900333768,1,0.5132877738251264,0,0.4015001913591074,1,0.6638172940815716,0,0.4902468773957343
2_28_u,0,0,0.28460651413661353,0,0.2806385330875812,0,0.4412348224259309,0,0.26697545085300717,0,0.18420192002806346,0,0.4175401747562219,1,0.5274289895791152,0,0.4214404917881557,0,0.4588442564303663,0,0.4703976370759533,1,0.5051895626565603,0,0.451088134864428,0,0.13501543128769453,0,0.00818229826084203,0,0.3860942864365211,0,0.2822630025878566,0,0.21971348384935813,0,0.434,0,0.2765091240679545,0,0.3077551995038578,0,0.45022582972582975,1,0.5379022366992147,0,0.05440576937742211,0,0.4206614603257653,0,0.21858727615137324,0,0.20109071831362008,0,0.39613470586436783,1,0.5224219396437559,0,0.40597135587317806,0,0.45506373314527904,0,0.18629236705921748,0,0.0038316401870558815,0,0.48333333333333334,0,0.1261665603525483,0,0.1410779224544661,0,0.42844651252621224,0,0.29683965637535487,0,0.2265918435377723,0,0.4266619676324535,1,0.49258908193884426,0,0.04675903180677944,0,0.41995575221238934,0,0.1769487445623149,0,0.004319910801357395,0,0.4256617072425038
2_280_u,1,1,0.6422091451982768,0,0.4587035421786073,1,0.5933705019802198,0,0.026235421867642085,0,0.028904549367911894,0,0.31346351709741394,1,0.5401654043339825,1,0.5851602330737596,1,0.5792658013871103,1,0.4493662200671795,0,0.49141507418675934,1,0.5933602180722904,0,0.12336836678273455,0,0.0008380136865336467,0,0.3711728858156398,1,0.5947902527153707,0,0.47322770853767554,1,0.5734873944035651,1,0.6535754413745519,0,0.468527310420373,1,0.6333849206349207,0,0.09552754906047944,0,0.0025304219899661617,0,0.3615540932381485,0,0.023664411758882557,0,0.02879619499012838,0,0.36511212623448996,1,0.5467429159800202,1,0.5903552615051282,1,0.5195985725557919,0,0.09763596752504801,0,0.003986364874704098,0,0.3898989898989899,0,0.1250026588120945,0,0.03992170970694768,0,0.4065052256008845,1,0.5259947140404854,0,0.47377686728884505,1,0.6390401100260058,0,0.09117055275535184,0,0.0019943892633643347,0,0.3595299622202848,0,0.0993893754098409,0,0.003963639158101447,0,0.40268034580925005
2_283_u,1,1,0.4858081847638086,1,0.5303934670160876,1,0.5098527859894474,0,0.28107639638039633,0,0.397538176573849,1,0.5632044680501795,1,0.46149456821694473,1,0.5198676950215538,1,0.5578281973698412,1,0.4508762922022188,0,0.49666627301363553,1,0.5359027833840927,1,0.5242931659195031,1,0.6201076243444046,1,0.5474123595964405,1,0.5488644715789041,1,0.6047807421568692,1,0.5255615724242712,1,0.47828713856501803,1,0.5282943633804316,1,0.5036785714285716,0,0.2744647948450745,0,0.023508194249735045,1,0.5701441047789259,0,0.29047597274089143,0,0.39786462145480034,1,0.6069713975570825,1,0.45302668104366073,1,0.5173235705999951,1,0.5017836701711671,0,0.4455647309221105,1,0.5041353597922582,1,0.6099800399201596,1,0.5321640834040724,1,0.7511771544364221,1,0.5807398330959682,1,0.5185704943972357,1,0.6039384952454949,1,0.5188897998821901,0,0.2940136290784938,0,0.030575253251734928,1,0.5398274137663438,0,0.454274611069032,1,0.5232136122650559,1,0.552723739523282
2_284_u,0,0,0.3185955913745989,0,0.17108553539226967,0,0.4529242481060307,1,0.7172243427972257,1,0.555525891349217,1,0.5585080589367095,0,0.2658997151129266,0,0.3545485212352485,0,0.35823744125595514,0,0.4432953894042082,0,0.422462439156418,1,0.5419068403897114,0,0.3661996669904091,0,0.019106076466713855,1,0.5334304180593377,0,0.27518705961615364,0,0.10227518733235078,0,0.4119575390875991,0,0.27155862151760046,0,0.24340904047979622,1,0.507436507936508,0,0.249793255285653,0,0.463131426400273,0,0.43524157500403554,1,0.6807212322717092,1,0.5840609404511756,1,0.5793070090072867,0,0.24077775791245945,0,0.3031328841835515,0,0.38347816880074387,0,0.2905543674214812,0,0.03846657813615538,0,0.45666666666666667,0,0.3149523415590992,1,0.5187465100951153,0,0.4926116468249654,0,0.2602504192356702,0,0.13911407207822632,0,0.3724441014404249,0,0.28063234710854335,1,0.7060865483895681,0,0.46530612244897956,0,0.29068232663350024,0,0.09336811430476674,0,0.4835364091867765
2_286_u,1,0,0.35970117031150517,0,0.432483071290811,0,0.4234744540721528,0,0.15434117837628483,0,0.061150419423438726,0,0.3842254979809435,1,0.5071731134370522,0,0.41931739785734895,0,0.4441806907636236,1,0.445706579110794,1,0.5134887379330717,1,0.6027125289910146,0,0.09510702753558556,0,0.011750046292274262,0,0.3915832190544686,0,0.3215538133113396,0,0.3601668333863433,0,0.4155711318968089,0,0.3511197120904091,0,0.42822226979899053,0,0.39561399711399714,0,0.1362487653382268,0,0.005605982121288211,0,0.31664170891893256,0,0.1597684383519112,0,0.06102272855038226,0,0.3622084885464562,1,0.524847628444322,0,0.42566331231761806,0,0.4651846869473099,0,0.058712991195466746,0,0.005568573335564647,0,0.3332962962962963,0,0.09743477462888103,0,0.04880068326860187,0,0.422290492429035,0,0.3165557875593987,0,0.35867177680920315,0,0.44225319906776067,0,0.1464050852097217,0,0.00839163651612728,0,0.38195384615384614,0,0.06187352109628625,0,0.006685473814541872,0,0.3845014269246388
2_287_u,1,0,0.34552463867223826,0,0.40661640466172505,0,0.43958827890425034,0,0.3092746999087083,0,0.06988735570453515,0,0.4148362015480992,0,0.4110210563878417,1,0.5633335764899624,0,0.37769687901464216,1,0.4507903284710156,1,0.5054914855825996,1,0.5763075974839588,0,0.13858132178501853,0,0.37878288459612436,0,0.3722985380934415,0,0.2688884734427252,0,0.44233731133552767,0,0.32770406407248864,0,0.3362412223585933,0,0.41121621758828625,0,0.47453632478632474,0,0.30049302231054814,0,0.32370787138295143,0,0.4230319123503555,0,0.29120812179556466,0,0.06988632573551545,0,0.4013146611138966,0,0.40792481107728573,1,0.5708764195572532,0,0.3635135415631864,0,0.25517991216818164,1,0.8750421504195254,0,0.41333333333333333,0,0.1385937001443131,0,0.09119538202275579,0,0.3852349134298456,0,0.33259383667971354,0,0.4449152289484588,0,0.4139586717892596,0,0.2785663577530291,0,0.2951529095764402,0,0.4159644128113879,0,0.24670783850778366,1,0.8682501301843941,0,0.43325018897488415
2_288_u,1,0,0.2577801616305936,0,0.18742822004665083,0,0.3992278505960399,0,0.30470527863893215,0,0.29311150335413755,0,0.3549293854388218,0,0.37464201895997223,0,0.42953140507523124,0,0.37900372714120534,0,0.4430049491766705,1,0.5087619594278827,0,0.45364744895755604,0,0.14649010958382888,0,0.23506378306081174,0,0.37667427334723025,0,0.21008750807262078,0,0.06451810739053446,0,0.3716771186864876,0,0.2736193328789939,0,0.18343371978658493,0,0.4259682539682541,0,0.17581865533971638,0,0.4114893973049025,0,0.37419844951458925,0,0.31608045484069536,0,0.2930124386652573,0,0.3458483398993675,0,0.38675474941069293,0,0.4251251726247289,0,0.3440343127224159,0,0.1341532998166577,0,0.10916447727474271,0,0.41333333333333333,0,0.1499475405406559,0,0.24517648643138823,0,0.36884787967016314,0,0.22712750354131914,0,0.06266869238709645,0,0.37753245813620073,0,0.1752855299367207,0,0.43392509233138077,0,0.37,0,0.13477479407437237,0,0.10848957680185807,0,0.33308641795620536
2_289_u,1,0,0.3837361706177643,0,0.3481323236852493,0,0.4213122964082508,0,0.4237365544731956,0,0.42739550467348436,1,0.5859816607568517,0,0.42636018189879393,0,0.47214488071007427,0,0.3996767176268353,1,0.5301628609158293,0,0.41537122212883243,1,0.5383664064384225,1,0.4558345673609365,0,0.258743914649058,1,0.5748874315844008,0,0.3898578409756397,0,0.3465601196915416,0,0.36989870489615967,0,0.3507981569207697,0,0.22454023731690073,0,0.4647551892551892,1,0.5152605601894352,0,0.061879108149027716,1,0.5534458085402221,0,0.3569758186307445,0,0.30727880222708776,1,0.5571239553479155,0,0.41108588690595593,0,0.42245774317170715,0,0.39450335426400296,0,0.462961490077286,0,0.11837446153056176,1,0.55,0,0.4169713780333163,0,0.1807258491016226,1,0.5243613930538173,0,0.28534740212047904,0,0.22208359055310242,1,0.5057294936429624,1,0.488572667601329,0,0.04326024137605752,1,0.5639730941704035,0,0.44780336611872806,0,0.06619460600972267,1,0.5562242489642334
2_291_u,0,0,0.36027121169495124,0,0.4416248433669821,0,0.48274969778855825,0,0.10492176939792153,0,0.16984932813633855,0,0.48449428202561345,0,0.41794536961872636,0,0.4268586280063964,0,0.4877838716144375,1,0.5484012710356309,1,0.5486039992926165,1,0.7540721910000583,0,0.23150192890069837,0,0.0015847465803215319,0,0.4447499236328505,0,0.32039590249101335,0,0.3402949034449412,0,0.45843968167582533,0,0.369678778383623,0,0.4103615464595847,1,0.5334306249306251,0,0.22018375993596845,0,0.008862781510476219,0,0.44193763922942786,0,0.11599662139918401,0,0.20936427680697903,0,0.4233146284437575,0,0.4247111511048416,0,0.4622415558013748,0,0.43675148156700627,0,0.25326697167019746,0,0.006132167490498751,0,0.4866666666666667,0,0.2428476783028701,0,0.22906953000293606,0,0.466188998281622,0,0.35889349485383,0,0.35438573864818235,0,0.4231596600337217,0,0.22522133598471383,0,0.01799410607262482,0,0.4379826086956522,0,0.2576874375489919,0,0.008850841756824159,0,0.47040191718218977
2_294_u,1,0,0.2545964555842143,0,0.2971148891902834,0,0.36395029834143205,0,0.412545283072763,1,0.5459734447580441,0,0.4716085370688704,0,0.19615049370519883,0,0.3956980810698992,0,0.2516318668683155,1,0.4547491571039289,1,0.5349813528718991,1,0.509226532087756,0,0.356673626801292,0,0.0036626877975074607,1,0.5214863362742999,0,0.2372394085389249,0,0.2936611635242556,0,0.292,0,0.26005900174366076,0,0.30055018324339583,0,0.3609848484848485,0,0.34909487933282024,0,0.09753803310252855,0,0.48516509737155245,0,0.39227740392063737,1,0.5463195064031992,0,0.4966938610705142,0,0.18612633223161437,0,0.3917561407892745,0,0.2867014411658275,0,0.35777097162225663,0,0.03958263166746357,0,0.46609115103127075,0,0.3574318812864955,0,0.3623520370006648,0,0.4871953554654672,0,0.22832363800856403,0,0.29199367288254224,0,0.31706633407327284,0,0.34654069496397766,0,0.07240295357178557,0,0.47587221754481784,0,0.35062835732945813,0,0.027258470125991023,0,0.49038771703909334
2_295_u,0,0,0.4669727334504592,0,0.2944119724818531,0,0.456422842825028,0,0.20114760366393455,0,0.4749600407455694,0,0.4082431727704334,0,0.24485601640179272,0,0.38393913404125374,0,0.31180121110384595,1,0.5884521763053612,0,0.37925213118287204,0,0.3740897945139072,0,0.18855666765990714,0,0.1298157947427068,0,0.4005955368159286,0,0.1802413734631888,0,0.07396959987395213,0,0.33198870056497176,0,0.434796592889884,0,0.17776354208969894,0,0.3769128926628927,0,0.15270479615253893,1,0.8092897927371003,0,0.34500502577228054,0,0.17917140255271535,0,0.3649101971901342,0,0.41870928156008563,0,0.2363241812442048,0,0.3422545289004336,0,0.3289068004567415,0,0.11297080518268565,0,0.06795120196740954,0,0.36666666666666664,0,0.15896614158633485,0,0.2660207941149941,0,0.4128319307137463,0,0.22084660252894453,0,0.05420405122237377,0,0.32250775894584566,0,0.14578301239581903,1,0.7530643662625236,0,0.304,0,0.1035247769958146,0,0.03833423975817097,0,0.3539708469187299
2_297_u,1,0,0.16362287882079812,0,0.08868404651387031,0,0.46049030497131876,1,0.6736146958743698,1,0.7591277408610815,1,0.6976408991374519,1,0.46939348022594285,0,0.38114227187467953,1,0.5567421911599372,1,0.4493042945049179,1,0.5017628657038822,1,0.5115206191037943,1,0.6489734026039732,1,0.7173446752567293,1,0.6910982955737766,0,0.20237796772171684,0,0.09800974548050251,1,0.5037612963973628,0,0.17070368501818436,0,0.09139511367992342,0,0.46661868686868685,1,0.6290296037522808,0,0.27327490624164436,1,0.7147330819693049,1,0.6923719737766525,1,0.758486836767725,1,0.7269994227648754,1,0.4828915979694628,0,0.38355220959750236,1,0.5661038162012118,1,0.6005742723420242,0,0.38124181673442487,1,0.646487164352725,1,0.6553362065881013,1,0.7311619883462764,1,0.6540386490967862,0,0.17454774983967936,0,0.09787287385568641,0,0.4636463535274026,1,0.6313006218832724,0,0.3158133202129248,1,0.731770463055054,1,0.6094549367132932,0,0.4429101207021732,1,0.6960989903252159
2_299_u,0,0,0.4126064009077905,1,0.517737233768856,0,0.47827549490261717,0,0.03416286770308851,0,0.042093362421673004,0,0.25498854732299864,0,0.29365936652380814,0,0.43910713067750046,0,0.4500990603512717,0,0.4434671907404639,1,0.5167750912241541,1,0.5824966988665237,0,0.08922420233318784,0,0.010971373650859161,0,0.323127459504639,0,0.2667541976832157,0,0.4688194942505752,0,0.45787675418453444,0,0.40993247596976423,1,0.5011767580857162,0,0.38869805194805196,0,0.05604926349519719,0,0.000591125197830601,0,0.31327951134996757,0,0.02618976163527378,0,0.04187215515587665,0,0.28563406224379717,0,0.2760136448728639,0,0.43033838572665745,0,0.49959295098721934,0,0.07026519360981151,0,0.005263600952650183,0,0.38333333333333336,0,0.08793629667528033,0,0.04431287706882495,0,0.38364701384617156,0,0.21351241268129278,0,0.45137690879872433,0,0.4696663112282377,0,0.0440963935707244,0,0.00035140531333599143,0,0.36593357933579335,0,0.0650473965450301,0,0.004594860243729052,0,0.3716408064258536
2_3_u,1,1,0.5070950805372496,1,0.6445160092851698,1,0.5484411825801732,0,0.4311644126866682,0,0.4264956506938636,0,0.3859247859762605,1,0.6069870209726602,1,0.5265601841816069,1,0.6083774882389134,0,0.43734491619899735,1,0.5011839454414642,1,0.5209246726144551,0,0.2759745770193718,1,0.8628725495997895,0,0.426552864475323,1,0.6457163370822698,1,0.7080189127893538,1,0.5847377923105228,1,0.5,1,0.637001625827572,1,0.5547633477633478,0,0.17572115551034215,0,0.036261424218527356,0,0.40095681245963277,0,0.4282946532990051,0,0.4266470368476687,0,0.393420001874688,1,0.619784957109983,1,0.5311771612205112,1,0.590383114888395,0,0.25954256577635976,0,0.4572521400315328,0,0.45991228070175433,0,0.27668465890649585,0,0.45133862374252504,0,0.4172172855740882,1,0.6970228972817929,1,0.7002511995063865,1,0.560115407821782,0,0.18681696693870786,0,0.049441216033612914,0,0.3939569892473119,0,0.27056115324097113,1,0.5151952571894486,0,0.39879517707635825
2_30_u,0,0,0.22954145960690475,0,0.04303802137649744,0,0.40972199821146954,1,0.7709874635775515,1,0.8670048255831652,1,0.6221652759706983,0,0.3276489868799044,0,0.3970804333030581,0,0.3573878856391632,0,0.5,0,0.45423450867199583,1,0.584846893395618,1,0.641492895494558,0,0.4978346734748699,1,0.5870130593748846,0,0.23800523483197308,0,0.047619508170354936,0,0.3977708492720627,0,0.23423310323827967,0,0.033710847598427636,0,0.42889818514818523,1,0.6073295090724129,1,0.9712598073437303,1,0.5371025390116667,1,0.7438882634482828,1,0.8467783339149225,1,0.6427825392997449,0,0.30646708666780476,0,0.38128581998792394,0,0.35268842909200715,1,0.5259188921184932,1,0.9161448330061364,1,0.51,1,0.6195527561521492,1,0.726103655065155,1,0.5468825825183333,0,0.23757702977624845,0,0.03569778118118416,0,0.4101312525799336,1,0.5880349288779825,1,0.9497460295982514,1,0.5059906542056075,1,0.5055367672631963,1,0.812115342371794,1,0.5472761022444502
2_301_u,0,1,0.6975624916750047,1,0.8496087151794379,1,0.6092512230455385,0,0.18367296501942637,0,0.18059765293719302,0,0.37302022498091914,0,0.3793881080873465,0,0.38997270151316127,0,0.4053859530666371,1,0.45047545418671464,1,0.5175146679137453,1,0.5642124353957265,0,0.22571355374689228,0,0.26956668848988025,0,0.4140273149385816,1,0.5681121034786618,1,0.825936026465235,0,0.48945168518348803,1,0.6949483968679613,1,0.8462729649434464,1,0.5779650072150072,0,0.09249397277575896,0,0.03497774218914142,0,0.3975769434794964,0,0.17578095241214314,0,0.18073928776663578,0,0.39153783137938325,0,0.37928423071528616,0,0.3907974211865781,0,0.3281315451390149,0,0.34548365474377385,0,0.31372031969979897,0,0.39666666666666667,0,0.2267402092954746,0,0.4187821328645163,0,0.41145206965360864,1,0.603956390203082,1,0.8284827576066554,0,0.4306956208274929,0,0.0968450839157134,0,0.041383384716145354,0,0.38988929889298896,0,0.3470615988135758,0,0.30192249710381874,0,0.4428201872369626
2_303_u,1,0,0.24846953533801347,0,0.19229659777623287,0,0.41127414524196276,0,0.221044062620972,0,0.11160811140570806,0,0.3423012450957397,1,0.5796272526636972,1,0.7217004332014315,1,0.615670039699529,1,0.44903744223232983,1,0.5245350544246731,1,0.6583362273314972,0,0.06578000085513441,0,0.0002961885522691433,0,0.38210375693415005,1,0.5351762523780828,1,0.5925033495112085,1,0.5474448860520629,0,0.2653351034289151,0,0.187058421656097,0,0.44242857142857156,0,0.4448092537392306,0,0.021455050980817538,0,0.4173576623586398,0,0.21417849286381313,0,0.11204119361070247,0,0.31180681997941234,1,0.5896356934060631,1,0.7232773876389724,1,0.6276673301587532,0,0.2945606203009646,0,0.006713835127076541,0,0.41,0,0.06673057691268112,0,0.07042648995740526,0,0.3778746720033321,1,0.5880723846528162,1,0.5828449380668409,1,0.5190869482432663,0,0.4381754815601981,0,0.027420719104536258,0,0.452,0,0.2944095307944405,0,0.007031199511403571,0,0.4030410766224548
2_305_u,0,1,0.59681678433561,1,0.9087206104857505,0,0.4764840726566821,0,0.33894218714399355,0,0.426559458280983,0,0.37115625939419933,1,0.5345033010382302,1,0.5781142217203871,1,0.5018366964296717,1,0.5678846467525587,0,0.434175356663256,0,0.4238239901636091,0,0.3710379448236416,1,0.8457557705076104,0,0.39026627229791006,1,0.5354787190578327,1,0.8331085438280096,0,0.4859888268156425,1,0.5572441941478452,1,0.9139660164547297,1,0.5055753968253969,0,0.4499964098711983,1,0.8540396186254,0,0.4376726781341039,0,0.3033965122989381,0,0.3713933886301765,0,0.3842983674444158,0,0.5,1,0.5256524985658679,0,0.4674243201388533,0,0.4699172645100718,1,0.96343598734352,0,0.4666666666666667,0,0.36095180658240067,0,0.48579685142810586,0,0.44989155568077416,0,0.4626425897583946,1,0.8281111717380962,0,0.4399028980561889,0,0.4384179763803911,1,0.8656249365211465,0,0.45,0,0.465222858198834,1,0.967650998927244,0,0.42567619791994044
2_310_u,1,1,0.7178565674042022,1,0.915426406400652,1,0.5468592701590588,0,0.07012285581244933,0,0.06554859423046136,0,0.29482032250517753,0,0.4078562960045162,0,0.37590109103328084,0,0.3840209794504008,1,0.45580445923844193,1,0.5228033001884901,1,0.5544875065879844,0,0.22146507121182604,0,0.3399558530465359,0,0.32885826442000793,1,0.580493560678595,1,0.8909006117684876,0,0.473808519404572,1,0.710610242652596,1,0.9095238395180641,1,0.5778012265512266,0,0.10753875314972335,0,0.0031259119536144646,0,0.2949238785026045,0,0.061318959074439204,0,0.06556643159297956,0,0.27987805028239215,0,0.40680160097074525,0,0.38057115836395106,0,0.41936079414077715,0,0.24924107641920623,0,0.24094788772907863,0,0.3566666666666667,0,0.2207851942439039,0,0.3559097847494441,0,0.4005510572021698,1,0.5233547447875436,1,0.8866037626507062,0,0.48485144143250297,0,0.10112585397730864,0,0.00272478220663925,0,0.316,0,0.2436126588539527,0,0.21734200059313824,0,0.35746600989909666
2_312_u,1,1,0.6495126619785401,1,0.6841128611879261,1,0.562199158027029,1,0.6756366239447261,1,0.9111941747749243,1,0.5906656023856416,0,0.36268591542283785,0,0.31602422023266535,0,0.4136376928269271,0,0.402191979049179,0,0.4846118705149053,1,0.5455126963398438,1,0.7175869790468073,1,0.9980260937066889,1,0.637130612033377,1,0.5382747106577969,1,0.5735106045318288,0,0.49761278470072734,1,0.642939892208114,1,0.7204584949470626,1,0.5867496392496393,1,0.6332500739428146,0,0.07397151366654107,1,0.5493089817525074,1,0.6738147629626421,1,0.9222559175742138,1,0.6063643406301171,0,0.35426104420786053,0,0.2975889075035051,0,0.45892522779332706,1,0.6914644807245761,1,0.6169618007755009,1,0.5633333333333334,1,0.7113381086543452,1,0.9581725305049004,1,0.592025093127671,1,0.5346228346219667,1,0.5665030917396684,1,0.5218435803692876,1,0.6449971712641085,0,0.09422358160541944,1,0.5339355957174686,1,0.6967393913470958,1,0.6483065735327254,1,0.6071105992792517
2_313_u,1,1,0.6607527474018252,1,0.7392127575941368,1,0.5327549762278432,0,0.42438340870477026,1,0.6778695566067292,1,0.6223576384644048,1,0.6773695527601764,0,0.4342742622600777,1,0.6737436176562424,1,0.5667583799494751,1,0.5845741160746464,1,0.7268567234253172,1,0.8318301377107075,1,0.9902645674024341,1,0.6670022096735515,1,0.7661688098251719,1,0.6037415236934816,1,0.7016387898385372,1,0.6623617347305002,1,0.7731669117644201,1,0.5510981240981241,1,0.5736322597223212,0,0.3496546088222995,1,0.6868878078789767,0,0.4317821734857519,1,0.7099450203382581,1,0.6411224686197943,1,0.6856871305100751,1,0.5050908903127727,1,0.6892219898001812,1,0.8150242946348772,1,0.8310684344692693,1,0.6733333333333333,1,0.8353374288699719,1,0.8846071677292808,1,0.6497549777160596,1,0.8005688765088309,1,0.6505984438716285,1,0.6070515751466266,1,0.5964927280550458,0,0.3806333408689927,1,0.746,1,0.8232597235395313,1,0.8563201982575779,1,0.6966742890502307
2_314_u,0,0,0.46435703861745026,1,0.6006960774987778,1,0.5303430862392288,1,0.5301773290236279,0,0.4466486315936607,0,0.41967505391764887,1,0.5287133736202136,0,0.49551240673663327,1,0.5139897468435192,0,0.4399999343256322,1,0.5375091135230899,1,0.549351155967851,1,0.5418006615646126,1,0.8109014847649243,0,0.4149351351765806,1,0.6148652931754331,1,0.7488902280054278,1,0.5976956095724795,0,0.4778725746926668,1,0.6676257844357577,1,0.5377853535353535,1,0.5078330462120609,0,0.38744735707267225,0,0.429182080008624,1,0.5531037279505419,0,0.43179181067324823,0,0.43408818544706246,1,0.5508196129880176,0,0.4950167570815519,1,0.5745853064907126,1,0.6626359556380388,1,0.6734297304811241,0,0.4766666666666667,1,0.5516614288995062,1,0.8322338932061941,0,0.4787651041695039,1,0.6735559380604883,1,0.7261114457338675,1,0.5930691238226371,1,0.5251787872090741,0,0.4656950421873305,0,0.45398165137614677,1,0.6747078421323437,1,0.7257103272517904,0,0.4785685040598821
2_317_u,0,0,0.28483389351280514,0,0.34381701988372504,0,0.4632930282693313,0,0.16890647631192737,0,0.24993502523137245,0,0.4785455171450264,1,0.59586444584227,1,0.583661624964569,1,0.5388675548043192,0,0.4793225233776277,0,0.49437801980223206,0,0.3059019842499105,0,0.1842178859593093,0,0.002027128852819293,1,0.5201125032049301,0,0.45448698414103383,1,0.5324864745731718,1,0.5337029765845277,0,0.26897835952594146,0,0.34631168284077274,0,0.4924402541902543,0,0.34934847553183745,0,0.00333937167491127,0,0.45628724973814544,0,0.14137389524112093,0,0.2509536941166061,0,0.4569546789575749,1,0.5616004992327237,1,0.5346029080967817,1,0.5660046597683946,0,0.24025083838059577,0,0.005200843557774537,0,0.49333333333333335,0,0.17034094694466292,0,0.2537904922707883,0,0.43075983345776,0,0.3986721083044237,0,0.46369380925297626,1,0.6162164448830467,0,0.30824869726765997,0,0.0017685194203188068,1,0.5219444914895418,0,0.2093006530112291,0,0.002933345231527392,1,0.5327857937200899
2_322_u,0,0,0.4240352161808481,0,0.41573576407852153,0,0.39060243317834936,0,0.380039107632254,1,0.6257934626222931,1,0.5536825731063117,1,0.6098634623739898,1,0.7070013720124428,1,0.5457113648352662,1,0.4475707048066205,1,0.5263592901878587,1,0.6847960544436579,1,0.42157757641418675,0,0.009764987016205979,1,0.6358769857800783,1,0.6232609720577499,1,0.6875979445158228,0,0.4893873956777741,0,0.41948991556308707,0,0.4220573119555076,0,0.4473412698412699,1,0.6900555692961164,0,0.3149858329080952,1,0.6373689021602607,0,0.3623709689608521,1,0.6254474635136529,1,0.615241230520816,1,0.6293579037161683,1,0.7095402489259753,1,0.575916843519859,1,0.6307079303001439,0,0.14544176280715235,1,0.5532962962962963,1,0.4292880415232155,1,0.6849301420046758,1,0.5559889020256276,1,0.5869429952102784,1,0.6832777360435798,0,0.4918415447745968,1,0.6861434196207993,0,0.31891236202420165,1,0.5875146352694965,1,0.638213357416603,0,0.14907658132465312,1,0.65095302871446
2_323_u,1,1,0.4502971426661971,1,0.652671794883551,1,0.5124850374970986,1,0.5398186271555069,1,0.752921659745248,1,0.5475133199802424,1,0.521697138546988,1,0.5944586895218222,1,0.52976027430774,1,0.4471403912766113,1,0.518414372012252,0,0.45239720433076647,1,0.4305822839765292,1,0.6155269508592665,1,0.5422290888210087,1,0.5733672391820013,1,0.7190424072219639,1,0.5535421616727396,0,0.4370615655856265,1,0.6791657202810545,1,0.5278676323676323,1,0.6876681971046482,1,0.9896842160310964,1,0.6201861092456055,1,0.5075744836481392,1,0.7524109249413965,1,0.5799698891628882,1,0.5,1,0.5931185188041247,1,0.5485191362027488,1,0.6485770419415393,1,0.9148957621523433,1,0.5133333333333333,1,0.42645824259387166,1,0.7120385612918063,1,0.5861190132294672,1,0.5379125153251701,1,0.7265007578994762,1,0.5266626521618712,1,0.6734191221748174,1,0.9851869697181834,1,0.5535129548069674,1,0.6410002308817725,1,0.9070900851250937,1,0.5955106237140875
2_326_u,0,0,0.38109409347465073,0,0.3588235049583255,0,0.417256965647248,1,0.7337760319875523,1,0.8553464068285117,1,0.555795474233803,1,0.5994072616473968,1,0.652644133135415,1,0.5721646816147387,1,0.5817724443902115,0,0.46808982180835246,0,0.4790113222052383,1,0.4639210047085444,1,0.792407383718578,1,0.5426400770425288,1,0.5059828937052224,0,0.45577590146736785,0,0.49387007565664665,0,0.368239756936812,0,0.33242656270573534,0,0.46267424242424243,1,0.7086471083020538,1,0.9666962133995347,1,0.5682239879542768,1,0.7115984983850981,1,0.8380990949704316,0,0.4908877773715533,1,0.5756659718169012,1,0.618724116882911,1,0.5929013212613286,1,0.544251735960619,1,0.9394264458923742,1,0.5333333333333333,1,0.4516593335694661,1,0.5915911007690127,0,0.4858863789656663,0,0.4922894168600191,0,0.43554288801789826,1,0.5735823799109971,1,0.7030929264726999,1,0.9364443342916858,1,0.5519568414710275,1,0.5355602785520756,1,0.9154665301899036,1,0.5597436985950192
2_334_u,0,1,0.5764479299287087,1,0.8153653220842638,1,0.5247396987819813,0,0.2464308428357244,0,0.38512599540759174,1,0.5901921921129583,0,0.36070588329368025,1,0.6474703989960132,0,0.4260228090076801,0,0.4574429091769926,0,0.39555780572166327,0,0.09492532977205706,1,0.5801732271676295,1,0.9034150938264188,1,0.5874543813896618,0,0.33749455422436847,1,0.6663982869795584,0,0.4459427699103547,1,0.5672891525459514,1,0.7719929125511408,0,0.4726478243978244,0,0.4585785360231517,0,0.17682907175585272,1,0.5883900100982206,0,0.21692397023025192,0,0.3007471764508758,1,0.5807513350811859,0,0.3629014763627647,1,0.5846970934607135,0,0.38674480711426523,1,0.49149804311289547,1,0.8820385931260321,1,0.53,1,0.5617516902826988,1,0.5300814597071678,1,0.5630518769204707,0,0.34584373311153455,1,0.6312470372978903,0,0.3905807163537427,0,0.46383205666756305,0,0.14351915919139532,0,0.4819431426044436,1,0.48890781126797467,1,0.8272687222897396,1,0.5152383618281609
2_337_u,0,1,0.5844867422316681,1,0.5406843703136602,1,0.5401659254474362,1,0.8474313702453018,1,0.821257512226944,1,0.6723672112260581,0,0.33639955886777245,0,0.3660575759996012,0,0.3557802076616168,1,0.5407286121289512,1,0.5604952749727685,1,0.5118933453411851,1,0.9150231073586124,1,0.9990186188631417,1,0.6880991338955851,0,0.35150077701406285,0,0.32193815355847855,0,0.39591599306142583,1,0.5866367260476151,1,0.5641112447745583,1,0.5438827561327559,1,0.7856887184932083,1,0.9085843841319408,1,0.6841024155486487,1,0.8478737221632923,1,0.8191584838707867,1,0.6674093394191997,0,0.3389558634096683,0,0.4338508386997764,0,0.343259048176563,1,0.8343006239032452,1,0.9453150902184523,1,0.6233333333333333,1,0.9174927598712328,1,0.9141307320490759,1,0.6663960447104008,0,0.3115937120843044,0,0.3843190717057172,0,0.38057798644007285,1,0.7787720106394169,1,0.8698982333232891,1,0.6439891304347827,1,0.8319331269372311,1,0.9229569040998932,1,0.6312311099737796
2_339_u,0,0,0.2021780035243159,0,0.2813835444128768,0,0.4387280674628829,0,0.29372332646758886,0,0.49218996891276423,0,0.49772315109874216,1,0.5405340729411068,1,0.54006980268812,1,0.5117326604539859,0,0.50986238771142,0,0.4925384731834499,1,0.5302745150289674,0,0.24274322252466007,0,0.08834356068491582,0,0.4471943197246536,0,0.38202422310344386,1,0.532849263933718,1,0.509882180263022,0,0.2009517308955032,0,0.2724209717861828,0,0.3965603563103562,1,0.5339386345015559,0,0.10529464257747136,0,0.4876673610103148,0,0.28206516714965435,0,0.4187474458210059,1,0.5053241909242897,1,0.5464559851278641,1,0.5501322415885672,1,0.5484064899397928,0,0.39812659894161234,0,0.19086601761780045,1,0.536626746506986,0,0.2485048287035945,0,0.36433472396023703,0,0.45430365179614335,0,0.36465318063384333,1,0.516534676721921,0,0.46884322762500474,1,0.5207656416166386,0,0.07767438384137745,1,0.5279800995024875,0,0.4012607527287519,0,0.17338675599043446,1,0.5116595494813071
2_34_u,1,1,0.4790386299098404,1,0.780075585211296,1,0.5369824179581264,0,0.45973445961071746,1,0.7740274606838958,1,0.5128329557270707,1,0.8433969135551262,1,0.8996809724945147,1,0.7641328451498431,0,0.44552832929421987,1,0.5140817889420154,1,0.5713800429917391,1,0.49193796231160736,1,0.9975205243990749,1,0.5507439948038421,1,0.8363780478608324,1,0.9691272769985393,1,0.7086409845200448,1,0.47677323446611874,1,0.7944805105978404,1,0.5492826797385623,1,0.8564347402782599,1,0.999947485609143,1,0.6358275548359861,0,0.4617548285425471,1,0.7731114579060498,1,0.5553659318400466,1,0.849359947918974,1,0.9021605014440599,1,0.7391265418767597,1,0.9078712906169629,1,0.9999395347573694,1,0.6499122807017544,1,0.5,1,0.9294587605625958,1,0.5739610399002951,1,0.8398700175143402,1,0.970604622189216,1,0.6916324849281074,1,0.8546071462755044,1,0.9999447609163529,1,0.5858174680874879,1,0.908943357944319,1,0.9999486668436257,1,0.664378954646114
2_341_u,1,1,0.5637793500625609,0,0.4581374697062833,1,0.5098063257054021,0,0.35001042563388224,0,0.21695355752885934,0,0.4693565656579478,1,0.8734836720635928,1,0.797609516433983,1,0.8338622975816035,0,0.3795497938050097,0,0.4134485373522861,0,0.3868708827187267,0,0.23718722430554487,0,0.1062615922795139,1,0.5237366704837718,1,0.8959896799525666,1,0.8038591986352412,1,0.7194708011145652,1,0.5358700168178143,0,0.37085292348751664,0,0.36911177711177706,0,0.46901930416441306,0,0.09005491994564134,1,0.6066966730909423,0,0.3447135510789164,0,0.1742780781910105,0,0.4663604385739996,1,0.8636819086007324,1,0.7528837595281833,1,0.8037809329981892,1,0.4903924239176567,0,0.37652063913168826,1,0.5832124152378853,0,0.22429804401438186,0,0.13345911903362573,1,0.5108303623054651,1,0.8863275631873945,1,0.7242085941995949,1,0.6563618118875574,0,0.46087525328966555,0,0.11017158235884834,1,0.5778956875561831,0,0.47706667513186385,0,0.3583985352191344,1,0.6067340079598761
2_343_u,0,0,0.18357535754065288,0,0.14450166867536976,0,0.4008041465045169,1,0.7311931527662695,1,0.6860597028160439,0,0.4434908250536154,1,0.5548697863102646,0,0.47697142561150124,1,0.547112362375239,1,0.5442873575838355,0,0.4776529727477027,0,0.38513506595744285,0,0.19763120962060338,0,0.07902736553117116,0,0.4458714709684018,0,0.23359312102511454,0,0.084111639256768,0,0.4836391289073611,0,0.18602513124419137,0,0.1433727317801217,0,0.4221792929292929,0,0.4852675834979912,1,0.9532900150149897,0,0.4821397266195102,1,0.71075268847796,1,0.646921310888482,0,0.4245314216256015,1,0.5478287854455856,0,0.44215050273450984,0,0.48969293763052946,0,0.16970351610154083,0,0.2003027648951082,1,0.5032965009208102,0,0.19090037651170952,0,0.37111195093460775,0,0.4855334624729139,0,0.19420353242895502,0,0.08454047470233876,1,0.5557782768071285,1,0.5,1,0.9456003020873827,0,0.47997018633540367,0,0.16909449030410725,0,0.18851524431451622,0,0.47857633665405414
2_345_u,1,0,0.3865726239354513,0,0.40442074067709194,0,0.42266761656057156,1,0.6215302771560611,1,0.7018080744156374,0,0.4905888359960436,1,0.6070940903704405,0,0.46107317685654714,1,0.5558799352957634,1,0.4498005805547404,1,0.5187751370123456,1,0.6139651418949978,0,0.28541838690051585,1,0.9583683111382483,0,0.4470753436229479,1,0.5456155112756341,1,0.5239966360470684,0,0.48354549204246544,0,0.38741866130774566,0,0.40598923200725606,0,0.43326337551337557,1,0.8846424234459217,1,0.9300662424240406,0,0.48816549920488084,1,0.6107135630396128,1,0.7022909221666298,1,0.5118626595434141,1,0.6211323358591939,0,0.46406232252804663,1,0.5727973727744508,1,0.803684505034445,1,0.9931208013693421,1,0.53,0,0.2898326502986829,1,0.7008093791270582,0,0.48492950334536533,1,0.6802344861056967,1,0.5221786410238417,0,0.46246933875814067,1,0.8803549213212443,1,0.936490992140557,0,0.48190655230876633,1,0.8039944648567392,1,0.9935014486110987,1,0.5410852446136375
2_347_u,0,0,0.42271457608753227,1,0.5742155850878842,1,0.5272909248602097,0,0.1514418083918025,0,0.18416407214295108,0,0.4541443985791764,0,0.4201793544238043,0,0.3653711916894174,0,0.4402327285685062,0,0.4919896644435497,0,0.42847436873367334,0,0.2949833511312313,0,0.2971720307461361,0,0.07470050678815048,1,0.502044503368955,0,0.4087102892503501,1,0.5261709041651288,0,0.472,0,0.4009284139042351,0,0.43142464922735074,1,0.5161020923520923,0,0.26148683574692233,0,0.10789828214186731,0,0.4274267490186711,0,0.09823401847194348,0,0.13576610543414155,0,0.44323455680230384,0,0.40842691574585366,0,0.33320558721899285,0,0.42720360389920975,0,0.3729912411257666,0,0.14816947837701513,0,0.43666666666666665,0,0.26732071575774674,0,0.15116513406042062,0,0.460997108368777,0,0.3882833225089027,0,0.39581086406341576,0,0.44908323783689363,0,0.21456731928815354,0,0.04198903065285642,0,0.47,0,0.3369785127677462,0,0.08751901960858087,0,0.4552779601438229
2_35_u,0,0,0.1667675070307127,0,0.07541847534123639,0,0.42413262064872825,0,0.299524680671301,0,0.3163148775323334,0,0.3864526576179237,1,0.6872228469813941,1,0.6206801059168504,1,0.7692354010930091,1,0.4498618140939617,1,0.5072261427030041,0,0.3422198003720336,0,0.10485050095127595,0,0.0018799170207330093,0,0.38138349863478765,1,0.539434180781415,0,0.1688694054596176,1,0.6123880968524373,0,0.1746071681468917,0,0.07603046639234612,0,0.43315537240537244,0,0.3162152723644376,0,0.12141666763747547,0,0.447602794594999,0,0.28894368724949215,0,0.3165598033472625,0,0.3467320507318578,1,0.6881560160345577,1,0.6232784290571177,1,0.7179545835759353,0,0.13811889289326224,0,0.004368842748049317,0,0.46,0,0.10864182714175953,0,0.10123572852967769,0,0.40841534949951813,0,0.47640545535095036,0,0.16665785962678448,1,0.6067481676976741,0,0.31033034924184066,0,0.14716500611579325,0,0.47188637651610615,0,0.14486562488633442,0,0.006172941404981005,0,0.47116950271569763
2_353_u,0,0,0.4373463945151014,0,0.47837930051893063,0,0.47695477825722027,0,0.3018291987658037,0,0.46802184034900207,0,0.3507599078550499,0,0.4717141367093353,0,0.27597155437915316,0,0.38313343060860683,1,0.5266333700188632,0,0.44109857693069454,0,0.44451655022415953,0,0.332229281272862,0,0.06167640900980709,0,0.39232573520934155,0,0.3382788135777782,0,0.31068691698046136,0,0.4458587881392351,0,0.4114714009988112,0,0.42837995432324233,0,0.3963109668109668,0,0.31187349898936456,0,0.30385952763210455,0,0.3678643716371244,0,0.28053767636006194,0,0.3707520600652267,0,0.36656899805026283,0,0.456943347271783,0,0.25762923350540606,0,0.4345696085321757,0,0.17403875823169498,0,0.05431651008329057,0,0.44,0,0.3103893902079313,0,0.23193298400901513,0,0.45362850833163143,0,0.2974580026642656,0,0.27786774192339303,0,0.3879152728041315,0,0.2914968934464274,0,0.1850787039782178,0,0.36599056603773583,0,0.16324002928213852,0,0.028535342693851933,0,0.4001758614875502
2_356_u,0,0,0.23595363820980345,0,0.12443221078393654,0,0.32466271647490214,0,0.28401839146112495,0,0.474438525291501,0,0.33845917375006296,0,0.22357695781076156,0,0.10687405527817433,0,0.30152350713067555,0,0.507220108589612,0,0.43260378867121885,0,0.29372540579794076,0,0.07370624796735152,0,0.012825046522308743,0,0.3090132732905296,0,0.13303825515938994,0,0.046368361421109276,0,0.336,0,0.23747981763133572,0,0.11668372102129615,0,0.2728856421356422,0,0.13246533775137206,0,0.0007602424221039749,0,0.2794360668773425,0,0.35645677554729954,0,0.42698586426728813,0,0.33947168463855176,0,0.21926577124171723,0,0.10265492045580583,0,0.29571046155755704,0,0.05994149998335067,0,0.0002282548577215147,0,0.2833333333333333,0,0.07980946572696948,0,0.13555034136455463,0,0.3269402671718756,0,0.18430239846685326,0,0.047958387956087305,0,0.27763132564237053,0,0.14534111687192125,0,0.0024100578701977933,0,0.3379756097560976,0,0.06164789004341482,0,0.00033813744562133326,0,0.30538807395377987
2_358_u,0,0,0.48422511422332704,0,0.38883181295912767,1,0.5290559796035642,0,0.28199173539382716,0,0.4882190812857433,0,0.41436022773551645,0,0.3342792817600789,0,0.2955363788235002,0,0.43524938717071665,1,0.5444816422387883,1,0.548815214232195,0,0.43029915804161406,1,0.48885241044051725,1,0.7117304480497703,1,0.5329590422925548,0,0.3953944550817357,0,0.327135860781257,0,0.4857146002321395,1,0.5368846836858119,0,0.40309245773513164,1,0.6309437229437229,0,0.26899714002907743,0,0.4269776319229148,0,0.47652806265395803,0,0.30508369218384074,1,0.5634162257288031,1,0.5074424518831955,0,0.35131653700277665,0,0.36647835429808534,0,0.3910497547494799,1,0.5910523049445526,1,0.8763293717357414,1,0.51,1,0.5089545105214864,1,0.6658817807119144,1,0.5099099788946492,0,0.42941699363051666,0,0.35962274601751093,1,0.5094595684426213,0,0.2672683590178789,0,0.44730991414102833,0,0.4899819205811533,1,0.5907392910979369,1,0.883045477763064,0,0.48071008603355003
2_359_u,1,0,0.34278831528328957,1,0.6342889445549588,0,0.4829874001108319,0,0.4381555793095658,1,0.9533817197054263,1,0.5448267408052011,1,0.6843160187497908,1,0.6977358568385954,1,0.6097463499175761,0,0.4443450840339648,1,0.5338066597571367,0,0.4347645409015888,0,0.3420788517766774,1,0.9928591951273111,1,0.5488737928576239,1,0.5182227086139543,1,0.8900405061815556,1,0.5494962841298082,0,0.3400193795656427,1,0.658212776418935,0,0.48736363636363633,1,0.6831827586578839,1,0.9998542129371752,1,0.6074453598590078,0,0.40314114637094356,1,0.9530537837829102,1,0.5811533003698872,1,0.6748887429048175,1,0.7014508827168872,1,0.5586122380824587,1,0.6027083925054212,1,0.9981716976580663,1,0.55,0,0.34461311823428803,1,0.8856616993077658,1,0.5678115617249786,0,0.4705295380641016,1,0.8907097401479754,1,0.5535251006808426,1,0.6662082270797792,1,0.9997983283947804,1,0.5519243627459316,1,0.5981735274995151,1,0.9981247348542129,1,0.5597852727952141
2_36_u,0,0,0.488024800869172,0,0.29634618500805415,0,0.4911553921273698,1,0.5120263932126058,1,0.5711528904438459,0,0.48438938998385234,1,0.5,1,0.6668898967419395,1,0.5104187764987228,0,0.44546945374889196,0,0.41273142335360385,0,0.2757252651733357,0,0.3507006063568924,0,0.10372322951599146,1,0.5485586167687813,0,0.43231830366696533,0,0.30787329790584017,0,0.4439627778138458,0,0.47988582244838385,0,0.2770093932407221,0,0.4970068542568542,0,0.49283503299509346,0,0.2578192003792231,0,0.475580829626257,1,0.510723975055004,0,0.4284537818506143,1,0.5544555909641983,0,0.48986031005303865,1,0.5735372596579851,0,0.49783345165429504,0,0.36683747942349576,0,0.06325880668743641,0,0.49333333333333335,0,0.3311452961917765,0,0.30328666622157585,1,0.5298000298102307,0,0.4153427250259747,0,0.27602268802148655,0,0.4671105323047707,0,0.4639534199357214,0,0.12147296040223741,0,0.452,0,0.35030901671682224,0,0.03947125715999798,0,0.46467844015421544
2_361_u,1,0,0.2814351789234907,0,0.29479391678382705,0,0.2872605518398959,1,0.773728262856269,1,0.8569080232149024,1,0.5179619326379611,0,0.3531618299700843,0,0.35106455156354655,0,0.4295833866181415,0,0.5,0,0.4455494243523565,1,0.5028187680506117,0,0.39794730261935085,1,0.9567138319755372,1,0.508756487989531,0,0.29389280073964036,0,0.19276689261476002,0,0.31794239170292565,0,0.27438338283101793,0,0.23288729404428155,0,0.3534706959706961,1,0.6329508224003384,1,0.994791822770593,1,0.5127349495204626,1,0.7669261911909645,1,0.8389942849576885,1,0.5271692530773857,0,0.3616219499478115,0,0.3265802427414999,0,0.39083148950407376,0,0.41462212347401645,1,0.9281449582682779,0,0.47333333333333333,0,0.3889136423112573,1,0.6858181169616414,1,0.5242266486609534,0,0.2842053397231171,0,0.16606586991970165,0,0.3524455954339744,1,0.6470685341469549,1,0.996450209572449,1,0.512,0,0.423273226516886,1,0.9564116567632279,0,0.4708323897106473
2_365_u,0,1,0.5478295262175906,1,0.5129111342938163,1,0.5267172595762876,1,0.6497063916982821,1,0.822514129992528,1,0.5271083807687446,0,0.23489534623380545,0,0.30172343318480205,0,0.3968627487196983,0,0.46548769327607703,1,0.5040181574451867,0,0.4496172375993566,1,0.5713688887185824,1,0.929482076606219,1,0.5281051828578011,0,0.39075998179877286,0,0.36844596528311596,0,0.4139311067579224,1,0.5500527738749202,1,0.5772639603747074,1,0.5182914862914862,1,0.5,1,0.9718317154520628,0,0.4477838583673735,1,0.5800065198597788,1,0.7617998114678571,1,0.5215837495735439,0,0.23196051542359628,0,0.32266260513099837,0,0.34720670900755035,1,0.5371394689922037,1,0.8820196045892444,0,0.4799404761904762,1,0.5620216861118978,1,0.6691021722093108,1,0.5377762151693093,0,0.3613596562048105,0,0.4072565829251954,0,0.4153909344611446,0,0.46651207414862034,1,0.9489885629162355,0,0.492,1,0.5210948017733361,1,0.8341367474965405,0,0.4975279709227477
2_367_u,0,0,0.22798551918952684,0,0.10267800562465966,0,0.3914447062677175,0,0.08515921412212911,0,0.17519193082103984,0,0.4437443959528939,0,0.30503506293912397,0,0.22996401412665307,0,0.39674481021614105,0,0.4398492572204628,0,0.4287727747421204,0,0.33375522141088265,0,0.05249387470315097,0,0.001986070491199845,0,0.4153403977735031,0,0.17081184048869028,0,0.06008720927315011,0,0.3338624070317783,0,0.20059728308108987,0,0.10064693315211089,0,0.43052380952380953,0,0.26273027927974313,0,0.002789040911174101,0,0.3934326771672834,0,0.10557880764150425,0,0.17292251872050107,0,0.45507644134386654,0,0.30165893389463067,0,0.2267513624463442,0,0.3987836049099949,0,0.09484918445944894,0,0.00032072397731855483,0,0.37333333333333335,0,0.049446039742624126,0,0.13913492706661965,0,0.44787887099607,0,0.1721426039380611,0,0.052013968240086764,0,0.3601674420923797,0,0.29575014991259757,0,0.007779226233969988,0,0.3736211071584597,0,0.09605664439596753,0,0.0004449405940413148,0,0.39545253436104194
2_369_u,1,0,0.16529767986715685,0,0.0935197946356738,0,0.3823141071546789,1,0.8117027128997636,1,0.6849615663411254,0,0.4606658883139325,0,0.4062324248420438,0,0.4320786793408462,0,0.4923044683646749,0,0.44289675773266307,1,0.5154450752533892,0,0.3531397048018882,0,0.13578117663053266,0,0.44260764255058366,0,0.48026806048627685,0,0.17635758799523507,0,0.15451951443644127,0,0.3819187323883142,0,0.16738675255876878,0,0.10062858937231176,0,0.4266951659451661,1,0.558431343062574,1,0.9219649658608731,0,0.4290290890114515,1,0.8220817469823388,1,0.6846423920244125,0,0.4062306208556625,0,0.41523530234745804,0,0.4420618447209884,0,0.45846030061853166,0,0.2259083879900584,0,0.10125959955346302,0,0.4631197705598903,0,0.14447780385292658,0,0.2809507734839684,0,0.46052738344084815,0,0.20270254873131008,0,0.16011301432389605,0,0.4142086183659435,1,0.5873192730102336,1,0.946884688243185,0,0.45590956571104174,0,0.23307197503934302,0,0.1409472574107873,0,0.4279052042712535
2_370_u,1,1,0.5190537777138732,0,0.43605351149779953,1,0.5149812491628382,0,0.08837604405609768,0,0.1521626701276325,0,0.3312703612874776,1,0.6154063052901724,1,0.7050416942280445,1,0.5597196086216285,0,0.4401121563632874,1,0.5140314655357884,0,0.4748465028024244,0,0.1340108982174464,0,0.03925752443634415,0,0.35121727506174105,1,0.6774473217039274,1,0.5556786220148049,1,0.5937778207492116,1,0.5127801597562092,0,0.46424864291816076,1,0.524387751137751,0,0.13932790820478747,0,0.03690903866493755,0,0.38161686397471606,0,0.10182318173135084,0,0.15183765180258868,0,0.3386424267652459,1,0.5943621198798575,1,0.7115233111136858,1,0.5803703184155369,0,0.24818974487022014,0,0.14484400481994883,0,0.3933333333333333,0,0.14186437706861868,0,0.0989846792947557,0,0.40061114434588707,1,0.6874382686397503,1,0.5665096597434092,1,0.5176964508315076,0,0.1409588622158423,0,0.04682220885624746,0,0.38794806067588333,0,0.2506663270897593,0,0.19978186134456655,0,0.3540448198801663
2_371_u,0,0,0.141649121663887,0,0.12982652359609662,0,0.39548466132553006,0,0.37555960431090013,0,0.3588734377611433,0,0.39930982623617295,0,0.25802732568531894,0,0.27805505063367636,0,0.36062484970192243,1,0.5395465457409341,1,0.5321837162265393,1,0.6391907986257118,0,0.10270320567308881,1,0.7409034514160878,0,0.3535353017434352,0,0.13300856480726939,0,0.03677708928588481,0,0.3419248359887535,0,0.15874065475349342,0,0.15662137128850256,0,0.3891825396825396,0,0.23031731472745057,0,0.030247220392850716,0,0.3835124601826092,0,0.34283049355045364,0,0.3426629659798085,0,0.41539027544816404,0,0.2564621608250662,0,0.2869598948604268,0,0.3522123760823475,0,0.1298872092982668,0,0.15677707400217564,0,0.36666666666666664,0,0.10239909483168105,0,0.22978029591613855,0,0.39699779211906183,0,0.21226600174024418,0,0.038015478698350244,0,0.33336254274435606,0,0.21826017499754716,0,0.034617227775392514,0,0.34,0,0.12605571366587756,0,0.16866716897568285,0,0.35816897676876597
2_372_u,1,0,0.361655522438911,0,0.42151910825750527,0,0.4587271626293829,0,0.2349438503002669,0,0.2681910587981743,1,0.5881835438513028,0,0.36008128551659563,1,0.5413415220803649,0,0.4043835576341935,1,0.44806495232909205,0,0.4854475411116591,0,0.49275801457148155,1,0.5639339430012337,1,0.7482408786182028,1,0.5839548035223558,0,0.41326268504216634,1,0.6612731715724366,0,0.4575163604930344,0,0.35105825060451756,0,0.4168191037598325,1,0.5007467532467532,0,0.14336673051932539,0,0.0032939756314776863,1,0.5869874306028641,0,0.2537071946667925,0,0.26957752981847743,1,0.5586008417722342,0,0.35896091299389477,1,0.5423498492049459,0,0.392172905539351,0,0.4938665021922793,1,0.8528367172323552,1,0.5765972671700828,1,0.570855667619651,0,0.4422076940708067,1,0.563951281177845,0,0.40733159738310154,1,0.6539408546355867,0,0.3811798463373603,0,0.14259903953095335,0,0.004400325519869713,1,0.5579208614575776,1,0.5,1,0.8784518987552528,1,0.6378122090610361
2_373_u,1,0,0.2703523562032891,0,0.26626170801309235,0,0.46817005678534435,0,0.2722087863474119,1,0.5901146251246624,0,0.4860713506650711,1,0.6048698105936592,1,0.9217076376187816,1,0.6972486197693823,1,0.45029708050955874,0,0.49105531035144395,1,0.6013422663599389,0,0.30415665404999154,0,0.00404434095989195,1,0.5115444706012011,1,0.5787158794348766,1,0.6689298368620695,1,0.5877576872614686,0,0.2757203013409739,0,0.27340726209156513,1,0.5013614718614718,1,0.5332825187950865,1,0.8900854472146104,1,0.5365696241600872,0,0.28352152376992146,1,0.5920646805316563,1,0.51734520140582,1,0.609071526720821,1,0.9223140842965117,1,0.6906939179907176,0,0.465955010263334,0,0.17187841749067126,1,0.5533333333333333,0,0.3087845816445605,0,0.4179686365424641,1,0.5014951235994065,0,0.46629589759411544,1,0.6784344409311398,1,0.6441917060481357,1,0.5353022256031109,1,0.9117997222299439,1,0.5359201323685835,0,0.4743446639873187,0,0.219801398196963,1,0.543697458021284
2_374_u,1,0,0.3360911240911897,0,0.4778787983184068,0,0.38083201070240746,0,0.31836843743942506,0,0.3842967797816812,0,0.4291134945885842,1,0.5344617956145795,1,0.6819221649260572,1,0.5030908795816689,1,0.4466377680473912,1,0.50073962671509,1,0.6508618428862994,0,0.1556666934868407,0,0.1836935618088,0,0.44872147236546545,1,0.4647706909035511,1,0.6359008147226849,0,0.48389348242370384,0,0.3469908905727939,0,0.4896017159608713,0,0.32666150516150516,0,0.4004141426306795,0,0.03309805075670077,0,0.4744961277005938,0,0.3094564140528575,0,0.38329094128227287,0,0.4730328801741921,1,0.5335015690972315,1,0.6887008498342716,1,0.5645536637118013,0,0.36192941843610693,1,0.5963021097912795,0,0.45,0,0.1596684705153934,0,0.35638986439852416,0,0.4216491319993498,1,0.5094776848038355,1,0.6451455887990764,0,0.42764068528820404,0,0.4019664684874127,0,0.032034464322328815,0,0.41,0,0.3625085942699534,1,0.576320643779141,0,0.4672387515544244
2_375_u,0,1,0.5116254591600563,0,0.4183720964304916,1,0.5249090458580189,1,0.6242034072531101,1,0.8630516877658285,1,0.6387314990729771,0,0.380446669098584,0,0.31382239887238245,0,0.40006729130564167,0,0.48943252831761636,1,0.5728907275602158,0,0.44993029781957045,1,0.7159764918943841,1,0.9567034941722377,1,0.5724980465621508,0,0.4356966669490269,0,0.27267566337715415,0,0.41586215339867655,1,0.5476843639926239,0,0.4774720237109445,1,0.5363809523809523,1,0.7395557676451003,1,0.9700157718925984,1,0.5323503311099096,1,0.6724474961202961,1,0.9105296980808084,1,0.5959441037093002,0,0.40106003352467445,0,0.3725171949484878,0,0.3830310998004267,1,0.7051397095791972,1,0.9632153093982696,0,0.48317489465513414,1,0.7309448080790306,1,0.8471695133099912,1,0.6038763681005291,0,0.4837335149394087,0,0.3422726267268845,0,0.44792239852348026,1,0.7568082510222331,1,0.972120038879711,0,0.4739569860918001,1,0.7200409813807493,1,0.9724969566859086,1,0.5690797787081028
2_376_u,1,0,0.23317387218375948,0,0.40286436275121196,0,0.36842584712757814,0,0.23672237304691812,0,0.08564733756253892,1,0.5008234285066295,0,0.4005888656369925,0,0.47891020783532706,0,0.40862783484484716,1,0.44796069628665747,1,0.5030436863344635,1,0.5107570305479483,0,0.2778527699747744,0,0.13861475566243975,0,0.47669028851616885,0,0.3400334010627712,0,0.4846101223350993,0,0.353942239294352,0,0.22979121752847081,0,0.4084423655536835,0,0.4783874458874459,0,0.3592388102718067,0,0.06987193698734356,0,0.4619987690985038,0,0.2443169901397906,0,0.08597725098134126,0,0.49075236153564833,0,0.4084958042557535,0,0.48390853539274475,0,0.3625886108107207,0,0.44335515304152384,0,0.4804449110286358,0,0.4833009708737865,0,0.2791261158470347,0,0.31454764999514295,0,0.49851467594726767,0,0.4098249636694212,0,0.48701099564534395,0,0.42504984853389394,0,0.35422298103879923,0,0.08895354417698234,0,0.458,0,0.4367274219819272,1,0.5047123400990459,0,0.4885071791577866
2_377_u,1,1,0.5324257163673121,1,0.5290558607542448,1,0.5157485519644147,0,0.18847575717095402,0,0.19143174781141328,0,0.33203882271009477,0,0.33802619788874083,0,0.38275895510646646,0,0.4674689576320702,0,0.4419671418620512,1,0.523270629191323,1,0.5962539643623741,0,0.1487386288162327,0,0.1325085928512942,0,0.39878315753158045,1,0.46621903003472726,1,0.505005385974963,0,0.4854657750047084,1,0.522636849800005,1,0.5401291706853169,1,0.5396269841269841,0,0.07317221034433723,0,0.21758258373335393,0,0.33506416440139986,0,0.19789104335830984,0,0.1914170002179131,0,0.35829344928631585,0,0.34536015136420933,0,0.38801553419043705,0,0.47572637040332105,0,0.1335935129248071,0,0.15169826261210714,0,0.31666666666666665,0,0.155962317301384,0,0.25115749846398716,0,0.3934597008875135,0,0.49398056407495833,1,0.5050428009672921,1,0.5688147792561268,0,0.0797828178574359,0,0.26245300804205307,0,0.33798275862068966,0,0.13769864607216284,0,0.18083683243430784,0,0.36836133859267123
2_38_u,0,0,0.15420816721189026,0,0.07078264445563813,0,0.35150731403564406,0,0.23177918546330256,0,0.2267902748586732,1,0.5651254896032367,0,0.33321513538423675,1,0.5193516520842196,0,0.3928436087155022,1,0.4476868517206939,1,0.5275957082269668,0,0.4555834945925652,0,0.2999132047210743,0,0.017765259607407848,1,0.5658824047251797,0,0.23832365195879038,0,0.061605549600485206,0,0.39383747848741835,0,0.1699044789691563,0,0.07627736029606468,0,0.36746869960105255,0,0.33787665992469457,0,0.27290219745592326,1,0.5372114638038455,0,0.2318173463294414,0,0.22663428865836238,1,0.5444056781445312,0,0.33266671974813966,1,0.5267991134660412,0,0.3782361088965641,0,0.3834607445252194,0,0.11388874335205855,0,0.48996296296296293,0,0.3119445253262042,0,0.10845552920949969,1,0.549575090336871,0,0.26273643333663516,0,0.0638062133747395,0,0.4647767669864142,0,0.32229124715576046,0,0.3233403700305662,1,0.569907247047392,0,0.38546848657752547,0,0.14045109945143622,1,0.5407530232067601
2_380_u,0,0,0.3999652594873686,0,0.3333491309882681,1,0.5209864543890173,0,0.19308266320669099,0,0.2195583705077696,0,0.334033713136457,1,0.6027394284972494,0,0.4810383632800131,1,0.6361995152560315,0,0.44530860750291973,0,0.48949293453594067,0,0.30020976658889026,0,0.06190716829074166,0,0.0066174359006725345,0,0.3464611493736659,1,0.6483504954353937,0,0.41955935481650775,1,0.613268491615965,0,0.3827303761009233,0,0.33798838837535433,0,0.4843395354645355,0,0.1928744863920264,0,0.09892891101888251,0,0.31145347639194615,0,0.19025159736199168,0,0.22003346461845957,0,0.31928481240981244,1,0.5779162708112311,0,0.47927725541771,1,0.6081261764545103,0,0.12751801005243857,0,0.03141043705312465,0,0.39,0,0.0612044241964439,0,0.16255436063337114,0,0.32940227422226354,1,0.6844940416099564,0,0.41818975955736043,1,0.6285948183994697,0,0.19918712499611177,0,0.1581836363746907,0,0.38195698924731186,0,0.13476729273666077,0,0.04220063422522462,0,0.36891621512409417
2_387_u,0,1,0.5123210762357288,1,0.5638167981561566,1,0.5172214457604681,0,0.01968010874122201,0,0.1991243457941481,0,0.3268905365889218,1,0.5674936979986386,1,0.6575895171916459,1,0.5561765425771519,1,0.4500261171812975,0,0.4945173345296438,1,0.5286035484235937,0,0.0913752685350552,0,0.05359521360343126,0,0.3229948260427768,1,0.6561949633128903,1,0.7427906176885247,1,0.5716031123219721,1,0.5272649302430134,1,0.5531481563161418,1,0.5104617604617604,0,0.06879629170673107,0,0.003574703601374104,0,0.37897591716334667,0,0.019648069634059028,0,0.19898448183096387,0,0.2947995816243003,1,0.5704638108297052,1,0.6583271808423606,1,0.5851327504655794,0,0.17927896485530886,0,0.033778960955982096,0,0.4365740740740741,0,0.08875656527158944,0,0.19446983617472485,0,0.37743724214365304,1,0.6901784823332381,1,0.7399952875552122,1,0.5387183377335771,0,0.0690518687992488,0,0.004742244475098801,0,0.3957397478680015,0,0.1765938256322731,0,0.03436126039968013,0,0.4183599892677813
2_388_u,0,1,0.5822720086646203,1,0.9054001141923218,0,0.4274122275366977,0,0.1779412391328293,0,0.22963794025338588,0,0.4551964386150401,0,0.30698243375703155,0,0.46848177971261606,0,0.35175874896543,0,0.44154814338080733,1,0.5317725139991157,0,0.3013102596255613,0,0.28221496560410375,1,0.7743111136398094,0,0.48776031040391316,1,0.5078856424333571,1,0.9122008660016223,0,0.38586582171470707,1,0.5801512402956782,1,0.9037164125291094,1,0.5314007936507936,0,0.17032873441890298,0,0.12470303920301846,0,0.4356884319698468,0,0.18329721388133702,0,0.22890979508441148,0,0.4468029213505764,0,0.2835190870156808,0,0.46153209270971846,0,0.3217441240567145,0,0.37154731353912357,1,0.6692217556755752,0,0.39,0,0.28824230914114773,1,0.6445336401748619,0,0.455802585927645,0,0.4929741249560548,1,0.9076310952262384,0,0.4093734166030506,0,0.1719897705504747,0,0.0913720159878413,0,0.4539644128113879,0,0.3702773605610993,1,0.6023547003248193,0,0.43343926549050166
2_389_u,1,1,0.6482114788440307,1,0.6809298478895123,1,0.5712049668843622,0,0.4142947055761964,0,0.39208052926765946,1,0.5763774752767321,1,0.6183159479784366,1,0.7047949622495153,1,0.5200147381372595,1,0.5636555236325484,0,0.47578139499549915,1,0.7062485690526714,1,0.715664468812149,1,0.5948103438818685,1,0.5761566550611801,1,0.8277177384182502,1,0.8422898683897225,1,0.61975003161309,1,0.6676198113511063,1,0.5851677186415869,1,0.5745862193362195,1,0.6864237252551884,1,0.7288171429754505,1,0.5649423810983208,0,0.3680703548181183,0,0.3340649426975919,1,0.5610643607836767,1,0.6167780464428521,1,0.6697876680984779,1,0.6133307496995792,1,0.8532333448622307,1,0.8534432531398848,1,0.5533333333333333,1,0.7110898331134331,0,0.2406863044481172,1,0.5556434147592192,1,0.8255324555699227,1,0.766623753851406,1,0.5911366307814174,1,0.678027609774979,1,0.6699642623930829,1,0.6156367481841007,1,0.8510246271373713,1,0.7542222808873108,1,0.6381846121932391
2_39_u,1,0,0.2504732877088694,0,0.2852622232047205,0,0.368900092346059,0,0.14956990661611477,0,0.056164314648610644,0,0.37411781746618983,1,0.48776955660414567,1,0.5784303293998424,0,0.46198879855377584,0,0.4421347383142032,1,0.5068202707288271,0,0.40746842474011835,0,0.0948763869641121,0,0.011255689923773298,0,0.30980813546229874,0,0.3022451678432802,0,0.4059512267287211,0,0.40173254912161,0,0.23760070141138304,0,0.2786343737609119,0,0.3489246031746033,0,0.2953359450958959,0,0.02505078451499034,0,0.3460293816751337,0,0.15611089155996474,0,0.0560372344377341,0,0.32357955549644296,1,0.5,1,0.5725213578781786,0,0.4237443671066624,0,0.1664030795920099,0,0.028560840780063743,0,0.36666666666666664,0,0.0966630507605965,0,0.07364384673483501,0,0.3995139709255515,0,0.3392154837153073,0,0.39300936890700783,0,0.40250301762829044,0,0.304343354254314,0,0.02953233031205994,0,0.3418549641290405,0,0.1718595267713777,0,0.03258136159060419,0,0.36163496434442927
2_392_u,1,1,0.6619555418197084,1,0.7366522241724638,1,0.6103034255948782,0,0.4269203855708546,0,0.18658472380903512,0,0.4423214736769653,0,0.3655404448448509,0,0.43557460861346486,0,0.4784159737032656,1,0.4598126888963797,1,0.5310879297668079,1,0.5829427352583779,1,0.4297603984984569,0,0.027326773574693937,0,0.47316312777987113,1,0.5906158603012064,1,0.7606390944666294,1,0.5297984904460902,1,0.6498127391087375,1,0.7441984429605325,1,0.6319805194805194,0,0.28164626173999197,0,0.015188301894230606,0,0.44130868838672105,0,0.4054126500335943,0,0.18695081967371274,0,0.452515790348192,0,0.3487598919079662,0,0.4361735885385046,0,0.4331010269244855,0,0.34824637847677337,0,0.03278509439643798,1,0.5132967032967033,1,0.43194238309063854,1,0.6355803178510177,0,0.49954653539461236,1,0.5557881383610328,1,0.7657781988492361,1,0.5628949001050203,0,0.26637433689897133,0,0.009457558308477255,0,0.41399078341013823,0,0.3392322947723457,0,0.02201221930022282,0,0.46915194552672257
2_393_u,0,0,0.4341844112345459,0,0.41621326827829275,0,0.44818272694138594,0,0.2244501441342099,0,0.08337467771135612,0,0.44787123592870287,0,0.33544877774719967,1,0.7250013833171871,0,0.45343270522946455,1,0.44593899341346144,0,0.4445035798483738,0,0.174140909825788,0,0.2398803183327863,0,0.1395204128292493,0,0.41150971544503345,0,0.39319672746088935,1,0.5463663557300636,0,0.47391067127948316,0,0.4402658808954908,0,0.399108178258055,0,0.4653080808080808,0,0.30994884425785324,0,0.16897581876550818,0,0.4616121788150092,0,0.19964772906465114,0,0.08298087705839574,0,0.39664432095583,0,0.3326252226366602,1,0.7220488953408944,0,0.4466728657209737,0,0.34876647315722864,0,0.3568277430766525,0,0.42329629629629634,0,0.23102460621256252,0,0.2735468629480832,0,0.439261079902108,0,0.3673440528577922,1,0.5460152616408293,1,0.5177898630148917,0,0.29667623591062275,0,0.09821827696538746,0,0.392,0,0.33866069259845444,0,0.25932827068569,0,0.45309321978459477
2_397_u,0,0,0.3508279045635164,0,0.21989814889208115,0,0.453597255848117,0,0.2588285047423066,0,0.41254493743314447,0,0.49304661292553636,0,0.2981903776465597,0,0.17395792910040003,0,0.3586451465142104,0,0.44420387312787574,0,0.3987116284122427,0,0.25132759834910423,0,0.3440529088962125,0,0.25045475793054667,0,0.49338413086319793,0,0.22641473159328532,0,0.061638273912483,0,0.38,0,0.34597760788238385,0,0.18118774092362477,0,0.41600962925962925,0,0.27780988231702747,0,0.0046167922752138706,0,0.4772066714678341,0,0.2513890249871009,0,0.3195568246487624,1,0.5260981662912492,0,0.2944736576417771,0,0.14160078618446909,0,0.35179638881746766,0,0.2742143014098607,0,0.014430063923680127,0,0.43666666666666665,0,0.34107451815074585,1,0.5537618955988742,0,0.4734135096056565,0,0.25547858923467015,0,0.06705709038867572,0,0.4202931733721511,0,0.27276771124121496,0,0.004640850014069564,0,0.4719081915765209,0,0.2706433795723169,0,0.016405115938700136,0,0.4841326330863412
2_400_u,0,1,0.5276371711753441,1,0.6605373870745829,1,0.5740183272440027,1,0.5519128221228656,1,0.6554929981588584,0,0.46123772150737785,1,0.7049127406216,1,0.7135399996539776,1,0.7704500357869186,0,0.4429411396787787,1,0.5134902523415972,1,0.6221943509076681,0,0.30593206587751576,1,0.5360147230015871,0,0.47851631355111285,1,0.757297718727677,1,0.7436090572921111,1,0.689343925636033,1,0.5184460035201215,1,0.6625619422362641,0,0.4804469696969697,1,0.6405165159945153,1,0.900282656424954,1,0.5626415261024641,1,0.5290369991241569,1,0.6545200622737632,0,0.48306581685125355,1,0.7061069794679798,1,0.719531080925733,1,0.8045358328413583,1,0.5738866870648366,1,0.8270427248226951,1,0.5332596662596661,0,0.30936587372598406,1,0.606786981122793,0,0.4791240747559068,1,0.7349350768573666,1,0.7468209235973954,1,0.6705737353115443,1,0.6264980813515212,1,0.8853206383808441,1,0.5379569892473118,1,0.5653014452722861,1,0.8229775142060208,1,0.5230740726114474
2_405_u,0,0,0.33163938458021686,1,0.5043688440330899,0,0.4911366565336808,1,0.5106711912765733,0,0.425493248936174,0,0.3894102200878458,0,0.35113645170233265,0,0.47229960461418713,0,0.35641120798473297,0,0.44900538978243854,0,0.42572838179288774,0,0.32353877017951366,0,0.23277940870184075,1,0.5876800072123318,0,0.4715657122155231,0,0.2607372339946063,0,0.3918430563099121,0,0.43691851833629897,0,0.3220060605130168,0,0.3821789401418688,0,0.4533033910533911,1,0.5360951165759833,1,0.871311288227905,0,0.3875495554640293,0,0.49081024098797,0,0.3812371666203682,0,0.4257810790584342,0,0.33521651140332076,0,0.40630511875757236,0,0.33134638034073627,0,0.34744055450899053,1,0.7180814424007719,0,0.41333333333333333,0,0.22427224834609646,0,0.38889967659758995,0,0.47846137515185616,0,0.2939353933301662,0,0.3448321704493533,0,0.3941031852984008,1,0.5225054148310139,1,0.7644032798253027,0,0.3819895287958115,0,0.3423952154331406,1,0.6504281684991696,0,0.39753124481213986
2_406_u,1,1,0.558320811527985,1,0.7000218613787182,1,0.5528391283521321,0,0.2804747117403182,0,0.2987018526634826,1,0.5252021710335921,0,0.42665421646317714,0,0.3726949743846475,1,0.5223203909765335,0,0.4234283231587062,0,0.3572545951285055,0,0.32226109107590767,1,0.4871139744731455,1,0.5833249553996737,1,0.5271562577225627,0,0.485636862884685,1,0.6451301124495262,1,0.5354411667809144,1,0.5258336230349605,1,0.5995104367932759,1,0.5505364912864913,0,0.38828082095414845,0,0.11512795285000983,1,0.5226321911530282,0,0.2602065952711033,0,0.23862181622178993,1,0.5405915685647904,0,0.41730020852077465,0,0.2665115594881002,1,0.5306660310649075,1,0.5229586648528537,1,0.516931577843042,1,0.56625,1,0.4654829859958564,1,0.5391418589089334,1,0.5449476601604697,0,0.4598625361683114,1,0.5836665323849102,1,0.5395627395099283,0,0.40720701907133994,0,0.0979160063315013,1,0.5359608405410112,1,0.5186918309678474,0,0.479655161264761,1,0.5675833773737184
2_407_u,0,0,0.189133544002989,0,0.07659251398313305,0,0.33508240876912354,0,0.3959759256029373,1,0.5706289286004689,0,0.43531300365256875,0,0.34517266712623157,1,0.6480291424118385,0,0.33227316175326993,1,0.5352752815952692,0,0.4909522692761641,0,0.30027471366887587,0,0.05947178559741484,0,0.002313784702381216,0,0.3382925917274598,0,0.24560830156109323,0,0.12658822994582358,0,0.32595238095238094,0,0.17620088026468142,0,0.08147282366113637,0,0.36936904761904765,0,0.1135324984623996,1,0.7697911029684251,0,0.3927851558550256,0,0.367039276993373,1,0.5078863213896031,0,0.3992581889334703,0,0.3517069272210604,1,0.6424762682380117,0,0.32611343406006893,0,0.06642903079474033,0,0.003571584513262596,0,0.3466666666666667,0,0.06090129742124644,0,0.14805845324278924,0,0.36408640162210937,0,0.23636140005402856,0,0.10814940354944629,0,0.31215356232936836,0,0.12006322560380756,1,0.8549899291869311,0,0.364,0,0.0672688127541368,0,0.004110802505419365,0,0.3565446895267635
2_408_u,1,1,0.48346038521720575,1,0.5462104160399429,1,0.5022299158561156,0,0.4031248170404722,1,0.6076884217370334,1,0.5347867374598726,0,0.415845558675397,1,0.5343928275968333,0,0.42008034697054586,0,0.4453442526335675,1,0.5272428525808072,1,0.5656075058843808,0,0.3410132646813016,1,0.9575437392351854,1,0.5103951470843525,1,0.46154245476721745,1,0.5229639383172725,0,0.4734750298002549,1,0.5,1,0.5592374380884685,1,0.5722777777777778,0,0.3513625992578659,1,0.7267938583438714,1,0.5029281492394372,0,0.40013358008920763,1,0.6070421475242459,0,0.48578182836457756,0,0.40799191581457345,1,0.5398316642390192,0,0.44922901457783554,0,0.44931939577859487,1,0.9333848426724255,0,0.4798799182422075,0,0.35277619512236746,1,0.5269586725863288,0,0.49691177117137564,1,0.5253170102898194,1,0.524329402734453,0,0.47517950051749636,0,0.3473203292926287,1,0.7541175770322376,1,0.5038771216158953,0,0.44862028059949505,1,0.9431610960641862,1,0.5357656890853452
2_409_u,0,0,0.27254543150444854,0,0.21294336804123973,0,0.3451645286068679,0,0.10360145125160249,0,0.44248174039900723,0,0.4686401477906674,0,0.3439243344980148,0,0.4381026271162767,0,0.401497735454343,1,0.4587053647676114,1,0.519390725962232,0,0.22584169135987384,0,0.11175153955007659,0,0.35640535607361407,0,0.4585792188488158,0,0.2512362621119443,0,0.37192716584638,0,0.3957426344583689,0,0.2585385892442129,0,0.2178365866188735,0,0.37655627705627703,0,0.4385364834593185,0,0.08574988238868293,0,0.46578606914015797,0,0.09336350468568716,0,0.44224900756200775,0,0.3951945823560565,0,0.34192234923553766,0,0.44363026344919676,0,0.39699443513148985,0,0.20261109887796083,0,0.31871253096011337,0,0.36329629629629634,0,0.11273235549972123,0,0.3474371829150736,0,0.4537257534144188,0,0.2547487918304495,0,0.37105507969567564,0,0.3732603530809106,0,0.4385184565598592,0,0.0865214038779349,0,0.41,0,0.19872017359051203,0,0.2984444303314247,0,0.41916722848930976
2_410_u,1,1,0.5,1,0.5571454446130799,0,0.45118772151103614,1,0.5506578031427984,1,0.5446787716216225,0,0.4724203705431818,1,0.6501526296705202,1,0.6231296810456332,1,0.6339640650349831,1,0.5576830465931737,0,0.48403925056720265,1,0.535113486979497,1,0.47404761914442695,0,0.29798699830317704,1,0.5059011797243245,1,0.547291324721576,1,0.7288274122497688,1,0.5575614161846478,1,0.5,1,0.5802053989223448,1,0.5324206349206348,1,0.5508446788414305,1,0.9063425827459601,1,0.5543781285615785,1,0.5170309069159585,1,0.5693440076835906,0,0.474624434630363,1,0.6386827716360831,1,0.5922190072826787,1,0.6047709274543197,1,0.5911224011341537,1,0.9171713025089341,1,0.569963167587477,1,0.4761920047545896,1,0.7606166437336791,1,0.50763683303187,1,0.5846620450360388,1,0.7071253452751088,1,0.5877783451171714,1,0.5415137702681015,1,0.9148044752617192,1,0.5059826086956521,1,0.5890139304976882,1,0.9347741418920461,0,0.4854056515634604
2_415_u,0,0,0.3220928325186976,0,0.14395952977723178,0,0.43954803327329905,0,0.23636653928127185,0,0.2723205744683444,0,0.4607020683675146,0,0.4154459826140993,1,0.5910162164804689,0,0.46165072226622234,0,0.48689532388289675,1,0.5911226101194196,1,0.6617492969221599,0,0.15250926506865253,0,0.004264918446332332,0,0.48673090699394456,0,0.30381811304816353,0,0.12511759173856846,0,0.4478199158417705,0,0.31307280947721683,0,0.2097058203975737,0,0.4692568542568542,1,0.543347351794217,1,0.7818881658849985,0,0.4735817453696345,0,0.27220574204827874,0,0.3540528318055406,0,0.46232457778804575,0,0.4414216934593508,1,0.6279058255797885,0,0.4857834220079997,0,0.261521261940181,0,0.01779017890629252,0,0.5,0,0.15784258962516884,0,0.23925131293378238,1,0.5141772758736678,0,0.3306639561279531,0,0.20399316227010456,0,0.45539646183803983,1,0.5601156270434764,1,0.727948176833893,0,0.45753360022577005,0,0.2678159867141886,0,0.01773913829129818,0,0.4939728272804349
2_416_u,1,1,0.577407250717009,1,0.7632645360393177,1,0.5707363739119523,0,0.18673286132441894,0,0.08654835482284613,0,0.32931742528969604,1,0.6588273174246715,1,0.6815593487711574,1,0.6678229153982901,1,0.44605361796297455,1,0.5234780784913192,1,0.535215528397147,0,0.12074476579874946,1,0.7196548502647601,0,0.36354889070382085,1,0.7281630069637,1,0.8100278364327971,1,0.5675411428005763,1,0.5712883154408769,1,0.7744270499621894,1,0.5273805916305916,0,0.1329872470897412,0,0.024019540881168342,0,0.3578660779705302,0,0.18916760315840772,0,0.08653652088712671,0,0.3678937600495954,1,0.6549734638476218,1,0.685936290745255,1,0.6430887545145879,0,0.23608968417141524,1,0.8220024112758259,0,0.37,0,0.12338321664131342,0,0.37516550918078284,0,0.4021356481757536,1,0.6990669781615981,1,0.8129002891497716,1,0.5669421710249363,0,0.13653787019363975,0,0.029673898093194446,0,0.362,0,0.23885945177949525,1,0.8442998814512389,0,0.3967436841631121
2_420_u,1,0,0.3472096495113038,0,0.37663214638775505,0,0.4465404518962798,0,0.07032109780235403,0,0.18103088473662957,0,0.39015389169484005,1,0.48578783990116275,1,0.5581328701863479,0,0.4629071954764761,1,0.4483279479009561,0,0.49297227577228037,1,0.5477863973730055,0,0.10287948470903312,0,0.27159229537946217,0,0.42210976013686013,1,0.505578145759814,1,0.6637418284728202,0,0.4008531616030007,0,0.3416185355451377,0,0.3811094668204547,0,0.4280234487734488,0,0.3892532534924031,0,0.03360243223078492,0,0.39745288829307085,0,0.06012448731152841,0,0.18131517449113493,0,0.3496059553744345,1,0.49261898189650155,1,0.5657932136737793,0,0.47626075141567714,0,0.37247441938772813,1,0.6762854036708652,0,0.42659726717008273,0,0.10318566984567407,0,0.29227750494295307,0,0.41890421579357,1,0.5176634934903771,1,0.6659314927589626,0,0.45062976977648894,0,0.35830733900695705,0,0.025798695555612892,0,0.4339300780474394,0,0.3705101060873483,1,0.7139358848644352,0,0.44334857961869234
2_421_u,1,1,0.4472596736567765,1,0.5536627857040358,1,0.5010709721778186,0,0.08504532083612171,0,0.021407416128591997,0,0.25965556110556115,1,0.6274057119334403,1,0.6497390587312442,1,0.6753109839160686,1,0.45224034926824136,1,0.5024796846521666,0,0.49161848443541656,0,0.08835582592332678,0,0.2123704246933064,0,0.32222294808660157,1,0.5940899322146894,1,0.7543652966824366,1,0.5735609652946811,0,0.4335971605663765,1,0.5549997010601655,1,0.5181965811965812,0,0.07427231793690724,0,0.01535912749445188,0,0.28290744689738434,0,0.08923251619854955,0,0.021473068865111977,0,0.27493784766852425,1,0.6403146993381734,1,0.6507524803105615,1,0.6956600977048438,0,0.09225463618110841,0,0.23195710696575206,0,0.33666666666666667,0,0.0890143390145374,0,0.032235537631832525,0,0.3102385222052068,1,0.6334478436504362,1,0.7544073408227512,1,0.6059927160342901,0,0.07852451099148383,0,0.0165722951010906,0,0.3015569892473118,0,0.09360938830516755,0,0.2167243922447182,0,0.2962157694387093
2_422_u,0,1,0.5243486839010411,1,0.5492925842735107,1,0.5073012256745612,0,0.302619407725444,0,0.42579809282610315,0,0.47821687765939,0,0.43369447011060747,0,0.3206413249111651,0,0.4711757932735098,0,0.5246978251359184,1,0.5325972328919825,1,0.6290412681822437,0,0.4082652378496504,0,0.32265232391749055,0,0.4836461580893869,0,0.4631354294153379,1,0.5460543362538287,0,0.42998888888888886,1,0.5405557887064059,1,0.6244699170057609,0,0.49981746031746027,0,0.23450869384655976,0,0.05739031567850907,1,0.5058401682115335,0,0.34164807818878695,0,0.43852210812801606,0,0.42997449860797626,0,0.42734385961995275,0,0.3198115645631975,1,0.52635183992715,0,0.3619893232636844,0,0.23441271313633358,0,0.48,0,0.417543422164817,0,0.40639511377706394,0,0.49302235547570666,0,0.41676513738402204,1,0.5609658431285239,0,0.47020117974669545,0,0.2361569002341836,0,0.09048062125960633,0,0.4719724770642202,0,0.3708851683044258,0,0.30237341661070355,1,0.5160138419150061
2_423_u,1,0,0.4591295356074713,1,0.8385028982456688,0,0.4979753922181865,0,0.34547664050353044,1,0.5933986172614871,0,0.4310451294768091,1,0.6250112071346423,0,0.42838404747172715,1,0.6085116821346284,0,0.45885212045125734,0,0.4706141906780232,0,0.4089267573166098,0,0.3042149315671997,1,0.9212376592635695,0,0.37092968261911397,1,0.570921012340417,1,0.8025035765045854,1,0.539780134996592,0,0.3937532715705301,1,0.8015713202938747,1,0.5368886113886113,1,0.48883267068723707,0,0.4101090246086164,0,0.46050190120089657,0,0.3601944149316784,1,0.6009289643293706,0,0.46510100202741633,1,0.5601381300816392,0,0.3561748096237591,1,0.5720236208274536,1,0.5180313332776132,1,0.7612594224698176,0,0.4699666666666667,0,0.2832403386461726,1,0.7657869036571234,0,0.45378145514428825,1,0.5742232250492582,1,0.7826901402647852,1,0.5490283044290757,1,0.5181359880473599,0,0.40685202400548603,0,0.477928846382793,1,0.4832705410987139,1,0.651314262028535,0,0.48350119637387284
2_425_u,0,0,0.4083466675950727,0,0.4557557935285433,0,0.39925819485594405,0,0.17006784323068544,0,0.22736994672982994,0,0.38320947672309386,1,0.5,0,0.43975520918354494,0,0.4663630185463566,1,0.5324782390390348,1,0.5096959570076324,1,0.5451015895316061,0,0.27295506152075694,0,0.00716226980828634,0,0.4045381944730937,0,0.3735764090991644,0,0.3520311521911782,0,0.4218777451556078,0,0.4433017729040693,1,0.6432952613428671,0,0.34166422466422475,0,0.1809351466028128,0,0.015379306116207324,0,0.4003955685803467,0,0.1687035177040823,0,0.23314122180114977,0,0.4567515307109458,1,0.5053475957892676,0,0.47670511390299497,0,0.48607678810834015,0,0.19762484481645978,0,0.0012671252569526922,0,0.44333333333333336,0,0.272020900180162,1,0.6253949048752967,0,0.4244264881480431,0,0.3934613011329583,0,0.49468572154854423,0,0.48861312851659056,0,0.18213143657827008,0,0.01926511540370794,0,0.38598165137614676,0,0.20939901673547612,0,0.002920376527753846,0,0.4056511420319491
2_426_u,0,1,0.6430041958479971,1,0.5608797629427205,1,0.5768704027720167,0,0.3648329297045655,0,0.16216653869078665,0,0.46737293954979403,1,0.6024031790901708,0,0.408568957950405,0,0.4783044746477471,0,0.45710285838241704,0,0.42120436796476457,0,0.43549493861242633,0,0.3841024270129289,0,0.06013286173510966,1,0.5182675599243912,1,0.7299571574467938,1,0.5356646641706699,1,0.5432295364385548,1,0.6208400392823473,1,0.5094533112422431,1,0.5435743145743147,1,0.5529913709139265,1,0.5658375401948456,0,0.4984003492702906,0,0.2830023517016338,0,0.11461509770255024,0,0.4049048645836814,1,0.5507250587379575,0,0.3502886740418672,0,0.4436388740957376,1,0.5753961505111862,1,0.7034230181123439,0,0.4498861788617886,0,0.3471962823425375,0,0.14244895074162547,0,0.4913952936744162,1,0.733858945282078,0,0.497134751238725,1,0.5393957356902811,1,0.5279383758923784,0,0.4521514127455406,0,0.466,1,0.5451047771884768,1,0.5258948580601621,1,0.5213415606987122
2_428_u,0,1,0.5174946235276532,1,0.7862986025156543,1,0.5428067574015194,0,0.15040117858177784,0,0.4141130013927703,1,0.5303620787633665,1,0.6548156324875603,1,0.5743977214870105,1,0.6688455814436463,0,0.44451335411321324,0,0.49983383305149454,1,0.6649026108395015,1,0.564166342382249,1,0.7145528842333136,1,0.517139340784241,1,0.6574841551224899,1,0.9193797116603689,1,0.6016301381035564,1,0.5,1,0.7783808528559302,1,0.5426059218559218,1,0.6575673558434625,0,0.3259796813982472,1,0.5622313239858476,0,0.15880172998750636,0,0.4133651874932791,1,0.5668556733716019,1,0.6604138181742395,1,0.5752386647410807,1,0.6689818513892386,1,0.7713132450879304,1,0.8645212081802809,1,0.5566666666666666,1,0.5692497316965803,1,0.5535911118351995,1,0.5325647937605192,1,0.7075022159712351,1,0.9191152581697067,1,0.5533488974738024,1,0.655595866208912,0,0.34387701036041046,1,0.6039124562218185,1,0.7717851483743882,1,0.8812875821289433,1,0.5633211817781645
2_43_u,1,0,0.38743232128342336,0,0.26701935037932367,0,0.47249893732808473,1,0.6573155049987122,1,0.5977727373493976,1,0.5516321938870886,0,0.3359352727154165,1,0.523614331840756,0,0.4805188037782503,0,0.440002674338865,0,0.49553886931292995,0,0.42686840526029296,0,0.37372092914064814,1,0.6805356937606526,1,0.5256404235352125,0,0.35935074439315967,0,0.2404562405962256,0,0.44988336066029994,0,0.37957436266637795,0,0.25126379847852837,1,0.5465068542568542,0,0.4605813609752858,1,0.9183914212651655,0,0.4947526824260475,1,0.6769454724270947,1,0.5967888200553748,1,0.5435542093140104,0,0.32955114781190076,1,0.5211645139145793,0,0.42778128466523524,0,0.4395050255037168,0,0.32888051297524007,1,0.5399074074074074,0,0.37814291927124805,0,0.37380938538530856,1,0.5377169134762791,0,0.3610831862030237,0,0.22914090234178186,1,0.5468208474841716,0,0.45439301879858346,1,0.9115496184423703,1,0.527827954367466,0,0.4367241690547045,0,0.3241140990767473,1,0.5291445728608338
2_430_u,1,1,0.5097738980209395,1,0.5507525315809283,1,0.5305670323891027,1,0.6885891542586056,1,0.8132556006179334,1,0.5908671629543069,0,0.41533181844795275,1,0.5507851339488947,0,0.4051140309672723,1,0.4559059504998153,1,0.5226890505295657,1,0.5118710725844788,1,0.5531133489394229,1,0.9560419189804334,1,0.5670042244257123,1,0.5234846220016762,1,0.8255079175835378,0,0.451962441314554,1,0.48786347817052234,1,0.5491649674627586,1,0.5121706349206349,1,0.7903337899344602,1,0.9799212598078308,1,0.5451895050063568,1,0.6527167322746742,1,0.812568256091755,1,0.5603744719711311,0,0.4084608450711844,1,0.5560438880587099,0,0.3930132521392592,1,0.7906944874014714,1,0.9928481825848903,1,0.5265740740740741,1,0.5470327880608203,0,0.4871497269896927,1,0.5508245463894839,1,0.5120870788789227,1,0.8201833442529022,0,0.4558949235415522,1,0.770726893714902,1,0.9697532994563518,1,0.508,1,0.7772300064534173,1,0.9901391100967042,1,0.5604109653258907
2_431_u,0,0,0.21363585360128587,0,0.2014960037534432,0,0.39939736929334735,0,0.02474619991107073,0,0.06594519030101786,0,0.29934092710408505,0,0.3973366244865914,0,0.4663255742305001,0,0.36661911748412085,1,0.5731939066508116,1,0.5153610282423082,1,0.6641534369254478,0,0.04005543493022697,0,2.0431081930848334e-05,0,0.3144299785129909,0,0.23816473301309662,0,0.18450217121835297,0,0.3279883720930233,0,0.2115551228984917,0,0.19012549359919922,0,0.41223015873015884,0,0.08729594830089808,0,0.0002550719499598763,0,0.3110087195592787,0,0.025109169852770025,0,0.06367930126716302,0,0.3203158613885346,0,0.41018549359949,0,0.4868524937246966,0,0.35022923016531526,0,0.04315872965795103,0,2.291694844030411e-05,0,0.39666666666666667,0,0.03943691693129409,0,0.02749803540964856,0,0.3867096657104019,0,0.2414531082221477,0,0.19999095744229625,0,0.40556133946950795,0,0.09068075895617721,0,0.00023359961142815759,0,0.278,0,0.04353700545315722,0,2.6185656335626667e-05,0,0.34106280568996283
2_433_u,1,0,0.3681801874520206,0,0.4490562292066108,0,0.4252931646929636,0,0.2988705158839622,0,0.44881567872859984,1,0.5374987865379726,1,0.8245493721892412,1,0.897308595017729,1,0.7719456650891907,0,0.4393060289409698,0,0.49872150514495833,0,0.468319322566359,1,0.41388259347722123,0,0.21779586382233568,1,0.5441302750436285,1,0.8085752772412718,1,0.890457996363765,1,0.6263668165037141,0,0.3729869037858148,0,0.4552326687406599,0,0.3970335775335775,1,0.7521032817505369,1,0.8376368995863903,1,0.6736546263780593,0,0.2958394807409812,0,0.4468437620657684,1,0.538596813524771,1,0.8205564605329289,1,0.8971685854247952,1,0.7978137458590076,1,0.8475510416956907,1,0.9407885952770985,1,0.579981884057971,1,0.4205811411187548,1,0.6307517869251069,1,0.5284886486110206,1,0.8030294709186908,1,0.8913083838608038,1,0.675579659605577,1,0.7326105343270741,1,0.8288300505658324,1,0.5898812250913255,1,0.840945309676728,1,0.9362255393323372,1,0.6172630403989495
2_434_u,1,0,0.2712862253443089,0,0.17393235478452035,0,0.3739317084813861,0,0.42345049233482224,1,0.7781772911625057,1,0.6424723171356956,0,0.42738331156364767,0,0.39789776738744004,0,0.4469564922719272,1,0.44813005946081697,1,0.527720711870086,1,0.55727372650253,1,0.5624745845326585,1,0.9385144000904948,1,0.5686472889901734,0,0.44152524638188473,0,0.13816595156852537,0,0.43359993135634056,0,0.28108382694121403,0,0.1794395963296831,0,0.3872222222222223,1,0.5289277013585486,1,0.5714398925495257,1,0.6124314333773213,0,0.41564133295294864,1,0.7771921150431232,1,0.5891845606690514,0,0.4243551794221137,0,0.4066142396307486,0,0.48456548681419115,1,0.7586972508732616,1,0.8544867642186785,1,0.5556025426187493,1,0.569975167318841,1,0.764974451578885,1,0.5507271808677191,1,0.5284835663901981,0,0.1391314056546449,1,0.5099858466125434,1,0.5303008068345962,1,0.5980748118233761,1,0.5438665549583536,1,0.7637855093934386,1,0.8653245901297588,1,0.5899050405628135
2_435_u,0,0,0.3893982999276265,0,0.41813732084458827,0,0.4479468185950425,0,0.4033241667223826,0,0.31105489437736766,1,0.5391908403217475,1,0.5784127571668972,1,0.5080528229040184,0,0.47255817898584346,0,0.47530793337002875,0,0.480244274670734,0,0.46707612955929734,0,0.38422071632123467,0,0.09445829028240901,1,0.5569278549253803,0,0.42165228394021403,0,0.3836800439271991,0,0.49995667285561285,0,0.3699119339866402,0,0.36203660050460174,0,0.42601348651348653,1,0.5449294919611953,0,0.3087911311774741,1,0.5339707530436261,0,0.37078722445347384,0,0.28712862413353096,1,0.512562551729802,1,0.5636846255871505,0,0.4962793671784937,0,0.47439377471535815,0,0.36485720206595024,0,0.023265315191540525,1,0.5866071428571429,0,0.3606338774053149,0,0.3519374327352905,1,0.5516808771168789,0,0.40660470226410006,0,0.3746773064369017,0,0.43951405392440146,1,0.530579230646765,0,0.23677128606289372,1,0.5839800995024875,0,0.3512189454044911,0,0.01775714126722235,1,0.5863780996133964
2_437_u,0,1,0.6361946481151134,1,0.8239553201659808,1,0.5449214975715525,0,0.2407551276962612,1,0.6100951646767198,0,0.42239561005751325,1,0.48534538297931096,0,0.43096402170518927,1,0.6055382861534536,1,0.44595325767212257,0,0.48693177479469457,1,0.5541859398526484,0,0.33529467608385005,1,0.9449186779117844,0,0.47097548408811973,1,0.7184910295005644,1,0.8590076644009241,1,0.5931612380742174,1,0.6470524660187421,1,0.8249851945466715,1,0.5522380952380952,0,0.319601777116804,1,0.649906314626874,0,0.4795874572383687,0,0.24029175609561354,1,0.6107595706476944,0,0.43156278085759897,1,0.47958161384577863,0,0.42746022311775145,1,0.5489246067836285,1,0.5981545792408012,1,0.9636806512292709,0,0.45565953973562673,0,0.33616862520565705,1,0.7815963277275562,0,0.47504452984471357,1,0.7987179758340274,1,0.8622669685623939,0,0.4658298583713068,0,0.3286433277299962,1,0.6353015532638203,1,0.5049122938841561,1,0.5983638967435961,1,0.9621996339752976,0,0.46652773458184543
2_438_u,1,1,0.8352392147384781,1,0.7557539299391155,1,0.6365504607852251,0,0.13964432152578976,0,0.10703124592016662,0,0.3571538655750039,0,0.4469342261027457,1,0.666595972972127,0,0.4009568337275046,0,0.44211232122212846,1,0.5044294770025016,1,0.7268711054650322,0,0.2939004365212926,0,0.01565619007905101,0,0.39346197226893825,1,0.5855589666248896,1,0.8554810293374355,0,0.4758232173255662,1,0.8543030585881547,1,0.7624478194994919,1,0.676209346209346,0,0.4749210354655099,0,0.057031952072662956,0,0.4109351922575177,0,0.13521994868887952,0,0.10716505469110095,0,0.41870873739371905,1,0.45358267357911325,1,0.6699247199963858,0,0.3897280008888964,1,0.5663481297700231,0,0.44445728952133,0,0.40664670658682633,0,0.29957062234766546,0,0.1673581084346615,0,0.45401222056408813,1,0.6643379745025363,1,0.8581262386566368,0,0.4990735660960439,0,0.46405984557579294,0,0.043059064219044804,0,0.42784441473695134,1,0.5685529965629196,0,0.440468096315994,0,0.4441681737592167
2_439_u,0,1,0.54423056069479,0,0.362407538747002,1,0.5308050045760371,0,0.08889633005372058,0,0.4630437076387794,0,0.43014505750999615,0,0.25531260776953785,1,0.5192768704087803,0,0.3863837618221675,0,0.4662846759992254,0,0.38031283425493195,0,0.3867037142942293,0,0.2342758714010635,0,0.4452947413735037,0,0.4582231183529384,0,0.22906985539574018,0,0.15180577440144144,0,0.392,1,0.5203668129294654,0,0.35641655325101995,0,0.4704918137418137,0,0.16228015754635544,0,0.4452523304814089,0,0.3487579815298585,0,0.0717363591144378,0,0.41408712923998936,0,0.3974603298090679,0,0.25537462528608795,0,0.43700975003363174,0,0.37369910771874426,0,0.15034835307271338,0,0.1478192133359392,0,0.41,0,0.21728656244417,0,0.46480396011282826,0,0.46244523064822307,0,0.22715122200056695,0,0.1433359847368862,0,0.324719122723155,0,0.16140875858923986,0,0.4105851900279143,0,0.372,0,0.14825399089724392,0,0.1471431902789068,0,0.4013893907604682
2_44_u,0,0,0.36085154630556227,0,0.43433611605114236,0,0.4364733522414907,0,0.15821317501737842,0,0.20966998589102048,0,0.35173072299259717,0,0.4645203986607005,1,0.5039152083156263,0,0.4456813951169841,0,0.4737604890858466,0,0.3681298854793846,0,0.3917376198834399,0,0.11143654614949189,0,0.07686335996225764,0,0.38464598723298876,0,0.47467105385804165,0,0.44287492892993624,0,0.44798989898989894,0,0.32998882946106406,0,0.3373184359706333,0,0.3729285714285714,0,0.407134990784644,1,0.6326720244439138,0,0.39571267955661527,0,0.12535759973712704,0,0.134122087134453,0,0.32605461500903105,0,0.4288392026134257,0,0.40984193756194964,0,0.44833209823591696,0,0.3042834525919504,0,0.40344090932115506,0,0.43,0,0.09763255400804072,0,0.16441413541249564,0,0.4386800622015896,0,0.4692943948280177,0,0.3777540670510504,0,0.49966959359339364,0,0.3898777441059187,0,0.3928794844456352,0,0.39,0,0.28721482099974927,0,0.23652607892552152,0,0.39848430621894965
2_440_u,1,0,0.47321083264014957,0,0.4530284944186247,0,0.4961701234823671,1,0.6245011730403341,1,0.6910585159819758,1,0.6442694236121718,1,0.5836691951252702,0,0.44631635078330073,1,0.5602736620545824,0,0.47175858058397035,1,0.582212219726119,1,0.6048020854999263,1,0.6983577372405196,1,0.5216383135214361,1,0.621659240442018,0,0.48770005625710094,0,0.4206161273806299,1,0.55375591378922,1,0.5141522890956248,0,0.4011207649380229,1,0.6789440836940838,1,0.7693469363419464,0,0.04520265518954669,1,0.685132612233076,1,0.657123586134203,1,0.7276217876094976,1,0.6446156369191741,1,0.6293551650791374,0,0.49421661062774225,1,0.5736467439440656,1,0.6924085513528198,0,0.34463221651473624,1,0.6166666666666667,1,0.7202775756837314,1,0.7884641627060212,1,0.6182642989218576,0,0.4501512334823432,0,0.3897236088572453,1,0.5388740610081338,1,0.7890450885487108,0,0.048458990978084204,1,0.649873286874586,1,0.7145354912628499,0,0.36060375635333636,1,0.6496114237090336
2_441_u,0,1,0.5121456541248744,1,0.7840673813617225,1,0.5397979624349598,0,0.12121824530476755,0,0.3189622824063549,0,0.4849418857928249,1,0.6102563310898008,0,0.4979760193151609,1,0.5602944472347341,0,0.4465846990419483,0,0.4134474761072476,0,0.09032115229830512,1,0.510616139428781,1,0.7545803400347383,0,0.4820441683588673,1,0.545476336738534,1,0.7476000919544024,0,0.495845010902223,1,0.5059552633279728,1,0.7546765190783887,1,0.5337503052503052,0,0.27887171861516474,0,0.024196130569586246,0,0.49221057275052826,0,0.09062904314650104,0,0.18115514191492538,0,0.42421038734929767,1,0.5687073166023682,0,0.4273958778725677,1,0.5240644151438018,1,0.5,1,0.8226154442596595,0,0.4965481481481481,1,0.48590843654436827,0,0.29852764364756806,0,0.492625922352315,1,0.5062191342366213,1,0.7337645570302083,1,0.5007079677962327,0,0.24201226202467413,0,0.008048753302227226,0,0.46595785965107156,0,0.4772565168477306,1,0.6980456415940288,1,0.5337640647725845
2_443_u,1,1,0.45957929442430695,1,0.6344375558506455,0,0.4680518486110733,0,0.3335754889140565,0,0.21871063642712893,0,0.46562304247150915,1,0.8052246530773625,1,0.8149523119449708,1,0.775740416190242,0,0.44224339998057705,1,0.5210886562208814,1,0.5147749791430151,0,0.3910363146045806,0,0.06695142381632732,1,0.524407102650809,1,0.8573929504791785,1,0.854461714897178,1,0.7037396528085111,1,0.4629506637946784,1,0.6489897679621939,0,0.47113095238095243,1,0.5740272850720151,0,0.30319635458703076,1,0.5960414199979357,0,0.31383421068475387,0,0.2184857007626798,0,0.4840068191385789,1,0.8133578793798625,1,0.8205107297504739,1,0.7950453113726975,1,0.720128693553481,0,0.35861484228156154,1,0.5832643408371564,1,0.4051457779127649,0,0.3834434131926616,0,0.49124461790551455,1,0.8351239891297859,1,0.857559728532559,1,0.6982267964126015,1,0.5737441975332868,0,0.32309840560970743,1,0.5908409134485973,1,0.7144422652821064,0,0.3621604639989977,1,0.5870321558236828
2_446_u,0,0,0.4782729725661193,0,0.3752886222079721,1,0.5486054359030614,0,0.44174546846714435,0,0.3450104077084798,1,0.5697281836876973,0,0.42272748081718503,0,0.4314865674015967,1,0.5180008075555291,0,0.5091953153728431,1,0.5409021127956511,0,0.45678651931671455,1,0.4596706134774221,0,0.01818948624686078,1,0.5331836613403232,0,0.39342466277400595,0,0.29717011199903803,0,0.4878377195378799,0,0.45283723110232454,0,0.36549031879608734,0,0.48898304473304477,0,0.3758512400139947,0,0.0344378994808949,1,0.5819865266791056,0,0.44235076868212153,0,0.34395304760369183,1,0.5694609074157782,0,0.41360115071208375,0,0.43614009095774,1,0.5449083950708902,0,0.2752795448672106,0,0.0079970412756195,1,0.5665528455284553,1,0.4466450180702716,0,0.36770327593019747,1,0.5621247342385416,0,0.3568554794224209,0,0.274438126594762,0,0.4726643107915542,0,0.36597399393132246,0,0.032649693981453266,1,0.587935555290112,0,0.2633002945914526,0,0.006599074399263152,1,0.5096509182515903
2_447_u,1,1,0.5137295329145558,1,0.6342950968937722,1,0.5113621905313019,1,0.6057311130742328,1,0.7226736170256023,1,0.5115680253136328,1,0.5962288183927088,1,0.5580865332591501,1,0.5893118851101149,1,0.4496921516384977,1,0.5136832556730688,1,0.6231767100038188,1,0.5,1,0.5745946869293175,1,0.5663606576944376,1,0.6190538430665361,1,0.5111415059925986,1,0.5856270389485606,1,0.5375906384904581,1,0.6523202854068473,1,0.5009112554112555,1,0.576773961665385,1,0.8929993101940822,1,0.534523332907247,1,0.646620756826085,1,0.7238599036682491,1,0.541816691783987,1,0.6024013727633769,1,0.5622597791791907,1,0.6561290358061478,0,0.4674982917074804,0,0.41699305428177613,1,0.5166343042071198,1,0.5098609593066691,1,0.5885267533133297,1,0.574249357738732,0,0.48143629081697215,1,0.522758194855176,1,0.504035882514664,1,0.5942377209393519,1,0.8988892423622178,1,0.5698255454726364,0,0.482990977948663,0,0.47356010863242165,1,0.6043762940640028
2_448_u,0,0,0.25115439654548205,0,0.09698522278190637,0,0.37314863866135,0,0.4531567695285981,1,0.612301722679638,1,0.6080669497481443,0,0.3036422435734579,0,0.32580833786191854,0,0.3518124786283809,1,0.5518925215634141,1,0.5251667541445233,0,0.34336985079146043,0,0.3492257045515403,0,0.4152962741860838,1,0.5189768288674477,0,0.21190487695122665,0,0.0744786153797298,0,0.38594818652849744,0,0.2500844654182742,0,0.09288716421535914,0,0.3245357142857142,0,0.33043399525848166,0,0.05228795793965653,1,0.5002953733178944,0,0.43126562492225406,1,0.5865884718713549,1,0.6127320013746098,0,0.31794905680067226,0,0.3493570473783674,0,0.31311933823878146,0,0.28803199003213154,0,0.03525232885463702,0,0.47,0,0.33850800893827626,0,0.4354266585345208,0,0.49772444705959923,0,0.22442404681525904,0,0.06572400012311665,0,0.3944891110957171,0,0.3165980888212638,0,0.03571061346343823,0,0.48790768236162896,0,0.2811068214634162,0,0.0264058649144107,0,0.46828496501059397
2_449_u,1,1,0.4502007998194456,1,0.5498609053294521,0,0.42596892089417254,0,0.2919148036865218,0,0.2566039255346109,0,0.4806635302191798,1,0.5620812453210811,1,0.5802417592369942,0,0.4720899831565858,1,0.44955962643847974,0,0.4968837373895275,0,0.4403675269406463,0,0.27731496242566417,0,0.342979441334502,1,0.5156039424196126,1,0.6178994229731154,1,0.7094589937987831,0,0.43975561410301034,0,0.43216774501617183,1,0.5579299426284684,0,0.4116852036852038,0,0.43471116120620984,0,0.17784300210395818,1,0.5317782961914881,0,0.24876521021086026,0,0.2569880942243371,1,0.5236584696996175,1,0.5446316348831823,1,0.5876504846208505,0,0.4866612585927745,1,0.5928225643833747,1,0.8390749021177933,0,0.4366485507246377,0,0.26477554851158686,0,0.26171374664105557,1,0.5179489988368495,1,0.6993622934877904,1,0.7085813124610089,0,0.47882595075747664,0,0.39309893743228697,0,0.17054304304018816,0,0.4999123111496089,1,0.577585992560563,1,0.8538629693986278,1,0.5321435792547177
2_450_u,1,1,0.7328990003507274,1,0.8600523813630074,1,0.6331500756144912,1,0.5837857571186433,0,0.33053836217701393,0,0.45734311853491666,1,0.7457103185274306,1,0.8173239182227892,1,0.802649364823732,1,0.44912750348594266,1,0.5065773797123928,0,0.3903525075681306,1,0.4347252122678779,1,0.9617147652663266,1,0.5484215849033226,1,0.8738854232358365,1,0.9394444101800178,1,0.729416514949248,1,0.709341960573272,1,0.8637739344774483,1,0.5492292984792985,1,0.6925744762121038,1,0.7823306307601194,1,0.5426960191398438,1,0.5803930516638544,0,0.3314472910576759,1,0.5032297839016131,1,0.7529137942323276,1,0.8192694264809715,1,0.804484607589843,1,0.7811477767473013,1,0.9908584643119894,1,0.5233333333333333,1,0.4423630809950212,1,0.7585271653686687,0,0.4734663394543369,1,0.8304934363121677,1,0.9386358539454804,1,0.7657366680918323,1,0.7037915153608529,1,0.8050820029709733,1,0.5315054131040531,1,0.7851832291423309,1,0.9918101833871773,1,0.5184440448200746
2_454_u,0,0,0.2535497918060512,0,0.20065273775818188,0,0.48786264533508245,0,0.027054653496240567,0,0.05268936680237478,0,0.32309595224667464,0,0.29708073178256,0,0.2510510825603341,0,0.305528846906269,0,0.4828285753095009,0,0.34897015645093915,0,0.34171880090367174,0,0.03509545549678913,0,0.0005041857649148409,0,0.3783288718075634,0,0.17276633481273596,0,0.19209368495262524,0,0.36393246606866103,0,0.20870309891304914,0,0.09397099605467858,0,0.42146173271173276,0,0.018378721487890663,0,0.00011460272175057899,0,0.3488547447700574,0,0.02471955355585594,0,0.03125211421697559,0,0.3056430410934069,0,0.25022438091177274,0,0.16766929601751288,0,0.3324260423125306,0,0.015175845060193567,0,0.00025957698747986645,0,0.3933333333333333,0,0.030743644758369642,0,0.022705276576559307,0,0.3694490564771798,0,0.12268875004042455,0,0.0976180376055627,0,0.3620343485931764,0,0.01694353146344466,0,8.9865571876734e-05,0,0.327962441314554,0,0.012932949051230809,0,0.0002026152109521312,0,0.3535537730093065
2_456_u,1,1,0.5807444372941212,1,0.5776916259767727,1,0.5086796125281238,0,0.12512766751632415,0,0.3845016488918835,0,0.26853573166737177,1,0.8270753597591446,1,0.789162462595097,1,0.7979152862893816,1,0.4461191410764778,1,0.5000134210696362,0,0.48957073360349884,0,0.16493199021878607,1,0.8053914279462144,0,0.29738118964848004,1,0.8908390349165313,1,0.8719000715070458,1,0.6732564064528254,1,0.5687947676539828,1,0.5829723037165483,0,0.49847619047619046,0,0.35296880270273073,0,0.39902693091046487,0,0.3480057169264731,0,0.1265005608088629,0,0.38389968196501206,0,0.2988425325145995,1,0.8208246680778921,1,0.7901765818447596,1,0.7955687466389039,1,0.6286702510656458,1,0.948657041857853,0,0.41,0,0.16811786471463544,0,0.4349915526730785,0,0.33722484057414764,1,0.9317908115129137,1,0.8689502087418652,1,0.6619487509770707,0,0.33094239188999147,0,0.3788767277248369,0,0.3729557195571956,1,0.6143503162197594,1,0.9455525149911743,0,0.3497572346072035
2_457_u,1,1,0.705813586091199,1,0.7288958426337,1,0.6204572070437798,0,0.37876822203738003,0,0.21865316943164304,0,0.41568211274769473,0,0.42170822553739845,0,0.32319697186794677,1,0.5092314373352455,1,0.4579589977776063,1,0.5327167819684461,0,0.31042960769208283,0,0.30703083677066123,0,0.3053904713237941,0,0.4573860127810691,1,0.6242514178262508,1,0.6732026196340407,1,0.5953771557154555,1,0.7047846619158439,1,0.7315856541354191,1,0.534401404151404,0,0.4121899670808593,0,0.2864443902083121,0,0.4206671306549342,0,0.37447543147424883,0,0.2177224621232195,0,0.44146354734756243,0,0.39669617101955235,0,0.32484300410233474,1,0.5711441270686929,0,0.48069374129027553,0,0.3440835371333,1,0.5399074074074074,0,0.3066875985920524,0,0.4586466682320562,0,0.4468415223625179,1,0.6322937584019119,1,0.681765194253356,1,0.5631585140269025,0,0.3945865539183625,0,0.2535453520080587,0,0.4339214020586998,0,0.4634052482106538,0,0.3259684809667724,0,0.46940617736023327
2_458_u,0,1,0.5,1,0.505987605303279,1,0.5337925078334975,0,0.3902864418015233,0,0.17430936974183944,1,0.5072954581028225,0,0.23130864513195729,0,0.10903174297916338,0,0.3187553028573865,1,0.5731406828833088,1,0.5537931936358063,0,0.3452053368824084,1,0.5061555601392534,1,0.750736460329576,1,0.5249245264376359,0,0.2934378611044726,0,0.3577773270750147,0,0.386,1,0.5351162521715556,1,0.631295560138717,1,0.5326031746031747,0,0.20303527097638302,0,0.001826316947061532,0,0.4032266769499582,0,0.40793168038339694,0,0.2217740404622294,1,0.5608959306625494,0,0.268122675419696,0,0.12596827031759195,0,0.3640698650184253,0,0.24885838593625687,0,0.0910528226266027,0,0.4066666666666667,1,0.5162750732902373,0,0.4878967022864029,1,0.5519361977241349,0,0.40054795307242097,0,0.41570597259823344,0,0.36265702617885476,0,0.20804349686199294,0,0.0016615832614551376,0,0.43195575221238935,0,0.25939656069744704,0,0.11013906373212336,0,0.4470855450146673
2_461_u,1,1,0.6964313855192854,1,0.6023624106570822,1,0.6074544612666709,0,0.35568720857138636,0,0.23724605140114685,1,0.5288739099066654,1,0.45179953186423666,1,0.7407112995676111,0,0.4951188029932562,1,0.4476553286384274,0,0.49514294946677767,1,0.515727286982476,0,0.3833231612464491,0,0.206957436246119,1,0.5348015913164201,1,0.590761313851279,1,0.7623930220649707,1,0.513800507475779,1,0.7170708011755519,1,0.5750295959505035,1,0.5872341269841269,0,0.37416817489810783,1,0.5058821907058485,1,0.5496809639277097,0,0.3389082228109259,0,0.23611763290092197,1,0.5164455690004898,1,0.45452459469997053,1,0.7353898047217473,0,0.4869051099140211,0,0.42803685326667523,1,0.6652190762166598,0,0.49998188405797106,0,0.38240149693869674,0,0.22812561384560687,1,0.5405275136477429,1,0.5812696118292349,1,0.751313110764417,0,0.4898679343030563,0,0.36498095580548306,0,0.4532359712387812,1,0.506,0,0.42616176842718334,1,0.6690568020560846,1,0.5398045976394208
2_463_u,0,0,0.20952526054841886,0,0.10259847980400252,0,0.37496707640183286,0,0.4833791216895054,0,0.2999304353497983,1,0.5134251423284907,0,0.37188094964891005,0,0.3333222031246963,0,0.4075991893900963,1,0.6086025026808277,0,0.41434952150575244,1,0.5446802150306523,0,0.0964534920449853,0,0.005056094277700755,0,0.4455582380937624,0,0.22988740566746854,0,0.10299046763507198,0,0.36995021677703244,0,0.17813856879252402,0,0.07623884239290735,0,0.3206111111111112,0,0.197880350239522,1,0.7398599637390254,0,0.48284382947794435,1,0.5,0,0.3049929981720776,1,0.5080744532676138,0,0.34330435854077623,0,0.27966811323979707,0,0.4252859087628316,0,0.11500163499282876,0,0.011154562084963298,0,0.4465528455284553,0,0.08976841816418575,0,0.08613456153309655,0,0.43547105158599686,0,0.23237202655993533,0,0.07668159744559046,0,0.42400983719481805,0,0.1922472316709978,1,0.6817620855491955,0,0.4556,0,0.1113433251028778,0,0.01023168567002341,0,0.4376939100754813
2_464_u,1,0,0.2765319985682931,0,0.3098836044470441,0,0.41169475569275027,0,0.2954044179600756,0,0.2821330164516812,0,0.36499836648333006,1,0.45944700025752583,0,0.41171775161475693,1,0.5303138001680675,1,0.4470603452251887,1,0.5079138192319507,1,0.5204731294228371,0,0.07896085033238633,0,0.00019351002243282877,0,0.33853882421542447,0,0.3099092096533122,0,0.1376666397881328,0,0.4834286564363319,0,0.29743781105218264,0,0.3161463532361588,0,0.4511679986679987,0,0.15368293311930487,0,0.02965063987555505,0,0.37571405969366817,0,0.3070298426922749,0,0.28217636335246266,0,0.3983869295959748,1,0.4643630998328633,0,0.4231071170630664,1,0.5240900758954818,0,0.06551172601681507,0,9.267663174175262e-05,0,0.4,0,0.08210828545738226,0,0.034978510764451465,0,0.35822123321964117,0,0.32780900891691506,0,0.14025451238410241,0,0.46063275752833927,0,0.16941086101727137,0,0.046336719132181174,0,0.39994777265745013,0,0.0728713824093871,0,0.00014236760266955154,0,0.3809757692319412
2_471_u,1,0,0.37602176727907427,0,0.39398207024002624,0,0.3576532728565233,1,0.8739210816324309,1,0.9306740287472198,1,0.6139959163198223,0,0.27325744290965753,0,0.29807846493697865,0,0.33829410060180237,1,0.5735481688444262,1,0.5426729298535573,1,0.6988585703409537,1,0.6137278166378218,1,0.9896729858213525,1,0.5101230528493976,0,0.22990586212642683,0,0.2842720595879382,0,0.338,0,0.40743717080958003,0,0.47247420252903505,0,0.4847489177489177,0,0.40872068952440443,1,0.9915118770646623,0,0.495402154816663,1,0.8711472174288643,1,0.9269433009023934,1,0.5925531957540658,0,0.281843311445578,0,0.33847433911280045,0,0.29077827803659495,0,0.3616562709254528,1,0.9361825729515215,0,0.4766666666666667,1,0.6260988907649483,1,0.8616038466884519,1,0.5670952527315163,0,0.2706464758123297,0,0.3213458231302578,0,0.34570137991498756,0,0.41724339351036016,1,0.9934047447519181,1,0.506,0,0.368289319943689,1,0.9382839846085276,0,0.474126606599691
2_472_u,0,0,0.2889446336975106,0,0.2949678808370375,0,0.43412608066313485,0,0.154949491852613,0,0.2222186943219773,0,0.3540422931651944,1,0.45245937546970905,0,0.42542823427555926,0,0.49030776603686554,0,0.4430519917317866,0,0.49630512160057877,1,0.5672964382781683,0,0.1266264042798875,0,0.16618411934811492,0,0.3706847340431847,0,0.3454122982570271,1,0.6472884468282357,0,0.421917588042588,0,0.2974966281554031,0,0.27930572049197183,0,0.33772402597402595,0,0.3653373400587001,0,0.08248878230468439,0,0.4641714886023222,0,0.14524760682303942,0,0.22227057975509448,0,0.39603897825134593,1,0.455273454935783,0,0.4220399394798783,0,0.42810535547372797,0,0.30682850678757745,1,0.9188230760050771,0,0.4066666666666667,0,0.1267512839691375,0,0.28154076439690495,0,0.4229142410694665,0,0.37338397450737043,1,0.6348147403780777,0,0.4173718373522982,0,0.34909337197561097,0,0.058547130029744494,0,0.42193357933579334,0,0.300975871050935,1,0.9111507992562162,0,0.4225563936617278
2_473_u,0,0,0.251165465405723,0,0.18380629988441705,0,0.3202296645278228,0,0.11781483033969632,0,0.10728613476054939,0,0.4084694587909386,0,0.4659544614305641,0,0.2848972084323157,0,0.4536252678772294,0,0.46821369064728946,1,0.6953145555414334,1,0.5387206794758784,0,0.08332358889035987,0,0.0008752136242583161,0,0.37114344242769504,0,0.2944794437776494,0,0.1683795337910742,0,0.39796279069767443,0,0.2826788916828914,0,0.32270366758342134,0,0.35093686868686874,0,0.18855824792320536,0,6.361558182990784e-05,0,0.43214098950285273,0,0.1412039118519203,0,0.25238631947360224,0,0.3604488212805124,0,0.4641518769588947,0,0.42393986857917176,0,0.44830062991203096,0,0.10160628241962011,0,3.9708404203077144e-05,0,0.3740635738831615,0,0.09699031012912998,0,0.19350087555517223,0,0.3754696372355711,0,0.32277566745829894,0,0.2872498246452073,0,0.3800961913977969,0,0.18946861533143047,0,0.00011829344520882651,0,0.4179444914895419,0,0.10808193421824723,0,0.00010140248779479876,0,0.4159549457319191
2_474_u,1,1,0.511456129756272,1,0.6792741391582939,0,0.4782083678380928,0,0.41525119861427684,1,0.6843945520898399,1,0.5840021208662746,0,0.1708659827559567,0,0.09405793587422315,0,0.32167545649215334,0,0.44022477531467724,1,0.5231090934602303,1,0.5257218977258814,1,0.5833618225734144,1,0.9794354761656668,1,0.5979454928294203,0,0.11585053888582517,0,0.17519890467255914,0,0.35,1,0.5154491410874843,1,0.671660929529656,0,0.45067424242424253,0,0.24921672286490387,1,0.9735872513025369,1,0.5069268095970547,0,0.41192153452276464,1,0.6839975878003896,1,0.5946493262129336,0,0.17097830879432274,0,0.09310143310497927,0,0.2754886518941587,0,0.2312103083139552,1,0.9779231014355434,0,0.44330097087378645,1,0.591216326336869,1,0.7109526918743578,1,0.5513755869146466,0,0.18393828282802313,0,0.17773314613638305,0,0.3700610069278548,0,0.24833143283761255,1,0.943561421426994,0,0.418,0,0.22796125081409607,1,0.9657868132113636,1,0.5059287346409477
2_475_u,1,1,0.47410091304053925,0,0.4616009818135098,1,0.5426388739103859,0,0.08843329269843073,0,0.01994965536783529,0,0.2904806612426158,1,0.46858615240772916,1,0.5188209134675367,0,0.4308144284771319,1,0.44749649903590893,1,0.5180575401872949,0,0.49887051594420134,0,0.06668730773320876,0,0.07529148028499426,0,0.33531122744047415,1,0.5,0,0.4863720216119423,0,0.4958213056578965,1,0.4658573544811406,0,0.4723800354451828,1,0.5823659396159396,0,0.045773630714969954,0,0.06344489260659449,0,0.2936711832279598,0,0.09185393669163358,0,0.020009089283821457,0,0.2782257883878724,1,0.4763892853236768,1,0.5313584179616949,0,0.4443526028696839,0,0.08335404673851309,0,0.43081325075151644,0,0.33666666666666667,0,0.06899464910845333,0,0.02922936103009095,0,0.32049740756621586,1,0.5384856916439744,0,0.49533099495293464,1,0.5008333480074199,0,0.04973514930372166,0,0.09929460277542236,0,0.23995698924731182,0,0.0855808910773597,0,0.49192503222490425,0,0.32507558491820465
2_477_u,0,0,0.2722248138525029,0,0.20779773247008282,0,0.43780406294534235,0,0.23068102980912336,0,0.30627440561759767,0,0.4792055505456705,1,0.6338770280702184,1,0.585693423843914,1,0.6546274254087012,1,0.44657745466167004,1,0.540018306787394,1,0.6002954836639798,0,0.12536799997980325,0,0.0018355121611868873,0,0.4724377147301056,1,0.483553002666539,0,0.34732556163485534,1,0.5776157457091153,0,0.27099117014361473,0,0.21826144989781446,0,0.4196666666666667,0,0.14716841399468922,0,0.07401647233569998,1,0.5363096358562092,0,0.2323527689628168,0,0.3066895074985758,0,0.4249137816190443,1,0.6233188937101922,1,0.5906478870895966,1,0.6779002812377335,0,0.06323001993519126,0,0.0014058208984487769,1,0.5066666666666667,0,0.1310017556387878,0,0.08085855014336034,0,0.4942960880222281,0,0.39846399923057557,0,0.3426734552297668,1,0.5942758895133986,0,0.1416176170315649,0,0.08238357440544417,0,0.4639397478680015,0,0.0619642219662148,0,0.0018035692664745142,0,0.49418669941841215
2_478_u,1,0,0.3503093804263417,0,0.40712332270241597,0,0.46995900809507185,0,0.32909586692574366,1,0.5984031455894968,1,0.5416515664220903,1,0.5774940259155977,1,0.617982578509981,1,0.5184519480817583,1,0.4626480842835738,1,0.5004707604164305,1,0.5415829624928729,0,0.3623921907683969,1,0.577113014408711,1,0.5449714416095508,1,0.45685536137368743,1,0.572221980933871,0,0.46362356591354453,0,0.33849880233292245,0,0.4104344613861063,0,0.47591208791208794,1,0.8260550263960766,0,0.43949274474505406,1,0.548351733885121,0,0.28886066899750934,1,0.5977104392200103,1,0.6087681795654766,1,0.5690247869740954,1,0.6266867231778079,1,0.5371319145047153,1,0.7498544633653115,1,0.7173604903396507,1,0.5266666666666666,0,0.3577132815079348,1,0.6190609481832313,1,0.5407523967051899,1,0.5136722902898475,1,0.5763974803006193,1,0.5262887924935213,1,0.8088488953216121,0,0.4718149013043229,1,0.5299002394847145,1,0.729535689387727,1,0.7027055423287265,1,0.592875459762872
2_48_u,0,0,0.33238298215796136,0,0.40995151045819134,0,0.4386978451401509,1,0.5537125247917674,1,0.6005614971438532,0,0.4813732583482895,1,0.663711943396372,0,0.4461950231994447,1,0.649271588452168,0,0.47532575423169166,0,0.41955270119845894,0,0.37259595951999874,1,0.5692660894870015,1,0.8274908691642272,1,0.538709905149948,0,0.40470761903454927,0,0.31192452890673444,0,0.4954003287152814,0,0.3057050191100141,0,0.30842417015412343,0,0.4934080086580086,1,0.795946991090911,1,0.8223245766676286,1,0.5183651534837194,0,0.45941510311411493,1,0.5092114091957417,1,0.5039965280102917,1,0.6341689383860423,0,0.390739465973665,1,0.6470565529864878,1,0.6696270546480853,1,0.6883096225827965,1,0.5832195121951219,1,0.5250556989336683,0,0.4445072022571573,1,0.5166682781959165,0,0.43411815137031573,0,0.25239009746590263,1,0.5447641821751876,1,0.7540011362542529,1,0.7124371919794907,1,0.5459905660377358,1,0.6334402597065659,0,0.45471339813347217,1,0.5325598603702841
2_481_u,0,0,0.14084213033536253,0,0.06848812060961794,0,0.2499161446135361,1,0.9198821363742125,1,0.9475719420267434,1,0.6999703722640402,0,0.25358314628889955,0,0.25940792873796154,0,0.32605488305107244,0,0.4594197926108817,0,0.4476418491123679,0,0.11786013326559239,1,0.4733689460255086,0,0.24676113057482385,1,0.608389110875198,0,0.13476716564553035,0,0.031021056725610688,0,0.2739431279620853,0,0.14817474691349725,0,0.06818624011838284,0,0.2263813131313131,1,0.7521928282802662,1,0.9475980588533561,1,0.598634391039957,1,0.9190010963808729,1,0.9183759442460995,1,0.6747903629981336,0,0.23886747502437883,0,0.25032535512214316,0,0.29905361750668435,0,0.3396693834531508,0,0.02089789793328688,0,0.5,1,0.46598963118552433,1,0.5040048727746655,1,0.5804429534811998,0,0.15599943253734536,0,0.03707410981770588,0,0.30722705649619425,1,0.7458085326773867,1,0.9057736180115507,1,0.5078095238095238,0,0.3363680994180914,0,0.02086823159611853,1,0.5061484641627716
2_484_u,1,1,0.5,1,0.6923789029951681,0,0.43828210106505555,1,0.9253504486159986,1,0.7761498047604504,1,0.5373567760791441,1,0.5173617267947126,1,0.5846635806337659,0,0.4535760655622144,1,0.5376241518460613,1,0.6141240126889962,1,0.6143056857941849,1,0.7257692308913036,1,0.9853605924982459,1,0.5379740955517224,1,0.5508421123199925,1,0.8426658956219205,1,0.5176772219717712,1,0.5226403415351373,1,0.792325837920675,1,0.5407072649572648,1,0.7160244181019572,1,0.6782058576559352,1,0.5296559946723479,1,0.9395667348304814,1,0.8035035910058392,1,0.5959788229341099,1,0.53909467960739,1,0.6410421238625386,1,0.5029390261795887,1,0.7956629090008062,1,0.9670958231767591,1,0.506626746506986,1,0.7687765073881548,1,0.9158275891212483,1,0.5435353941807235,1,0.5890218098310795,1,0.8747284272271192,1,0.550031009659004,1,0.7341319745322246,1,0.6973303793229895,1,0.5139587926270874,1,0.8113861477969654,1,0.9809727187405709,1,0.5218943947394866
2_487_u,1,1,0.7424070423557213,1,0.9388459516423755,1,0.6151525062551583,0,0.20688390470955353,0,0.04053605001433112,0,0.39718895689113215,1,0.648012686344814,1,0.8039511779908323,1,0.6113465908843575,0,0.44546107561585535,1,0.5044996350926266,1,0.5158729429140445,0,0.23319599908359842,1,0.9061897780919425,0,0.3987524728353685,1,0.8333761650532534,1,0.9828731154978905,1,0.6168987869055792,1,0.7585175076024502,1,0.9410035283986822,1,0.629187728937729,1,0.5085190181057546,1,0.895214136426914,0,0.4263229081213558,0,0.22567748212359745,0,0.040590350285604176,0,0.36365111866201566,1,0.6622489732235014,1,0.808284585486691,1,0.6014262403302192,1,0.7223597342173929,1,0.9980943938976893,0,0.45994484702093397,0,0.24427639923972597,0,0.18821073596358187,0,0.37916546781802474,1,0.8178643464987481,1,0.9834943957187506,1,0.6257473436070924,1,0.5188944021384293,1,0.9377688094179707,0,0.41987018411032917,1,0.7393087978784428,1,0.9984297784273414,0,0.47809301765397366
2_488_u,0,0,0.2816394086787262,1,0.6175383612318025,0,0.4116151902548485,0,0.19873494990325885,1,0.5278996832060029,1,0.5802698483052982,1,0.6455635473247349,1,0.6527841842976969,1,0.6731997387905229,1,0.45050242233219967,0,0.46961371039833294,0,0.48767426876296166,0,0.25178161242163427,0,0.14674655604509787,1,0.5599927300027749,0,0.4520013115194943,1,0.7836022647413722,1,0.5616093032350632,0,0.2606390019101249,1,0.6112933134267509,0,0.368585386835387,1,0.5481345980845319,1,0.902306677259873,1,0.6282261402098847,0,0.20561852068855146,1,0.5277642080093694,1,0.5418416538186369,1,0.631245376234167,1,0.6486887268779804,1,0.5904395246156312,1,0.5794081324577164,1,0.8829168191084652,1,0.5632596662596662,0,0.2418296540306487,0,0.4438892619543232,1,0.5589635830635623,1,0.5,1,0.7813524109266651,1,0.5367215840042978,1,0.5576875144814711,1,0.9328794645936278,1,0.5715791401539378,1,0.5845793695264948,1,0.8910950528004209,1,0.6303550503238488
2_49_u,0,0,0.34467380425566235,0,0.24995071852093254,0,0.4240922565041078,0,0.2686209864198434,1,0.564102363171515,0,0.3916883146477471,0,0.42185626832043255,1,0.6812166130302022,0,0.4702406946061577,1,0.5623239250455869,1,0.6001988857644217,1,0.6735726647168373,0,0.10265079977921265,0,0.12012237558571372,0,0.36582842990454995,0,0.371414379496485,0,0.3277113055196456,0,0.4379290366658122,0,0.36226685739521797,0,0.3262277892031608,0,0.4471202686202686,0,0.44118704006560494,0,0.2503483934093116,0,0.4356241337849669,0,0.3079590622449583,1,0.6737529015745038,0,0.38459368366388014,0,0.4130056968406508,1,0.7116238421718643,1,0.529365635320955,0,0.3468888816950442,0,0.062438958282964675,0,0.43666666666666665,0,0.11209428492338255,0,0.433053127345786,0,0.3579096624694433,0,0.4064178784493787,0,0.35327274175442697,0,0.4405215396928934,0,0.4540811244481422,0,0.3113632272319004,0,0.43599056603773584,0,0.35751517388249987,0,0.07556695993615713,0,0.4606924417581622
2_490_u,1,1,0.6314869339641916,1,0.611944723789339,1,0.5445195329314859,0,0.3125741379521134,0,0.20732857296438084,0,0.38916998378801404,1,0.4886192870402796,1,0.5345542581349944,0,0.4977562464956683,1,0.4456586423867109,1,0.5413334276443296,1,0.6768038836274746,0,0.2257958886652981,1,0.9113801645985066,0,0.41350314039657554,1,0.6381981834522785,1,0.7563523119682025,1,0.5426664907707641,1,0.6472872587774239,1,0.6170760967216492,1,0.5826156898656899,0,0.3693206198731834,0,0.06000453620980477,0,0.4053265000333151,0,0.30300084056006305,0,0.2080572857522711,0,0.41757522318705714,1,0.4710154707332133,1,0.5265681404854938,0,0.45734945292827717,0,0.46178896278220166,1,0.9501218355309552,0,0.36964968551197475,0,0.22853185757548056,0,0.3704515321827217,0,0.43407361977917996,1,0.6348435983271218,1,0.7514760026680661,1,0.539223971967113,0,0.3482067879130366,0,0.04525168202043897,0,0.418,0,0.4514223945696046,1,0.9370152347534199,0,0.43513006760691014
2_491_u,1,0,0.22704935614900307,0,0.2500076355704232,0,0.3809862799151576,0,0.3981646298270669,0,0.3307962065839245,0,0.4812340149144537,0,0.42501739642155817,0,0.4453375054580555,0,0.484586982925613,0,0.4377589859044711,0,0.49913117241038074,0,0.4616103594992166,0,0.17298777856775308,0,0.020968858375322513,0,0.46707441273699496,0,0.41096821580845866,0,0.21892494121313225,0,0.4918485329888685,0,0.21615700066309484,0,0.25623746170482553,0,0.4105714285714286,0,0.4334035844505475,0,0.03573266184852266,1,0.5224418044366578,0,0.4156147836863516,0,0.3323323991111923,0,0.487462412544175,0,0.43220399165955425,0,0.4497857085538935,0,0.48112819675576135,0,0.38910770519131316,0,0.039579237949644186,0,0.48662859064479735,0,0.1756051786213147,0,0.18031305622256538,0,0.4393339184682794,0,0.44597847576274446,0,0.21880618363544546,1,0.503440896796268,0,0.4464062865186133,0,0.06119330117851042,0,0.46791218023985237,0,0.39607026697295006,0,0.04779071862866592,0,0.49884156549670566
2_492_u,1,1,0.5511855528424449,1,0.5550535487362155,1,0.5401983550713287,1,0.778664107805194,1,0.8280279123190839,1,0.6179776540600649,0,0.24031650003127394,0,0.34837775149962047,0,0.36684932251370955,1,0.5440562470279133,1,0.60485917609769,1,0.5673178771968534,1,0.8307924168056025,1,0.8609059246427757,1,0.5906440791127168,0,0.25147974433917664,0,0.2952266119450192,0,0.392,1,0.5581182892779537,1,0.6452948705520503,1,0.6422777777777776,1,0.5,0,0.42133440524815785,1,0.518207635863894,1,0.8064314808625114,1,0.8491065684682872,1,0.6488785101755037,0,0.24654207090406913,0,0.4411352577197174,0,0.3481946448749226,0,0.4368554635741889,0,0.4203720407555128,1,0.5066666666666667,1,0.841888130312741,1,0.8020180327162483,1,0.5655249250792995,0,0.23950307317274477,0,0.3504473710326813,0,0.37039164100768845,1,0.5114576347546347,1,0.5624812794630801,1,0.5119800995024876,0,0.4455399219336369,1,0.5326526165522109,1,0.5150225160578118
2_493_u,1,1,0.7728570631114253,1,0.8517293178602982,1,0.676566654996345,1,0.5577139212364702,1,0.5182477705046611,1,0.521005495747848,1,0.6957716987038873,1,0.8032591242077318,1,0.6776544511882969,1,0.4459197422410675,1,0.5267964385678303,1,0.5490012518917093,1,0.5489990084678372,0,0.11125356849199616,1,0.5440570429408862,1,0.8030144548104625,1,0.9062953383129604,1,0.6699248126093811,1,0.7787739467413018,1,0.8585428630287861,1,0.6045238095238096,1,0.7132355066918863,1,0.5675004496527621,1,0.5511105400134194,1,0.5632254564466568,1,0.5186413001464186,1,0.520379655160362,1,0.6832770334260693,1,0.8108520737724939,1,0.6878238737920986,1,0.7476192173351358,0,0.2938836948462571,1,0.553313373253493,1,0.5594760211708115,1,0.6473669455016566,1,0.5575006789704826,1,0.7616210366013932,1,0.9097294681061344,1,0.6811986740784209,1,0.7065426192880875,1,0.5799620575824708,1,0.537859880236585,1,0.7470814251371195,0,0.33464570348128875,1,0.5740656578040769
2_494_u,1,1,0.5597997981697744,0,0.37922899055364045,1,0.5211215888084619,0,0.2003993917930502,0,0.03623177799679782,0,0.2911709916344026,1,0.5067330125756593,1,0.6131901954539433,0,0.44597076736701835,1,0.4472507942177144,1,0.5096330554127592,0,0.4592079076504491,0,0.10403439815852035,0,0.012429602781776699,0,0.3228711804779459,1,0.5115987631551505,1,0.6396854622084456,0,0.44542018786437726,1,0.5634627983484697,0,0.39330445928469304,1,0.5517774447774447,0,0.24826533568887255,0,0.42934739547139944,0,0.3272543968401002,0,0.19239131885077926,0,0.03622804165089609,0,0.2626783059890794,1,0.516926642296897,1,0.616878894504884,0,0.45779402716520157,0,0.24043021175501927,0,0.3673610918430418,0,0.2966666666666667,0,0.10565669200279464,0,0.044622555458512535,0,0.3598280804497125,1,0.5323754984059589,1,0.643467731981602,1,0.5043185826912814,0,0.2349616424675068,0,0.35478508657451213,0,0.30193357933579335,0,0.23965229472701988,0,0.39026446388028097,0,0.2946064863839381
2_498_u,1,1,0.620673091369558,0,0.4746835322397505,1,0.5315317041489127,1,0.5769268271863526,1,0.5585495748644873,1,0.546228420902919,1,0.4900065597419722,1,0.5400104557920102,1,0.5344864398253873,1,0.44631215203853053,1,0.5159236379807123,0,0.43428592887071454,1,0.5146857182200854,1,0.8595962246366822,1,0.5422634296869859,1,0.6248503904653231,1,0.5025853077464472,1,0.503772277991914,1,0.6301569276785899,0,0.48114972009820806,1,0.550521645021645,1,0.8417611849341854,1,0.9736381536670885,1,0.5538953183542503,1,0.6304451459611546,1,0.5585896038284355,1,0.5133820674785178,1,0.5094207153770692,1,0.5476923878352886,1,0.5444261216679684,1,0.7600050810568338,1,0.9368929474281085,1,0.579944847020934,1,0.5336497150447714,1,0.5855999394644646,1,0.578160123045219,1,0.6533321191171823,1,0.5028372709848594,1,0.5030752352911315,1,0.8519589072836076,1,0.9843924029954816,1,0.5099538461538461,1,0.7813146052365949,1,0.9658732730084457,1,0.559806415946456
2_50_u,1,1,0.5191125117064831,1,0.7376208206064407,0,0.4641221785281357,0,0.3887981723847074,0,0.47750375219514163,0,0.47060211690002224,1,0.4584265202117846,1,0.5499926673853127,0,0.4494060080849176,1,0.44969486129033337,1,0.5014014737839421,1,0.5580272446937268,1,0.4409091938829851,0,0.28378699621522374,0,0.41423895366391045,1,0.532524598505445,1,0.7951170925747857,0,0.4678982589435415,1,0.5233340298851251,1,0.7517369771136266,0,0.457771369153722,1,0.5815303871794856,0,0.24929526578165007,0,0.42466188575712327,0,0.35311514863822924,0,0.4753305553054052,0,0.4346580429588692,1,0.4654467567006188,1,0.5549564792947916,1,0.5272476454803514,1,0.5995099807731152,1,0.5300187006229907,0,0.4333009708737865,1,0.44508028885413714,1,0.5829572189858786,0,0.4692682232860585,1,0.5705329942117356,1,0.795337566457508,0,0.4318714794158083,1,0.5822774969580082,0,0.24978857844982777,0,0.44998275862068965,1,0.6019333332660609,1,0.5449164669979271,0,0.47119429171156446
2_500_u,1,1,0.6908430458453292,1,0.849927592523135,1,0.5530927831349908,0,0.3441484083092567,0,0.34126575522932,0,0.38253240609361894,0,0.24563556691150526,0,0.36566030804024396,0,0.32236656826937266,0,0.44099169290461093,1,0.6218222705800448,1,0.5970974584580888,1,0.5589929979815577,1,0.9909435931838134,0,0.4123973765347685,1,0.5116184767530674,1,0.7904710723624777,0,0.4039155778328452,1,0.7333404863770824,1,0.8397525093415037,1,0.5903526751026751,0,0.26498539959528755,0,0.255501035135946,0,0.3565724676030288,0,0.3684868428560623,0,0.37577445241852614,0,0.39185074044484014,0,0.296627315957258,0,0.4637625299454852,0,0.3293702651191957,1,0.48907923023219285,1,0.9610178830387884,0,0.3933333333333333,1,0.5930278015188837,1,0.6803017903731766,0,0.42241869942047416,1,0.5470479695182704,1,0.7748511745470626,0,0.4884591002408724,0,0.27701023978325084,0,0.28071787175821133,0,0.372,1,0.5170109678335139,1,0.9716759677551017,0,0.36719415090588214
2_508_u,1,1,0.5993239044551057,1,0.68722519932506,1,0.5349414924178366,0,0.3564611564697253,1,0.6040044383778321,1,0.5038314849497894,1,0.8044591402560651,1,0.8058021562924402,1,0.7771119760250391,1,0.44802946718695474,1,0.504585384574424,1,0.5237398205200579,1,0.5876499665202884,1,0.9954441639830643,1,0.5328684024859853,1,0.847848994941612,1,0.9221908347690815,1,0.6529604451324335,1,0.5810073949192859,1,0.6863468194702057,0,0.477728243978244,1,0.7197670398386569,1,0.5360847160143977,1,0.6274243467505397,0,0.39901644126867436,1,0.6030699842598416,1,0.524601840726953,1,0.8101038299928333,1,0.809266459854606,1,0.7873219909776947,1,0.9087313343998898,1,0.9987335782237274,1,0.5932041107041107,1,0.5970589329884568,1,0.9313648929047247,1,0.5130532098399596,1,0.8675200571361888,1,0.9220831187085372,1,0.6226766584999313,1,0.7314323783290199,1,0.6068634978626816,1,0.5932541169012079,1,0.9130442892673576,1,0.9989927536220814,1,0.621952326962091
2_509_u,1,0,0.2121917286457918,0,0.11057850569014731,0,0.32614505980984804,0,0.4605018962878975,0,0.3187472725538293,0,0.41155582274729413,1,0.487433608643948,1,0.7585988054083411,1,0.544555877684653,0,0.44235400847910655,1,0.5066608701437212,1,0.5422149451642059,0,0.10878225817487348,0,0.008166068401742426,0,0.4004627134844134,0,0.37861107961822893,0,0.24723338536367695,0,0.42964576880313493,0,0.21870883620577905,0,0.10899005031681763,0,0.3198621933621933,1,0.5993438806840506,0,0.4287428424665328,0,0.4510889902915185,1,0.5,0,0.3199593910008058,0,0.4093955848953458,1,0.4932951910516955,1,0.7585535779828447,0,0.498830922316259,0,0.3944152582522649,0,0.042070944335063726,0,0.41,0,0.11429767850313792,0,0.21858926339894308,0,0.3936714796537863,0,0.38742495983020525,0,0.23810899061108937,0,0.41931584687249646,1,0.6081945386525536,1,0.5880381372025814,0,0.4539135635742724,0,0.4002160460354999,0,0.055568104767328846,0,0.4328058308402557
2_51_u,0,1,0.5774558232907369,1,0.7197795472693489,1,0.5803634260284999,0,0.1752560906958451,0,0.33001232566745403,0,0.4925339565945563,0,0.33468889451401557,0,0.41670273877662456,0,0.4515726601957932,1,0.44943021060578825,1,0.5180454721505353,0,0.46761341365886305,1,0.5,0,0.18653951363211124,1,0.5352291996959606,0,0.3303610228295354,0,0.4728472621734626,0,0.48372936237635794,1,0.5995253983977541,1,0.7056721961123918,1,0.6260227272727271,0,0.36110449683322077,0,0.18166224650002422,0,0.4784006149289553,0,0.1760223458218503,0,0.3308132135788444,0,0.4936163173511242,0,0.3354332190722088,0,0.41545989615086193,0,0.4531073606182384,0,0.37309887870827474,0,0.18930474538558906,1,0.5266343042071198,1,0.5079027297282419,0,0.3473445698860418,1,0.55965235765726,0,0.302567389525241,0,0.4592324092408073,0,0.41404062828419635,0,0.35853378912812284,0,0.21675014220963365,0,0.4859386817483592,0,0.37074024830489966,0,0.18788466027777173,1,0.52479299971978
2_511_u,1,1,0.6041503047346628,1,0.5506824457020805,1,0.5674587354559778,0,0.3936250371150579,0,0.2741469755853612,0,0.4771137207315963,1,0.7186970634885768,1,0.7730019412287021,1,0.6692077453865896,1,0.44611845581882925,1,0.5094812747864073,1,0.5888840973122873,0,0.316931469798444,0,0.09717149637189687,0,0.4899025203284834,1,0.7484416239490375,1,0.6559863471647901,1,0.6395880118010826,1,0.6229980241579225,1,0.5596387725589672,1,0.538765873015873,0,0.44580338225116195,1,0.9608880783060839,1,0.501530591594759,0,0.3906345845838458,0,0.2742579427812795,0,0.49176331543047835,1,0.7169145834671415,1,0.775689467150649,1,0.6920496893941063,0,0.4948471932675524,1,0.6502721590726511,0,0.49996336996336993,0,0.31793236896302357,0,0.4159098893222386,1,0.5083664638091707,1,0.6995053727591547,1,0.6577234706053356,1,0.6400341817640626,0,0.440796848069844,1,0.954681759176806,0,0.49987849691821096,1,0.5,1,0.6294822784881505,1,0.5082238721780031
2_514_u,0,0,0.269044393801815,0,0.10033622041216893,0,0.4116606550432691,0,0.10352242122146306,0,0.17232655335205743,0,0.34062448908010545,0,0.38241792915033346,0,0.4898572423128668,0,0.46397119147405874,0,0.5094452976136912,1,0.5739375193731391,0,0.42559466234605325,0,0.06251438478462555,0,5.880818339465751e-05,0,0.36714125665980457,0,0.31886173762573583,0,0.1485684790646846,0,0.4098328883476771,0,0.29987255606628216,0,0.13029114220065674,0,0.4536266233766234,0,0.39605278566575364,0,0.09601811557152018,0,0.4213018419748543,0,0.11806782670959977,0,0.22111022384534013,0,0.3740199698553134,0,0.40753971061809313,1,0.53915964136686,0,0.48654239435927515,0,0.16210920424323952,0,0.002799884442852371,0,0.36,0,0.07025116231521368,0,0.08803441123710164,0,0.40107272085421647,0,0.29168147785907655,0,0.1840355994874868,0,0.46770640858156187,0,0.425909477476109,0,0.19018903953510083,0,0.43497767664965253,0,0.1781653267129551,0,0.006766970965841795,0,0.4477399396091923
2_518_u,1,1,0.6390520774127179,1,0.630965434705484,1,0.5197484920838262,1,0.8424431193088457,1,0.8661776038685634,1,0.580860902327562,1,0.7133316289278752,1,0.7752267482510055,1,0.6644934064550733,0,0.43889927398324113,1,0.5089565575935657,0,0.4746387821747294,1,0.6391399555230803,1,0.9991104359577685,1,0.5458567257168712,1,0.8709626065635421,1,0.8710419701846757,1,0.6214992403437138,1,0.6317781459895462,1,0.617107635988539,1,0.5751028138528139,1,0.9404426928418594,1,0.9995424592724066,1,0.5895816174536498,1,0.8166840966093406,1,0.8660402553425371,1,0.5531996619432453,1,0.7144467145873225,1,0.7741186606121809,1,0.6498472657099722,1,0.9543352304601791,1,0.9998488684067208,1,0.6033333333333334,1,0.6434405395514596,1,0.9520436974122084,1,0.5297520602999268,1,0.9001899117127745,1,0.8654758580932915,1,0.6746305845158973,1,0.933398300142933,1,0.9993985509355736,1,0.6118840144324655,1,0.9531651219511573,1,0.9998363225585106,1,0.6291152986081578
2_521_u,0,0,0.4341304560009186,0,0.29781166504250195,0,0.41176642084774623,0,0.3804993012286931,0,0.4099762403253004,1,0.5637561855945348,0,0.23204335152502686,0,0.22694568619869915,0,0.29160079691798374,0,0.5093587249349771,0,0.3622680524995355,0,0.37444782897395545,0,0.37898814578142004,1,0.6722027159395606,1,0.5194829541353745,0,0.19988002070518562,0,0.2756282089624921,0,0.36,0,0.3700641569344945,0,0.19829896129423177,0,0.3796349206349206,0,0.16811419475416703,0,0.027474534791666706,0,0.4358285429023362,0,0.33202688401873615,0,0.378669965956477,1,0.5901575590546334,0,0.23218752697735393,0,0.1918772474510707,0,0.28228922702035925,0,0.14873164893877888,0,0.2382524108477356,0,0.4166666666666667,0,0.3205903010879188,1,0.5003891983653111,1,0.5285161802098032,0,0.220097093141698,0,0.22390419794705452,0,0.3480004329004329,0,0.16405169836890487,0,0.010114855413999903,0,0.442,0,0.14144857934858535,0,0.12267410349895833,0,0.4585356959264011
2_522_u,0,0,0.5,1,0.8536294559240613,0,0.451844216702477,0,0.38656715784818435,1,0.5381162992011365,0,0.4538202104061986,0,0.5,1,0.5551429978291771,0,0.473067700060519,0,0.4515257077742951,1,0.5510415105413151,1,0.5684978433398991,0,0.3910670945737829,1,0.724567445942599,0,0.4370221954960454,0,0.44496239387107217,1,0.8920258916264784,0,0.421,1,0.5075591314720178,1,0.8921593523988107,0,0.4652055722055721,0,0.3916975737822951,0,0.26345713063695003,0,0.42312549454948684,0,0.36956786452633594,1,0.639405706195612,0,0.4924642191966673,0,0.4936673908575382,1,0.5418161909710881,0,0.4861256665481965,0,0.462794761913949,1,0.8803268689671016,0,0.43666666666666665,0,0.400633864734291,1,0.8874588103300778,0,0.46559153713626955,0,0.39230814975051154,1,0.9186102808666701,0,0.4125191169455739,0,0.3766279894685116,0,0.1274019261644103,0,0.472,0,0.4620867239636372,1,0.872883416760754,0,0.4416445034742197
2_523_u,1,1,0.5164920733482955,0,0.34938914317671427,1,0.5347743450835843,0,0.12426016544334295,0,0.08080128890313633,0,0.4252849343562272,1,0.5650865614868742,0,0.439259711620643,1,0.5845932451362293,1,0.4509395841237269,1,0.5130119119453718,1,0.5336739850310603,0,0.2806524723466912,0,0.0016023496816496082,0,0.4433635947291011,1,0.5472984624897895,0,0.1819252692102226,1,0.5831737287065305,1,0.5362518839330309,0,0.3517557098030617,1,0.5405125152625153,0,0.38073948858377765,0,0.008037421769750365,0,0.46950903457428267,0,0.11581528083525343,0,0.0807762789748864,0,0.3932966956430705,1,0.5739583420069392,0,0.44406438981940816,1,0.5582692891289599,0,0.3728032166655604,0,0.0043248270244607605,0,0.4523809523809524,0,0.2805810857261285,0,0.09551191881517258,1,0.5187934922432595,1,0.6105701933128662,0,0.18165709816206893,1,0.6013882074406991,0,0.36331176417234207,0,0.007795527541677605,0,0.4839449175824176,0,0.36997220953706755,0,0.005004153313091326,0,0.4818079025040552
2_524_u,1,0,0.3806031405246615,0,0.37893197400585815,0,0.4413219781428679,0,0.33397163622606996,0,0.42324689693692796,0,0.2841617369998646,0,0.23235176960680454,0,0.18957455023636555,0,0.3734238159877631,1,0.4511017058331043,1,0.520363140571994,1,0.6225187955555594,0,0.16628598626667057,0,0.2510259127314217,0,0.31752341740218853,0,0.24716151688182578,0,0.18580275481314534,0,0.3979478260869565,0,0.3952665172112663,0,0.39833289514003767,0,0.43301587301587297,0,0.13679193470945025,0,0.02890328323658543,0,0.2933329872999376,0,0.33477462142850484,0,0.42301453045662846,0,0.30309297707123806,0,0.23825772933097192,0,0.1931240907833083,0,0.339885181029861,0,0.09748075606747983,0,0.028359158733123748,0,0.30666666666666664,0,0.16934635932150216,0,0.17854925706103097,0,0.3365056831376991,0,0.38432066724075603,0,0.18910354946407731,0,0.4226849292479923,0,0.13522660002910109,0,0.04497943279472792,0,0.292,0,0.09836788591682541,0,0.042315158257677704,0,0.2791367383020517
2_527_u,1,1,0.7958395476400966,1,0.8799327314626996,1,0.5956563049093889,1,0.8031110513470207,1,0.7526789777470776,1,0.5840343084947921,0,0.4627317445848036,0,0.4721074156594646,0,0.4753139232617731,0,0.40546260337596524,0,0.4667317953194678,0,0.4400304237854658,1,0.8695458693303403,1,0.9911515068493767,1,0.6406426024976105,1,0.650282473843105,1,0.8380192589811195,1,0.5376812307335794,1,0.7690409057569606,1,0.8730530813723891,1,0.5540833333333334,1,0.7548375473768553,0,0.3967258511547313,1,0.5290862180894692,1,0.8171124335685686,1,0.7749964200288624,1,0.6025342035780039,0,0.4770555010507856,0,0.41254690169247976,0,0.45298605868935593,1,0.8089235383716314,1,0.7502316873172228,1,0.58,1,0.8639250440249769,1,0.8146903517755959,1,0.5998807803107717,1,0.705857055176844,1,0.821637786200725,1,0.5265540193993526,1,0.7888205666442589,1,0.5484433398538435,1,0.5698425060574593,1,0.8247725230173774,1,0.8622478729762855,1,0.6178264027853939
2_530_u,0,0,0.3591371039774002,0,0.2794439050491405,0,0.3690053761876162,0,0.2526219169694247,0,0.2449652318147951,0,0.44101112666146186,0,0.21909269765391587,0,0.3444889774007987,0,0.28283139677492203,1,0.5721706974094843,1,0.6747291584604143,1,0.8179533253373363,0,0.15881773175258293,0,0.285195338805645,0,0.3864383443131317,0,0.20171536412956043,0,0.31922274732338585,0,0.348,0,0.3985431584393719,0,0.4248042737161724,0,0.44669516594516595,0,0.10024213535754813,0,0.19278103878056868,0,0.40058923680512276,0,0.286398674009422,0,0.4315756047637415,0,0.4704121246125298,0,0.2215309847962952,0,0.488076099679093,0,0.300984801073429,0,0.1103837503425744,1,0.5177165025669369,0,0.42,0,0.18131989423893013,0,0.3455420135514573,0,0.4104206954307393,0,0.20207327862567956,0,0.44363288888673874,0,0.29470614496863684,0,0.10509895096224262,0,0.3943389950508373,0,0.396,0,0.11837118431372866,1,0.7543329880204426,0,0.3976577734584453
2_531_u,0,0,0.3732618464782124,0,0.4363837366985518,1,0.5067463533645853,0,0.31168269411581984,0,0.3823196807558618,1,0.6191780774199552,1,0.6290065090476472,1,0.5502745332143059,0,0.4926638634205869,1,0.5755133118133742,0,0.44722347868052803,0,0.33495491095455615,1,0.7001228191422579,0,0.29991075571197684,1,0.6173955375074546,1,0.5560007881383274,1,0.6508830079069674,0,0.4738986629134413,0,0.3354925898666846,0,0.3534659500045059,1,0.5128888888888888,1,0.6021484321027675,0,0.0697756945600116,1,0.5960530920571879,0,0.2891606810905,0,0.37932810931785843,1,0.5732509265086188,1,0.6021398006625786,1,0.5096926941979293,1,0.5215939561388723,1,0.6451764250596835,0,0.201737550205694,1,0.5998861788617886,1,0.6822640450413134,0,0.490705771188961,1,0.6041114243898447,0,0.46126332634289996,1,0.6016901703283757,1,0.5207334586513327,1,0.5829488183463897,0,0.08462763610817665,1,0.6259168084446292,1,0.6358827911298488,0,0.1868605092485747,1,0.6147258596368385
2_532_u,1,0,0.4090839895975345,0,0.4364144094917862,1,0.5210282408704088,0,0.26560603276526085,0,0.2602281537077593,1,0.5193153751119808,1,0.4629196838094155,0,0.47685342922151724,0,0.47919353217822047,1,0.4520267414765622,1,0.505424314497656,1,0.7036753159274906,0,0.29387166046571156,0,0.013682367073348594,1,0.5515382053406025,0,0.3376148954114372,0,0.45274909646653927,0,0.4856782709319287,0,0.41358282814674585,0,0.44124769758057125,1,0.5764772172272171,0,0.3825820532687385,0,0.058470163364068975,1,0.5069555758535177,0,0.2666284593705042,0,0.25985079171217834,1,0.5320609026996029,1,0.47041927529900407,0,0.4864613711506503,0,0.48139352394943824,0,0.21688357851239898,0,0.00704300243207687,0,0.4533333333333333,0,0.2976077692202675,0,0.2036726354850327,1,0.5322017757075196,0,0.3039713437551822,0,0.4632868047361127,1,0.5280915011014418,0,0.38016432138882117,0,0.07702293825644506,0,0.48599078341013824,0,0.22097720725868786,0,0.009396970793866774,1,0.5613414833367469
2_535_u,0,0,0.39206580709410255,0,0.2257352415101564,0,0.46332748387347356,1,0.5888129466562353,1,0.8202621424001761,1,0.5576855761483404,0,0.2553426684281075,0,0.3253243927797821,0,0.3419011959829999,1,0.5171861850917948,0,0.35025381556188967,0,0.39680501293950526,1,0.4115296561931474,1,0.5337037044902069,1,0.5311152271776628,0,0.2249902414842453,0,0.11987474800465522,0,0.399706055946785,0,0.3574839126528612,0,0.14670411146277929,0,0.474515873015873,0,0.3808733454525913,0,0.42465537839133616,0,0.4984679423511422,1,0.5339035813798388,1,0.6465373572543264,1,0.5371612336812569,0,0.24405442628391305,0,0.2334822800336494,0,0.3810293896022325,0,0.30138042810416443,0,0.19978824920908603,0,0.48333333333333334,0,0.3674510317665378,0,0.4422525817426376,1,0.528105694894575,0,0.27201739068602143,0,0.07939877913988315,0,0.4435682635564531,0,0.36884015259761943,0,0.36574688532717614,0,0.447973875071198,0,0.2807974367095103,0,0.13807771818084405,0,0.4806688956218938
2_536_u,0,0,0.3585758834221247,0,0.3949837638362754,0,0.4083679731479795,1,0.5918303301272907,1,0.5123916374427666,0,0.46320821733880774,0,0.2845789051732759,0,0.24908565553650025,0,0.371270028150389,0,0.4386360166248938,0,0.43228116007556333,0,0.25125841269841265,0,0.229396210558828,0,0.32105811137810447,0,0.48088692351800216,0,0.18036272297762893,0,0.3721353361987894,0,0.37594619883040936,0,0.364024565257606,0,0.3837490667439897,0,0.4129920634920634,0,0.3478867939545649,0,0.21614161455141062,0,0.4648529673949948,1,0.6180195362620586,1,0.5121676408952321,0,0.48140378179877813,0,0.2896948650733654,0,0.2467376582231438,0,0.3268788115227316,0,0.21210963738974986,0,0.15598958607268643,0,0.4333009708737865,0,0.22981250076886522,0,0.38890096113006933,0,0.488367712256289,0,0.22624816931938885,0,0.3858434612595878,0,0.40432486763536957,0,0.3488010455431594,0,0.21782216969630352,0,0.44592970963759593,0,0.21268224160865662,0,0.17091720015542688,0,0.45627282397107466
2_537_u,0,0,0.46275130362505845,1,0.5634870437508949,1,0.533919234371819,1,0.5297275628746552,0,0.4315802758369424,1,0.5756706138900805,0,0.35356302447765403,0,0.31255784141580106,0,0.38297184777623067,0,0.5,1,0.5708405161637776,1,0.6756617773131645,1,0.5795769765608878,0,0.3503847793041375,1,0.600483980182409,0,0.25639753976947277,0,0.2539967210735504,0,0.45161196731872005,0,0.47708164600303465,1,0.6290556795163442,1,0.5140667388167388,0,0.39035442468043996,0,0.16868700789078617,1,0.5405193116659501,1,0.5364858689565332,0,0.47636625404246413,1,0.5816387192088927,0,0.3541700213389743,0,0.33955309034941145,0,0.4425935253927147,0,0.30900479707968875,0,0.08996049246424265,0,0.48333333333333334,1,0.5908094159545721,0,0.497396658651254,1,0.5734694547441643,0,0.29240550770134255,0,0.25612280784175395,0,0.4184845481493613,0,0.38676020835629915,0,0.17506842387325486,1,0.551938117087618,0,0.31343642645523206,0,0.10793295475807677,1,0.5828994962634129
2_540_u,0,0,0.17714330581583013,0,0.12103675669485542,0,0.3078927645773448,0,0.1570135187761311,0,0.16652086663033647,0,0.3921813113961951,0,0.1739449661435407,0,0.0720415648349779,0,0.23539010789370507,1,0.622062761961949,1,0.5516450360180194,0,0.3858244540243021,0,0.03075773294104507,0,0.00019024090758899508,0,0.3430267878510898,0,0.1301345996266665,0,0.03373338136699563,0,0.248,0,0.1763294034463046,0,0.16483118331435048,0,0.34289141414141405,0,0.05694215794546195,0,4.138567144165954e-05,0,0.3497758778258779,0,0.15301799110235628,0,0.16165063104681504,0,0.34045090780333254,0,0.17899469386586447,0,0.08995206526903493,0,0.2773836022651813,0,0.03392692024913904,0,4.126241469527206e-06,0,0.39,0,0.032352086762811205,0,0.056865538408405504,0,0.36313246284126854,0,0.171060847177713,0,0.04048808911412319,0,0.31830133755133755,0,0.05743663516820213,0,2.558643740940594e-05,0,0.338,0,0.033631748411662096,0,3.27561022397151e-06,0,0.3535292617408615
2_541_u,1,1,0.4907653047375581,0,0.31833975857392105,1,0.5098980139938591,0,0.35234321504072547,1,0.7531343296919941,0,0.44597524272845385,0,0.3281475968969537,0,0.41741696626155406,0,0.33521180785468363,1,0.4467665437825119,1,0.5086899315247029,1,0.5238695290225833,0,0.2481951059977579,0,0.4216303447161855,0,0.4352705707497934,0,0.3512354610244527,0,0.30354979840843477,0,0.40984955787019356,1,0.5103841187143596,0,0.31495562919452846,1,0.5581785714285714,1,0.5361187990732625,1,0.7952223825574308,0,0.45587147355049507,0,0.3143220795621594,1,0.7525865975383731,0,0.4061082676423175,0,0.3020700479196472,0,0.41472345468143207,0,0.39199985663296344,0,0.3070886438590852,0,0.2634696904551894,0,0.44322078066090037,0,0.24118374918660834,1,0.5898977320545172,0,0.45570815370514695,0,0.2870285253964543,0,0.304704230695747,0,0.4434809993598429,1,0.510485959548975,1,0.7130788918140815,0,0.402,0,0.2903127748891111,0,0.19144196879081207,0,0.4400766306186757
2_542_u,1,0,0.3617241478897384,0,0.24563453999647267,0,0.42975572861097,0,0.35640566439113985,1,0.6467667001750355,1,0.5234266741912841,1,0.5231144498746809,1,0.5495884065546968,1,0.5287148509536639,0,0.4886628900777853,0,0.3609085935240119,0,0.38194613140254385,1,0.43259574274457996,0,0.15883492438622746,1,0.5123538328910197,0,0.33684274756318056,0,0.28875345388142437,0,0.4658943522804301,0,0.3329637930133056,0,0.14978204295521153,0,0.43788492063492074,1,0.5457478245038634,1,0.6528075582113746,1,0.505971461055321,0,0.3114922054285449,0,0.4807075035621301,1,0.536202273381978,1,0.5081497960686995,0,0.4582369226511766,1,0.5704137774756776,0,0.4438595840584614,0,0.15516852533224493,1,0.56,0,0.3855084451738832,0,0.19683957168993813,0,0.4778969901686139,0,0.3603344997564623,0,0.2107593587475331,1,0.5188466659842181,1,0.5299169318257594,1,0.5986088110838924,1,0.516935555290112,0,0.427965740420012,0,0.10673013813395593,0,0.47154687056322403
2_546_u,1,1,0.6361632668120625,1,0.7476139958291195,1,0.5869016768000708,1,0.658309490573786,1,0.6877850677951176,1,0.5733214195511477,1,0.8014657638690806,1,0.8315889144752847,1,0.8009508293041637,1,0.44729003285002134,1,0.5223908851891756,0,0.46945993099945127,1,0.5422140424524897,1,0.8972341568902259,1,0.5863693415364445,1,0.8479007238242705,1,0.8171500965432231,1,0.7193318264710354,1,0.6339270837702768,1,0.7514125898351717,1,0.5298835470085471,1,0.8684733831095734,1,0.9627355825383743,1,0.6346458261005419,1,0.6646253168102763,1,0.6878301954851624,1,0.5312352541892141,1,0.8057251796520681,1,0.8340479780455305,1,0.7755972344112408,1,0.8712731241342478,1,0.974619833571878,1,0.6133152173913043,1,0.549112953347733,1,0.746519468378954,1,0.558353900617077,1,0.8490182321612078,1,0.8151226071952056,1,0.6243633162442213,1,0.8736049162778527,1,0.9755105577697448,1,0.6218339284569733,1,0.8719124698332106,1,0.9778697798130063,1,0.6351495478905842
2_547_u,0,0,0.37612695789126727,0,0.23117886448562758,0,0.4588488562284053,0,0.2848848146179215,0,0.30571524963035823,1,0.5164340138883836,0,0.35236925630008215,0,0.28514176478709424,0,0.4439192747488905,1,0.4486010282798929,0,0.4975082647632701,1,0.6010361667211069,0,0.2911788517716049,0,0.14169463341144922,1,0.5037934357128138,0,0.29564306223708525,0,0.12957323411466604,0,0.43577914642783955,0,0.3898492524595351,0,0.23054599944064808,0,0.4988379120879119,0,0.2364200281807927,0,0.14755733142783223,0,0.46067841620710653,0,0.2826395635365718,0,0.303557203662485,1,0.5242080482419624,0,0.3426551600864968,0,0.28402826577044354,0,0.4505023782747755,0,0.30446210110090943,0,0.09407493095547831,0,0.4866343042071198,0,0.29530140693303675,0,0.23645612211940542,0,0.4944735569683509,0,0.33366440661397617,0,0.12584115599852203,0,0.4106380227840309,0,0.23558207522569158,0,0.16454194575207132,0,0.4739017444920671,0,0.30577986237218263,0,0.11573168256851707,0,0.4790006457129444
2_548_u,1,0,0.31220004878271523,0,0.1542271111716234,0,0.38576813984639,0,0.23628084848737926,0,0.43921470817527286,1,0.5331437012057283,1,0.5949180575934642,0,0.4319357531487333,1,0.6151550516135317,0,0.5067300078055801,0,0.4367990277285904,0,0.3601922705314011,0,0.18109881377868625,0,0.0696116669970408,1,0.5284643671229251,0,0.3427680935996551,0,0.1321073409782172,1,0.5494556208628336,0,0.3034915928709948,0,0.11928642425693377,0,0.3607222222222222,0,0.3784695095688224,0,0.299154472983863,1,0.5676438275144311,0,0.1876340091624397,0,0.41122974420621916,1,0.5119852694535019,1,0.5714402860453642,0,0.3086103945031661,1,0.5466560307633226,0,0.2203880017813785,0,0.048930145073048215,1,0.5733333333333334,0,0.17836486503806437,0,0.2067486155316413,0,0.4780765122009091,0,0.31616107390847586,0,0.09671912466952484,0,0.4422543457353948,0,0.33196321182658023,0,0.16863328670799488,1,0.5599380510706515,0,0.20909040614572802,0,0.05944702017695233,1,0.5041686381652959
2_549_u,0,1,0.6553251639313254,1,0.5301428973764731,1,0.6851881427898566,1,0.6844512414464159,1,0.9750643110731952,1,0.6166877577212116,0,0.2517410875588913,1,0.5319634466056075,0,0.3349561669336326,0,0.29529394065075676,1,0.6702415317307313,1,0.6001259765918248,1,0.7140293745828882,1,0.9746479415954413,1,0.5994821754524444,0,0.19173742627697124,1,0.6335937837423943,0,0.388,1,0.7496990407252083,1,0.7766482999247479,1,0.6376053391053391,0,0.25862726173827066,0,0.25856629595491315,0,0.47746390886359724,1,0.759962514677405,1,0.9773241604214579,1,0.6495475127238906,0,0.24950597026135837,1,0.6520376535100912,0,0.3446629138643412,0,0.1806992068068819,1,0.6345748962292378,0,0.4633333333333333,1,0.7505507960646829,1,0.9883842078004531,1,0.5891375481444362,0,0.23673876000589625,1,0.7792263260686819,0,0.4121818444645959,0,0.2647155044080042,0,0.41756615852573203,0,0.454,0,0.1871803462103012,1,0.7998192860401944,0,0.48485169079367724
2_55_u,0,0,0.4205783319548603,0,0.44298742035336797,1,0.5266580619926124,0,0.4134228883416203,1,0.636601465106378,0,0.4872818145020133,0,0.40468263762845674,1,0.5322407912583353,0,0.3292316054236996,1,0.53577040138067,1,0.5083706479987108,1,0.5891673713470655,0,0.4140896591704124,1,0.9435350214948826,0,0.47492435152236684,0,0.3231752913906197,0,0.33850813681416436,0,0.40990914346276136,0,0.41685984893935474,0,0.4570452485601961,0,0.4574426406926407,0,0.2801068604398404,0,0.21255655421285058,0,0.42771122138109263,0,0.38775756474245027,1,0.6818658502305547,0,0.4510158679637945,0,0.3827555775757139,0,0.49116003082860277,0,0.3605154445495826,0,0.22035097999496414,1,0.6043747910026761,0,0.42333333333333334,0,0.412761075756733,1,0.7342273149829932,1,0.5070729613646234,0,0.30178167466843137,0,0.3092294151924933,0,0.4744043112892008,0,0.24635609473614575,0,0.1165567305284353,0,0.376,0,0.2113693085559881,1,0.5092148742312049,0,0.41387818256418274
2_550_u,1,0,0.22451951293105427,0,0.2861220990028659,0,0.374848363774838,0,0.270989113212401,0,0.23913364485114202,0,0.4835142953173113,0,0.20135882179296058,0,0.3120236178811367,0,0.29763667453796333,1,0.4459019194918969,1,0.5213616278067178,1,0.5194967455736799,0,0.14302387926986676,0,0.07019292119465928,0,0.44337458761461107,0,0.11312016190553363,0,0.1161508999849958,0,0.25,0,0.2167571853546862,0,0.2974607277668835,0,0.35730946830946836,0,0.2998164167517832,0,0.11434681076738916,0,0.41376028285388444,0,0.27068321745776736,0,0.23917511136786943,1,0.5089219022664595,0,0.21100768928218136,0,0.3162913738786862,0,0.2955899084038419,0,0.07703263732929125,0,0.016650462033108767,0,0.44656565656565655,0,0.14695698830538415,0,0.1704042685693678,0,0.46374002675910864,0,0.1144128304938766,0,0.11669143996818288,0,0.305688712723953,0,0.2996370508676936,0,0.11711817354835728,0,0.4479910714285714,0,0.0766509087780589,0,0.015686950709218505,0,0.42629906144469226
2_552_u,0,0,0.2595244955865995,0,0.1820003951584808,0,0.4288247939932149,1,0.7986198107054204,1,0.7214580934814638,1,0.5966931583762872,0,0.22200389771995602,0,0.2985086276919568,0,0.27143888129414434,0,0.5,0,0.4405404853106389,0,0.4849842298976127,0,0.2946887353049518,1,0.91938031980163,1,0.5721141264173739,0,0.17114959857846845,0,0.06740325146940357,0,0.3059810426540284,0,0.2776605492178472,0,0.16025576168452965,0,0.4407316017316017,0,0.39528691806977395,1,0.9708325283833933,0,0.4365205525076177,1,0.7912178655748042,1,0.7037582665558922,1,0.6073123082330577,0,0.21696748758085263,0,0.2767599470496834,0,0.283240934990935,0,0.19425075575441916,1,0.7626374515827371,0,0.43666666666666665,0,0.2922058526490256,1,0.6148268286599364,1,0.5230246977248719,0,0.19942819319338764,0,0.06624983407721328,0,0.28724353424353427,0,0.3949595724399402,1,0.9726950974277366,0,0.432,0,0.19416041887332236,1,0.7688604126444413,0,0.439682056888626
2_553_u,0,1,0.5378550660881098,0,0.4318198518247947,1,0.5468915877909472,1,0.5756929154256981,1,0.6101693449321322,1,0.5378147883789494,1,0.5480429475696555,0,0.4399185171627788,0,0.47434178363742574,0,0.4939447734634218,0,0.37113062612750325,0,0.34856470400000966,1,0.4605024731293892,1,0.6800994217689543,1,0.5152167469078986,1,0.6265277482980756,0,0.39616348255528705,0,0.4818596371882086,0,0.5061788158797451,0,0.330079153719062,0,0.47504736929736935,1,0.5142485360868636,1,0.8808876768667546,1,0.5110823479212627,0,0.4903018519730322,0,0.39872875502029337,0,0.48899784544747443,1,0.5304316564570043,0,0.364652314626203,0,0.4674325985159504,1,0.5444275238971159,1,0.6367328787488199,1,0.5799404761904762,1,0.4327442021823506,0,0.37621793938670617,1,0.5155220334623166,1,0.6180040829668096,0,0.34943237911684777,1,0.5009253972599902,0,0.4773276757729187,1,0.7530626605803198,1,0.5259905660377358,1,0.5199058458889949,1,0.5217560672839064,1,0.6020939626932194
2_555_u,0,0,0.29111439112097065,0,0.1421415846139137,0,0.4035246555609545,0,0.2623767440898418,0,0.4346597447317543,0,0.4440890415123241,0,0.3967908210900933,0,0.42820231151674004,0,0.4475404341838191,0,0.5,0,0.4660113297078218,1,0.618029558559888,0,0.3984376759470067,0,0.30916803706016804,0,0.4554906649337557,0,0.295047368187305,0,0.12050602044347258,0,0.41393432788443146,0,0.2955489916492139,0,0.12429106973557297,0,0.4245339105339106,0,0.36413519860413174,0,0.2878524469245758,0,0.3958146030897376,0,0.2727549731416105,0,0.4282472671776707,0,0.4849342272389621,0,0.3968517262329244,0,0.36990203628629376,0,0.3870819904634821,0,0.37061558678364714,1,0.6067649565502001,0,0.45,0,0.39336325840080516,0,0.3857488694584694,0,0.4577474265157831,0,0.30249713064959,0,0.11073283121093755,0,0.3732404350402911,0,0.369829006355704,0,0.46915753111216724,0,0.4319912663755458,0,0.36686160180134725,1,0.7032368338972095,0,0.4297918234685346
2_556_u,1,1,0.45336491417944236,1,0.6064205274845131,0,0.4985850316094144,1,0.5296468853562041,0,0.4534695721403945,0,0.39184551052882843,1,0.7359657187897292,1,0.6543123122906898,1,0.6993722811030652,0,0.4445682890836676,1,0.5033712005824502,1,0.5684268751695597,0,0.1520974332683648,1,0.8447571243160966,0,0.4457537017383623,1,0.6492301112486027,1,0.8026487898436792,1,0.6013296747611003,0,0.44403017929559985,1,0.6046239024125081,1,0.5362665945165945,1,0.6787454353538352,1,0.9968096221556012,0,0.42449825172674693,1,0.5091278534759819,0,0.4533725626914295,0,0.39205184474859456,1,0.7271981969414487,1,0.6591061424661524,1,0.6866170744832898,1,0.5212643198086682,1,0.9921962009865025,0,0.4532456140350877,0,0.15129905259236193,0,0.46902499565702543,0,0.38855832146428443,1,0.7153520091996113,1,0.7979631425848847,1,0.6098720790487774,1,0.6586831749584194,1,0.9955131498807009,0,0.4272903225806452,1,0.5137494350171038,1,0.9923330492352948,0,0.4327695042724593
2_557_u,0,0,0.2779084235851713,0,0.2758254708809896,0,0.43936898626707727,0,0.1099567378104357,0,0.1736986442481478,0,0.47801126490164353,0,0.3400337483132206,0,0.2829316850097935,0,0.39739547952007076,1,0.5366562578815578,0,0.34801505573242036,0,0.42319584183368864,0,0.15107713232169534,0,0.0032046171727465583,0,0.45762598065459337,0,0.2706650324921846,0,0.2038108111360297,0,0.4516568923493568,0,0.281142785039927,0,0.18510165784350205,0,0.44365537240537245,0,0.11312713952690609,0,0.000588011037713917,0,0.454675343158695,0,0.09766070522977366,0,0.096802415955881,1,0.5016049110982764,0,0.30342472446251023,0,0.20626503442966684,0,0.36733052686477113,0,0.1503407631735071,0,0.0013447677294328637,0,0.4766666666666667,0,0.13729284780898526,0,0.0831796283580837,0,0.4573016464249359,0,0.25499978700871606,0,0.1488495417176984,0,0.4539328827027718,0,0.10657800541220276,0,0.0007318857679568296,0,0.4839155833734553,0,0.14222699436767347,0,0.0012977113994338313,0,0.4443646321868245
2_558_u,1,1,0.6174853412904282,1,0.6875007134585118,1,0.5677161693009527,0,0.36243241335647547,0,0.3114822749613263,0,0.3879975300870019,1,0.5704875919423545,0,0.4330878906096259,1,0.5699880286413046,1,0.4465420329002264,0,0.4761205251408758,0,0.469080222023277,0,0.28639093492301076,1,0.9697946539205669,0,0.44414095944229737,1,0.6842215384952283,1,0.6720592808409899,1,0.5293889296332939,1,0.6275813238115876,1,0.6823590168793481,1,0.5663378010878011,0,0.44194292396885065,1,0.8628546748200592,0,0.4301661623880099,0,0.314716866572617,0,0.31153945563137225,0,0.3808278096994856,1,0.5664257372821372,0,0.4363915089875891,1,0.5299574539745456,0,0.4596173145877498,1,0.9115350961934086,0,0.4633333333333333,0,0.27546140897101373,1,0.5369260074329703,0,0.459744182641481,1,0.7101842221525136,1,0.6733561055386644,1,0.5949340399103482,0,0.4200834800309792,1,0.8234902576200342,0,0.43395384615384613,0,0.44381468149765035,1,0.8905081776759327,0,0.46626694129484186
2_559_u,0,0,0.35296884536261897,0,0.1841004774098901,0,0.4024802466672945,1,0.7324927932931822,1,0.5172205097264329,0,0.4593854342833064,0,0.26907334193179794,0,0.4015823829996772,0,0.3556901583794511,0,0.460347497917365,0,0.4570117887531843,0,0.4549854509574455,0,0.37896481112507574,1,0.6886382553897713,0,0.46001318921138623,0,0.21434269999971742,0,0.26752408718928306,0,0.442,0,0.29267679856779133,0,0.2070878527130756,0,0.44333730158730167,0,0.2503376241145715,1,0.7371442905024219,0,0.40910723292876566,1,0.7463344611380348,1,0.5159708403721445,0,0.46930116952613266,0,0.2614415092707959,0,0.3356961990039934,0,0.3800543607610809,0,0.18964160922096593,0,0.18558352310460532,0,0.3933333333333333,0,0.3427845466078076,0,0.4033322909657982,0,0.4972146586492686,0,0.25175100025693337,0,0.2267778069402076,0,0.4030497450927858,0,0.2615190354863445,1,0.8393388158248399,0,0.412,0,0.18666119501809278,0,0.18350173485110327,0,0.40643737169756505
2_562_u,0,1,0.7344991924262856,1,0.7993853010643358,1,0.5843995482777855,0,0.1687029049128027,0,0.1324224364308739,0,0.30512875627882075,1,0.5236571317982617,0,0.2973275741479112,0,0.46487417235548206,0,0.4238744030416277,0,0.48396861962538607,0,0.33117953634504543,0,0.2589870253805448,1,0.8450279618762001,0,0.34873682900886693,1,0.7046889858068427,1,0.7804998741524892,0,0.471453475377699,1,0.7133332401593018,1,0.7864170844995447,1,0.5727777777777778,0,0.10957002716182086,0,0.015086809027739418,0,0.2790434330319828,0,0.16666096661970176,0,0.13329840202564242,0,0.31215111847417537,0,0.5,0,0.30007732700462547,0,0.3981439111754429,0,0.3768747773099611,1,0.5752242926702569,0,0.4,0,0.24785203253620078,0,0.3352375204153909,0,0.4199356030997242,1,0.7496685226000743,1,0.7608375971015676,1,0.5500528865115998,0,0.11068620951180526,0,0.018876547682963752,0,0.304,0,0.36722974060645824,1,0.544958835353015,0,0.3689749304251758
2_564_u,0,0,0.1971114066021679,0,0.24922407488699644,0,0.45000204005636085,0,0.03641633580170893,0,0.053902138625137395,0,0.42883604197833686,1,0.5651456472722702,1,0.6619463842546209,0,0.49996202326504063,0,0.4371457654419634,1,0.5091663136330006,0,0.3750758846819599,0,0.04833137746158212,0,8.303463190738424e-05,0,0.4299813207441783,0,0.24938231372415715,0,0.4685186492869675,0,0.4975023275767708,0,0.20936986935177324,0,0.23609579751944793,0,0.4450158730158731,0,0.11718666617191668,0,0.012304766210324263,0,0.42100285020973305,0,0.04156962758102873,0,0.05410285366249592,0,0.38844470879779885,1,0.5644355455651016,1,0.6592827548114021,1,0.5543922703960691,0,0.04440367914520668,0,0.0041773309824498376,0,0.45659726717008275,0,0.0495498537571699,0,0.03219909241550373,0,0.4479275122205727,0,0.2827396973378756,0,0.4616993194865374,1,0.5044533448384633,0,0.11983717440644776,0,0.011112712996040212,0,0.42594789833822094,0,0.04552917362946955,0,0.003728675823621289,0,0.42601014136546517
2_567_u,1,1,0.5861023264167354,1,0.665921388310739,1,0.522988456279571,1,0.5323112213507191,1,0.6126799202420816,0,0.4667570037435882,1,0.6236641416994915,1,0.5013195150998534,1,0.6084167743586217,1,0.4479109562852725,1,0.5161858393815327,0,0.3727818785627818,1,0.46183734059172,1,0.8554274779921595,1,0.5127832949595134,1,0.6965209379446586,1,0.5111470714263087,1,0.5576198220883598,1,0.5982551656173469,1,0.6680914628090454,0,0.49119411144411146,1,0.8062410730556644,1,0.7022838002499503,1,0.515219697240593,1,0.5,1,0.6111881233488383,0,0.4606733435988055,1,0.621873467787364,1,0.510280173269183,1,0.5685142997203322,1,0.8019881592404694,1,0.9034542534224386,0,0.4599676375404531,1,0.46282434237762243,1,0.6811009125431208,1,0.5020995695707365,1,0.6861410748208113,1,0.5197887409673835,1,0.6251128574273552,1,0.7949324386651997,1,0.5913889507744774,1,0.5039034922146457,1,0.7953867755826907,1,0.8835895272349122,0,0.49989202608923566
2_570_u,0,0,0.29927530721703804,0,0.23517337426297363,0,0.4410243529112583,0,0.45604539671038535,0,0.4400219124944812,1,0.5040136116695714,0,0.33106448258478377,1,0.5658929700575475,0,0.42602369471158025,1,0.45148030178211607,0,0.496733398076405,1,0.63241936801836,0,0.307022108867342,0,0.39276956007744235,0,0.49254102491664997,0,0.3438995780991976,0,0.3083635622134757,0,0.45978715448574287,0,0.3098142094132185,0,0.2417138374074405,0,0.41105483405483406,0,0.4158460204354089,1,0.8485075873820604,0,0.4864163905858643,0,0.4326426257803662,0,0.4404121308146112,0,0.4805602881941852,0,0.33032439618071885,1,0.5700582087611766,0,0.4526697898058091,0,0.464459812418878,1,0.7606956135875579,0,0.46,0,0.30578039281355174,0,0.32197202323435486,0,0.48847115613544395,0,0.4125303868093389,0,0.3144706433974678,0,0.38402112530038096,0,0.4067593889465177,1,0.8412644839251261,1,0.5138979921471812,0,0.4626230161888888,1,0.7351259943480001,1,0.5037256908954285
2_573_u,1,1,0.6669397717942614,1,0.7054052006191077,1,0.5940890097040795,0,0.13290153421886028,0,0.22487065340729473,0,0.4374566494834683,1,0.7340268097518494,1,0.7076798662339262,1,0.7114188534009166,1,0.44943885236329956,1,0.5198052412787686,1,0.5676633639245013,0,0.27319417197441304,0,0.36652891455392606,0,0.4498077858441249,1,0.8406474391196286,1,0.8495280809370601,1,0.665151379568708,1,0.6908121392775758,1,0.7116582838470966,1,0.6051422466422466,0,0.3063077672728472,0,0.06025558277251849,0,0.49189844274712213,0,0.12361266388774414,0,0.22413153865503505,0,0.4252155467769386,1,0.7427514635438097,1,0.7135117829714667,1,0.6708729775303576,1,0.6140902035914088,0,0.4894241700615904,1,0.5465740740740741,0,0.2792972658946813,1,0.565061969466349,0,0.4522198756793627,1,0.9096930409697558,1,0.8511949339097927,1,0.5838406804437791,0,0.28749787894446255,0,0.06436712275001344,0,0.4979475200747612,1,0.6179404384164147,1,0.5381100617005062,1,0.5156263472030725
2_574_u,0,0,0.2896679956796124,0,0.20528418310715998,0,0.40289269070490824,1,0.5227868729373261,1,0.6983815574450761,1,0.675880290917263,1,0.5255909103022953,0,0.48536161971667113,1,0.5508498692536905,1,0.5573257398955463,1,0.533107506521808,1,0.7399226561766981,1,0.5240948101942687,0,0.026171771892635476,1,0.6388372947512491,0,0.37062286966039465,0,0.2010939897744684,0,0.4118082431082431,0,0.30353286261375545,0,0.23235568687558253,0,0.4379365079365079,1,0.6123338738248417,0,0.061859509265657586,1,0.6377024982859013,1,0.5142910820589315,1,0.6924938086054205,1,0.6521874095921733,1,0.5244188892894736,1,0.5195467553224086,1,0.543097138536318,0,0.39831214866804676,0,0.006660098541260968,1,0.553219512195122,1,0.5325684704665488,0,0.43007728941184686,1,0.6287452428415717,0,0.3700015921999033,0,0.202526906392349,0,0.48146529397642274,1,0.6302653331769772,0,0.059309453398952564,1,0.6139829787234042,0,0.4043058201141672,0,0.006429121477741542,1,0.6415583187186236
2_577_u,0,0,0.3510240455597712,0,0.2066596969152446,0,0.4864054838853153,1,0.7754354618337803,1,0.949755417554113,1,0.6339636094845549,0,0.3217987523009512,1,0.515654059018601,0,0.27174294472036076,0,0.5114793075690018,0,0.38144873700060766,0,0.38881239333410944,1,0.742782360980094,1,0.8665138672274332,1,0.5989488950217129,0,0.22019900180729696,0,0.2165982587034685,0,0.376,0,0.3303087678767642,0,0.13668988376180483,0,0.4817380952380953,1,0.7791576961246583,1,0.9998689560404675,1,0.5517764097716522,1,0.7657254475603121,1,0.899573112231211,1,0.5756168180399864,0,0.30658299330147065,0,0.41040827867619034,0,0.2742597048506153,1,0.5775314976521382,1,0.9918618979855526,1,0.55,1,0.7276630179935959,1,0.8140030770896177,1,0.6181322317612992,0,0.17246372193853077,0,0.18906578865809698,0,0.3798519642179931,1,0.7630394053052748,1,0.9997020038813113,1,0.5539714493769647,1,0.559307047251611,1,0.985560170125357,1,0.5721137688524258
2_579_u,0,0,0.3296135188743458,0,0.2870600868256372,0,0.23006033983899193,0,0.25875259772875614,0,0.10556237269032229,0,0.4845150087039023,0,0.3129067906657756,1,0.6023506583714974,0,0.4108168750171265,0,0.449013358312121,0,0.46855529061936585,1,0.5852502321197411,0,0.12296676919764482,0,0.002422814910768301,0,0.4255673127425749,0,0.35283745686125034,0,0.2914329840050954,0,0.4098605210753402,0,0.26714668864952873,0,0.2819420605482489,0,0.3107836607836608,0,0.2093126197353886,0,0.1509944437627001,0,0.47012866843657863,0,0.27163231116493913,0,0.09306851497621722,0,0.49495540312325176,0,0.30357163820377514,1,0.5745453699175386,0,0.4009888950329885,0,0.16803544623332983,0,0.011820592334981254,0,0.42333333333333334,0,0.12087350732149124,0,0.0875972386200419,0,0.4287697497781165,0,0.34834850216788843,0,0.2699026663484119,0,0.38702425219559283,0,0.22334621403411184,0,0.30303697338800556,0,0.45792884638279296,0,0.17755630459064992,0,0.019158298800206343,0,0.4898464463698823
2_581_u,1,1,0.5,0,0.4169985858116932,1,0.5476860508476958,0,0.33243388611381874,0,0.33684085750688364,0,0.39534533669809524,1,0.6645660387151568,1,0.6751106740413712,1,0.6522704154804483,1,0.44835547190499303,0,0.49647416495605007,0,0.44063565572014474,0,0.17887614191686857,0,0.3341523025321139,0,0.4550820606341935,1,0.7012517288791387,1,0.73753351245592,1,0.5975335362674438,1,0.5,0,0.41702492461564905,1,0.5375758685758687,0,0.3361412588153802,0,0.14828704902539963,0,0.4705196171162865,0,0.32296425846548965,0,0.33661212702726684,0,0.3550922723062609,1,0.6632590543832269,1,0.6740858155909685,1,0.64062318126172,0,0.3808413501084403,1,0.8493090646965149,1,0.5131633307361463,0,0.1780968817327521,0,0.2987610930315895,0,0.46627827536387995,1,0.6974673600943162,1,0.7331556221804033,1,0.5938000814514411,0,0.33473408491551965,0,0.21073582287812836,0,0.45195698924731187,0,0.3832758983342313,1,0.8472391915359094,0,0.4734809707217556
2_583_u,1,0,0.23022451172194783,0,0.24561161736412304,0,0.3999123150967706,0,0.3884517407706132,1,0.584511933894182,0,0.4504209780624852,1,0.6280603557187544,1,0.604587905479936,1,0.631259787388018,1,0.45399315876179186,1,0.5060354512913955,1,0.5803599094399651,0,0.20993425844621408,0,0.24839877766690321,0,0.4884595184044203,0,0.4301373568715476,0,0.33532045445712966,0,0.4917519889447119,0,0.23319263494408052,0,0.2590388915459434,0,0.41923015873015873,1,0.7889502500941425,1,0.9961990039985262,1,0.5190527577891726,0,0.39479205196946954,1,0.5842887811994146,0,0.49304833618647165,1,0.6312686816466474,1,0.609294009037303,1,0.6169628829878747,1,0.5587062815911834,1,0.647309412117917,1,0.5099818840579711,0,0.2109131613806593,0,0.39689532549125167,0,0.48302589543798596,0,0.46292888042115293,0,0.3456607078780288,0,0.48415736525263964,1,0.7794688215830208,1,0.9974421543769965,1,0.5098979921471812,1,0.5538720609609541,1,0.6990368357412317,1,0.5264754338744467
2_585_u,0,0,0.245486113200628,0,0.3002766946337286,0,0.4103188007330985,0,0.43528755155115356,0,0.2973881426505961,1,0.5406293228867851,0,0.4886332322120759,1,0.5659356974509944,1,0.5033106420088784,0,0.47805014361418885,0,0.4045323176752987,0,0.48696510041536634,0,0.3326764845697027,0,0.3080168124544132,1,0.5055685614127908,0,0.39471772738568006,0,0.2446395356943417,0,0.4777520854616388,0,0.23377723162285605,0,0.26066762341265476,0,0.3855357142857143,0,0.38815251215855595,1,0.5407891974503783,1,0.5843445771952496,0,0.39637198682015495,0,0.2515195786691429,1,0.5369988124402504,0,0.46193072669031504,1,0.5215708897321479,0,0.4885735954093967,1,0.572936992846687,1,0.7046669414437814,1,0.5498446490689585,0,0.31733622847088555,0,0.22249222075750505,1,0.5097252326170154,0,0.43614414565783427,0,0.2580417463122917,0,0.46214340035688073,0,0.38857560685080006,0,0.4485292800256576,1,0.5339627501685819,1,0.5628814950599353,1,0.5859086104883648,1,0.5104825003306204
2_586_u,1,1,0.4893282026362945,0,0.40646155302172815,1,0.5012475368129653,0,0.14862689292706002,0,0.16925004814828204,0,0.2724267414475623,1,0.7539530686926834,1,0.6245579789971039,1,0.7612531062301952,0,0.440991268278492,1,0.5225469135226833,0,0.48058679816086025,0,0.07009930059150507,0,0.22248795260107312,0,0.2984631074864922,1,0.7758630221482674,1,0.6683313827336584,1,0.6492613530847614,1,0.5,0,0.42185702194010494,0,0.43362637362637363,0,0.31868869913730125,1,0.5051384977470543,0,0.37437950101738193,0,0.14119581936748216,0,0.16911102738259884,0,0.2795841354831962,1,0.7586924294662452,1,0.6297671589547776,1,0.7615918001779687,0,0.2758765002115957,1,0.5606908456887476,0,0.42663430420711973,0,0.07141740170192082,0,0.14439511611367023,0,0.3346252636857068,1,0.775930243191231,1,0.675589788145738,1,0.6413663185171632,0,0.3049755460141481,0,0.40553327788497084,0,0.346,0,0.26997362982969975,1,0.534409619333,0,0.31793733743605096
2_588_u,0,0,0.41820673724461055,0,0.3209007889664006,0,0.4696219313958463,0,0.24254042630488543,0,0.34721305876858094,0,0.4633002813679109,0,0.22447500876174312,0,0.08782229102423146,0,0.23276224303249246,0,0.46016969383654993,0,0.4742722650951832,0,0.3467335336681185,0,0.21609448688685134,0,0.05050775071337759,0,0.44404075598370946,0,0.18188018785762772,0,0.08886794003114928,0,0.28598989898989896,0,0.41612375860531636,0,0.35772714373873965,0,0.4487976190476191,0,0.17414341702553449,0,0.00021399743360660448,0,0.42256922537758235,0,0.2407891387942031,0,0.32940976140969874,0,0.4186977700427423,0,0.22866743464066494,0,0.11221273924850393,0,0.2777119824619824,0,0.1286176594870145,0,0.0037960199014979413,0,0.39666666666666667,0,0.2155012888006622,0,0.26828467096618963,0,0.4543873529814642,0,0.2041315075280997,0,0.11112891145249833,0,0.3059590072439027,0,0.172017169182273,0,0.00025614143001643656,0,0.418,0,0.1266568594576388,0,0.004796293786955041,0,0.4141821895359461
2_589_u,1,1,0.4934724319426507,1,0.5876252007611349,0,0.4805571391001932,0,0.29644516705499874,0,0.2439083899725989,0,0.3604299140132159,1,0.7793037713787047,1,0.8234790196512324,1,0.703463683996333,1,0.4505725162568111,0,0.49415683489622575,1,0.5730492764679638,0,0.09757648991979558,0,0.023957458233351672,0,0.38517813815915014,1,0.7092059245317813,1,0.6664219553887414,1,0.5678749331035555,1,0.48697582213363627,1,0.5947614825296994,1,0.5169668109668111,0,0.38281807131370954,1,0.8428255677285108,0,0.4683006302593903,0,0.2753953784792666,0,0.24303585431282032,0,0.3500846405772876,1,0.7679142771539605,1,0.8263624956919796,1,0.7086841602503149,0,0.22060783184261556,0,0.13076329004331824,0,0.4333009708737865,0,0.09726490308116316,0,0.08817998473296183,0,0.41338712699036056,1,0.7246259619520689,1,0.6771611262881092,1,0.5413522149432836,0,0.36082865714497026,1,0.816164735084939,0,0.42595698924731185,0,0.21086056208800455,0,0.12421352314808645,0,0.42355092594835936
2_594_u,0,0,0.3460182742601768,0,0.2756429541764189,0,0.4964469214867777,0,0.1935075681305259,1,0.7432702585413274,1,0.5757679897913076,0,0.33643826014952277,0,0.3486059866079826,0,0.32986600529731097,0,0.5,0,0.4439201927005615,0,0.4460494373384157,1,0.6405830322277944,0,0.20928842635054662,1,0.615432117316417,0,0.2159409869263444,0,0.34360108531348277,0,0.3379327963176064,0,0.3496425785732989,0,0.3390445885659405,1,0.5538653291153292,0,0.2265817950344234,0,0.28890408194641115,0,0.4854696124463688,0,0.2142824133066907,1,0.7441986920278696,1,0.5650102344870348,0,0.3380690146452783,0,0.3378123474180362,0,0.25776771535020443,0,0.2400013113756277,0,0.16364651540970884,0,0.49,1,0.6359405494069459,1,0.676246854047694,1,0.5998612806768416,0,0.22903876541265122,0,0.372585118732084,0,0.3992419106801233,0,0.22408524640977037,0,0.32130268464986617,0,0.4599819205811533,0,0.24227595837505317,0,0.16440871321606654,1,0.5306941575954672
2_595_u,0,0,0.1623913982136246,0,0.18197949722360093,0,0.3800376129714846,0,0.1719938577755448,1,0.5048757019375155,0,0.4400091990740456,0,0.29287188237980116,0,0.46321403558670365,0,0.297543595261796,1,0.447268317815147,1,0.5062123401280129,1,0.6413887890281854,0,0.09163390419099031,0,0.007630562108491637,0,0.4199625706906152,0,0.1276140387270355,0,0.3083930395243396,0,0.317981981981982,0,0.1648480701241132,0,0.1839468015554464,0,0.4852377344877346,0,0.06342315941280613,0,0.018373590652947004,0,0.37655131426193433,0,0.1706097572216804,1,0.504196259757297,0,0.3935513725761066,0,0.29495392224729666,0,0.47008471697294774,0,0.33149164458584784,0,0.05311297870482596,0,0.011741219761571461,0,0.4094074074074074,0,0.0954493212148932,0,0.35916251316569614,0,0.44840333265157195,0,0.16780618592422247,0,0.3138769923884719,0,0.36566676779643714,0,0.0651722993479697,0,0.024304670806920906,0,0.39196388206388205,0,0.05496961059896609,0,0.01743066072229257,0,0.4174683588307472
2_598_u,1,0,0.28719477654877623,0,0.1317331676758204,1,0.5216521164160044,0,0.4288268940880705,0,0.3759724578454249,0,0.43682454378621494,0,0.4428642152287036,0,0.46526029678237135,1,0.5056686462612587,0,0.4441245484009038,1,0.5120265068404622,1,0.5562441394670495,0,0.1917493322548268,0,0.016061498340093298,0,0.42651477962632356,0,0.34734656420910287,0,0.09278290183685935,0,0.483783151456971,0,0.3073815110292084,0,0.12767395051746586,0,0.46479545454545446,0,0.2726547206424754,1,0.5195871458425597,0,0.4530592868212888,0,0.42044244447330564,0,0.3767119029659443,0,0.43171377228861096,0,0.42962139818690487,0,0.46649852568264294,0,0.49301452561005105,0,0.15972780365147757,0,0.027381709378992918,0,0.4766343042071198,0,0.19117909841114591,0,0.17162835050377953,0,0.4253005695324254,0,0.31760656706684226,0,0.09011965526172003,1,0.5294186324587433,0,0.2749994700022149,0,0.4836531803316207,0,0.452,0,0.15650655828646157,0,0.02174891547247405,0,0.41390399435526765
2_602_u,0,0,0.19691052811859044,0,0.2228092948083716,0,0.2755763268721883,0,0.46385313847205134,1,0.6936293040754913,1,0.6036573668241384,0,0.2009668805790796,0,0.33721607572012846,0,0.28503829970663724,0,0.43955827154583865,0,0.47944735765741686,0,0.3895032913316939,0,0.38209646843295414,0,0.256794502806041,1,0.5636290094364181,0,0.11768344026979612,0,0.2177103758242961,0,0.24984397163120567,0,0.18917422908725995,0,0.21627072497283817,0,0.26630952380952383,1,0.5901268440627051,1,0.9234571657933832,0,0.4696297109649446,0,0.4638193065387348,1,0.6937062840294285,1,0.5441035888661688,0,0.19914809409561024,0,0.33406445857815403,0,0.3032427820951584,0,0.49141304663920504,1,0.8820606906838829,0,0.4466296296296296,0,0.38457149438971694,1,0.5018558041472971,1,0.5082939106445985,0,0.1355783297977073,0,0.2168470665959329,0,0.25595199443413735,1,0.5840138144003854,1,0.9307759528672872,1,0.5098441621542624,0,0.47927355206163835,1,0.8845188962325613,0,0.49926692206275614
2_607_u,0,0,0.20709643047790194,0,0.10062392568011581,0,0.16517577036329562,0,0.31778942616464756,0,0.40015078000804216,0,0.4957832098800065,0,0.4217109360073624,1,0.7386980803723047,1,0.5109697498601973,1,0.5446547945983531,1,0.6037365982228031,1,0.7459523443265547,0,0.052060330385516274,0,0.002328951062227222,0,0.4350163328301741,0,0.3390536237868148,0,0.13434796737595325,0,0.324,0,0.19441014579743826,0,0.17253436907805772,0,0.1970357142857143,0,0.3676652153633587,1,0.658260653461891,0,0.482653104955374,0,0.3555439974755201,0,0.4832786917789725,1,0.5467155894639255,0,0.420839276412953,1,0.783529618952293,0,0.4591505580886259,0,0.2537450154292431,0,0.005362471767660791,0,0.42083333333333334,0,0.05277376635037475,0,0.07859623042429625,0,0.444013278943854,0,0.3733604552780554,0,0.2177048154065408,0,0.31899808771737104,0,0.3762720365421748,1,0.8097488233096686,0,0.4579507134905374,0,0.260819749055168,0,0.010645695528594585,0,0.45842491394066215
2_608_u,1,1,0.5453434324513277,1,0.8665980028661749,1,0.5554395580006848,1,0.5295391700339125,1,0.5247012722739477,1,0.575421084469412,1,0.646208747172961,1,0.6092939832054098,1,0.7418678146801012,0,0.4402567608467608,1,0.5137652056312745,0,0.4221173335370413,1,0.7567552814954103,1,0.9431653437862489,1,0.5968280330556054,1,0.7898265053396626,1,0.8473633463652233,1,0.5954203395881311,1,0.5378798338946293,1,0.8688703761923169,1,0.5564352453102454,1,0.7061565312117886,1,0.9536159521615551,1,0.6382689862374139,1,0.5610098405006968,1,0.5235952807471913,1,0.6039756385594857,1,0.6602006159074434,1,0.6077433958551188,1,0.7269259470229437,1,0.8749272543379566,1,0.9676722929254788,1,0.6398703703703703,1,0.766866437705638,1,0.6068851371783389,1,0.5988378330419398,1,0.8504396396253996,1,0.8449375495137006,1,0.6534695076171388,1,0.7289333073121483,1,0.9592999840703395,1,0.5978354861655227,1,0.8827154548978505,1,0.9774560112103226,1,0.6154675329596192
2_609_u,0,0,0.1783524816976291,0,0.046427296447604814,0,0.35407374275626124,1,0.6670439692802153,0,0.48213090715400275,1,0.5271484355957092,0,0.27734112595939514,0,0.45209426633365585,0,0.34859710565801877,1,0.5262166829807646,1,0.577774370051187,1,0.7614792014965807,0,0.18249891138293628,0,0.000866117741325818,1,0.5245040790017282,0,0.16261479131400872,0,0.04757085819910315,0,0.369917695473251,0,0.18540324064918967,0,0.05018271131425521,0,0.3902420634920635,1,0.5416918792029688,1,0.9325810065783617,1,0.5051688866337706,1,0.6970988333268948,1,0.5503122154408335,1,0.5205451760143271,0,0.281259046721794,1,0.506337498675629,0,0.3447318630789797,0,0.1115683994982491,0,0.00434325670746674,0,0.44666666666666666,0,0.18109764982911872,0,0.12689186651888826,0,0.46767030590904185,0,0.16609655230537837,0,0.06020674633963208,0,0.38438957779747346,1,0.5370841504688347,1,0.9453151238243935,0,0.4699430341880342,0,0.10694317426778921,0,0.004805501464806859,0,0.4622829450764413
2_615_u,0,1,0.5243436120364735,1,0.7500780821830709,1,0.5173503961388848,0,0.1060476483101907,0,0.2750361627653594,0,0.35581589569470046,0,0.34093959239059907,0,0.24457952081948794,0,0.39666394443085196,0,0.5108130890631465,0,0.45630001475997467,1,0.5981412910102791,0,0.15578416694546401,0,0.02718861830083584,0,0.42016310477362456,0,0.38615921782894125,1,0.6011433984125825,0,0.43990271366534345,1,0.5123939499537504,1,0.7001308916058828,1,0.5101440781440781,0,0.0935803872827212,0,0.06391911278686409,0,0.37737789015127826,0,0.0764068531852901,0,0.24655784481926157,0,0.37538305069672345,0,0.3120531315079515,0,0.2343785666455914,0,0.3991155105827365,0,0.1347661088643043,0,0.1241212080054321,0,0.3933333333333333,0,0.14398124532468834,0,0.458406544729179,0,0.42363842872387036,0,0.37074263788231554,1,0.5368220913719688,0,0.3690064507881833,0,0.08375157555085114,0,0.046922497962404094,0,0.3839375450489938,0,0.1243459900062013,0,0.09388397907710742,0,0.3702469018569435
2_617_u,1,1,0.6819062293941298,1,0.8645484794203622,1,0.5727374624889514,0,0.4388078166937191,0,0.31708023919058176,1,0.576850984220289,1,0.5595131897089755,1,0.7755969976923542,1,0.6501810865165475,0,0.44137505441511377,0,0.4782800623617771,0,0.3553968753006021,1,0.7471081658108537,1,0.9733344240043794,1,0.6120680924023219,1,0.6571867357453021,1,0.9552943404403964,1,0.6257293824230119,1,0.6847677667345531,1,0.8594703372666321,1,0.604125901875902,1,0.5626031354410959,0,0.11568301428753253,1,0.6093638115098948,0,0.4709314066005616,0,0.31718804635951375,1,0.5908697476577017,1,0.5574145779384355,1,0.7733044764042183,1,0.6245374111024204,1,0.7925971969694048,1,0.9583516969090827,1,0.6032596662596662,1,0.7517307103169809,1,0.7805819292791492,1,0.5653149396354111,1,0.6189174543430679,1,0.9563822031790178,1,0.6511118079440434,1,0.5544232496785818,0,0.11557037514025988,1,0.5236226059496446,1,0.7931159039184021,1,0.9551215857619866,1,0.5948920041112148
2_622_u,1,1,0.5439907689495229,0,0.47821158296091626,1,0.5670972694561429,0,0.19065787241113513,0,0.09482338975489063,0,0.3166978699597736,1,0.7156636065475294,1,0.6759015211472945,1,0.7177385547976282,1,0.45362019073486665,0,0.4943438958263502,1,0.5523296271104473,0,0.08232704205831833,0,0.06056604841281098,0,0.35350226561263126,1,0.822459546594549,1,0.6698138497804401,1,0.7212540277746793,1,0.5573525427816597,0,0.4758395689200334,1,0.5592543567543568,0,0.2339619550556459,0,0.24076609440121677,0,0.38462299900182617,0,0.19502004094145922,0,0.09506732215657099,0,0.3107464988945547,1,0.7009218482155221,1,0.6846472551144632,1,0.7118174813089336,0,0.2746146811767885,1,0.5278422419919994,0,0.42333333333333334,0,0.08527414354306202,0,0.1968110335766474,0,0.36390841174434074,1,0.8141127762478245,1,0.6724036184259784,1,0.6034166564283046,0,0.2287122035062715,0,0.24836293806944737,0,0.3698905685831052,0,0.2740569963576588,1,0.5050975394482129,0,0.4095174515279522
2_623_u,1,1,0.6697402840717,1,0.7598257213018957,1,0.5714347365641077,0,0.4028641334898827,1,0.6255526780106132,1,0.5588747962625417,1,0.5,0,0.47925280164060524,1,0.535315076528232,0,0.44139176977666894,1,0.5309975288013016,1,0.5930604612430415,1,0.6272311028150052,1,0.9262853348773066,1,0.5770171033768114,1,0.6785674712576785,1,0.6036761081106176,1,0.5676528953751975,1,0.6756394178732964,1,0.7749613717751112,1,0.6083650793650793,1,0.6297731482060555,1,0.8812022421341078,1,0.5966492227663701,0,0.3972622896531083,1,0.6257309940568017,1,0.5426523674886358,1,0.5143813780487694,0,0.4807056333808865,1,0.5352645825018808,1,0.7703225188695378,1,0.9114440278414209,1,0.559893970466786,1,0.6402676769626392,1,0.7963320936928715,1,0.5723926038241884,1,0.7369138323961151,1,0.6056288615140717,1,0.5628956869168178,1,0.6333497384388784,1,0.8978464439057132,1,0.5458323126084358,1,0.7726042194403219,1,0.9285584456353336,1,0.6571056984030542
2_627_u,0,0,0.24189559613736022,0,0.11822819294116435,0,0.41241759832296987,1,0.5515913539653454,1,0.7221463931367176,0,0.46175337816046536,0,0.15106512646691383,0,0.11482871355977955,0,0.27515183147870875,1,0.5714743914279378,0,0.49441271766241957,1,0.599433647920206,0,0.27293342838611506,0,0.31096981362239134,0,0.4224908778072684,0,0.10285153069622834,0,0.04666140042725677,0,0.33,0,0.23808083848327755,0,0.1286415977096818,0,0.4060522810522811,0,0.12316871675238882,0,0.14745179034087505,0,0.3357947051256182,1,0.6323165530932903,1,0.7202675282645862,0,0.48800349004749155,0,0.14879629949688306,0,0.12196124319194518,0,0.2740840550470922,0,0.09660853676847286,0,0.08707374158224616,0,0.3566666666666667,0,0.27698619307251293,0,0.4982977398015197,0,0.44346008745477267,0,0.14248006011553876,0,0.0551119465189076,0,0.32563432123432107,0,0.1310018528150728,0,0.4034060284921106,0,0.338,0,0.097270082352099,0,0.1778576406920888,0,0.3664394943465513
2_66_u,1,1,0.6042035053821018,1,0.714112111675326,1,0.5777007995298666,0,0.3990555703283497,0,0.2739521957313989,0,0.48525200547709313,0,0.4064669671247497,1,0.51030663089821,0,0.41809594751736895,0,0.4410819581890642,1,0.5304438848868839,0,0.44956885775244987,0,0.3864805095487771,1,0.9269844717551158,0,0.47244457401851775,1,0.6100740549655901,1,0.7828736154289562,1,0.5137397389703706,1,0.5937249781891644,1,0.7152156879295434,1,0.5550833333333333,0,0.3344279044933414,0,0.02354759352731947,1,0.5188719854985787,0,0.35546298399396936,0,0.2750546784438538,0,0.44802120919282296,0,0.40775988228510046,1,0.513217027609354,0,0.4478704273402214,1,0.6094307052143135,1,0.9654941821021314,1,0.5633333333333334,0,0.38398350970466066,1,0.569878261401887,0,0.4740473764307326,1,0.6600067707189237,1,0.7790975894296979,0,0.42430822103038673,0,0.3182535003682104,0,0.02222839475903606,0,0.49595532190229696,1,0.5985441804518868,1,0.9591535078728796,0,0.461486426064203
2_69_u,0,1,0.5761243130438026,1,0.5777542307535757,1,0.5034814188032203,0,0.4818494912666118,1,0.6860498866880567,1,0.5855485637888925,0,0.2882921375577795,0,0.4625756892689436,0,0.34189488081761393,0,0.36519059571704465,0,0.49936564737548317,0,0.4001106267522276,1,0.6359994128940077,1,0.6180653705958122,1,0.5159239401061478,0,0.26251070529727794,0,0.4693812915281052,0,0.358,1,0.5671904663170177,1,0.5206531528635566,1,0.5249761904761905,0,0.1703969233060907,0,0.06101304063204692,0,0.41126322604231175,0,0.4801073897803296,1,0.7235872862048637,1,0.5244747466461358,0,0.2836301259630003,0,0.43241938645539235,0,0.362066173105717,0,0.20145888316992833,0,0.11993796967128927,0,0.43333333333333335,1,0.6357181853388296,1,0.7583479552473195,1,0.5512082451111514,0,0.2919158637959231,0,0.4350590082293791,0,0.403132448004795,0,0.1641825987104556,0,0.05185525997098694,0,0.35183333333333333,0,0.19892023805290476,0,0.10260622394703352,0,0.42858293447653056
2_7_u,0,0,0.3171162362374978,0,0.16025377044105946,0,0.4553545977027389,0,0.30257067368186025,1,0.6231442897961117,1,0.618273454800365,1,0.572160700943475,1,0.5219102427644502,0,0.4906864863836184,0,0.5,0,0.4583602372407769,0,0.46215620845037114,1,0.5566697657110246,0,0.3248695585186834,1,0.5843662057420362,0,0.4290107452332766,0,0.2378860512567749,0,0.4718906198608476,0,0.30892697337412045,0,0.17825378825619462,0,0.4051502109002109,1,0.5507059291161416,0,0.12475603360641935,1,0.6078828053772471,0,0.24832674168073288,1,0.5461284875207617,1,0.6010530813799172,1,0.5386983969513676,0,0.49112618911273387,0,0.4704155971533208,1,0.6269718459766109,0,0.2731922561185971,1,0.54,1,0.5335448039119385,0,0.40702146161301456,1,0.5886256175354262,0,0.43180899314167637,0,0.24259005958824786,0,0.4685663620855693,1,0.5194252466655884,0,0.06988819901594734,1,0.6038984382195276,1,0.5974338216310886,0,0.15690367487385223,1,0.5997771579344628
2_71_u,1,1,0.7516600222967914,1,0.8191301655457094,1,0.6037744412481774,1,0.7097958869880041,1,0.7171434757574072,1,0.6577870737061269,1,0.6578189242853221,1,0.6811569283995713,1,0.6477543812057049,0,0.5158060608189686,1,0.5303109542480005,1,0.6967204676592121,1,0.890017041630122,1,0.7759479328247458,1,0.6629451837869301,1,0.8406554214578682,1,0.8243070649938875,1,0.7017910376917336,1,0.7725304857180993,1,0.8325674513205663,1,0.5727605727605728,1,0.8271486482024287,1,0.8346530620070294,1,0.702221276552955,1,0.7111116780332031,1,0.7173287878554983,1,0.6671501851642341,1,0.6654674166010844,1,0.651784958535193,1,0.6462035858134324,1,0.8989552724352414,1,0.8170840603509172,1,0.653219512195122,1,0.8953233785407049,1,0.6532108912171195,1,0.6218931870153389,1,0.7938967363567319,1,0.8012779521991348,1,0.6668044167688268,1,0.8296705985526495,1,0.7947501988514338,1,0.671935555290112,1,0.9015592357930208,1,0.7856052098438573,1,0.7005278772516224
2_72_u,0,1,0.6493534040729547,1,0.6399511085980291,1,0.5629664654596802,1,0.8390091248358955,1,0.9493075603051018,1,0.6169254613622278,0,0.30381941798753737,0,0.23289697076388438,0,0.2980027313399499,0,0.5,0,0.4107409681201404,1,0.5188134615945873,1,0.8466479759826956,1,0.9993944455754511,1,0.6227460735350079,0,0.36093797732208327,0,0.43937245852260404,0,0.3799822222222222,1,0.6380527050858125,1,0.5618869811184953,1,0.5374408369408369,1,0.5221313953348822,1,0.786845219860511,1,0.5746982429888882,1,0.7870490430856347,1,0.9075355152764769,1,0.5757410188186983,0,0.2620629562372435,0,0.2070085927252179,0,0.2719429004176187,1,0.5751551482628329,1,0.9824338958480118,0,0.4898814814814815,1,0.8296369815159743,1,0.9303232379581224,1,0.5719165153573771,0,0.2919964279274235,0,0.3682635755026662,0,0.38303425476135317,0,0.46682164480633864,1,0.6125862785451427,1,0.5419645292768055,1,0.5420327975194371,1,0.9740900292500144,1,0.5401783731105584
2_73_u,1,0,0.4279156902712185,0,0.3360151127975804,1,0.5137884432214035,0,0.06498255828346977,0,0.062262066950980514,0,0.3796113955452872,1,0.7431526329475525,1,0.6846586931059944,1,0.7587116864045246,0,0.4365240490974093,1,0.5153354745523735,0,0.42357653129322853,0,0.1514798892094431,0,0.0012971978944382324,0,0.36902068319869713,1,0.7535837357066243,0,0.4435859387995039,1,0.6815566300738157,0,0.42672540209471055,0,0.351602611629926,1,0.5880674603174605,0,0.3116407806680529,0,0.02952697274512414,0,0.4679460122836159,0,0.07108366504149613,0,0.06233761036579566,0,0.34994412805119574,1,0.7353686683599154,1,0.6903419350043625,1,0.7225263946881916,0,0.47029484097594115,0,0.22078903423252058,0,0.4266666666666667,0,0.15653839166849323,0,0.04395877118698724,0,0.41501832225655905,1,0.7595475793714452,0,0.4480069010672512,1,0.6538180187294985,0,0.3142482172785285,0,0.04239234523847205,0,0.4278905685831052,0,0.4689744567121034,0,0.22875059924437408,0,0.49105617372878024
2_77_u,0,1,0.5268729209776816,1,0.5618984605310158,1,0.5251429322807486,1,0.6862492018014977,1,0.8212109566639054,1,0.6760613976363309,0,0.43806167325416906,0,0.399187856368516,1,0.5026030205905369,0,0.49127902988773214,1,0.5177970802763524,1,0.5401081349880129,1,0.8146736631430881,1,0.9836952270299758,1,0.6870795053327078,1,0.5998665286739421,0,0.44158690426227787,0,0.47580593396793824,1,0.5368277183052682,1,0.5489271030423377,1,0.5214920634920635,1,0.8912686365946509,1,0.9816984442416137,1,0.7047156878487539,1,0.6950144966288893,1,0.8592709732796158,1,0.6639656195343236,0,0.4513429078765343,0,0.434031208470041,0,0.4693299055183852,1,0.9309718781820258,1,0.9957891980331307,1,0.6666666666666666,1,0.81571958385927,1,0.8843852170680332,1,0.6643968111907923,1,0.6129145641817504,0,0.43998294118605574,0,0.495895817136699,1,0.8895509843518605,1,0.9811418743940746,1,0.6799604873549827,1,0.9306377920006612,1,0.9949938773125251,1,0.7196482937744142
2_78_u,0,0,0.309596473023423,0,0.3425053562369715,0,0.416288025496849,0,0.03753844371186566,0,0.18760801357026874,0,0.3880218654728779,0,0.2223317142994097,0,0.33925922656843027,0,0.3773476038299392,0,0.4356429136854977,1,0.5103586977524138,0,0.391121683091982,0,0.10988530668771278,0,0.0036342102223347484,0,0.4286830997211456,0,0.19968157744456438,0,0.25313030861664393,0,0.339970297029703,0,0.31671389962800883,0,0.3516999796330035,0,0.45283802308802307,0,0.014640556381867642,0,6.765719839765196e-05,0,0.3585279192844731,0,0.04829536136535329,0,0.1876570709859915,0,0.37464625631254267,0,0.21497722454427023,0,0.33498120551504174,0,0.3082032317750627,0,0.03496862860623477,0,0.0013983338105056464,0,0.45,0,0.11405542934195866,0,0.17190144498888812,0,0.4542382780292825,0,0.2864575858804028,0,0.25455134774107246,0,0.3436302942544733,0,0.014955910587936466,0,8.057438343862602e-05,0,0.3798340541377442,0,0.035026104081428006,0,0.0016989507933220587,0,0.34988930658068584
2_8_u,0,0,0.46890439450106,0,0.23888912742163254,1,0.530110291090365,1,0.7930841500764202,1,0.8593200435680475,1,0.5604162211001094,0,0.33045531887644936,1,0.5758559356734668,0,0.42665824921581624,0,0.4787994453663585,0,0.4575812469784282,1,0.6196313796827639,1,0.602264395634614,0,0.22208489745469587,1,0.5650419959889592,0,0.3537018394906413,0,0.06266792676121413,0,0.465906739439962,0,0.45154940171245955,0,0.19012055024077176,0,0.4500238095238094,0,0.4088538077976352,1,0.8421442397263326,1,0.5494717340744661,1,0.8086949955446902,1,0.7878606662825751,1,0.5717807494097991,0,0.33040826170342374,1,0.5652107823620488,0,0.4146137525097075,0,0.27873257270170737,0,0.015920822864420807,0,0.47333333333333333,1,0.5915904665042986,1,0.714422349688703,1,0.5696964991427634,0,0.3090413341895014,0,0.05328139976967715,1,0.5231240734159184,0,0.41566677538878866,1,0.8265925881370437,0,0.472,0,0.27855558038284267,0,0.013957932050352412,1,0.5540102390591731
2_84_u,1,1,0.6627487649451671,1,0.881561026709598,1,0.5363461637821546,0,0.30306271462951156,0,0.30259138149380516,0,0.47769637562494294,1,0.7931600256569331,1,0.8202781893255051,1,0.7491792546580858,1,0.4489778151779772,1,0.5122041051737177,1,0.6071566004308522,1,0.5,1,0.6326536769361862,1,0.5257122068537305,1,0.8464023837618964,1,0.9520007538737218,1,0.6591910901818339,1,0.6473041882004694,1,0.8812743662755582,0,0.46814724164724175,1,0.6448406472276389,1,0.6643736966571957,1,0.587371228432253,0,0.2824647709860501,0,0.30216850287660685,1,0.5019603619927749,1,0.7909246586855699,1,0.8210617626201253,1,0.7680204473279438,1,0.8358003591010044,1,0.9815119140711951,1,0.5831908680564286,1,0.5054817531210795,1,0.6812084526914006,1,0.5160251709614995,1,0.8321639156591311,1,0.950836025440454,1,0.6637280674261729,1,0.6358038720079864,1,0.6369892479722451,1,0.5594402570203206,1,0.8314488799626476,1,0.9822597721930127,1,0.5771294103154554
2_86_u,0,0,0.22585816531563294,0,0.16981023963402325,0,0.33960645729157696,0,0.14568291798301913,0,0.2156738319697301,0,0.46191629896712355,0,0.3554739620576153,0,0.3246974336032243,0,0.35174701507678807,1,0.4468374330920666,1,0.5061157807004046,0,0.21324589204513095,0,0.10317625664994559,0,0.0038050668005031756,0,0.42156971998453807,0,0.2055088796076554,0,0.14789171568364362,0,0.30190489396037795,0,0.2385725215631961,0,0.16981979745325945,0,0.31534523809523807,0,0.10578739286684016,0,0.0018052035782569983,0,0.4140358314783882,0,0.1170454887795443,0,0.2156471322275941,0,0.40556233788140794,0,0.32099466366105656,0,0.3277849235636463,0,0.351718334809039,0,0.11506894401191768,0,0.0020209759096395646,0,0.3566300366300366,0,0.1022726455870701,0,0.2613380334126665,0,0.42266329523833324,0,0.20730326432865376,0,0.14876772655004739,0,0.33185242911413687,0,0.09026048813702535,0,0.0011866272729877023,0,0.3956,0,0.10296353979072968,0,0.001227704419655469,0,0.41621860709935676
2_87_u,0,0,0.41499961253927153,0,0.20476494359972564,0,0.40056151388162214,0,0.21537136478645533,0,0.3325487703305165,0,0.48384729519216957,0,0.27899748008480496,0,0.4354644875297197,0,0.3478428245963784,0,0.4907952007869827,0,0.44114539553667104,0,0.38084988820704563,0,0.32121923467872776,0,0.04356204849736879,0,0.46413855932695364,0,0.23524479490291625,0,0.2836118114284187,0,0.33797633136094674,0,0.3918033648492565,0,0.19465773532643663,0,0.4382960927960928,0,0.14257005867914496,0,0.0021968608910559414,0,0.44229783163056624,0,0.21915828954216535,0,0.27978672529581,1,0.5186872381140507,0,0.2765577404390692,0,0.4320396671064198,0,0.36772117307604507,0,0.1824742763004194,0,0.07746912400133507,0,0.4,0,0.30963038667786,0,0.14548656309625865,0,0.4763237506260962,0,0.24133346126740188,0,0.24149359304901574,0,0.3786529293335507,0,0.14220430045415125,0,0.004037018794119347,0,0.354,0,0.18195964777792634,0,0.0781236222229011,0,0.43194705021651353
2_91_u,0,0,0.19005249899293417,0,0.053203974310106865,0,0.3802231033127788,1,0.5,1,0.5180683385624896,1,0.5638393076746254,0,0.43827428363905163,1,0.5489095070185819,0,0.42620856753244984,0,0.45401496730243873,0,0.44934462592126545,0,0.3073916933556863,0,0.19695088470365776,0,0.002912461143655983,0,0.4867147079897273,0,0.196274026560895,0,0.06869319649413543,0,0.36999014778325123,0,0.1833471032590752,0,0.04111409372052135,0,0.42037445887445885,1,0.48881616286758917,1,0.7486199237245255,1,0.549412867476095,0,0.4495378286788775,0,0.4441716268490924,1,0.5222866191230706,0,0.44131863414645095,0,0.49821035176566625,0,0.43880910804931983,0,0.12457923885865481,0,0.0020231967778840195,1,0.5066333333333334,0,0.17991793206184314,0,0.10698448558591725,0,0.4777878051418756,0,0.2094275776078708,0,0.06034157741368793,0,0.43704215036945626,0,0.46012700733250583,1,0.6990142385442445,1,0.5039557522123894,0,0.1095353922870538,0,0.0009125886759471039,0,0.4845112944585357
2_92_u,1,1,0.567531010787343,1,0.6138317380924962,1,0.5833438652165119,0,0.3632677287074332,1,0.7823230748245464,1,0.5035968079141234,1,0.7310674807767369,1,0.860265625651927,1,0.7025741316552903,1,0.44593835750673744,1,0.5089493572134025,0,0.41253357964247644,1,0.43225663606071213,0,0.4934677411437746,1,0.5513747276949091,1,0.8299387921846408,1,0.8659511396122485,1,0.6653927608338526,1,0.5796524764255958,1,0.6328332730404717,1,0.5115347707847707,1,0.5986409702913386,1,0.9334361721656019,1,0.58677470174694,0,0.35500093100270985,1,0.782348208456491,1,0.5004472068746233,1,0.7318278542846024,1,0.8642394399558463,1,0.7693584693724197,1,0.7291257498945758,1,0.8263949972266448,0,0.4866666666666667,1,0.4370595630408546,1,0.6741166004089792,1,0.5279342070845392,1,0.8155177577168302,1,0.8684611104317944,1,0.7052806945330238,1,0.5960511186095376,1,0.94106947252574,1,0.5479827586206897,1,0.7335284466786733,1,0.8420715051224965,1,0.5745095139894166
2_94_u,0,0,0.45716108966995916,0,0.4028667893158309,0,0.47658710238801927,0,0.3779615967794473,1,0.5916166327899561,0,0.46263661340065276,1,0.5131862803800387,1,0.6413145972962585,1,0.5134535760751637,0,0.48898379378858386,0,0.3490819231905839,0,0.3979103439102209,1,0.4641394225520233,1,0.9560277142257413,0,0.4586627296265391,1,0.5136417187730149,1,0.5445364318595556,1,0.5077276809607727,0,0.42477913180385846,0,0.2984431183459666,0,0.42498917748917747,1,0.5,1,0.9009258053971781,1,0.5215174269081658,0,0.38357668623276386,0,0.4108024559071912,0,0.46706121411520524,0,0.482696259092959,1,0.5478228966523567,1,0.550687291925795,1,0.6316256268936014,1,0.9681454174227021,0,0.43,1,0.4481220734655135,1,0.6056823417464864,0,0.4401102789051094,0,0.4806201367372614,0,0.4708594371738171,1,0.5445850484714473,0,0.4825796451925701,1,0.8761082969379165,1,0.5099726511586807,1,0.6236450575149506,1,0.9579295717922334,0,0.4932719620527068
2_96_u,0,1,0.5244096390544822,0,0.4435920064279457,0,0.45196915796951453,0,0.07051552251643695,0,0.1353216966677904,0,0.4082490217647679,1,0.6319069628713277,1,0.6947517046275925,1,0.5445911923821637,0,0.4849827172034406,1,0.5496749404234654,0,0.45606704718474717,0,0.15967449853400587,0,0.10007847470463113,0,0.42067712307102356,1,0.6029948665542907,1,0.6344339116082743,1,0.5994050437054694,1,0.5441312509499446,0,0.46487776687622295,0,0.4882344877344877,0,0.18643664966385096,0,0.035292705320497206,0,0.457259092656451,0,0.07683717340815001,0,0.16565109179460585,0,0.38779380424883025,1,0.6218453154714352,1,0.6952802037582458,1,0.6127236522613928,0,0.26662567960890166,0,0.17200447406060387,0,0.4832965009208103,0,0.1645194869902442,0,0.2818647586047169,0,0.4177183406110663,1,0.5374294096399155,1,0.6327242288892041,1,0.6225863338055225,0,0.20643098154433542,0,0.05424677224534722,0,0.47995972730820013,0,0.2755821717682519,0,0.2620692685628644,0,0.486899411764443
3_S01E01_128_u,0,0,0.5,0,0.4922491520962067,1,0.542271787725784,0,0.027319721565568292,0,0.0614484516986032,0,0.16547570317504842,0,0.24554540169882547,0,0.42378888907114,0,0.32511511154266143,1,0.6121763109782802,1,0.7300368537553519,1,0.8157298397492084,0,0.08928024356985473,0,0.00595633750421306,0,0.20786941887660493,0,0.34622619150816514,0,0.48805877232865325,0,0.4099697432190002,1,0.5692953789463117,1,0.706550124144793,1,0.5172142857142857,0,0.010622528344955499,0,8.643193215945515e-05,0,0.20258287924744317,0,0.038119141733646104,0,0.09932867874394623,0,0.20772814514707727,0,0.27958274425970325,1,0.5897127801281375,0,0.34981366787589135,0,0.03745916746778434,0,0.0007023042273511123,0,0.2866666666666667,0,0.10994966821165804,0,0.1825016782902284,0,0.28671213387313865,0,0.3616034635150564,1,0.6724661152425786,0,0.44299355266720364,0,0.012981344453778841,0,0.0003034465962392684,0,0.182,0,0.045658570188781895,0,0.0023189673703343733,0,0.2365423341106442
3_S01E01_226_u,1,1,0.7003998119774321,1,0.6777453266393358,1,0.5190894866285639,1,0.5807948386829815,1,0.6131067609526066,1,0.5380228992428223,0,0.3058067859331048,0,0.20634601782880277,0,0.409221388162306,1,0.5616563717371262,0,0.35470582642858534,0,0.47779632325105653,1,0.6549049265967172,1,0.7581621387268893,1,0.56452985066926,1,0.5216504746273447,0,0.28705769361262573,0,0.43382949896824197,1,0.6811529171733948,1,0.5539909794350041,0,0.47105555555555556,0,0.3559251565216892,1,0.7863921554903262,1,0.5027675898506776,1,0.5584567914662703,1,0.5139074293585877,0,0.4742130387715179,0,0.2749258038790338,0,0.15611168402748216,0,0.3471063646235445,1,0.5092555596275715,0,0.4055706950033319,0,0.4533333333333333,1,0.6260989152150289,1,0.501705709491033,0,0.4799745288148669,1,0.5883834404464677,0,0.2544114040241984,1,0.5177829695112696,0,0.3526728373371563,1,0.826238601549775,0,0.47768792957648853,1,0.5,0,0.4827382574592306,0,0.4774240237351434
3_S01E01_255_u,0,0,0.2629532882119239,0,0.07985293483431291,0,0.4268089076157538,0,0.05235962001577799,0,0.0784702369392576,0,0.18195619657089926,0,0.36444268419062853,0,0.4670198011238621,0,0.30391519016150986,1,0.6037185492461727,1,0.5951309997900097,1,0.5549673922162255,0,0.03696635391693444,0,0.0002502270122479305,0,0.21785431424024426,0,0.21683465555170553,0,0.11214936452713035,0,0.37365942328559093,0,0.2818189259946259,0,0.1526051418195925,0,0.4228961038961039,0,0.04497148516008696,0,0.009487268319082639,0,0.2079908029615792,0,0.06161191831190648,0,0.07877387104863591,0,0.18837595086673875,0,0.3831733808138201,1,0.5576608855607984,0,0.3565809721577477,0,0.026989441001764893,0,0.0005486284413951815,0,0.30333333333333334,0,0.040604116114767524,0,0.04216484698965291,0,0.25443512982730715,0,0.2141597267348753,0,0.15253777650462094,0,0.34473779913495084,0,0.05061592202625253,0,0.03808825554757662,0,0.18797510373443985,0,0.029946755490405708,0,0.0014923369297285111,0,0.2601047253128787
3_S01E01_568_u,0,0,0.3571132625107343,0,0.33502937109573944,0,0.4323414394568175,0,0.22888843142903895,0,0.10189933188004137,0,0.24564222212775408,0,0.2655771088994043,0,0.24223151885232452,0,0.3516484681094831,1,0.6014231631469629,0,0.45549448430455397,0,0.4312797886800998,0,0.20190824874171898,0,0.0018982103882766179,0,0.2754031263937437,0,0.1944867656864262,0,0.16330864859140604,0,0.416,0,0.35192021692511727,0,0.3538407160384284,0,0.49838103563103575,0,0.16396277834133438,0,0.0003482995256562584,0,0.27506419958305384,0,0.1954079896833023,0,0.12401411027946511,0,0.257130797543841,0,0.2538977940394996,0,0.23471974477219468,0,0.366283068783069,0,0.11898523196330076,0,6.178230928886782e-05,0,0.38333333333333336,0,0.1885491908834258,0,0.2651609916257618,0,0.3410873421873881,0,0.22915679539176073,0,0.16344400223175112,0,0.4223742260222106,0,0.15744235548879687,0,0.0004485273409455651,0,0.284,0,0.11398573819720098,0,7.49033275101807e-05,0,0.29757162447076185
3_S01E02_004_u,0,0,0.384270405079972,0,0.18887051569078447,1,0.505601537727752,0,0.04159554124967804,0,0.042088487788500745,0,0.21737928494907416,0,0.24576711838971338,0,0.31409295907450285,0,0.26142048755921354,1,0.6228242986603885,1,0.5057878562900886,0,0.414273617001415,0,0.047912133104014175,0,0.00040271280848351446,0,0.256333776943388,0,0.20543603306778002,0,0.13402464072150247,0,0.3019626168224299,0,0.385654581176125,0,0.1966667843267148,0,0.4788711843711843,0,0.02625881825936388,0,5.110488252677568e-06,0,0.2448628441964047,0,0.043603352571651405,0,0.041933079952435476,0,0.18442656658961007,0,0.2510384863747478,0,0.3648990950652149,0,0.3029987596991052,0,0.022775588799653645,0,3.195070783777671e-05,0,0.2966666666666667,0,0.04659154068696802,0,0.028529882730352396,0,0.2950785543077989,0,0.19108712705657876,0,0.14100652141057757,0,0.35919064848742943,0,0.027838362129517426,0,1.688896688514613e-05,0,0.218,0,0.023418253646054207,0,7.532177166698859e-05,0,0.22041133530804433
3_S01E02_461_u,0,0,0.409834823388804,1,0.5428608545153694,0,0.4755231577421897,0,0.050574610529519996,0,0.013748266973457096,0,0.15904629760656808,0,0.4035371670570814,1,0.5193154915909586,0,0.3644956328122754,1,0.5737753902502817,0,0.30623514303128246,0,0.36149159951430443,0,0.020106153709781,0,4.32562384202871e-05,0,0.18700508046941272,0,0.3347168300282109,0,0.4784412733002893,0,0.38184192098181663,0,0.3282347729339251,0,0.3621094394604188,1,0.5068401875901877,0,0.0329733525734005,0,0.000789314961540653,0,0.1728983229483871,0,0.03704226093856356,0,0.008183964964732358,0,0.14755313498165834,0,0.3770757065753371,0,0.4312111378462168,0,0.3494627897233437,0,0.014676750416414587,0,7.250836792917604e-05,0,0.3,0,0.01576901214308053,0,0.007783025321170088,0,0.24745946785803277,0,0.2591480008016692,0,0.3511673202379067,0,0.4098026129941165,0,0.027377400891474574,0,0.00024319522384893603,0,0.174,0,0.012545505129498553,0,4.018944050267059e-05,0,0.1986273366045897
3_S01E03_021_u,0,1,0.6673531622017788,1,0.5942020877934165,1,0.5167662652166671,0,0.2664740567637098,0,0.1629300840167711,0,0.2512274023353132,0,0.25073272333241936,0,0.4676316946504795,0,0.2804683965713377,1,0.5574831740499698,0,0.40791848827205923,0,0.4926762786460267,0,0.23619342677224636,0,0.447050447294117,0,0.2751712495443594,0,0.3090358200940825,1,0.5724681121338443,0,0.3759524280033739,1,0.6595620499313248,1,0.6424611187803613,1,0.5530868298368299,0,0.05471879041009015,0,0.3629387879411665,0,0.2489622101128684,0,0.2164487689153896,0,0.11472554202201243,0,0.26397914432330577,0,0.234065517183824,0,0.38656484661680063,0,0.3042014060019252,0,0.10723614808554631,0,0.14526220204342258,0,0.28,0,0.21983162049757574,0,0.2230381770857251,0,0.33498736011087227,0,0.28407748539287075,1,0.573469857692752,0,0.4423974481025928,0,0.05040241850736018,0,0.188785114048946,0,0.274,0,0.1002093353420175,0,0.09133106856696628,0,0.2835363568159555
3_S01E03_024_u,0,1,0.6092216171025377,1,0.5864819945447335,1,0.5600545018230783,0,0.36860989530681626,0,0.12303250872750705,0,0.36154217121015203,0,0.41300812426456707,0,0.47846973880272076,0,0.4431663336642425,1,0.5389301102713362,0,0.4374137833477647,1,0.5262069766063654,0,0.35521142273872514,0,0.01719405494738587,0,0.4119964235536097,0,0.4916006603540589,1,0.6057928284107593,0,0.47795934295415293,1,0.5865749501039589,1,0.524510664388905,1,0.5164794372294372,0,0.22899585195386435,0,0.038645198700330986,0,0.4103067040862401,0,0.3800608209594924,0,0.13125533883610424,0,0.3992615370215736,0,0.38772235450949843,0,0.41525846624260937,0,0.4578797377685118,0,0.26421868446249924,0,0.10848135317609146,0,0.4766666666666667,0,0.34120382541506056,0,0.4242049927974054,0,0.4264766819834384,0,0.45941523773705023,1,0.5433288964461918,1,0.502545663719037,0,0.23211079448983551,0,0.030968398724069108,0,0.442,0,0.26051965037099467,0,0.10859483202063758,0,0.4938075020745225
3_S01E03_122_u,1,1,0.6400461764814327,1,0.720535509956496,1,0.5790370333791027,1,0.5764535537070277,1,0.8080226717826458,1,0.6737602124984214,1,0.5337033763410065,1,0.7378198461337702,1,0.5492061561395946,1,0.5224251823447199,0,0.4046382286187759,0,0.4968015857293405,1,0.8136469628920203,0,0.31938173930162517,1,0.6591542808474776,1,0.5,1,0.768687210463195,1,0.5239124668618941,1,0.5936765819383925,1,0.593542762008451,1,0.6241168831168832,1,0.531286360544947,0,0.2561860114980103,1,0.5654120145019839,1,0.604596228056447,1,0.8222269379442055,1,0.6836779301359069,1,0.5286744280850918,1,0.6937249616012104,1,0.5439256123633104,1,0.5873713882876901,1,0.5282977133241997,1,0.5599821746880571,1,0.8038544638316896,1,0.8639229980458404,1,0.6496208724497113,0,0.4636276121133659,1,0.6583743927818169,1,0.5499525534065615,1,0.5465004501215368,0,0.27855230764591216,1,0.5406,1,0.5916950698268375,1,0.5014490279083664,1,0.5706285819628201
3_S01E03_359_u,0,1,0.561905595017057,1,0.5693376284848944,0,0.48886896798457685,0,0.015163120883801642,0,0.0070995414332592575,0,0.0766529193029193,0,0.24653833365245673,0,0.16147210498127543,0,0.32137602972307294,1,0.5134776146576717,1,0.6339780493182748,0,0.4471659730655141,0,0.029309721500905096,0,0.00016303767057220393,0,0.13565484609219672,0,0.20758297445746512,0,0.2790343728876585,0,0.36,1,0.5739425255032001,1,0.7295923122649886,1,0.5806313131313131,0,0.030594414096200704,0,2.59549069775499e-07,0,0.13095755170755174,0,0.018074275808328814,0,0.01140250409143432,0,0.08108165830504661,0,0.25547550657880524,0,0.2723360599834962,0,0.30323442853303695,0,0.023485132618573573,0,6.337145168176502e-07,0,0.22666666666666666,0,0.03167789322555527,0,0.026267341116376026,0,0.2184985913245015,0,0.23078486705191226,0,0.4376623110629396,0,0.3335607763430575,0,0.03366376094009952,0,6.844783593841485e-07,0,0.124,0,0.025707295173711796,0,1.863167313683309e-06,0,0.1446048969919214
3_S01E03_517_u,0,1,0.667991927563196,1,0.5774518900366357,1,0.5009984614991382,0,0.03600840259121106,0,0.042871889996051814,0,0.1681051631436377,0,0.33784107291636495,1,0.8011676493035986,0,0.4076827374860728,1,0.5283190917905439,1,0.5296673653917328,1,0.530692097092671,0,0.08740320351031054,0,0.05476035219453505,0,0.21412000802036119,0,0.3296888889790914,1,0.7347087270138142,0,0.456,1,0.6788900376615036,1,0.5300652928914241,1,0.5408549506049506,0,0.1257186308535178,0,0.09283728460382977,0,0.24669260816524405,0,0.03437027339620452,0,0.06196536235415977,0,0.18100824134529492,0,0.33430553379976763,1,0.8151461114956705,0,0.42726994533530177,0,0.10054765361803285,0,0.0883120023699628,0,0.3,0,0.08367389911574685,0,0.12482487197586502,0,0.27215215502644735,0,0.2749034329624803,1,0.6786753733367683,0,0.37605336405115175,0,0.1259429863205559,0,0.12712835326526747,0,0.224,0,0.09759011927604838,0,0.11991495760167885,0,0.26788453890995406
3_S01E04_009_u,0,0,0.32937694042788335,0,0.2663397437925691,0,0.422365205556272,0,0.011081801681630327,0,0.021833251302095204,0,0.08453571719997884,0,0.3119923652537071,0,0.250668975431813,0,0.41995122484051917,0,0.35406286366676765,0,0.4891862405337198,0,0.35580680771604206,0,0.012106102045251642,0,9.185085943981794e-06,0,0.1292264364251608,0,0.2243400846231597,0,0.11805220863797308,0,0.3798931297709923,0,0.32926606825862886,0,0.21409009258495088,0,0.4730308302808302,0,0.005554983114541281,0,2.8039024336260824e-05,0,0.11616295254163639,0,0.007534856041117318,0,0.017460216581262043,0,0.0897431139771396,0,0.3021840781715332,0,0.2840650196431354,0,0.3563901269831553,0,0.004972999574463914,0,1.809191121175274e-06,0,0.21666666666666667,0,0.010746861875308284,0,0.0028933548530642433,0,0.20697283907909111,0,0.271377254373007,0,0.11392038184443364,0,0.38535057955347246,0,0.004885091874638125,0,1.5518315191396135e-05,0,0.13,0,0.0044389242646025485,0,1.2427994522941357e-06,0,0.14137371670834062
3_S01E04_327_u,1,1,0.6261096991968975,1,0.7033406413985649,1,0.5106453594061463,1,0.8411999901873194,1,0.788274183943923,1,0.5401867308960457,0,0.35554795880706885,0,0.37730770345740167,0,0.3862415402340684,1,0.5369923898615232,0,0.44751370519726896,1,0.5048851774619969,1,0.6596027977171316,1,0.9983782534860504,1,0.5465815824249682,0,0.4187925608788247,1,0.6140178560406646,0,0.3998543467842034,1,0.5999651086789815,1,0.6607393051685405,0,0.46018803418803417,1,0.645916426343032,1,0.9994986540653525,1,0.5172101320208494,1,0.8810833991256892,1,0.7754001145996224,1,0.5410782215535531,0,0.3696110789239133,0,0.3584386443855626,0,0.39359043054632525,1,0.6297278217955818,1,0.9953747731483518,0,0.44666666666666666,1,0.6650644676678508,1,0.8401746252010518,1,0.5099703389969619,0,0.4198991817253276,1,0.553277019872485,0,0.40771973701647096,1,0.6831547031172246,1,0.9996260587021726,0,0.44885506468272235,1,0.652581739614946,1,0.9967938779287369,0,0.48668289113913277
3_S01E04_342_u,0,1,0.6510587392174826,0,0.4949781347953472,1,0.5845799932180891,0,0.0914265133081794,0,0.08719512323785683,0,0.2391865870815638,0,0.3201258994150027,0,0.3232706591464058,0,0.3883890769314478,0,0.30747718376187255,0,0.4408976282657922,0,0.2563728847040202,0,0.16118035757023813,0,0.0025430015365550283,0,0.2651743735669561,0,0.42997565572024576,1,0.5290106913325521,0,0.45186683104326164,1,0.6323356301100891,0,0.4387345823663194,1,0.5926864801864803,0,0.1063143533441273,0,0.007221821064494098,0,0.23363818372755413,0,0.07272690160680896,0,0.09674844240149581,0,0.2349148999149,0,0.31353004096204184,0,0.30767705476118856,0,0.3964385044539041,0,0.1223141948060978,0,0.01948326581517219,0,0.33666666666666667,0,0.15062805910812463,0,0.1509030865374754,0,0.31297168790803476,0,0.4112320604409338,0,0.4747018096256917,1,0.5192692847454142,0,0.1020302803785926,0,0.005602006722200261,0,0.216,0,0.11555483002364415,0,0.013691012014463443,0,0.28773853240403874
3_S01E04_356_u,0,1,0.7019129938183188,1,0.7363065533101428,1,0.6181752751278737,0,0.012575000031026568,0,0.006217087163259808,0,0.10265302511108959,0,0.2614499715684575,0,0.1380147930389356,0,0.3304621139193765,1,0.5714555029076289,1,0.5372999264380252,1,0.5722621263506378,0,0.024494100598120596,0,0.0006470448777998732,0,0.15738270938142798,0,0.4293669000222382,0,0.4135513997672988,0,0.4298495187742582,1,0.7273325056654061,1,0.7631993557460871,1,0.6012158119658121,0,0.002055841242435134,0,3.401092418403654e-06,0,0.13181461912969522,0,0.01116066875976755,0,0.008534562821370134,0,0.1150735235510772,0,0.2765378169707086,0,0.1532248279828611,0,0.36459741310105004,0,0.004314909658571022,0,3.6348802584135976e-05,0,0.25666666666666665,0,0.02458037781484612,0,0.04237443759912182,0,0.23391456524126783,0,0.4878325551998276,0,0.43401830210562664,1,0.5262953954149431,0,0.002072049391358709,0,3.751599791483773e-06,0,0.12196244131455398,0,0.004362165945953027,0,3.5364908408682866e-05,0,0.13816084101786935
3_S01E05_417_u,1,1,0.6543270864154795,1,0.6424391463982553,1,0.5555020534667916,1,0.845009812951687,0,0.3436285751596863,1,0.6682551433754726,0,0.32076717171592456,0,0.4696409590516806,0,0.48287147169527683,1,0.5126911659698735,0,0.4033179762698436,0,0.4269514239629222,1,0.8391748610431088,1,0.9913036356800288,1,0.6728868458608174,0,0.351070097327649,1,0.6043102911244913,0,0.48789573001618897,1,0.6238048524455985,1,0.5731264145691632,1,0.5723702686202686,1,0.6776766704740351,1,0.9484516374496795,1,0.612416720031265,1,0.8157922839666062,0,0.3288226287941042,1,0.6663220944043344,0,0.3117537968988936,0,0.44270379539577326,0,0.44580026999996086,1,0.6911491231614996,1,0.9497074719548454,1,0.6333333333333333,1,0.8111507640984391,0,0.4212381245837454,1,0.657764873527273,0,0.33322766187446606,1,0.5462173334785916,0,0.45372498203175676,1,0.6730891488365135,1,0.9083914254618805,1,0.5715816513761468,1,0.6837612539111313,1,0.940851923268715,1,0.6056588407999539
3_S01E05_456_u,1,1,0.6415655141180517,1,0.6881942746964211,1,0.5859007920130552,1,0.8297392427077207,1,0.6446878532476154,1,0.6619271916151636,0,0.45267480680071936,1,0.7404988061858889,0,0.42104502285673345,0,0.5,0,0.4371153465843651,0,0.3841008423253472,1,0.8016317893370561,0,0.37842590084968425,1,0.6719658898703043,0,0.4338450910209068,1,0.7840687128919314,0,0.4959119750032489,1,0.6256581552629864,1,0.5724733886800026,1,0.5784465811965813,1,0.7653627798734204,1,0.9964140232919593,1,0.5964117285396313,1,0.8438720354545273,1,0.6058231343357975,1,0.6363936431321429,0,0.44867388127717334,1,0.6805869950637023,0,0.4378577439560186,1,0.7031454455422264,1,0.7717117390140037,1,0.609982174688057,1,0.7951020448072187,1,0.5421787843316579,1,0.6370895525475668,0,0.3947815854491594,1,0.7181692123831492,1,0.5302957015529256,1,0.7753781112286241,1,0.9966521011891976,1,0.5898964145664649,1,0.7033451361572475,1,0.7138946619710821,1,0.6254735145083823
3_S01E05_520_u,1,1,0.5165324777792749,0,0.46594169705388583,0,0.49366218377767496,1,0.7171987314569289,1,0.7913661121664763,1,0.6870884449167113,0,0.3417580653483106,0,0.3194466168364093,0,0.42103521404521,0,0.4056552023060647,0,0.3181714743418244,0,0.2761869744808995,1,0.8930349069277055,1,0.9827584798458842,1,0.6775422925459497,0,0.3808644306335261,0,0.24775597493954873,0,0.4458183193047769,0,0.47581363039931923,0,0.26962533103635145,1,0.5255368797868798,1,0.7915574638253015,1,0.6582831559899116,1,0.6796537018458447,1,0.668583366338232,1,0.6079134079610676,1,0.6725941430266189,0,0.33035190382995866,0,0.20030440851176656,0,0.38646890007195184,1,0.8618633136689765,1,0.8420196566321946,1,0.65,1,0.8811761778655108,1,0.767260917335718,1,0.6540515550940933,0,0.3563302396544823,0,0.1624155504771343,0,0.40746387616583674,1,0.779184279012898,1,0.5043686794799058,1,0.6559360851767568,1,0.857711416478489,1,0.7602449562053433,1,0.6892649734905466
3_S01E06_054_u,0,0,0.5055216797866375,0,0.4583879302524675,0,0.46333537709304345,0,0.02152865340391554,0,0.027316303841468725,0,0.1644320342492206,0,0.2829352569432173,0,0.4380321745417495,0,0.4174439618540875,1,0.5656853205293914,1,0.5040851845933993,0,0.47257338543978483,0,0.06297219540109851,0,0.0020533824264777193,0,0.16696675766899158,0,0.24005481433295353,0,0.2951279367751805,0,0.41196984924623115,0,0.5,1,0.5568560961649757,1,0.5346363636363636,0,0.10597073115562469,0,0.02430866463738823,0,0.18264663559600267,0,0.021188498161487757,0,0.04253944802287355,0,0.13903894695021557,0,0.27839748250970686,0,0.4722055629378078,0,0.40146305140763255,0,0.0644939151394004,0,0.006379156982359227,0,0.24333333333333335,0,0.061617687377737415,0,0.07286550211055771,0,0.2688982131240192,0,0.2590140730673259,0,0.3773763859304351,0,0.35212392714823737,0,0.1031747069454701,0,0.01664954990643159,0,0.18,0,0.06419226855515207,0,0.009051998705003596,0,0.1810857466973489
3_S01E06_266_u,1,0,0.26513158213860405,0,0.15910250109740354,0,0.41566179908296474,1,0.7136884377422608,1,0.5371881394449265,1,0.566237578783942,0,0.34840691378450284,0,0.3164910727070634,0,0.4016342177746273,1,0.5181331849306311,1,0.5004129852889455,1,0.5543729028531468,0,0.40819539352661327,0,0.30743154213888974,1,0.5339748701845952,0,0.2375256198857753,0,0.08954521640784398,0,0.38885651085719963,0,0.2840000602947028,0,0.1462324016772423,0,0.41494047619047614,1,0.5809338334922085,1,0.8852071052198061,1,0.5119175901205428,1,0.7403683820828508,1,0.5305285155294345,1,0.5744040472647637,0,0.3513255671976811,0,0.3093294054953445,0,0.4702914477112141,0,0.3858347909118133,0,0.33921298803055033,1,0.51,0,0.4170746450386364,0,0.3849541659245244,1,0.5179820290244936,0,0.25130919766709087,0,0.07280866949450258,0,0.4162000372365048,1,0.577602030569226,1,0.8691368532240231,1,0.5779581425071892,0,0.39298807523783547,0,0.3294107420610941,1,0.5290748899393952
3_S01E08_422_u,1,0,0.5,1,0.8006294614157443,1,0.5325368134387345,1,0.5737724112379126,0,0.32613787637890823,1,0.5478700781928972,0,0.33669704441686693,0,0.4315518744379498,0,0.33909246915093305,1,0.5174161806603071,0,0.430447695721602,1,0.5153008094708081,1,0.6441415396207596,0,0.18125243614487624,1,0.5211394110724746,0,0.25552455503428,1,0.599380310222988,0,0.3619727272727273,0,0.5,1,0.8046505509459028,1,0.5711190476190475,0,0.42531162941697015,0,0.20543812593588967,0,0.4691259665004047,1,0.5967982493701068,0,0.31468198107658973,1,0.5540927419675448,0,0.3302779634251701,0,0.39786633614605876,0,0.3615921170002571,0,0.2550414156216888,0,0.026230076728574237,1,0.5066666666666667,1,0.6321937703200079,0,0.3195870672684224,1,0.5490565127969903,0,0.2570276381123724,1,0.6201262680937439,0,0.4081148413553553,0,0.42644704494797486,0,0.20329465049635922,0,0.4219756097560976,0,0.2528376588119537,0,0.02837456260300242,0,0.4434509213860519
3_S02E01_050_u,1,1,0.6823324249148827,1,0.627116893994083,1,0.6277507651127867,1,0.7282643660846139,1,0.5393967133884225,1,0.540516835270278,1,0.5173621323841232,0,0.4173558571207451,1,0.5068928078839384,1,0.5370939193970038,0,0.47772052277382687,1,0.540543330565101,1,0.836045548272967,1,0.9564896711054967,1,0.604186209950906,1,0.6785759916345617,1,0.5376155486370985,1,0.5797500029861801,1,0.7064035806687119,1,0.6744861883543358,1,0.5229887889887891,1,0.7497849861467193,1,0.954130308346444,1,0.5774379271562532,1,0.7487812663580653,1,0.5580140807604712,1,0.5332996192104804,1,0.5179788862726523,0,0.39100948449586315,1,0.5234187761944786,1,0.8803234004579824,1,0.9645631312664464,1,0.5532124152378852,1,0.8400930802736808,1,0.8676909320148545,1,0.5955132963149418,1,0.7203444275056861,1,0.5569857155446767,1,0.5256875039786066,1,0.7614908472591507,1,0.9500101615154306,1,0.5959186439441317,1,0.8824803514665197,1,0.9468458352799681,1,0.6078117439947285
3_S02E01_096_u,0,0,0.46879651025860875,0,0.41327932216083435,1,0.5025908582471494,0,0.04938642453819387,0,0.1057282906821432,0,0.19615447337572053,0,0.3168786046424133,0,0.3151032079813008,0,0.24919682705374868,1,0.5558592951829859,0,0.46724955740375784,1,0.5351296308803332,0,0.11353672801564185,0,0.024375236029723083,0,0.2097781885258034,0,0.25536424485470005,0,0.19549558836476721,0,0.361917695473251,0,0.4576662761306787,0,0.39711951736714163,1,0.5989332611832612,0,0.0614147386284779,0,0.0013388295277296889,0,0.19788742852599853,0,0.04234603250075785,0,0.12054383350425144,0,0.17144316395319162,0,0.29705866565343064,0,0.29205981606452447,0,0.26375876860920966,0,0.041705292195106596,0,0.007186311617086592,0,0.29333333333333333,0,0.10618342868107065,0,0.4749472694188824,0,0.25575529384075124,0,0.29348293832135824,0,0.21134370657097368,0,0.42116582282482784,0,0.05646600444103694,0,0.0008536329209085678,0,0.174,0,0.037568001691280925,0,0.007512800483579797,0,0.23836368014507656
3_S02E01_413_u,1,0,0.3299423553878873,0,0.19300508435976904,0,0.392647218661243,1,0.7409556994013098,1,0.5905575418693673,1,0.6255349778421494,0,0.46726093272229885,0,0.36707708641264347,0,0.4530012167567558,1,0.5502208307493819,0,0.34768231312790365,0,0.3928620514582848,1,0.48161553429224363,1,0.7250116280913738,1,0.5502952621826833,0,0.3103722651291155,0,0.12493408059300891,0,0.37397,0,0.25897920485138637,0,0.12921528811348523,0,0.3390386002886002,1,0.8685513611241461,1,0.9793266172293197,1,0.5902597790902333,1,0.6538430893994717,0,0.47277809449594393,1,0.5966821535862614,0,0.3686928773296254,0,0.2662116776058611,0,0.4178097148669296,1,0.7017991321256448,1,0.8571647287099478,1,0.52,0,0.40033363845805936,0,0.14853080618062287,1,0.5303504742702112,0,0.2726624772063512,0,0.0993522361495771,0,0.38579219392403713,1,0.832000544531775,1,0.9430344772346062,1,0.6019630941704036,1,0.6527207544384168,1,0.784110277648346,1,0.5623862855005951
3_S02E02_081_u,1,0,0.3476708369631057,0,0.25429302080097826,1,0.5108497499023145,1,0.8509433340885437,1,0.6616425778795126,1,0.6085027533426848,0,0.3717202988318789,1,0.604636719569085,0,0.4201667030433552,0,0.5068280894192265,0,0.44643159192342746,1,0.6121152830680104,1,0.6986207363207386,0,0.23264204677727468,1,0.5884461431059208,0,0.23659853937966444,0,0.32711909965020936,0,0.4319727272727273,0,0.3172259423638813,0,0.23001482729012013,0,0.4994102841602842,1,0.6084082058794301,1,0.6036699618211651,0,0.47100090867707983,1,0.9035459098168658,1,0.7506593022350094,1,0.6085988210931893,0,0.3670019768671801,1,0.5712317099159728,0,0.4138563778275271,0,0.3498266891479412,0,0.21056320040451965,1,0.52,1,0.7073394040037024,1,0.6883441691029475,1,0.5688720873512466,0,0.239937388059704,0,0.3251651299472984,0,0.44101393386410637,1,0.6359588127536535,1,0.8406359328533264,1,0.515969387755102,0,0.36545090953966775,0,0.3174757573407231,1,0.5006468128530114
3_S02E03_218_u,1,0,0.33212091903174207,0,0.32005040299548004,1,0.5073503400663945,1,0.8522619792566407,1,0.9458677817241079,1,0.6131022297325948,0,0.23244286886081367,0,0.1826299881594321,0,0.2447992730769335,1,0.581099925353955,1,0.5710244403924194,1,0.5310994939090038,1,0.7224455268511155,1,0.9927065016279222,1,0.571332085765404,0,0.19607305933009475,0,0.0969286839022777,0,0.33396142783769905,0,0.3402286952579126,0,0.34924203865704556,1,0.5110091575091577,1,0.5103745194554009,1,0.9484463061236231,0,0.4796889681509851,1,0.8893236293645991,1,0.9753745678853227,1,0.6176891168840456,0,0.24426178519418523,0,0.24590020377376098,0,0.2517097388660897,0,0.4727628097274693,1,0.9764374447683145,0,0.4666666666666667,1,0.739942258763916,1,0.9524948786318639,1,0.5914157682306466,0,0.23945068673233816,0,0.11392318974371285,0,0.35503440534700653,1,0.5443193104289341,1,0.9881703093719441,0,0.4779424891146589,1,0.5,1,0.9915582364594363,0,0.4754182144444277
3_S02E03_229_u,0,1,0.6223828740015992,1,0.6841516461588716,1,0.5092791289546833,0,0.006117714983922328,0,0.006624231315657441,0,0.14335756942645997,0,0.23383205960134143,0,0.21250326124576494,0,0.4228546762992871,1,0.5369744173514124,0,0.44196312685492595,0,0.36654678610742303,0,0.06482335911366653,0,0.00037769658490447605,0,0.19796729024947166,0,0.2062317526364115,0,0.3746232886343522,0,0.44329168832669086,1,0.5938221412979248,1,0.6963918668360507,1,0.5637417027417027,0,0.06007594211477114,0,0.00010798689841193203,0,0.16749905660298922,0,0.0052450456199769485,0,0.006035329897625123,0,0.14414334162982384,0,0.22810912766843366,0,0.22712169865082826,0,0.39752468433577676,0,0.05197674525150239,0,0.00033466530777929955,0,0.2966666666666667,0,0.060104664971004196,0,0.026256310179267772,0,0.2876666792326696,0,0.23479566824300369,0,0.4847500558909909,0,0.38675584784877487,0,0.058072550786605955,0,0.00012976730796029516,0,0.204,0,0.04958746457364318,0,0.0006487689062781067,0,0.2098529953005416
3_S02E03_244_u,1,1,0.6845675816608001,1,0.7702313917485895,1,0.5316186315601837,0,0.5,1,0.5152107273434988,1,0.5339159140616984,0,0.3878614544517764,0,0.3640380159661878,0,0.44505876982560966,1,0.704689757478829,1,0.573597633915426,1,0.5835084454994122,1,0.6459944400973481,1,0.7015551384364659,1,0.5196812773801478,1,0.6037455448428247,1,0.6788305636066486,0,0.42578692612721325,1,0.691076312039817,1,0.7939015964067598,1,0.5339917027417028,1,0.737211915044149,0,0.098054372583155,1,0.5348954912807197,1,0.5497947804553948,1,0.6443029008640142,0,0.49621963109337847,0,0.3914605731499843,0,0.45806550914626687,0,0.45383370172999854,1,0.7885831988305497,1,0.7563775683129508,0,0.44748217468805707,1,0.6575880036478643,1,0.7639520823937098,1,0.5014419914567088,1,0.5965234691398309,1,0.7317538060901867,0,0.45675939171865726,1,0.7450392809635821,0,0.24332717614524788,1,0.5119530073522899,1,0.8070683633711352,1,0.9018576411586458,1,0.55286133999351
3_S02E03_561_u,1,1,0.7505574050563252,1,0.7077321311453845,1,0.6310001554708761,1,0.8464886880008263,1,0.7545733702155535,1,0.6138530812545009,1,0.5077240001075796,0,0.38828262217044224,0,0.4475542566751807,0,0.43180994373495457,0,0.39753441494745706,0,0.27740866470193576,1,0.891476913501437,1,0.9972378723787685,1,0.6114483676974511,1,0.5441149589625971,0,0.36156214236550177,0,0.4619478934827577,1,0.7181378438115507,1,0.5506617983603251,1,0.5964166666666667,1,0.6758378058579915,1,0.9317754033324414,1,0.5326658523872031,1,0.8355492033291262,1,0.6884265526162244,1,0.5976434065915253,1,0.5120714081986188,0,0.3169717341908701,0,0.42236038959386046,1,0.7273423446824557,1,0.9722498803794158,1,0.52,1,0.8859901129516277,1,0.8625530817123092,1,0.5956175239777615,1,0.5090485792577658,0,0.34187918262676104,0,0.4989472593476232,1,0.6744849787115238,1,0.8978363702831812,1,0.502,1,0.7205962810804778,1,0.9596583315945778,1,0.5022328290317436
3_S02E04_162_u,0,1,0.6872946210088584,1,0.839145968036173,1,0.5627724188750829,0,0.15568206392232062,0,0.13913547264884654,0,0.3114895160295948,0,0.4651635939572402,1,0.5633876911389701,0,0.44657517702025057,1,0.5228997315531991,1,0.621712926257725,1,0.6995210146286706,1,0.4510720938415848,0,0.4403345302873455,0,0.3535658971282855,1,0.5415927535432961,1,0.9030477003629575,0,0.39795167464114833,1,0.7328186880014681,1,0.9122499215012575,1,0.5666576479076479,0,0.3435221569155471,0,0.056536623556349315,0,0.3179359944806562,0,0.1511984368110884,0,0.22027766312989597,0,0.3034502643715059,0,0.48131571777357557,1,0.6515120075278393,0,0.41763393827391965,0,0.4552597106995798,0,0.2867053365772756,0,0.37666666666666665,1,0.47495263753922745,1,0.8169025625488376,0,0.4103167761973162,1,0.5331908532997823,1,0.9228586081505444,1,0.5006842089215895,0,0.34796284957432266,0,0.04706773096155677,0,0.316,0,0.4811402976871505,0,0.3621132795326943,0,0.30988770218284417
3_S02E04_395_u,0,1,0.5793393361862658,1,0.7702229741517436,1,0.5143559430866707,0,0.013724311276173165,0,0.028546509119399956,0,0.24839583037658908,0,0.3766994519294876,0,0.4006307150104797,0,0.3678724451350314,1,0.5463982258847319,1,0.7501330681758122,1,0.6377017390950573,0,0.07818482237840503,0,0.004959684516170601,0,0.27328635403765966,0,0.4710551838316468,1,0.6787512773892332,0,0.46387513483388115,1,0.6478049969424149,1,0.9133420441865263,0,0.46817857142857144,0,0.04412573660712683,0,0.0004776862259085753,0,0.2507200357493225,0,0.018842132179207927,0,0.07099625695857138,0,0.222658151223969,0,0.4108263689377776,1,0.6367531316467165,0,0.4312458516427002,0,0.11121521747158633,0,0.020906243294262286,0,0.32666666666666666,0,0.1019958121554065,0,0.31371977920897676,0,0.28339709655187584,0,0.4862753390567455,1,0.8534310528301785,0,0.38314565901868497,0,0.05728936472677108,0,0.003019181077552572,0,0.226,0,0.1393212034314901,0,0.08527857397748542,0,0.25572108225966306
3_S02E05_179_u,0,0,0.381489916490114,1,0.774254440533952,0,0.42186003940785094,0,0.1725195311778391,0,0.30870367362463624,0,0.34417731759719195,0,0.3002402574682698,0,0.14708529122459238,0,0.36053030419396187,1,0.5536758524727388,0,0.49078674627277125,1,0.5135645032943851,0,0.21457262333998786,0,0.030300387086746032,0,0.3525551901452349,0,0.21495942654940353,0,0.3349721508264982,0,0.432,0,0.3632062420173244,1,0.7203441603668592,0,0.49505303030303033,0,0.18177334355837851,0,4.207195404971881e-05,0,0.2845200072447277,0,0.1508624405364441,0,0.3230659735104428,0,0.2770646846531182,0,0.2954669410911356,0,0.17913905529274782,0,0.41091532933635094,0,0.12961615500754717,0,0.00017077363353288347,0,0.3566666666666667,0,0.20751594317412667,0,0.44625419108647496,0,0.38352597097979163,0,0.24214993372731683,0,0.37941272162228457,0,0.46013796222581144,0,0.17598018524630632,0,3.268900564767597e-05,0,0.282,0,0.12751441261738392,0,0.0002086922275087859,0,0.3181848606071477
3_S02E05_378_u,1,1,0.7572380476926477,1,0.7736134698222381,1,0.5644755037683281,1,0.8888041596700829,1,0.8383533937419612,1,0.6501796093871044,1,0.6973902234439753,1,0.680209912603242,1,0.6062543703284967,1,0.574385081839449,1,0.679285375731958,1,0.7464366022769904,1,0.9269179830059029,1,0.9993698177834094,1,0.6938866913890192,1,0.7509020692667093,1,0.7852953368500853,1,0.5798035464730771,1,0.7941877123038763,1,0.8867912498866466,1,0.5623055555555555,1,0.8756140202029151,1,0.9998763206596504,1,0.6835524940904574,1,0.9138094257986559,1,0.8909338919641763,1,0.6629705825806264,1,0.7182965267649082,1,0.7576235416098667,1,0.6278792098657865,1,0.9295086904932082,1,0.9998983793230969,1,0.6365457485712185,1,0.9370777590088141,1,0.9008265620037498,1,0.6521059094639693,1,0.7403572780679863,1,0.8817721671433891,1,0.5342088792208941,1,0.8891720251299339,1,0.999903863468248,1,0.6219478662216977,1,0.9390787030186984,1,0.9999214159047825,1,0.652782007463357
3_S02E05_466_u,0,1,0.5973995338784752,1,0.6238503755505588,1,0.5236203943567775,0,0.021681339391819023,0,0.09285368113819716,0,0.1386552507540955,0,0.3987293332430789,1,0.6716468683614435,0,0.41065815770589753,0,0.4541158599678409,0,0.45181539297309575,0,0.48575784374290254,0,0.04802783427988784,0,0.00552072663007913,0,0.170814192132921,0,0.3877570786620931,1,0.639157076808067,0,0.4139689214419072,1,0.6025863574465125,1,0.5944067891467811,1,0.5057352092352092,0,0.1244443411739876,0,0.10813208176042638,0,0.19018623669330476,0,0.016538070955270743,0,0.08455142015819268,0,0.13810424167803,0,0.3897591176941924,1,0.6048174630157286,0,0.4971265898041212,0,0.08859008097856509,0,0.06783450140518706,0,0.27,0,0.04546136355518438,0,0.1300932912406354,0,0.22631839139753976,0,0.3985440424949354,1,0.6247340104265547,0,0.44877094446927046,0,0.11618434433640099,0,0.06186552715693258,0,0.184,0,0.0832437725765366,0,0.05233807839341875,0,0.1825067609292757
3_S02E07_256_u,1,0,0.23568547850451185,0,0.2034587328966629,0,0.35250166808896083,1,0.5995484303161461,1,0.9098007971967588,1,0.6640136472523521,0,0.21905382567770557,0,0.19045567359789944,0,0.2846616189910309,1,0.5686699423133216,1,0.6103974467665664,0,0.3109967917157028,1,0.48491199640929716,0,0.0061002157791640735,1,0.5744134549999089,0,0.12795315597305246,0,0.19465155246923055,0,0.318,0,0.23482982923296766,0,0.3710906222970527,0,0.3483273809523809,0,0.20291232800533196,1,0.9079553281963184,0,0.4982520664403996,1,0.6380133078411484,1,0.9504253857688612,1,0.6371982600956837,0,0.21348747764879714,0,0.32767172890549084,0,0.3139119730819308,0,0.13138866978496214,0,0.09216670948247743,0,0.42,1,0.5,1,0.7597950892852527,1,0.5839991459057807,0,0.17041710317252132,0,0.32342025432077015,0,0.2802234090219759,0,0.19918965701419047,1,0.9177498298516964,0,0.439962441314554,0,0.12885455211869506,0,0.13189771104125653,0,0.47782416432218977
3_S02E10_133_u,1,1,0.5269901450258951,1,0.8259948982689999,0,0.4949962055314443,1,0.8241922547077069,1,0.7635619072142266,1,0.6873528372762236,0,0.2457164811315256,0,0.46385407675700085,0,0.372535440082684,1,0.5279354237728663,1,0.7620035974841111,0,0.3793126739014581,1,0.8245333745086488,1,0.9904471323994581,1,0.6574244001712363,0,0.28797066018397854,1,0.6543242221058715,0,0.402,1,0.5943476422895756,1,0.9291600984337559,0,0.4397738095238094,0,0.4450150794714387,1,0.9960236460566024,1,0.5259007190730578,1,0.8993524363880969,1,0.8141363517541598,1,0.6078271182970254,0,0.25948748816795963,1,0.7075775208152898,0,0.3849842450193288,1,0.5270497952830201,1,0.9888500954478495,1,0.51,1,0.8613094388681569,1,0.8042394287763684,1,0.6047276531574101,0,0.3333086440101167,1,0.8212283537647289,0,0.40734135369266383,1,0.5264488048166357,1,0.9994541863774777,0,0.466,1,0.5860970287339523,1,0.9977272036762761,1,0.5273214041337384
3_S03E01_409_u,0,0,0.2570484196024941,0,0.11082174617653899,0,0.3504839445909255,0,0.012960482809686777,0,0.008080863909572328,0,0.05632400968207418,0,0.3036892725999464,0,0.15591802388467885,0,0.3577978443748915,0,0.4751812148404043,0,0.4375093005388475,0,0.4734558233844724,0,0.013599698062096623,0,4.135715296968596e-08,0,0.14467746696188033,0,0.17960272348716777,0,0.021362965803238432,0,0.37,0,0.2503884417192555,0,0.1374875848635932,0,0.2862738095238095,0,0.01624219361367606,0,2.2025154907494375e-06,0,0.09237152459381522,0,0.010321604299327975,0,0.00628232086687922,0,0.07612890335645703,0,0.2685213982402272,0,0.14648364998547805,0,0.3668434815664725,0,0.012656117853964362,0,3.4417510549976726e-08,0,0.21333333333333335,0,0.0117933275184209,0,0.0026516559036976217,0,0.17422658034728708,0,0.22593654544115568,0,0.024528274439173752,0,0.3577969607148532,0,0.013796433256335595,0,1.7545995013924823e-06,0,0.132,0,0.011051922361190007,0,4.323556656255366e-08,0,0.1333115541592558
3_S03E01_431_u,1,0,0.4201251508021524,1,0.6252007977108618,0,0.4706996123541102,1,0.962882593010995,1,0.8984302733828902,1,0.7154575586761242,0,0.3723096095378479,0,0.4729833794188456,0,0.4211272259453383,0,0.477297936108281,1,0.5843272204644031,0,0.4276911610225383,1,0.8363578675116684,1,0.9985816013088715,1,0.6636075270346686,0,0.38275030363730933,1,0.712842778194141,0,0.44795391705069126,0,0.4510803497380222,1,0.7086751132461176,0,0.4472814962814964,1,0.8081305874536062,1,0.9994405028611896,1,0.6234218568601662,1,0.9711998521348147,1,0.9338277395721595,1,0.7547521231161524,0,0.38846836325159156,1,0.5256605937822778,0,0.44655021152139673,1,0.7536770610637638,1,0.9974694343580653,1,0.57,1,0.8557369483353364,1,0.9575165516737453,1,0.6322517860666276,0,0.38196619183758745,1,0.7689602951918526,1,0.5402273935289003,1,0.8308197994684581,1,0.9995351272861065,1,0.6439361086223108,1,0.7836980420959162,1,0.9970767739136487,1,0.5930807491420067
3_S03E02_062_u,0,0,0.33050029069308495,0,0.2683286020278555,0,0.48799828556552555,1,0.5393915384219024,0,0.37617809187070506,0,0.3359288531389245,1,0.6516413435911393,0,0.44378049615726445,1,0.5567358727474107,0,0.5116181478253893,1,0.7881753174584696,1,0.6110366064517226,0,0.12308450310693674,0,0.030591756867193252,0,0.34157979148188383,1,0.5397447733215539,0,0.23152619097257587,1,0.5577198281552477,0,0.42404533264999716,1,0.6834705817937761,0,0.4632398989898991,0,0.3297856963622662,1,0.9282467449522886,0,0.3545191631685211,1,0.6510751544940011,1,0.6752201340209814,0,0.31343342776205785,1,0.723002570744257,1,0.6772209712959204,1,0.5786532925478035,0,0.1732076754828426,0,0.13190289047812842,0,0.3933333333333333,0,0.16503087460458954,1,0.5240220415664723,0,0.35617377643006076,1,0.6528306806803631,1,0.5379110303393406,1,0.5546007566557652,0,0.40023823149833015,1,0.9815060785606585,0,0.34196938775510205,0,0.22714712903729015,0,0.39363778537559496,0,0.3803542964125918
3_S03E02_111_u,1,1,0.5188017432436615,1,0.605633636680489,0,0.4900444795781024,1,0.8629173148450857,1,0.7628191169913293,1,0.7333969661590797,0,0.2896386931945924,0,0.388649973785632,0,0.39658781255515446,1,0.5662640286610611,1,0.5618259065966782,1,0.7437577031716494,1,0.7881576089406934,1,0.9969468639176016,1,0.6868079945269427,0,0.3053648169839312,0,0.35176729757178654,0,0.3918594913118211,1,0.5228754162752529,1,0.6518549602463612,1,0.5557341269841269,1,0.6718887367259034,1,0.713952016322591,1,0.5621080108954548,1,0.8754307503276956,1,0.764357510461399,1,0.7642250485102632,0,0.2803332725813547,0,0.41596554653630574,0,0.39860527526827283,1,0.6450877470116135,1,0.9565361147091178,1,0.5599821746880571,1,0.8012763713303577,1,0.7833312562825032,1,0.6574926647308612,0,0.3235129060309391,0,0.41630771751749135,0,0.4745180583111947,1,0.6813839898395079,1,0.6788053151184699,1,0.5459693877551021,1,0.6533192623503981,1,0.9398978136738608,1,0.5941143891015859
3_S03E03_111_u,0,0,0.38377093402052065,0,0.13739632755765122,0,0.49530959149365295,0,0.032884020971862236,0,0.019702423973000798,0,0.1408551230406221,1,0.5486440619591444,1,0.6062912535515561,1,0.5061811859186941,1,0.5240592930216867,1,0.6010995440891209,0,0.4808126035999626,0,0.08492853330580934,0,0.0005810519723949162,0,0.20684150125765738,0,0.34979646792019375,0,0.19179711080696932,0,0.479932466068661,0,0.3970263288592398,0,0.1759742100982518,0,0.4791545954045955,0,0.1784071203607506,0,0.011169326064328133,0,0.19418222428706297,0,0.02963986597043331,0,0.035159855562789624,0,0.1414059620048727,1,0.5486729271536488,1,0.6602623379437808,1,0.5186944497967761,0,0.10148515023109807,0,0.0008364690838170139,0,0.31,0,0.08464765873584264,0,0.03063583166024209,0,0.2680921874163908,0,0.3652143698966364,0,0.19214104226527898,1,0.5377665898476609,0,0.18162718018923876,0,0.01737123540152028,0,0.226,0,0.10149565078390307,0,0.0018353159761454586,0,0.23191782430360688
3_S03E03_126_u,1,1,0.5392447873223787,0,0.35955275101882256,1,0.5444136563997874,1,0.6748342241125144,1,0.5521024880991763,1,0.6539325868747043,0,0.30994892088222104,0,0.381149789416974,0,0.4003746905259581,1,0.5163777737269746,1,0.6375626834245949,1,0.7459636780855484,1,0.6685761083057422,1,0.8540668438303541,1,0.6333169614150859,0,0.2479277557626501,0,0.2042135732052509,0,0.398,1,0.5864773959256712,1,0.5662979735384943,1,0.5265995670995671,0,0.4027739706543587,1,0.804959832279847,0,0.48758972268530715,1,0.7157776270592275,1,0.6896824108092889,1,0.6494632106445505,0,0.30267931807597603,1,0.5418047283037046,0,0.40498301793522384,0,0.28752715941280693,0,0.2647106728760377,0,0.46,1,0.7149164328882189,1,0.6437596024405666,1,0.6435502496909103,0,0.2652373131457251,0,0.35489668042213496,0,0.4004645773977619,0,0.3949248664332216,1,0.9287420673356577,0,0.46557510373443983,0,0.2858729224779121,0,0.4130515834095817,0,0.48004209318195895
3_S03E03_316_u,0,0,0.5,0,0.42766104208188793,1,0.5024084310847682,0,0.11148523904056715,0,0.16419345857595855,0,0.23421824350622653,0,0.30846321461015824,0,0.30384674937434253,0,0.3018522815865616,1,0.6432658603228094,1,0.5260489647433418,1,0.5675374137621146,0,0.09352179905207361,0,0.009028563058377273,0,0.25621821284100205,0,0.2962695124834611,0,0.23077588783351524,0,0.3059590800144381,0,0.4746524277735718,0,0.4094077880114342,1,0.5015674603174602,0,0.04741481134245255,0,6.647730953115421e-05,0,0.19427177037315188,0,0.15045206265754252,0,0.14738438341533616,0,0.2186592125359996,0,0.32765555524351014,0,0.31520685622730465,0,0.27929048403159806,0,0.0632711536487124,0,0.0009287738615695477,0,0.2733333333333333,0,0.10210692006931085,0,0.2356982933001335,0,0.3063943449656204,0,0.307595138050248,0,0.2150111240929399,0,0.3305138433204223,0,0.06178155228666671,0,0.00011594653314753563,0,0.258,0,0.06903004463331276,0,0.001310964800545626,0,0.2633664551990137
3_S03E03_511_u,0,1,0.6386816292088121,1,0.5806791560836387,1,0.5427600230582433,0,0.011350573421123018,0,0.02872510986313324,0,0.11648166604637195,1,0.5464978042648055,1,0.591743250859232,0,0.4660822129240205,1,0.5953143821745123,1,0.6421452342374895,1,0.6719114394514235,0,0.04640283752845166,0,0.0003585404591312959,0,0.16342154687714008,1,0.5522397215671093,1,0.6342828926972255,0,0.4916897180774603,1,0.6830350634729888,1,0.6022217196398664,1,0.6191630591630592,0,0.15325356873726592,0,0.0017724442215804007,0,0.2133455152621682,0,0.00979941676301058,0,0.06479568429408711,0,0.12970274322529662,1,0.5557337613084214,1,0.719503851981505,1,0.5322861370657942,0,0.1545467084835786,0,0.004741179155812111,0,0.29,0,0.04884251054432661,0,0.045698160140897434,0,0.2363746925656971,1,0.5194957524558175,1,0.6822469314599897,0,0.4887278822054396,0,0.15132521307683597,0,0.0015293015586141216,0,0.192,0,0.1556998137729086,0,0.005262190009049692,0,0.21752165579425597
3_S03E04_437_u,0,0,0.26096180726922363,0,0.28701727579275876,0,0.42044594124000373,0,0.30289019713446347,0,0.26960878375349334,0,0.2934211907512806,0,0.24096034102299801,0,0.4094030628441781,0,0.25567456808473066,0,0.45454318464820437,0,0.3224256623836941,0,0.14035106147136814,0,0.15136268530665423,1,0.6311116555837009,0,0.3100489222968349,0,0.1591071969292144,0,0.23028950472226245,0,0.362,0,0.21924375854518355,0,0.171141187356624,0,0.3291564546564546,0,0.10417065486362136,0,0.022842374467369267,0,0.28271523615593613,0,0.22544598151346207,0,0.12333946231615922,0,0.3059104623738675,0,0.2275397529853044,0,0.281064433325728,0,0.2588189010064011,0,0.08058951938218731,0,0.05941486052783681,0,0.35333333333333333,0,0.13067450833059757,0,0.09476514965274185,0,0.3473503650096712,0,0.19624537770701306,0,0.16719189975508816,0,0.3666956029985123,0,0.0932889762372745,0,0.00872671864759992,0,0.274,0,0.07278069535088143,0,0.029563109274983592,0,0.28015875719967465
3_S04E01_575_u,1,1,0.7233994886167933,1,0.7914862471450179,1,0.6245460799549182,1,0.8779098143344368,1,0.9423422981667344,1,0.7231136998931511,0,0.29665831159803613,1,0.550382652690837,0,0.33918534388985105,0,0.47626443290637605,0,0.45304111059124863,0,0.3589267423896158,1,0.9247876062896861,1,0.9757280296573996,1,0.6998219059261506,0,0.2833373435327407,1,0.7578292427902982,0,0.46196142783769906,1,0.6968218336873682,1,0.7596518082794157,1,0.573572843822844,0,0.4535894960465028,1,0.9994086374021455,1,0.5380105382560285,1,0.871438288953363,1,0.9156016462405537,1,0.6521081401851303,0,0.29515585969126773,1,0.5242826899083913,0,0.3531028196134451,1,0.491997666793359,1,0.9934261592984343,1,0.55,1,0.9221065816055329,1,0.9703408775845547,1,0.6487206341864526,0,0.2836416488634398,1,0.727376183194583,0,0.4954429906599889,0,0.44646835048213823,1,0.9994413397940732,1,0.529959953792838,0,0.4800214824857028,1,0.9926394294956025,1,0.5573796744917731
3_S04E02_217_u,1,0,0.4921042794115832,1,0.5463171796958871,0,0.48873667087020123,1,0.7946435567824938,1,0.8773633989167426,1,0.5728661078468623,0,0.4583020024439827,0,0.3152440139154949,0,0.42276645715520045,0,0.4860206898661089,0,0.46896673021480423,0,0.48715182706628707,1,0.6875179415255867,1,0.9441994575016056,1,0.5659041034743768,1,0.5610108929836876,1,0.617166486574956,0,0.4359495446777032,1,0.5055613570479649,1,0.5333641133317494,0,0.49904956154956154,1,0.7334932593840244,1,0.9710677908648325,1,0.5691450048576016,1,0.7691406594849578,1,0.8673392527696165,1,0.5510708533947933,0,0.45068211446153356,0,0.32881514894244257,0,0.45801153669455325,1,0.7978018933276904,1,0.9916265922255747,1,0.5233155080213904,1,0.6788293095408253,1,0.9015357467515676,1,0.560257623660447,1,0.6076546846396662,1,0.6158731107826513,1,0.5029343905995504,1,0.7249792633964384,1,0.9852684928009183,1,0.5506017241939444,1,0.797839987329933,1,0.9928232223407484,1,0.5380294785383449
3_S04E02_326_u,1,0,0.1948078742826745,0,0.07590002192329198,0,0.40580808757744374,1,0.7176286680143634,1,0.7978077755957647,1,0.6876947405349066,0,0.3323061259955351,0,0.3853246121207423,0,0.3364796181631181,1,0.5727728946943573,1,0.5184003906833189,1,0.6081950895624186,1,0.6159132271734369,1,0.6736637042067314,1,0.6203714889945979,0,0.16823019318350724,0,0.09421180252446415,0,0.30995131738740167,0,0.1838313272120097,0,0.09647436551962574,0,0.40923351648351647,1,0.6712823295781373,1,0.9963316426604243,1,0.5559389054384566,1,0.7309906351186465,1,0.7923739550621789,1,0.6532741223169652,0,0.33075913523318085,0,0.386061544932838,0,0.32943404847753427,0,0.4283248153739443,1,0.9048227780697216,1,0.5833333333333334,1,0.6120280088579428,1,0.6320400928566695,1,0.5888409041850242,0,0.14111166557181243,0,0.10319819324300898,0,0.3688497117375837,1,0.6820924078788069,1,0.9978675892305383,1,0.5925735994707625,0,0.42477378027524293,1,0.8975368390961179,1,0.5800415037532333
3_S04E04_363_u,1,0,0.4700762261209371,0,0.25795790908832694,1,0.5189958954552378,1,0.6307459168233437,1,0.7398379803437353,1,0.5700176629701682,0,0.2675025251447894,0,0.11238411947284492,0,0.303601504976505,0,0.483623985557007,1,0.611793835718373,0,0.4755266651524441,1,0.6480456606062144,1,0.6833755228802694,1,0.5930765277795819,0,0.21837815942735855,0,0.04885351816637597,0,0.4279429880889426,0,0.5,0,0.41303516590654527,1,0.5494319291819292,0,0.2904285603951443,0,0.022172617578555206,0,0.46710398254748187,1,0.6243183836302912,1,0.8452527222911265,1,0.5836946173201604,0,0.26352770839586487,0,0.14764862563207143,0,0.37374134265125647,0,0.2575746102882572,0,0.019824447340724305,0,0.48,1,0.6525513752228672,1,0.8555395848919057,1,0.5834306937100164,0,0.24285686345843568,0,0.09199078582973695,0,0.3384979923458184,0,0.28262838633234616,0,0.030124114186687437,0,0.424,0,0.25333937272514745,0,0.025314284047614367,0,0.46418028510811854
3_S04E05_313_u,1,0,0.42376996005890405,1,0.508980425004882,0,0.4588071595734669,1,0.9328772958119969,1,0.8642051752432763,1,0.6144354940089167,0,0.32311839456914954,0,0.47952335409371777,0,0.4032295376276585,0,0.5,0,0.40078198679997634,0,0.44092517111572577,1,0.6462893068947302,1,0.9985229568933401,1,0.5729706696370528,0,0.2687496963017127,0,0.34301317954690996,0,0.38798104265402844,0,0.3966288903247235,0,0.4025607244152424,0,0.4044181929181929,0,0.4056646024325254,1,0.9992692644905274,1,0.5065152452500734,1,0.9323381095985511,1,0.8289340537464531,1,0.6417208067538039,0,0.3210544155835197,0,0.4115297131490333,0,0.4734847065414458,0,0.3893330564571794,1,0.9977321568302069,0,0.4708333333333333,1,0.6233532619523413,1,0.8402037078622613,1,0.5135180902313619,0,0.2774412847348935,0,0.2925196420142098,0,0.4267685772065065,0,0.4061787666369917,1,0.9992874258934137,0,0.456,0,0.3849351475442636,1,0.9969445165979637,0,0.4456863066107721
3_S04E05_320_u,0,1,0.5099684738299558,1,0.6632437971746082,0,0.45235913534432537,0,0.09420255303422896,0,0.19603282984574558,0,0.19869729297528402,0,0.2850290505254537,0,0.3141369104326456,0,0.3808771761200053,1,0.59875250487186,0,0.4532742451530145,0,0.4651443554741861,0,0.1577640476076043,0,0.0787746158168646,0,0.2515086452303905,0,0.28010652026598404,0,0.39426123501078103,0,0.4259626168224299,0,0.47746064883020145,1,0.6851279208694735,0,0.3872637085137086,0,0.09822266187505507,0,0.0005686221152478873,0,0.2603481955429097,0,0.07206137818993488,0,0.1470283310668485,0,0.2209680815809001,0,0.29362925174871257,0,0.29695782406633486,0,0.4098123861766317,0,0.08211667160386217,0,0.0009683833389266074,0,0.3466666666666667,0,0.1465295508085214,0,0.2180299607842164,0,0.30147241610043307,0,0.28018189040832137,0,0.42883832463415145,0,0.42285524400051694,0,0.09184261929891108,0,0.00027084637729786275,0,0.246,0,0.07938998766356709,0,0.000867361890637716,0,0.2926541590310051
3_S04E05_485_u,0,1,0.5740189856147558,1,0.7351720006390384,1,0.5114538522078078,0,0.01694490266821321,0,0.04681612087384308,0,0.09198569208569209,0,0.25655002128404425,0,0.1842404103954399,0,0.3302858646144171,1,0.6241408629873153,0,0.39573411459581453,0,0.2501637785016811,0,0.1700960766284752,0,0.00929416232034534,0,0.18437762959873277,0,0.3507225776280929,0,0.43350002646813535,0,0.40795391705069123,1,0.5284792576087404,1,0.7166161731213279,1,0.5330866772116774,0,0.029562056965955714,0,0.00037054341618581935,0,0.1715712417578257,0,0.017604322491598226,0,0.038752974158900944,0,0.1596734176983486,0,0.24545743463349073,0,0.1574873303916946,0,0.34628497672120556,0,0.13228614414327766,0,0.0026451581827032296,0,0.31333333333333335,0,0.16131502458268265,0,0.05082697705816117,0,0.22722467488169348,0,0.3418735458970308,0,0.4199352350132491,0,0.3788837039639923,0,0.032490332304241636,0,0.0003188922927843471,0,0.146,0,0.12762772193418687,0,0.0031341894889763315,0,0.2029102073690858
3_S04E05_497_u,0,0,0.16794205308527152,0,0.15877649395905094,0,0.3895526408102752,0,0.0934303103424512,0,0.010444283228791925,0,0.23432407388112922,0,0.3447712116264723,0,0.31683081729812346,0,0.39566030655226725,1,0.5354895927490625,0,0.3538650155176426,0,0.4318781891530541,0,0.03253555223196298,0,0.0003419759578545886,0,0.23890273321964015,0,0.21560288980636672,0,0.13528081493952201,0,0.3718646050458968,0,0.12215412050225859,0,0.11066992389688778,0,0.35135966810966807,0,0.0431734291851587,0,0.0001101637512818699,0,0.23142111592111594,0,0.07344106681542577,0,0.004999742459231414,0,0.23526622297375166,0,0.29330871899518457,0,0.21820924061961294,0,0.3833763006354162,0,0.024417596427344458,0,0.0001060812169866026,0,0.31666666666666665,0,0.026735576582883475,0,0.008460498849325744,0,0.2977928051187236,0,0.15661797869226388,0,0.0979278074786905,0,0.3321939858100455,0,0.03759321811879772,0,9.427100411779479e-05,0,0.258,0,0.02118848007035358,0,0.00010046171504114902,0,0.24888204221587432
3_S04E06_526_u,0,1,0.5435875820342423,1,0.5266300432060621,1,0.5329091061949576,0,0.02506624164743853,0,0.013794798244691119,0,0.1046450017026288,0,0.24931086470359287,0,0.37064502580845254,0,0.2823534776292445,1,0.5304574110645791,1,0.5064639139066053,0,0.4937801560914972,0,0.03101122902083987,0,0.0010661592549938562,0,0.15239439514899875,0,0.2596956005301051,0,0.3053985015240803,0,0.3239727272727273,1,0.5521752844885625,1,0.5300210615961229,1,0.5417341269841269,0,0.035870874340477005,0,0.00035214550440666503,0,0.15111108732668638,0,0.02167086552965718,0,0.013122525273794953,0,0.08938763886647129,0,0.2590475367082153,0,0.43860010706807817,0,0.2765039858398325,0,0.03624788130473326,0,0.0005438988231511365,0,0.18333333333333332,0,0.029997563095817588,0,0.02164463130869579,0,0.19070900789796946,0,0.2681413364535512,0,0.33231362098538497,0,0.3177180140121317,0,0.036905335244999934,0,0.00039225252757989123,0,0.09,0,0.03753034429026522,0,0.0010871619132165303,0,0.1138294694826368
3_S04E07_292_u,1,0,0.31038456257522123,0,0.13298053982783573,0,0.39937291838933187,0,0.23857070098462116,0,0.25422166243085087,0,0.3730007832502284,0,0.2068669118799127,0,0.1519648397680098,0,0.23399853989011665,0,0.45427564613584914,1,0.5587527775339238,1,0.6372333446410269,0,0.17566761490149216,0,0.007824306334218422,0,0.43787100986847355,0,0.13340899452748753,0,0.01513676949652972,0,0.29195391705069124,0,0.318642544853302,0,0.1897655873631159,0,0.42589935064935064,0,0.08035003565241582,0,0.007765620630479283,0,0.38058909456237494,0,0.2811787598704377,0,0.3246930317564797,0,0.3743980527314914,0,0.21865553340960905,0,0.23316979682386155,0,0.26554268780973495,0,0.061798400403556,0,0.00020292018984414517,0,0.42,0,0.17850572566986467,0,0.20110694672704407,0,0.4508931221611005,0,0.16966085972299086,0,0.02899616472844282,0,0.23287199424183272,0,0.08839590513382863,0,0.02183898965894744,0,0.35397221741388263,0,0.06625414279374132,0,0.0006186867477973151,0,0.37649687234065254
3_S04E10_120_u,1,0,0.4474417634101189,1,0.5860957594561063,0,0.40841924145278014,1,0.9067228957888255,1,0.7627701183351582,1,0.6903472881254282,0,0.23841625963734772,0,0.0381386791483436,0,0.32879639812221767,1,0.5234439525705823,1,0.6306773850421429,1,0.7681875128080164,1,0.5275082273906124,1,0.979484619639778,1,0.5446982538258597,0,0.18163132400075346,0,0.13887965876825137,0,0.358,0,0.4690122367457155,1,0.7192559086933616,0,0.42048365523365516,0,0.2629280430933094,0,0.062127895640862456,0,0.4352302856862847,1,0.9187881554851288,1,0.7837042486869609,1,0.715263783464149,0,0.2339019917730608,0,0.06500135285804944,0,0.3141886466003277,0,0.22085411484091128,0,0.354546295410615,0,0.41333333333333333,1,0.5404926177272683,1,0.6293806313522544,1,0.5265855094281148,0,0.22519727571434361,0,0.2040149816255447,0,0.3423004875460523,0,0.25615740209710797,0,0.0975608184489891,0,0.432,0,0.2155211944198765,0,0.41899528702481437,0,0.4563774033035043
3_S05E02_072_u,1,1,0.5247964471849103,0,0.3770526366084847,1,0.5064195756689011,1,0.6241469243677541,1,0.6267584790425823,1,0.676740939156724,0,0.47314387201004887,0,0.38451945394520237,1,0.5232039100112881,1,0.6153070305145416,1,0.5994897875633144,1,0.6593469121840232,1,0.7043856520515946,0,0.0593110376711909,1,0.5842290501745956,0,0.36240236540369825,0,0.24809408903784552,0,0.46396279069767443,1,0.5445747361717134,1,0.5687410704085312,1,0.5452341269841269,1,0.7323454402816102,1,0.917841261250229,1,0.556067297829587,1,0.6697467297010355,1,0.7490683842405312,1,0.6581444873158591,0,0.47901259075357977,0,0.4298299680366476,1,0.540337659585489,1,0.4885979498188895,0,0.12284692275793242,1,0.5366666666666666,1,0.7378216873862535,1,0.7694801783796439,1,0.5900074900527283,0,0.3385903328638895,0,0.3762663043724182,0,0.49947346222598626,1,0.7383563023696816,1,0.9443074165087526,1,0.5399581425071892,1,0.5,0,0.2434663350895078,1,0.5481918385511286
3_S05E02_532_u,0,1,0.6700914727633468,1,0.752764578719616,1,0.5791010321523251,0,0.09875719814272654,0,0.11100036198846941,0,0.29036799067247127,0,0.2011187149892443,0,0.25006089287652083,0,0.3213034911368573,1,0.5346641529355283,1,0.6760017493963876,1,0.594386340305444,0,0.2431578962458466,0,0.004111171279959724,0,0.3378237863279864,0,0.21188118098029138,0,0.30980988384508923,0,0.366,1,0.715399125502453,1,0.8362541224360219,1,0.610920634920635,0,0.07124044825817136,0,0.00022254900997447253,0,0.2854348107988483,0,0.12165129397065691,0,0.1778618289655653,0,0.2758617215905341,0,0.20056976226987888,0,0.38086493440597535,0,0.28945182107053785,0,0.07636912365654025,0,6.550567389582105e-05,0,0.32,0,0.2652684871448084,0,0.4299026618326899,0,0.3820552828803133,0,0.22422802930016264,0,0.4633165784851176,0,0.3382264253620367,0,0.07135253190676602,0,0.0005780643661634002,0,0.26,0,0.07804249390483105,0,0.00014149970568553776,0,0.2952119713911218
3_S05E03_098_u,0,1,0.6559662257985001,1,0.7466782905685481,1,0.5718593647039553,0,0.020761945267373377,0,0.02460841946213704,0,0.16558917404384452,0,0.3867742085330249,0,0.37880120572553094,0,0.3760184115904906,1,0.6368230091612846,1,0.5202737414419459,1,0.5611711937250884,0,0.0716469855694345,0,0.00017539673476914706,0,0.26518939461557817,0,0.43999793000869,1,0.6473955392188371,0,0.47382647082559476,1,0.6437330226663878,1,0.7592504140057511,1,0.5032488067488067,0,0.057922041690208634,0,0.0003860725434771422,0,0.2002439520551572,0,0.018180913323136753,0,0.02915159829016445,0,0.15555744332211183,0,0.3785526707700022,0,0.35263908983744663,0,0.36986664006116915,0,0.07577641307935656,0,0.0005720249107965827,0,0.335,0,0.06826937429275141,0,0.05091978282738444,0,0.3341981705079638,0,0.5,1,0.6557301094523976,1,0.5622694181088762,0,0.0502733933915977,0,0.0003479203017531642,0,0.208,0,0.07288406937608546,0,0.0005858618429156929,0,0.2657568140800325
3_S05E05_119_u,0,0,0.4113257361213757,0,0.3858331042471407,0,0.37050551113070873,0,0.0844650224357703,0,0.13380395934120523,0,0.20641436311967287,0,0.29899281404376205,0,0.4787354567823746,0,0.38886667832645777,0,0.44392278478625197,1,0.51242883220678,1,0.5438659778878463,0,0.057206941175403425,0,0.0011603071087263094,0,0.18158831961824207,0,0.2313314602662494,0,0.19277961243756334,0,0.40532611049283124,0,0.40192395603537745,0,0.34847528785080656,0,0.35887157287157284,0,0.2434569056597916,0,0.2757411044193897,0,0.19480291005291012,0,0.07281054202945868,0,0.16321661047874214,0,0.16578983322569055,0,0.29972081499193465,0,0.4973918866599858,0,0.4323934255972338,0,0.07937292975380636,0,0.004912401773674287,0,0.28,0,0.057175215783359754,0,0.20745730993881617,0,0.22877505882454272,0,0.24887348744082993,0,0.1843268370157435,0,0.45371676860070176,0,0.23759227620476345,0,0.2622265127188697,0,0.212,0,0.07816337031521416,0,0.00626552702393663,0,0.25246847072698825
3_S05E06_207_u,0,1,0.5347505501250766,0,0.4023695174269943,1,0.5300295907424529,0,0.16234816043106656,0,0.11314511538275751,0,0.23224875019256708,0,0.24256840849978728,0,0.36590796123478986,0,0.38309454526430775,0,0.5086832457457874,1,0.6324850297112683,1,0.6796965392522589,0,0.14444216872582907,0,0.007872850577290152,0,0.32734459195567756,0,0.2102587649609784,0,0.27511000975310124,0,0.374,1,0.5626885221887388,1,0.5141033850766966,0,0.48773001998001997,0,0.12314434998148986,0,0.0045123938003324565,0,0.24528814597279328,0,0.1747343061534169,0,0.238842349440652,0,0.2842198819423453,0,0.244806020365632,1,0.5320321818033277,0,0.33797489972465383,0,0.07231183117147966,0,0.058170821317582895,0,0.3233333333333333,0,0.14764934479659886,0,0.2528971029831296,0,0.3602746282577847,0,0.2220444773146704,0,0.3826435092877566,0,0.3871116136174264,0,0.12164979973220891,0,0.014017366280865785,0,0.274,0,0.07319356724750761,0,0.09838497042934986,0,0.3101711951588447
3_S06E01_317_u,0,0,0.431729524895954,0,0.47018514710129344,0,0.467556597631458,0,0.07956072289790171,0,0.04388962247854524,0,0.146749854434065,0,0.3496615845112592,0,0.4305415674595157,0,0.39993208155958887,1,0.6538473993489738,1,0.5908893606503866,1,0.5936672345748992,0,0.07483900903959682,0,0.000297608090331759,0,0.213314930737388,0,0.28929363403386127,0,0.4023367038560708,0,0.4118517062712167,0,0.43624084050715617,1,0.5193392761571533,0,0.4977904040404041,0,0.051508757572928054,0,0.000439745492625691,0,0.21248610010542446,0,0.08318401473875921,0,0.08867412591577621,0,0.1814789562289562,0,0.3584999715200038,1,0.5524597048777143,0,0.4211541384279004,0,0.042151745732410165,0,8.530239299362988e-05,0,0.32,0,0.07146714421918765,0,0.05675102240895628,0,0.27479038004144646,0,0.2681348291586237,0,0.4475160615071669,0,0.43877085044662834,0,0.05230591174356553,0,0.001064778707596185,0,0.242,0,0.04310325779471232,0,0.00019012410060417818,0,0.23523384548948323
3_S06E01_417_u,1,1,0.5941272003000383,1,0.6995970122165711,0,0.49683013283229227,1,0.849352061203527,1,0.7393017843029542,1,0.7347366360500532,1,0.5384148197686185,1,0.7446922444054017,1,0.5858009082478294,1,0.5393661205166527,0,0.45411158496129006,0,0.48089293592564863,1,0.8621947293096096,1,0.9852048815042544,1,0.7278279688093706,1,0.6143774376135944,1,0.8718688149469159,1,0.515790531479627,1,0.5955201280761985,1,0.7223642524362381,1,0.5065904928404927,1,0.8790588989560517,1,0.9977310977809365,1,0.7172590361576633,1,0.8440969767834641,1,0.7190537907464895,1,0.7444080393696509,1,0.5248669597214098,1,0.6938289900824842,1,0.5641385173109402,1,0.8713496821740019,1,0.9975454848266746,1,0.6566488413547237,1,0.860445237443832,1,0.6837291561509763,1,0.6330013328971184,1,0.586719729408897,1,0.8683935148983122,1,0.5496896032381919,1,0.8727658383530894,1,0.9977659318820612,1,0.7318720243225625,1,0.8718967392113658,1,0.9979687447757343,1,0.7242774972004992
3_S06E01_460_u,1,1,0.5779620183827355,0,0.4649968645509943,1,0.5254427155611523,1,0.7127258245749649,0,0.31060784468782754,1,0.636307811963656,0,0.4298468449051157,0,0.44251127501632326,0,0.4367638933458721,1,0.5135439388128245,0,0.4765401534902708,0,0.44127954214895315,1,0.7953986459987882,1,0.9386413884671602,1,0.6729122621064448,0,0.40275604380126345,0,0.2891130383208338,0,0.4019887005649717,1,0.5775414607618613,0,0.45845093162352485,1,0.5187580197580196,1,0.5801193125735103,1,0.5813931385596364,1,0.5306550324063383,1,0.7031713335757422,0,0.30306289470070347,1,0.6158225150374492,0,0.4332749754109613,0,0.4502284326762104,0,0.4303316284889601,1,0.6509908557505896,1,0.8090146884475862,1,0.55,1,0.7869577326635944,1,0.5458011481745836,1,0.6238920982684373,0,0.44248632673248905,0,0.29767671850729277,0,0.4782338491549956,1,0.5691336423857923,1,0.6498253589822428,1,0.504,1,0.6455229674719581,1,0.8118812099536192,1,0.5694339257046999
3_S06E02_152_u,0,0,0.3970492656295208,0,0.41705021543576987,1,0.5002860980332424,0,0.11478229937381983,0,0.06763645259438593,0,0.30142698484568836,0,0.3743788666549166,0,0.45305874083319875,0,0.34830743029078237,0,0.49336292970231754,0,0.4571554181607174,0,0.4905789019859048,0,0.0803527050962029,0,0.0038386388761272794,0,0.3319076784368988,0,0.2456563741656391,0,0.42323125242290804,0,0.34385027028771,0,0.3773419749987828,0,0.43671303999659106,1,0.5409874847374848,0,0.12442156959260234,0,0.004870082214201977,0,0.30338372757135423,0,0.08246065507750441,0,0.06135036468473011,0,0.2844033398728997,0,0.36982191768207606,0,0.3964779077200175,0,0.363413205558379,0,0.06766072732703844,0,0.0016934452473198807,0,0.35333333333333333,0,0.06991493054564418,0,0.0668012024218634,0,0.3524334823554007,0,0.2431241116265098,0,0.41475825017136586,0,0.39477001299642756,0,0.11177663686424323,0,0.003788031006956664,0,0.308,0,0.06036405237821973,0,0.0014924144213167717,0,0.2792573093061918
3_S06E02_171_u,0,0,0.3492932209643205,0,0.15456661836218427,0,0.41732955245092224,0,0.04965934485383135,0,0.09873198390208443,0,0.23213913361029576,0,0.26351780193851,0,0.34370791483904306,0,0.3807344232179065,0,0.5082797780158386,0,0.43950735914954164,0,0.3735043079275483,0,0.08334122018278624,0,0.006181121485308205,0,0.2576294625170475,0,0.22360850440464378,0,0.33125795195231394,0,0.4036868231828814,0,0.32345688023881375,0,0.14068235061964784,0,0.4149689754689755,0,0.12656297016777943,0,0.00046608806030648255,0,0.23427135510019179,0,0.039097834541282205,0,0.0803072462681549,0,0.27986593170965995,0,0.2599616336333382,0,0.27833707893258386,0,0.41953677608169104,0,0.07637247464088581,0,0.0024412780256360895,0,0.32666666666666666,0,0.0764797678028222,0,0.07850126279550489,0,0.24794265474439395,0,0.2547599575217617,0,0.25416815096408296,0,0.45968759698933925,0,0.10954133514466394,0,0.0005682742802574144,0,0.284,0,0.06944329518242577,0,0.001773265225078529,0,0.24062699602250945
3_S06E02_398_u,0,1,0.518190571425822,0,0.45253170597036263,0,0.4839723757633707,0,0.0869878925047609,0,0.17024806333526346,0,0.19907485035861133,0,0.23762792203231256,0,0.209775522940194,0,0.2884477082729957,1,0.5284158220241839,0,0.36574244884504964,1,0.5007634693295872,0,0.10841474954654774,0,0.021990252379784914,0,0.2526289012919573,0,0.2626309017354096,0,0.19295358851157543,0,0.33396984924623113,0,0.41133118751588393,0,0.37422016861804563,1,0.5143113275613274,0,0.054212417217310585,0,0.0038894711187091487,0,0.18109558782096985,0,0.08295480510857042,0,0.14085533310564113,0,0.20501647976638881,0,0.2405712068180337,0,0.23905569980118027,0,0.2789631817469922,0,0.05662090541690199,0,0.008047413006920377,0,0.25666666666666665,0,0.09969970339100166,0,0.18884394684462405,0,0.2584183395570581,0,0.27438021849850064,0,0.17573264643713407,0,0.36060105874807796,0,0.05991397349909353,0,0.0011814774027504428,0,0.20394871794871797,0,0.05485008865095045,0,0.00229350696211978,0,0.24070308818143213
3_S06E03_366_u,1,1,0.620755815575836,1,0.767212979621924,1,0.5266759770118694,1,0.9048456768042044,1,0.7559568551058617,1,0.5877718678057868,0,0.3367102085462606,0,0.33585095084890504,0,0.34896316653519627,1,0.5108809943950873,0,0.4787871946338968,1,0.5053294415710515,1,0.8451361438819849,1,0.8208352854315872,1,0.5913034647854627,0,0.4901949893392125,1,0.5836748628435401,0,0.4114468192209103,1,0.6306422323183157,1,0.7949420786424314,1,0.6278986568986569,1,0.6383726016179966,1,0.8290416584147253,1,0.5574794103362892,1,0.8637490715570584,1,0.7458910914033758,1,0.5760168343264316,0,0.3365751056060445,0,0.3330013402704997,0,0.32444329357509616,1,0.7143277400061849,1,0.5530518571915688,1,0.5366666666666666,1,0.8388317962376934,1,0.8572385183720821,1,0.5474544314457949,0,0.4595978536297727,1,0.6018974588127488,1,0.5033458881700295,1,0.5958587471529461,1,0.7724709976575358,1,0.503978835978836,1,0.7003922526681348,1,0.5906322167574698,1,0.5576733404849757
3_S06E05_355_u,1,1,0.7578943363297619,1,0.8736035761446974,1,0.6483094294664224,0,0.47607795802814473,0,0.34656303395941607,0,0.47204374503239216,0,0.36931940821947346,0,0.4695626242193947,0,0.42610520927764656,1,0.5443158298573276,0,0.44190635044580484,0,0.35934057773738304,1,0.6263358776556108,1,0.9720507813197393,1,0.5519080121164412,0,0.47163045504079243,1,0.7033259570407884,0,0.4199683959964438,1,0.7556104549675227,1,0.8213419966082794,1,0.5779061355311356,1,0.5800149370205336,1,0.7321832227760102,1,0.528332891622338,0,0.48222372415153236,0,0.3447821754725015,0,0.4599743623553661,0,0.3733829859007703,0,0.4231137145141711,0,0.3510977511771667,1,0.6295044140771924,1,0.947988028255298,0,0.4966488413547237,1,0.6287616646623119,1,0.6481805868924135,1,0.5213665083668662,1,0.5055664501762853,1,0.6568394302169078,0,0.45467628060665505,1,0.5992803874285396,1,0.748358480186436,0,0.4909751037344398,1,0.6430124937178044,1,0.9336586827298531,1,0.5098073056436031
3_S06E06_143_u,1,1,0.7587721682991242,1,0.7455018385479907,1,0.5696806657863928,1,0.773233010732346,1,0.7236966257795352,1,0.6686415937658924,0,0.44065188835829205,0,0.4082987643565015,0,0.3660068039217601,1,0.6288625203977177,1,0.6054352595869529,1,0.6704657266827898,1,0.8719143301626855,1,0.968385819535575,1,0.6362408582557315,1,0.6050101220203324,1,0.5867028220550997,0,0.4378899331033562,1,0.7811166769092295,1,0.8532335089701297,1,0.6662420634920635,1,0.6445255171993862,1,0.936346150469262,1,0.5943725286017001,1,0.7938704463450932,1,0.8173169194838795,1,0.701935784182891,0,0.43513901611092903,0,0.4803530007354317,0,0.3905432538477061,1,0.7982861395299419,1,0.9886603101551654,1,0.5633333333333334,1,0.8863053564868408,1,0.8753599925568676,1,0.616440664291514,1,0.5810290497146693,1,0.694787476515648,0,0.4222150729274932,1,0.6502061037496999,1,0.9533230565552007,1,0.5806666666666668,1,0.8140622958085408,1,0.9907833221051456,1,0.5834351564278405
