candidate_a,candidate_b,n11,n10,n01,n00,disagreement,double_fault,q_statistic,kappa,error_a,error_b,mean_error
text__svm,text__logistic_regression,450,96,70,281,0.1850613154960981,0.3132664437012263,0.8990763685514755,0.6302867783985102,0.391304347826087,0.42028985507246375,0.4057971014492754
text__svm,text__random_forest,470,76,66,285,0.15830546265328874,0.3177257525083612,0.9278096800656276,0.6822291410951112,0.391304347826087,0.40245261984392416,0.39687848383500557
text__svm,context__svm,410,136,243,108,0.42251950947603123,0.12040133779264214,0.1452513966480447,0.15720777337329594,0.391304347826087,0.27201783723522854,0.3316610925306578
text__svm,context__logistic_regression,402,144,245,106,0.4336677814938685,0.11817168338907469,0.09413033430904329,0.1322729612581225,0.391304347826087,0.2787068004459309,0.33500557413600895
text__svm,context__random_forest,412,134,253,98,0.431438127090301,0.10925306577480491,0.08715905113223296,0.13374856826297554,0.391304347826087,0.25863991081382387,0.32497212931995545
text__svm,audio__svm,355,191,201,150,0.43701226309921964,0.16722408026755853,0.16214358202114773,0.12479091995221026,0.391304347826087,0.3801560758082497,0.3857302118171684
text__svm,audio__logistic_regression,340,206,202,149,0.45484949832775917,0.16610925306577481,0.0980579157274146,0.09071122970736878,0.391304347826087,0.3957636566332218,0.3935340022296544
text__svm,audio__random_forest,351,195,214,137,0.4559643255295429,0.1527313266443701,0.07077724706904039,0.08945311045754067,0.391304347826087,0.3701226309921962,0.3807134894091416
text__svm,visual__svm,303,243,199,152,0.4927536231884058,0.16945373467112598,-0.024371643735502525,0.013481233764294887,0.391304347826087,0.4403567447045708,0.4158305462653289
text__svm,visual__logistic_regression,307,239,204,147,0.4938684503901895,0.16387959866220736,-0.038632369388081164,0.015533605357235802,0.391304347826087,0.43032329988851725,0.41081382385730214
text__svm,visual__random_forest,301,245,194,157,0.48940914158305465,0.1750278706800446,-0.002880141791595894,0.022984912429567794,0.391304347826087,0.44816053511705684,0.4197324414715719
text__svm,text+context__svm,440,106,218,133,0.3612040133779264,0.14827201783723523,0.43382172783848677,0.27625621946299694,0.391304347826087,0.26644370122630995,0.32887402452619846
text__svm,text+context__logistic_regression,448,98,202,149,0.33444816053511706,0.16610925306577481,0.5425428663862828,0.3319530505243089,0.391304347826087,0.2753623188405797,0.33333333333333337
text__svm,text+context__random_forest,422,124,244,107,0.41025641025641024,0.11928651059085842,0.1975600053043363,0.1751229459038024,0.391304347826087,0.25752508361204013,0.32441471571906355
text__svm,text+audio__svm,448,98,148,203,0.27424749163879597,0.22630992196209587,0.724907063197026,0.4517523590882665,0.391304347826087,0.3355629877369008,0.3634336677814939
text__svm,text+audio__logistic_regression,443,103,116,235,0.24414715719063546,0.26198439241917504,0.7940940777058758,0.5116455979416041,0.391304347826087,0.37681159420289856,0.3840579710144928
text__svm,text+audio__random_forest,396,150,174,177,0.3612040133779264,0.19732441471571907,0.4573353293413174,0.28016049933125275,0.391304347826087,0.36454849498327757,0.37792642140468224
text__svm,text+visual__svm,530,16,14,337,0.033444816053511704,0.3756967670011148,0.9974948835232674,0.9330746847720659,0.391304347826087,0.3935340022296544,0.3924191750278707
text__svm,text+visual__logistic_regression,449,97,74,277,0.19063545150501673,0.3088071348940914,0.8908712210473505,0.6196805938841241,0.391304347826087,0.4169453734671126,0.4041248606465998
text__svm,text+visual__random_forest,454,92,87,264,0.1995540691192865,0.29431438127090304,0.874800563115908,0.6006461770345995,0.391304347826087,0.39687848383500557,0.3940914158305463
text__svm,context+audio__svm,424,122,252,99,0.4169453734671126,0.11036789297658862,0.15445544554455445,0.1660750507099391,0.391304347826087,0.2463768115942029,0.31884057971014496
text__svm,context+audio__logistic_regression,419,127,244,107,0.4136008918617614,0.11928651059085842,0.18260112633703063,0.17337456686165653,0.391304347826087,0.2608695652173913,0.32608695652173914
text__svm,context+audio__random_forest,436,110,245,106,0.3957636566332218,0.11817168338907469,0.26331902796380835,0.20616104882919128,0.391304347826087,0.2408026755852843,0.31605351170568563
text__svm,context+visual__svm,410,136,247,104,0.4269788182831661,0.11594202898550725,0.11869031377899045,0.1476155386344521,0.391304347826087,0.26755852842809363,0.3294314381270903
text__svm,context+visual__logistic_regression,399,147,248,103,0.4403567447045708,0.11482720178372352,0.05984294611427024,0.1185996701418689,0.391304347826087,0.2787068004459309,0.33500557413600895
text__svm,context+visual__random_forest,411,135,254,97,0.4336677814938685,0.10813823857302118,0.07520530765807679,0.1289849103231362,0.391304347826087,0.25863991081382387,0.32497212931995545
text__svm,audio+visual__svm,360,186,204,147,0.43478260869565216,0.16387959866220736,0.1648177496038035,0.12982806996597218,0.391304347826087,0.3712374581939799,0.3812709030100334
text__svm,audio+visual__logistic_regression,344,202,193,158,0.4403567447045708,0.17614269788182832,0.1646274829115687,0.12018861880675502,0.391304347826087,0.4013377926421405,0.3963210702341137
text__svm,audio+visual__random_forest,360,186,206,145,0.43701226309921964,0.1616499442586399,0.15338724645366564,0.1265128480295713,0.391304347826087,0.3690078037904125,0.3801560758082497
text__svm,text+context+audio__svm,459,87,220,131,0.34225195094760313,0.14604236343366778,0.5170873859894789,0.3158608661951362,0.391304347826087,0.24303232998885171,0.3171683389074693
text__svm,text+context+audio__logistic_regression,456,90,210,141,0.33444816053511706,0.15719063545150502,0.545651233232367,0.3310762438849779,0.391304347826087,0.25752508361204013,0.32441471571906355
text__svm,text+context+audio__random_forest,433,113,245,106,0.399108138238573,0.11817168338907469,0.2475164100403626,0.20057058357854485,0.391304347826087,0.24414715719063546,0.3177257525083612
text__svm,text+context+visual__svm,444,102,213,138,0.3511705685618729,0.15384615384615385,0.47646931251355457,0.2964180330930415,0.391304347826087,0.26755852842809363,0.3294314381270903
text__svm,text+context+visual__logistic_regression,441,105,210,141,0.3511705685618729,0.15719063545150502,0.47643979057591623,0.2981482171466895,0.391304347826087,0.27424749163879597,0.33277591973244147
text__svm,text+context+visual__random_forest,429,117,241,110,0.399108138238573,0.12263099219620958,0.25193998965338854,0.19846345079598038,0.391304347826087,0.2530657748049052,0.32218506131549607
text__svm,text+audio+visual__svm,450,96,138,213,0.2608695652173913,0.23745819397993312,0.7571357861738987,0.47926466210181606,0.391304347826087,0.34448160535117056,0.36789297658862874
text__svm,text+audio+visual__logistic_regression,442,104,130,221,0.2608695652173913,0.2463768115942029,0.756838905775076,0.4789233794089609,0.391304347826087,0.36231884057971014,0.37681159420289856
text__svm,text+audio+visual__random_forest,391,155,179,172,0.37235228539576365,0.19175027870680045,0.41587629083023675,0.2544086246285705,0.391304347826087,0.36454849498327757,0.37792642140468224
text__svm,context+audio+visual__svm,424,122,255,96,0.42028985507246375,0.10702341137123746,0.13359512072854876,0.16014364797305858,0.391304347826087,0.24303232998885171,0.3171683389074693
text__svm,context+audio+visual__logistic_regression,417,129,243,108,0.41471571906354515,0.12040133779264214,0.1792152704135737,0.17107851904847082,0.391304347826087,0.26421404682274247,0.3277591973244147
text__svm,context+audio+visual__random_forest,427,119,248,103,0.40914158305462656,0.11482720178372352,0.19687589294218497,0.18000164398711715,0.391304347826087,0.24749163879598662,0.3193979933110368
text__svm,text+context+audio+visual__svm,458,88,222,129,0.3455964325529543,0.14381270903010032,0.5030145768144699,0.3091188264933439,0.391304347826087,0.241917502787068,0.3166109253065775
text__svm,text+context+audio+visual__logistic_regression,459,87,211,140,0.33221850613154963,0.15607580824972128,0.5556120411053416,0.33542670465563795,0.391304347826087,0.2530657748049052,0.32218506131549607
text__svm,text+context+audio+visual__random_forest,433,113,239,112,0.39241917502787066,0.12486064659977704,0.28461120750168867,0.21254563955228345,0.391304347826087,0.2508361204013378,0.3210702341137124
text__logistic_regression,text__random_forest,414,106,122,255,0.25418060200668896,0.2842809364548495,0.7817420803024422,0.4931525181781684,0.42028985507246375,0.40245261984392416,0.41137123745819393
text__logistic_regression,context__svm,390,130,263,114,0.43812709030100333,0.12709030100334448,0.1305785123966942,0.12183037015447395,0.42028985507246375,0.27201783723522854,0.34615384615384615
text__logistic_regression,context__logistic_regression,384,136,263,114,0.44481605351170567,0.12709030100334448,0.10067384089309062,0.11069615582440684,0.42028985507246375,0.2787068004459309,0.3494983277591973
text__logistic_regression,context__random_forest,396,124,269,108,0.43812709030100333,0.12040133779264214,0.12364037622825916,0.1265303391833731,0.42028985507246375,0.25863991081382387,0.3394648829431438
text__logistic_regression,audio__svm,330,190,226,151,0.463768115942029,0.16833890746934224,0.07426969925622508,0.07348975791433898,0.42028985507246375,0.3801560758082497,0.40022296544035674
text__logistic_regression,audio__logistic_regression,321,199,221,156,0.4682274247491639,0.17391304347826086,0.06482377332411887,0.06319935547399513,0.42028985507246375,0.3957636566332218,0.40802675585284276
text__logistic_regression,audio__random_forest,330,190,235,142,0.4738015607580825,0.15830546265328874,0.024150366080209814,0.051218874827341554,0.42028985507246375,0.3701226309921962,0.39520624303233
text__logistic_regression,visual__svm,288,232,214,163,0.4972129319955407,0.18171683389074694,-0.02799403677323174,0.006407677291489722,0.42028985507246375,0.4403567447045708,0.43032329988851725
text__logistic_regression,visual__logistic_regression,294,226,217,160,0.4938684503901895,0.17837235228539577,-0.020836368934868132,0.009571023725670535,0.42028985507246375,0.43032329988851725,0.4253065774804905
text__logistic_regression,visual__random_forest,292,228,203,174,0.48049052396878483,0.1939799331103679,0.04659498207885305,0.03756562782395678,0.42028985507246375,0.44816053511705684,0.4342251950947603
text__logistic_regression,text+context__svm,421,99,237,140,0.3745819397993311,0.15607580824972128,0.43053044185284517,0.25196568977841316,0.42028985507246375,0.26644370122630995,0.3433667781493869
text__logistic_regression,text+context__logistic_regression,434,86,216,161,0.3366778149386845,0.1794871794871795,0.5799660825325043,0.3259431779161255,0.42028985507246375,0.2753623188405797,0.34782608695652173
text__logistic_regression,text+context__random_forest,402,118,264,113,0.4258639910813824,0.12597547380156077,0.18639818224555355,0.15194309558812613,0.42028985507246375,0.25752508361204013,0.3389074693422519
text__logistic_regression,text+audio__svm,415,105,181,196,0.3188405797101449,0.21850613154960982,0.6212068364143705,0.3620833706322919,0.42028985507246375,0.3355629877369008,0.37792642140468224
text__logistic_regression,text+audio__logistic_regression,455,65,104,273,0.18840579710144928,0.30434782608695654,0.896774193548387,0.623226335607501,0.42028985507246375,0.37681159420289856,0.39855072463768115
text__logistic_regression,text+audio__random_forest,367,153,203,174,0.39687848383500557,0.1939799331103679,0.34555453712190654,0.2039189290255029,0.42028985507246375,0.36454849498327757,0.39241917502787066
text__logistic_regression,text+visual__svm,445,75,99,278,0.1939799331103679,0.30992196209587514,0.8867579212262172,0.6122093023255815,0.42028985507246375,0.3935340022296544,0.4069119286510591
text__logistic_regression,text+visual__logistic_regression,484,36,39,338,0.08361204013377926,0.37681159420289856,0.9829814056098329,0.8324329171243471,0.42028985507246375,0.4169453734671126,0.41861761426978816
text__logistic_regression,text+visual__random_forest,411,109,130,247,0.26644370122630995,0.2753623188405797,0.7550286549050456,0.467380691515924,0.42028985507246375,0.39687848383500557,0.40858416945373466
text__logistic_regression,context+audio__svm,407,113,269,108,0.4258639910813824,0.12040133779264214,0.18235982408241766,0.14830059803439077,0.42028985507246375,0.2463768115942029,0.3333333333333333
text__logistic_regression,context+audio__logistic_regression,396,124,267,110,0.4358974358974359,0.12263099219620958,0.13632806385975896,0.12770751725424356,0.42028985507246375,0.2608695652173913,0.3405797101449275
text__logistic_regression,context+audio__random_forest,413,107,268,109,0.4180602006688963,0.12151616499442586,0.2217442633628703,0.16586694043341443,0.42028985507246375,0.2408026755852843,0.330546265328874
text__logistic_regression,context+visual__svm,389,131,268,109,0.44481605351170567,0.12151616499442586,0.09409229895883059,0.10902247216185335,0.42028985507246375,0.26755852842809363,0.34392419175027866
text__logistic_regression,context+visual__logistic_regression,382,138,265,112,0.4492753623188406,0.12486064659977704,0.0783073317035058,0.10202180539098415,0.42028985507246375,0.2787068004459309,0.3494983277591973
text__logistic_regression,context+visual__random_forest,393,127,272,105,0.44481605351170567,0.11705685618729098,0.08865701961508528,0.11343217032660802,0.42028985507246375,0.25863991081382387,0.3394648829431438
text__logistic_regression,audio+visual__svm,334,186,230,147,0.463768115942029,0.16387959866220736,0.06876510154770457,0.07299259193012264,0.42028985507246375,0.3712374581939799,0.3957636566332218
text__logistic_regression,audio+visual__logistic_regression,324,196,213,164,0.4559643255295429,0.18283166109253066,0.12002023523460226,0.08730567434640157,0.42028985507246375,0.4013377926421405,0.41081382385730214
text__logistic_regression,audio+visual__random_forest,332,188,234,143,0.47045707915273133,0.15942028985507245,0.03808982376350199,0.05861199397167882,0.42028985507246375,0.3690078037904125,0.3946488294314381
text__logistic_regression,text+context+audio__svm,436,84,243,134,0.36454849498327757,0.14938684503901895,0.48216550814348774,0.2705848123363398,0.42028985507246375,0.24303232998885171,0.33166109253065773
text__logistic_regression,text+context+audio__logistic_regression,437,83,229,148,0.34782608695652173,0.16499442586399107,0.5457380830037164,0.3043711690752092,0.42028985507246375,0.25752508361204013,0.3389074693422519
text__logistic_regression,text+context+audio__random_forest,412,108,266,111,0.4169453734671126,0.12374581939799331,0.22836422240128929,0.1671433252897191,0.42028985507246375,0.24414715719063546,0.3322185061315496
text__logistic_regression,text+context+visual__svm,424,96,233,144,0.36677814938684505,0.1605351170568562,0.46375143843498273,0.2675006515506906,0.42028985507246375,0.26755852842809363,0.34392419175027866
text__logistic_regression,text+context+visual__logistic_regression,430,90,221,156,0.346711259754738,0.17391304347826086,0.5426008968609866,0.3061816825219176,0.42028985507246375,0.27424749163879597,0.34726867335562983
text__logistic_regression,text+context+visual__random_forest,410,110,260,117,0.4124860646599777,0.13043478260869565,0.2529711375212224,0.17781444157079573,0.42028985507246375,0.2530657748049052,0.3366778149386845
text__logistic_regression,text+audio+visual__svm,413,107,175,202,0.31438127090301005,0.22519509476031216,0.6333858699376413,0.3702442303383374,0.42028985507246375,0.34448160535117056,0.38238573021181715
text__logistic_regression,text+audio+visual__logistic_regression,449,71,123,254,0.21627647714604237,0.2831661092530658,0.8577444025444091,0.5669966109792329,0.42028985507246375,0.36231884057971014,0.3913043478260869
text__logistic_regression,text+audio+visual__random_forest,361,159,209,168,0.41025641025641024,0.18729096989966554,0.2920461445051609,0.18028487990941056,0.42028985507246375,0.36454849498327757,0.39241917502787066
text__logistic_regression,context+audio+visual__svm,406,114,273,104,0.431438127090301,0.11594202898550725,0.1513647642679901,0.13651525666569664,0.42028985507246375,0.24303232998885171,0.33166109253065773
text__logistic_regression,context+audio+visual__logistic_regression,399,121,261,116,0.4258639910813824,0.12931995540691194,0.1888268156424581,0.14784308459047701,0.42028985507246375,0.26421404682274247,0.3422519509476031
text__logistic_regression,context+audio+visual__random_forest,406,114,269,108,0.4269788182831661,0.12040133779264214,0.1769063531685321,0.14750132136290206,0.42028985507246375,0.24749163879598662,0.33389074693422516
text__logistic_regression,text+context+audio+visual__svm,436,84,244,133,0.3656633221850613,0.14827201783723523,0.47770246164823404,0.26840330617969144,0.42028985507246375,0.241917502787068,0.3311036789297659
text__logistic_regression,text+context+audio+visual__logistic_regression,441,79,229,148,0.3433667781493868,0.16499442586399107,0.5659496874962512,0.3133816468342727,0.42028985507246375,0.2530657748049052,0.3366778149386845
text__logistic_regression,text+context+audio+visual__random_forest,410,110,262,115,0.41471571906354515,0.1282051282051282,0.24127945241542714,0.17281692026237117,0.42028985507246375,0.2508361204013378,0.33556298773690074
text__random_forest,context__svm,410,126,243,118,0.411371237458194,0.13154960981047936,0.22484113521861313,0.18313067470884525,0.40245261984392416,0.27201783723522854,0.3372352285395763
text__random_forest,context__logistic_regression,403,133,244,117,0.42028985507246375,0.13043478260869565,0.18465384470434532,0.15839627689359537,0.40245261984392416,0.2787068004459309,0.3405797101449275
text__random_forest,context__random_forest,423,113,242,119,0.3957636566332218,0.1326644370122631,0.2959592188767169,0.20006682124312625,0.40245261984392416,0.25863991081382387,0.330546265328874
text__random_forest,audio__svm,349,187,207,154,0.43924191750278707,0.1716833890746934,0.16264128494943486,0.11829775768643536,0.40245261984392416,0.3801560758082497,0.3913043478260869
text__random_forest,audio__logistic_regression,339,197,203,158,0.4459308807134894,0.17614269788182832,0.14506215727983068,0.10922208374504083,0.40245261984392416,0.3957636566332218,0.399108138238573
text__random_forest,audio__random_forest,350,186,215,146,0.44704570791527315,0.16276477146042365,0.12196728510264573,0.10955289131602597,0.40245261984392416,0.3701226309921962,0.38628762541806017
text__random_forest,visual__svm,304,232,198,163,0.4793756967670011,0.18171683389074694,0.037868632707774796,0.038590001794651885,0.40245261984392416,0.4403567447045708,0.4214046822742475
text__random_forest,visual__logistic_regression,312,224,199,162,0.47157190635451507,0.1806020066889632,0.06274179983179143,0.06523136959269205,0.40245261984392416,0.43032329988851725,0.4163879598662207
text__random_forest,visual__random_forest,307,229,188,173,0.46488294314381273,0.19286510590858416,0.104603641733307,0.07483916924515277,0.40245261984392416,0.44816053511705684,0.4253065774804905
text__random_forest,text+context__svm,448,88,210,151,0.33221850613154963,0.16833890746934224,0.5708712613784135,0.3322391594346268,0.40245261984392416,0.26644370122630995,0.33444816053511706
text__random_forest,text+context__logistic_regression,433,103,217,144,0.35674470457079155,0.1605351170568562,0.4722500973991476,0.28894878172035554,0.40245261984392416,0.2753623188405797,0.3389074693422519
text__random_forest,text+context__random_forest,431,105,235,126,0.379041248606466,0.14046822742474915,0.37516617920765755,0.23094380730474784,0.40245261984392416,0.25752508361204013,0.32998885172798215
text__random_forest,text+audio__svm,435,101,161,200,0.29208472686733555,0.2229654403567447,0.6850505030941013,0.4165404648530018,0.40245261984392416,0.3355629877369008,0.3690078037904125
text__random_forest,text+audio__logistic_regression,420,116,139,222,0.2842809364548495,0.24749163879598662,0.705131487509601,0.4312493939145289,0.40245261984392416,0.37681159420289856,0.38963210702341133
text__random_forest,text+audio__random_forest,391,145,179,182,0.3612040133779264,0.2028985507246377,0.46549007897690414,0.2844776648546443,0.40245261984392416,0.36454849498327757,0.3835005574136009
text__random_forest,text+visual__svm,468,68,76,285,0.1605351170568562,0.3177257525083612,0.9253976961053209,0.67846741311242,0.40245261984392416,0.3935340022296544,0.39799331103678925
text__random_forest,text+visual__logistic_regression,415,121,108,253,0.2552954292084727,0.28205128205128205,0.7786266654243921,0.492831200511581,0.40245261984392416,0.4169453734671126,0.40969899665551834
text__random_forest,text+visual__random_forest,454,82,87,274,0.18840579710144928,0.3054626532887402,0.8915228464988976,0.6225621643424286,0.40245261984392416,0.39687848383500557,0.39966555183946484
text__random_forest,context+audio__svm,426,110,250,111,0.4013377926421405,0.12374581939799331,0.26456823469633356,0.19723561875403972,0.40245261984392416,0.2463768115942029,0.32441471571906355
text__random_forest,context+audio__logistic_regression,410,126,253,108,0.42251950947603123,0.12040133779264214,0.16284566296383834,0.15654702389960828,0.40245261984392416,0.2608695652173913,0.33166109253065773
text__random_forest,context+audio__random_forest,437,99,244,117,0.38238573021181715,0.13043478260869565,0.3582785415421399,0.229174861265956,0.40245261984392416,0.2408026755852843,0.3216276477146042
text__random_forest,context+visual__svm,412,124,245,116,0.411371237458194,0.12931995540691194,0.2227395998567262,0.18133250228168185,0.40245261984392416,0.26755852842809363,0.3350055741360089
text__random_forest,context+visual__logistic_regression,404,132,243,118,0.4180602006688963,0.13154960981047936,0.19556603300396247,0.16211867214335707,0.40245261984392416,0.2787068004459309,0.3405797101449275
text__random_forest,context+visual__random_forest,420,116,245,116,0.40245261984392416,0.12931995540691194,0.2631578947368421,0.1858187020549581,0.40245261984392416,0.25863991081382387,0.330546265328874
text__random_forest,audio+visual__svm,355,181,209,152,0.43478260869565216,0.16945373467112598,0.17574001241978887,0.1287965573231593,0.40245261984392416,0.3712374581939799,0.38684503901895206
text__random_forest,audio+visual__logistic_regression,345,191,192,169,0.4269788182831661,0.18840579710144928,0.22777093401560378,0.14839731592867922,0.40245261984392416,0.4013377926421405,0.4018952062430323
text__random_forest,audio+visual__random_forest,356,180,210,151,0.43478260869565216,0.16833890746934224,0.17427585302983967,0.1318751675054346,0.40245261984392416,0.3690078037904125,0.3857302118171683
text__random_forest,text+context+audio__svm,453,83,226,135,0.34448160535117056,0.1505016722408027,0.5305394616645602,0.3120260720854442,0.40245261984392416,0.24303232998885171,0.32274247491638797
text__random_forest,text+context+audio__logistic_regression,441,95,225,136,0.35674470457079155,0.1516164994425864,0.4744993915256112,0.286431661114702,0.40245261984392416,0.25752508361204013,0.32998885172798215
text__random_forest,text+context+audio__random_forest,439,97,239,122,0.3745819397993311,0.13600891861761427,0.3958118867359039,0.24775743901282388,0.40245261984392416,0.24414715719063546,0.3232998885172798
text__random_forest,text+context+visual__svm,451,85,206,155,0.32441471571906355,0.17279821627647715,0.5993822570497054,0.3480697618078329,0.40245261984392416,0.26755852842809363,0.3350055741360089
text__random_forest,text+context+visual__logistic_regression,441,95,210,151,0.34002229654403565,0.16833890746934224,0.538946857558845,0.3212317738506082,0.40245261984392416,0.27424749163879597,0.33835005574136007
text__random_forest,text+context+visual__random_forest,439,97,231,130,0.3656633221850613,0.14492753623188406,0.43613875712470274,0.2604107488499535,0.40245261984392416,0.2530657748049052,0.3277591973244147
text__random_forest,text+audio+visual__svm,432,104,156,205,0.2898550724637681,0.22853957636566333,0.6903344021988089,0.42328806417471987,0.40245261984392416,0.34448160535117056,0.3734671125975474
text__random_forest,text+audio+visual__logistic_regression,425,111,147,214,0.28762541806020064,0.23857302118171683,0.6957685028946461,0.4267149552620366,0.40245261984392416,0.36231884057971014,0.38238573021181715
text__random_forest,text+audio+visual__random_forest,392,144,178,183,0.358974358974359,0.2040133779264214,0.47350258811929996,0.27974085692768835,0.40245261984392416,0.36454849498327757,0.3835005574136009
text__random_forest,context+audio+visual__svm,423,113,256,105,0.411371237458194,0.11705685618729098,0.21115852910298188,0.17916421774679525,0.40245261984392416,0.24303232998885171,0.32274247491638797
text__random_forest,context+audio+visual__logistic_regression,409,127,251,110,0.4214046822742475,0.12263099219620958,0.1705933625613072,0.15858670081295967,0.40245261984392416,0.26421404682274247,0.3333333333333333
text__random_forest,context+audio+visual__random_forest,433,103,242,119,0.38461538461538464,0.1326644370122631,0.34793925679829435,0.2264051895459147,0.40245261984392416,0.24749163879598662,0.3249721293199554
text__random_forest,text+context+audio+visual__svm,453,83,227,134,0.3455964325529543,0.14938684503901895,0.5262688105804407,0.3096471149024067,0.40245261984392416,0.241917502787068,0.32218506131549607
text__random_forest,text+context+audio+visual__logistic_regression,445,91,225,136,0.35228539576365664,0.1516164994425864,0.4944132353849003,0.2950393203376426,0.40245261984392416,0.2530657748049052,0.3277591973244147
text__random_forest,text+context+audio+visual__random_forest,439,97,233,128,0.36789297658862874,0.1426978818283166,0.426319596918508,0.25756207674943565,0.40245261984392416,0.2508361204013378,0.326644370122631
context__svm,context__logistic_regression,599,54,48,196,0.11371237458193979,0.21850613154960982,0.9567985599519984,0.7727771679473107,0.27201783723522854,0.2787068004459309,0.2753623188405797
context__svm,context__random_forest,586,67,79,165,0.16276477146042365,0.18394648829431437,0.8961983860055107,0.676949717804002,0.27201783723522854,0.25863991081382387,0.2653288740245262
context__svm,audio__svm,410,243,146,98,0.4336677814938685,0.10925306577480491,0.06214808744613921,0.1349705114570241,0.27201783723522854,0.3801560758082497,0.32608695652173914
context__svm,audio__logistic_regression,398,255,144,100,0.44481605351170567,0.11148272017837235,0.040250914793518035,0.10957663572560561,0.27201783723522854,0.3957636566332218,0.33389074693422516
context__svm,audio__random_forest,425,228,140,104,0.41025641025641024,0.11594202898550725,0.16132422490803994,0.17702728981655536,0.27201783723522854,0.3701226309921962,0.3210702341137124
context__svm,visual__svm,352,301,150,94,0.5027870680044593,0.10479375696767002,-0.15417060763311946,-0.003547357218872005,0.27201783723522854,0.4403567447045708,0.35618729096989965
context__svm,visual__logistic_regression,359,294,152,92,0.4972129319955407,0.10256410256410256,-0.1500334551443718,-0.0009758001561279706,0.27201783723522854,0.43032329988851725,0.3511705685618729
context__svm,visual__random_forest,365,288,130,114,0.4659977703455964,0.12709030100334448,0.05275142314990512,0.06460400856197701,0.27201783723522854,0.44816053511705684,0.3600891861761427
context__svm,text+context__svm,586,67,72,172,0.15496098104793757,0.19175027870680045,0.9086502045144675,0.6912006181783058,0.27201783723522854,0.26644370122630995,0.2692307692307693
context__svm,text+context__logistic_regression,570,83,80,164,0.18171683389074694,0.18283166109253066,0.8673591689972033,0.6356538922543652,0.27201783723522854,0.2753623188405797,0.2736900780379041
context__svm,text+context__random_forest,584,69,82,162,0.16833890746934224,0.1806020066889632,0.887140207049249,0.6667945888899549,0.27201783723522854,0.25752508361204013,0.2647714604236343
context__svm,text+audio__svm,441,212,155,89,0.40914158305462656,0.09921962095875139,0.0886019775617468,0.18098903586791293,0.27201783723522854,0.3355629877369008,0.30379041248606464
context__svm,text+audio__logistic_regression,407,246,152,92,0.443701226309922,0.10256410256410256,0.0006948527446683415,0.11281256057375466,0.27201783723522854,0.37681159420289856,0.32441471571906355
context__svm,text+audio__random_forest,430,223,140,104,0.40468227424749165,0.11594202898550725,0.1777719252041085,0.1849067655960167,0.27201783723522854,0.36454849498327757,0.31828316610925306
context__svm,text+visual__svm,409,244,135,109,0.42251950947603123,0.12151616499442586,0.15016576153558392,0.15584750960327964,0.27201783723522854,0.3935340022296544,0.33277591973244147
context__svm,text+visual__logistic_regression,387,266,136,108,0.44816053511705684,0.12040133779264214,0.0720771559021187,0.09924011171007341,0.27201783723522854,0.4169453734671126,0.34448160535117056
context__svm,text+visual__random_forest,414,239,127,117,0.4080267558528428,0.13043478260869565,0.22953129164498484,0.18493415956622772,0.27201783723522854,0.39687848383500557,0.33444816053511706
context__svm,context+audio__svm,594,59,82,162,0.15719063545150502,0.1806020066889632,0.9042605821938139,0.6856441242043362,0.27201783723522854,0.2463768115942029,0.2591973244147157
context__svm,context+audio__logistic_regression,591,62,72,172,0.14938684503901895,0.19175027870680045,0.9158656564514305,0.7008154284235051,0.27201783723522854,0.2608695652173913,0.2664437012263099
context__svm,context+audio__random_forest,587,66,94,150,0.17837235228539577,0.16722408026755853,0.8683557196511554,0.645289808507904,0.27201783723522854,0.2408026755852843,0.2564102564102564
context__svm,context+visual__svm,639,14,18,226,0.03567447045707915,0.25195094760312153,0.9965161129774791,0.9283907374975676,0.27201783723522854,0.26755852842809363,0.26978818283166106
context__svm,context+visual__logistic_regression,593,60,54,190,0.12709030100334448,0.21181716833890746,0.9440945561211285,0.746208943666516,0.27201783723522854,0.2787068004459309,0.2753623188405797
context__svm,context+visual__random_forest,587,66,78,166,0.1605351170568562,0.1850613154960981,0.8996393410663808,0.6815792847070888,0.27201783723522854,0.25863991081382387,0.2653288740245262
context__svm,audio+visual__svm,414,239,150,94,0.4336677814938685,0.10479375696767002,0.04100794478773774,0.13385394817515894,0.27201783723522854,0.3712374581939799,0.3216276477146042
context__svm,audio+visual__logistic_regression,397,256,140,104,0.4414715719063545,0.11594202898550725,0.07063582615911213,0.11527004274057773,0.27201783723522854,0.4013377926421405,0.33667781493868454
context__svm,audio+visual__random_forest,423,230,143,101,0.4158305462653289,0.11259754738015608,0.1300437755412429,0.16732990391148206,0.27201783723522854,0.3690078037904125,0.3205128205128205
context__svm,text+context+audio__svm,581,72,98,146,0.189520624303233,0.16276477146042365,0.8464117019655645,0.6205602639580772,0.27201783723522854,0.24303232998885171,0.25752508361204013
context__svm,text+context+audio__logistic_regression,563,90,103,141,0.21516164994425863,0.15719063545150502,0.7908700213190755,0.5697114607903325,0.27201783723522854,0.25752508361204013,0.2647714604236343
context__svm,text+context+audio__random_forest,582,71,96,148,0.18617614269788182,0.16499442586399107,0.8533436612445133,0.6287573697606237,0.27201783723522854,0.24414715719063546,0.25808249721293197
context__svm,text+context+visual__svm,586,67,71,173,0.15384615384615385,0.19286510590858416,0.910359447872992,0.6933728344174663,0.27201783723522854,0.26755852842809363,0.26978818283166106
context__svm,text+context+visual__logistic_regression,569,84,82,162,0.1850613154960981,0.1806020066889632,0.8609411907213372,0.6293683665544914,0.27201783723522854,0.27424749163879597,0.27313266443701223
context__svm,text+context+visual__random_forest,588,65,82,162,0.16387959866220736,0.1806020066889632,0.8940210367247927,0.6748934260713485,0.27201783723522854,0.2530657748049052,0.2625418060200669
context__svm,text+audio+visual__svm,437,216,151,93,0.40914158305462656,0.10367892976588629,0.10954584544821655,0.17859807324272603,0.27201783723522854,0.34448160535117056,0.30824972129319955
context__svm,text+audio+visual__logistic_regression,421,232,151,93,0.4269788182831661,0.10367892976588629,0.055550313405675004,0.1438984094074961,0.27201783723522854,0.36231884057971014,0.3171683389074693
context__svm,text+audio+visual__random_forest,434,219,136,108,0.3957636566332218,0.12040133779264214,0.2229179711959925,0.2103227054386022,0.27201783723522854,0.36454849498327757,0.31828316610925306
context__svm,context+audio+visual__svm,593,60,86,158,0.16276477146042365,0.17614269788182832,0.8956036174560463,0.6739172654884444,0.27201783723522854,0.24303232998885171,0.25752508361204013
context__svm,context+audio+visual__logistic_regression,590,63,70,174,0.14827201783723523,0.1939799331103679,0.9176239843093303,0.7030961855770164,0.27201783723522854,0.26421404682274247,0.2681159420289855
context__svm,context+audio+visual__random_forest,583,70,92,152,0.1806020066889632,0.16945373467112598,0.8645009257700724,0.6402780459548175,0.27201783723522854,0.24749163879598662,0.25975473801560756
context__svm,text+context+audio+visual__svm,583,70,97,147,0.18617614269788182,0.16387959866220736,0.8531749035041247,0.6273165367573337,0.27201783723522854,0.241917502787068,0.2569676700111483
context__svm,text+context+audio+visual__logistic_regression,565,88,105,139,0.21516164994425863,0.15496098104793757,0.7894616918256907,0.569850447365871,0.27201783723522854,0.2530657748049052,0.2625418060200669
context__svm,text+context+audio+visual__random_forest,579,74,93,151,0.18617614269788182,0.16833890746934224,0.8540573209911887,0.6300683810074159,0.27201783723522854,0.2508361204013378,0.26142697881828314
context__logistic_regression,context__random_forest,592,55,73,177,0.1426978818283166,0.19732441471571907,0.9261941745788105,0.7142330915770243,0.2787068004459309,0.25863991081382387,0.2686733556298774
context__logistic_regression,audio__svm,410,237,146,104,0.4269788182831661,0.11594202898550725,0.10406255664016986,0.14565692586596635,0.2787068004459309,0.3801560758082497,0.3294314381270903
context__logistic_regression,audio__logistic_regression,396,251,146,104,0.44258639910813824,0.11594202898550725,0.05830656559167416,0.11496029724255341,0.2787068004459309,0.3957636566332218,0.3372352285395763
context__logistic_regression,audio__random_forest,421,226,144,106,0.4124860646599777,0.11817168338907469,0.15656343138525333,0.17544496010017196,0.2787068004459309,0.3701226309921962,0.32441471571906355
context__logistic_regression,visual__svm,356,291,146,104,0.48717948717948717,0.11594202898550725,-0.06869576153942901,0.02530789448164561,0.2787068004459309,0.4403567447045708,0.3595317725752508
context__logistic_regression,visual__logistic_regression,362,285,149,101,0.483835005574136,0.11259754738015608,-0.07469598997810875,0.03340037243947869,0.2787068004459309,0.43032329988851725,0.35451505016722407
context__logistic_regression,visual__random_forest,369,278,126,124,0.4503901895206243,0.13823857302118173,0.13279857397504458,0.09977344541823174,0.2787068004459309,0.44816053511705684,0.3634336677814939
context__logistic_regression,text+context__svm,589,58,69,181,0.1415830546265329,0.20178372352285395,0.9276382999882471,0.7166595781195204,0.2787068004459309,0.26644370122630995,0.27257525083612044
context__logistic_regression,text+context__logistic_regression,562,85,88,162,0.19286510590858416,0.1806020066889632,0.8481588242458691,0.6144331946083608,0.2787068004459309,0.2753623188405797,0.2770345596432553
context__logistic_regression,text+context__random_forest,595,52,71,179,0.13712374581939799,0.1995540691192865,0.9329927311995789,0.7252679938744258,0.2787068004459309,0.25752508361204013,0.2681159420289855
context__logistic_regression,text+audio__svm,439,208,157,93,0.4069119286510591,0.10367892976588629,0.11119578678061592,0.18629851005927456,0.2787068004459309,0.3355629877369008,0.3071348940914158
context__logistic_regression,text+audio__logistic_regression,402,245,157,93,0.44816053511705684,0.10367892976588629,-0.014225257412558832,0.10364216680587046,0.2787068004459309,0.37681159420289856,0.3277591973244147
context__logistic_regression,text+audio__random_forest,425,222,145,105,0.40914158305462656,0.11705685618729098,0.16188244483499317,0.18268894168820438,0.2787068004459309,0.36454849498327757,0.3216276477146042
context__logistic_regression,text+visual__svm,404,243,140,110,0.4269788182831661,0.12263099219620958,0.13280652561814937,0.1458905659157751,0.2787068004459309,0.3935340022296544,0.33612040133779264
context__logistic_regression,text+visual__logistic_regression,380,267,143,107,0.45707915273132665,0.11928651059085842,0.03144303091031316,0.08660341744486388,0.2787068004459309,0.4169453734671126,0.34782608695652173
context__logistic_regression,text+visual__random_forest,403,244,138,112,0.4258639910813824,0.12486064659977704,0.14546746523195614,0.1480973193907842,0.2787068004459309,0.39687848383500557,0.3377926421404682
context__logistic_regression,context+audio__svm,585,62,91,159,0.1705685618729097,0.17725752508361203,0.8856239293714587,0.6588582124240925,0.2787068004459309,0.2463768115942029,0.2625418060200669
context__logistic_regression,context+audio__logistic_regression,581,66,82,168,0.16499442586399107,0.18729096989966554,0.8949330227140361,0.6700878234981287,0.2787068004459309,0.2608695652173913,0.26978818283166106
context__logistic_regression,context+audio__random_forest,592,55,89,161,0.1605351170568562,0.1794871794871795,0.902302234374844,0.6786178137611529,0.2787068004459309,0.2408026755852843,0.25975473801560756
context__logistic_regression,context+visual__svm,596,51,61,189,0.12486064659977704,0.21070234113712374,0.9462485421796035,0.7504322422941633,0.2787068004459309,0.26755852842809363,0.27313266443701223
context__logistic_regression,context+visual__logistic_regression,632,15,15,235,0.033444816053511704,0.26198439241917504,0.9969746882248143,0.933092988562904,0.2787068004459309,0.2787068004459309,0.2787068004459309
context__logistic_regression,context+visual__random_forest,592,55,73,177,0.1426978818283166,0.19732441471571907,0.9261941745788105,0.714201793208509,0.2787068004459309,0.25863991081382387,0.2686733556298774
context__logistic_regression,audio+visual__svm,413,234,151,99,0.42920847268673357,0.11036789297658862,0.07285393789113237,0.14138350268888722,0.2787068004459309,0.3712374581939799,0.3249721293199554
context__logistic_regression,audio+visual__logistic_regression,389,258,148,102,0.45261984392419174,0.11371237458193979,0.019187793789011327,0.09506960009144172,0.2787068004459309,0.4013377926421405,0.3400222965440357
context__logistic_regression,audio+visual__random_forest,421,226,145,105,0.4136008918617614,0.11705685618729098,0.14855472556024682,0.17296781456657395,0.2787068004459309,0.3690078037904125,0.32385730211817165
context__logistic_regression,text+context+audio__svm,580,67,99,151,0.1850613154960981,0.16833890746934224,0.8591914067060809,0.6299431377616955,0.2787068004459309,0.24303232998885171,0.2608695652173913
context__logistic_regression,text+context+audio__logistic_regression,561,86,105,145,0.2129319955406912,0.1616499442586399,0.8001659751037344,0.574130186751645,0.2787068004459309,0.25752508361204013,0.2681159420289855
context__logistic_regression,text+context+audio__random_forest,581,66,97,153,0.18171683389074694,0.1705685618729097,0.8656382811270266,0.636382401436455,0.2787068004459309,0.24414715719063546,0.26142697881828314
context__logistic_regression,text+context+visual__svm,587,60,70,180,0.14492753623188406,0.20066889632107024,0.9235390496996176,0.7099744321856005,0.2787068004459309,0.26755852842809363,0.27313266443701223
context__logistic_regression,text+context+visual__logistic_regression,582,65,69,181,0.14938684503901895,0.20178372352285395,0.9183260946761725,0.7012957320861436,0.2787068004459309,0.27424749163879597,0.2764771460423634
context__logistic_regression,text+context+visual__random_forest,596,51,74,176,0.13935340022296544,0.19620958751393533,0.9305420079138677,0.7209078305110903,0.2787068004459309,0.2530657748049052,0.26588628762541805
context__logistic_regression,text+audio+visual__svm,435,212,153,97,0.4069119286510591,0.10813823857302118,0.13076335571009365,0.18669872790097453,0.2787068004459309,0.34448160535117056,0.3115942028985507
context__logistic_regression,text+audio+visual__logistic_regression,413,234,159,91,0.43812709030100333,0.10144927536231885,0.005040848253085347,0.12411702590222995,0.2787068004459309,0.36231884057971014,0.3205128205128205
context__logistic_regression,text+audio+visual__random_forest,424,223,146,104,0.411371237458194,0.11594202898550725,0.15052052078169437,0.17693120640564974,0.2787068004459309,0.36454849498327757,0.3216276477146042
context__logistic_regression,context+audio+visual__svm,585,62,94,156,0.17391304347826086,0.17391304347826086,0.8799439683586026,0.6522737438497093,0.2787068004459309,0.24303232998885171,0.2608695652173913
context__logistic_regression,context+audio+visual__logistic_regression,582,65,78,172,0.15942028985507245,0.19175027870680045,0.9035883393234069,0.6812247910593533,0.2787068004459309,0.26421404682274247,0.27146042363433665
context__logistic_regression,context+audio+visual__random_forest,588,59,87,163,0.16276477146042365,0.18171683389074694,0.8983332838171069,0.6742433287564922,0.2787068004459309,0.24749163879598662,0.2630992196209587
context__logistic_regression,text+context+audio+visual__svm,581,66,99,151,0.18394648829431437,0.16833890746934224,0.8613695433087573,0.6321623401637817,0.2787068004459309,0.241917502787068,0.26031215161649945
context__logistic_regression,text+context+audio+visual__logistic_regression,562,85,108,142,0.21516164994425863,0.15830546265328874,0.7936707722736672,0.5696472828424195,0.2787068004459309,0.2530657748049052,0.26588628762541805
context__logistic_regression,text+context+audio+visual__random_forest,582,65,90,160,0.17279821627647715,0.17837235228539577,0.881782358290391,0.6540204400050764,0.2787068004459309,0.2508361204013378,0.2647714604236343
context__random_forest,audio__svm,424,241,132,100,0.4158305462653289,0.11148272017837235,0.14267234409529456,0.1650858293594053,0.25863991081382387,0.3801560758082497,0.3193979933110368
context__random_forest,audio__logistic_regression,412,253,130,102,0.4269788182831661,0.11371237458193979,0.12192647569212697,0.14715001725306387,0.25863991081382387,0.3957636566332218,0.3272017837235228
context__random_forest,audio__random_forest,435,230,130,102,0.4013377926421405,0.11371237458193979,0.1948296755082806,0.20081571639995843,0.25863991081382387,0.3701226309921962,0.31438127090301005
context__random_forest,visual__svm,368,297,134,98,0.48049052396878483,0.10925306577480491,-0.04922095383723076,0.036173984149263094,0.25863991081382387,0.4403567447045708,0.3494983277591973
context__random_forest,visual__logistic_regression,361,304,150,82,0.5061315496098104,0.09141583054626533,-0.21273370389085397,-0.0026738757903443933,0.25863991081382387,0.43032329988851725,0.34448160535117056
context__random_forest,visual__random_forest,372,293,123,109,0.463768115942029,0.12151616499442586,0.05887422147361824,0.07736585221119463,0.25863991081382387,0.44816053511705684,0.3534002229654404
context__random_forest,text+context__svm,616,49,42,190,0.10144927536231885,0.21181716833890746,0.9654402256964852,0.7960176626258537,0.25863991081382387,0.26644370122630995,0.26254180602006694
context__random_forest,text+context__logistic_regression,569,96,81,151,0.19732441471571907,0.16833890746934224,0.8340146219115214,0.6067903818196678,0.25863991081382387,0.2753623188405797,0.2670011148272018
context__random_forest,text+context__random_forest,646,19,20,212,0.043478260869565216,0.23634336677814938,0.9944659656889873,0.9116985589774268,0.25863991081382387,0.25752508361204013,0.25808249721293197
context__random_forest,text+audio__svm,451,214,145,87,0.40022296544035674,0.09698996655518395,0.11679735864630623,0.20059231382206255,0.25863991081382387,0.3355629877369008,0.2971014492753623
context__random_forest,text+audio__logistic_regression,416,249,143,89,0.43701226309921964,0.09921962095875139,0.01950957580096653,0.1256657764781356,0.25863991081382387,0.37681159420289856,0.3177257525083612
context__random_forest,text+audio__random_forest,440,225,130,102,0.3957636566332218,0.11371237458193979,0.21084581141238365,0.21652064157544704,0.25863991081382387,0.36454849498327757,0.3115942028985507
context__random_forest,text+visual__svm,412,253,132,100,0.42920847268673357,0.11148272017837235,0.1046168695372406,0.14026343894624427,0.25863991081382387,0.3935340022296544,0.32608695652173914
context__random_forest,text+visual__logistic_regression,390,275,133,99,0.45484949832775917,0.11036789297658862,0.027066569129480616,0.09680603748253946,0.25863991081382387,0.4169453734671126,0.3377926421404682
context__random_forest,text+visual__random_forest,420,245,121,111,0.4080267558528428,0.12374581939799331,0.22257916475447453,0.18249865535170018,0.25863991081382387,0.39687848383500557,0.3277591973244147
context__random_forest,context+audio__svm,597,68,79,153,0.16387959866220736,0.1705685618729097,0.8889084197574266,0.6722020996527096,0.25863991081382387,0.2463768115942029,0.2525083612040134
context__random_forest,context+audio__logistic_regression,571,94,92,140,0.20735785953177258,0.15607580824972128,0.8047591095859484,0.5861150251046856,0.25863991081382387,0.2608695652173913,0.25975473801560756
context__random_forest,context+audio__random_forest,636,29,45,187,0.08249721293199554,0.2084726867335563,0.9782928715786322,0.8336107406776092,0.25863991081382387,0.2408026755852843,0.24972129319955408
context__random_forest,context+visual__svm,590,75,67,165,0.15830546265328874,0.18394648829431437,0.9018315018315018,0.6850623822451674,0.25863991081382387,0.26755852842809363,0.2630992196209587
context__random_forest,context+visual__logistic_regression,594,71,53,179,0.13823857302118173,0.1995540691192865,0.9316371299584881,0.7229012311846976,0.25863991081382387,0.2787068004459309,0.2686733556298774
context__random_forest,context+visual__random_forest,646,19,19,213,0.042363433667781496,0.23745819397993312,0.994766561079741,0.9142300685434763,0.25863991081382387,0.25863991081382387,0.25863991081382387
context__random_forest,audio+visual__svm,428,237,136,96,0.4158305462653289,0.10702341137123746,0.12078559738134206,0.16666625155356074,0.25863991081382387,0.3712374581939799,0.3149386845039019
context__random_forest,audio+visual__logistic_regression,405,260,132,100,0.43701226309921964,0.11148272017837235,0.08259823576583801,0.12854777789894234,0.25863991081382387,0.4013377926421405,0.3299888517279822
context__random_forest,audio+visual__random_forest,437,228,129,103,0.3979933110367893,0.11482720178372352,0.2095991830482512,0.2054206150112774,0.25863991081382387,0.3690078037904125,0.31382385730211815
context__random_forest,text+context+audio__svm,596,69,83,149,0.16945373467112598,0.16610925306577481,0.8788333985676656,0.6616119248886881,0.25863991081382387,0.24303232998885171,0.2508361204013378
context__random_forest,text+context+audio__logistic_regression,570,95,96,136,0.2129319955406912,0.1516164994425864,0.7894736842105263,0.5740857213174662,0.25863991081382387,0.25752508361204013,0.25808249721293197
context__random_forest,text+context+audio__random_forest,617,48,61,171,0.12151616499442586,0.19063545150501673,0.9459952967215383,0.7559013049654597,0.25863991081382387,0.24414715719063546,0.25139353400222963
context__random_forest,text+context+visual__svm,612,53,45,187,0.10925306577480491,0.2084726867335563,0.9591710962175487,0.7803788518520369,0.25863991081382387,0.26755852842809363,0.2630992196209587
context__random_forest,text+context+visual__logistic_regression,581,84,70,162,0.1716833890746934,0.1806020066889632,0.8824023519529609,0.6573210422909762,0.25863991081382387,0.27424749163879597,0.2664437012263099
context__random_forest,text+context+visual__random_forest,640,25,30,202,0.06131549609810479,0.22519509476031216,0.9884642005690994,0.8758889780557324,0.25863991081382387,0.2530657748049052,0.25585284280936454
context__random_forest,text+audio+visual__svm,447,218,141,91,0.40022296544035674,0.10144927536231885,0.1391724427641252,0.20397145378543857,0.25863991081382387,0.34448160535117056,0.3015607580824972
context__random_forest,text+audio+visual__logistic_regression,427,238,145,87,0.4269788182831661,0.09698996655518395,0.036827195467422094,0.14915658890922456,0.25863991081382387,0.36231884057971014,0.310479375696767
context__random_forest,text+audio+visual__random_forest,443,222,127,105,0.3890746934225195,0.11705685618729098,0.2452314982130667,0.21917705717000846,0.25863991081382387,0.36454849498327757,0.3115942028985507
context__random_forest,context+audio+visual__svm,593,72,86,146,0.17614269788182832,0.16276477146042365,0.8665085695806835,0.6485859232039514,0.25863991081382387,0.24303232998885171,0.2508361204013378
context__random_forest,context+audio+visual__logistic_regression,572,93,88,144,0.20178372352285395,0.1605351170568562,0.8192419825072886,0.5971460260981547,0.25863991081382387,0.26421404682274247,0.26142697881828314
context__random_forest,context+audio+visual__random_forest,631,34,44,188,0.08695652173913043,0.20958751393534003,0.9750924045153342,0.8250333848485303,0.25863991081382387,0.24749163879598662,0.2530657748049052
context__random_forest,text+context+audio+visual__svm,598,67,82,150,0.16610925306577481,0.16722408026755853,0.8845725570939345,0.6682124088008004,0.25863991081382387,0.241917502787068,0.25027870680044595
context__random_forest,text+context+audio+visual__logistic_regression,573,92,97,135,0.21070234113712374,0.1505016722408027,0.7931362208648686,0.5783463950038178,0.25863991081382387,0.2530657748049052,0.25585284280936454
context__random_forest,text+context+audio+visual__random_forest,625,40,47,185,0.09698996655518395,0.20624303232998886,0.9680013616441854,0.8041469970410859,0.25863991081382387,0.2508361204013378,0.2547380156075808
audio__svm,audio__logistic_regression,452,104,90,251,0.21627647714604237,0.2798216276477146,0.8475718985115461,0.5676421043216411,0.3801560758082497,0.3957636566332218,0.38795986622073575
audio__svm,audio__random_forest,516,40,49,292,0.09921962095875139,0.3255295429208473,0.9743173122281042,0.8018614347939392,0.3801560758082497,0.3701226309921962,0.375139353400223
audio__svm,visual__svm,316,240,186,155,0.47491638795986624,0.17279821627647715,0.046357615894039736,0.049192320324863426,0.3801560758082497,0.4403567447045708,0.41025641025641024
audio__svm,visual__logistic_regression,319,237,192,149,0.4782608695652174,0.16610925306577481,0.021787499328209812,0.04664541015407264,0.3801560758082497,0.43032329988851725,0.4052396878483835
audio__svm,visual__random_forest,317,239,178,163,0.46488294314381273,0.18171683389074694,0.09689745576512795,0.07194694415291525,0.3801560758082497,0.44816053511705684,0.4141583054626533
audio__svm,text+context__svm,424,132,234,107,0.4080267558528428,0.11928651059085842,0.18988669744020142,0.18243758124523735,0.3801560758082497,0.26644370122630995,0.32329988851727987
audio__svm,text+context__logistic_regression,416,140,234,107,0.4169453734671126,0.11928651059085842,0.15208613728129206,0.16716813632030503,0.3801560758082497,0.2753623188405797,0.3277591973244147
audio__svm,text+context__random_forest,430,126,236,105,0.4035674470457079,0.11705685618729098,0.2058328659562535,0.18857202830754471,0.3801560758082497,0.25752508361204013,0.3188405797101449
audio__svm,text+audio__svm,494,62,102,239,0.18283166109253066,0.26644370122630995,0.8983198006270601,0.634501572725511,0.3801560758082497,0.3355629877369008,0.35785953177257523
audio__svm,text+audio__logistic_regression,416,140,143,198,0.31549609810479373,0.22073578595317725,0.6089385474860335,0.36893015624417347,0.3801560758082497,0.37681159420289856,0.37848383500557414
audio__svm,text+audio__random_forest,501,55,69,272,0.13823857302118173,0.3032329988851728,0.945811647283086,0.72450587011443,0.3801560758082497,0.36454849498327757,0.37235228539576365
audio__svm,text+visual__svm,353,203,191,150,0.43924191750278707,0.16722408026755853,0.15456319570881893,0.1210475266731329,0.3801560758082497,0.3935340022296544,0.38684503901895206
audio__svm,text+visual__logistic_regression,336,220,187,154,0.4537346711259755,0.1716833890746934,0.11416390336333491,0.09479533164233056,0.3801560758082497,0.4169453734671126,0.39855072463768115
audio__svm,text+visual__random_forest,348,208,193,148,0.44704570791527315,0.16499442586399107,0.12395251396648045,0.10535819547974534,0.3801560758082497,0.39687848383500557,0.38851727982162765
audio__svm,context+audio__svm,469,87,207,134,0.3277591973244147,0.14938684503901895,0.5545358975944592,0.3444547190072784,0.3801560758082497,0.2463768115942029,0.3132664437012263
audio__svm,context+audio__logistic_regression,431,125,232,109,0.3979933110367893,0.12151616499442586,0.23663117440345358,0.20456797943291483,0.3801560758082497,0.2608695652173913,0.3205128205128205
audio__svm,context+audio__random_forest,462,94,219,122,0.34894091415830547,0.13600891861761427,0.4649512670565302,0.3000800233339067,0.3801560758082497,0.2408026755852843,0.310479375696767
audio__svm,context+visual__svm,416,140,241,100,0.42474916387959866,0.11148272017837235,0.10432705070347757,0.15206663242748364,0.3801560758082497,0.26755852842809363,0.32385730211817165
audio__svm,context+visual__logistic_regression,413,143,234,107,0.42028985507246375,0.11928651059085842,0.13816594336342447,0.15876474846451782,0.3801560758082497,0.2787068004459309,0.3294314381270903
audio__svm,context+visual__random_forest,426,130,239,102,0.411371237458194,0.11371237458193979,0.1661522771798932,0.1737671771445688,0.3801560758082497,0.25863991081382387,0.3193979933110368
audio__svm,audio+visual__svm,549,7,15,326,0.024526198439241916,0.3634336677814939,0.998827333188146,0.9509133783057728,0.3801560758082497,0.3712374581939799,0.3756967670011148
audio__svm,audio+visual__logistic_regression,443,113,94,247,0.23076923076923078,0.2753623188405797,0.8230300808876819,0.5389342888430337,0.3801560758082497,0.4013377926421405,0.39074693422519513
audio__svm,audio+visual__random_forest,520,36,46,295,0.09141583054626533,0.32887402452619846,0.9786399752347539,0.8172807488225123,0.3801560758082497,0.3690078037904125,0.3745819397993311
audio__svm,text+context+audio__svm,472,84,207,134,0.32441471571906355,0.14938684503901895,0.5687286075698199,0.3515163259374092,0.3801560758082497,0.24303232998885171,0.3115942028985507
audio__svm,text+context+audio__logistic_regression,445,111,221,120,0.3701226309921962,0.13377926421404682,0.37044308426685146,0.2597243765660422,0.3801560758082497,0.25752508361204013,0.3188405797101449
audio__svm,text+context+audio__random_forest,471,85,207,134,0.3255295429208473,0.14938684503901895,0.5639891461918745,0.34795142571210924,0.3801560758082497,0.24414715719063546,0.31215161649944256
audio__svm,text+context+visual__svm,425,131,232,109,0.40468227424749165,0.12151616499442586,0.20768538915755308,0.18920554289769553,0.3801560758082497,0.26755852842809363,0.32385730211817165
audio__svm,text+context+visual__logistic_regression,422,134,229,112,0.40468227424749165,0.12486064659977704,0.212674791533034,0.19119937404523268,0.3801560758082497,0.27424749163879597,0.3272017837235228
audio__svm,text+context+visual__random_forest,432,124,238,103,0.4035674470457079,0.11482720178372352,0.20246459842179224,0.18950773516241592,0.3801560758082497,0.2530657748049052,0.3166109253065775
audio__svm,text+audio+visual__svm,476,80,112,229,0.2140468227424749,0.2552954292084727,0.8480892475670544,0.5727299791604644,0.3801560758082497,0.34448160535117056,0.36231884057971014
audio__svm,text+audio+visual__logistic_regression,423,133,149,192,0.31438127090301005,0.2140468227424749,0.6077123316144231,0.37203586749285034,0.3801560758082497,0.36231884057971014,0.3712374581939799
audio__svm,text+audio+visual__random_forest,493,63,77,264,0.15607580824972128,0.29431438127090304,0.9281349303348815,0.6874766690059877,0.3801560758082497,0.36454849498327757,0.37235228539576365
audio__svm,context+audio+visual__svm,473,83,206,135,0.3221850613154961,0.1505016722408027,0.5775820537842946,0.3561843879687372,0.3801560758082497,0.24303232998885171,0.3115942028985507
audio__svm,context+audio+visual__logistic_regression,430,126,230,111,0.39687848383500557,0.12374581939799331,0.2444270629644114,0.2067310558635903,0.3801560758082497,0.26421404682274247,0.32218506131549607
audio__svm,context+audio+visual__random_forest,465,91,210,131,0.3355629877369008,0.14604236343366778,0.5223992502343018,0.32746728839270367,0.3801560758082497,0.24749163879598662,0.31382385730211815
audio__svm,text+context+audio+visual__svm,470,86,210,131,0.32998885172798215,0.14604236343366778,0.546402109757629,0.3403199117484832,0.3801560758082497,0.241917502787068,0.3110367892976589
audio__svm,text+context+audio+visual__logistic_regression,449,107,221,120,0.3656633221850613,0.13377926421404682,0.3899673662079018,0.268523352775333,0.3801560758082497,0.2530657748049052,0.3166109253065775
audio__svm,text+context+audio+visual__random_forest,462,94,210,131,0.33890746934225197,0.14604236343366778,0.5081109366823653,0.3199257796133357,0.3801560758082497,0.2508361204013378,0.31549609810479373
audio__logistic_regression,audio__random_forest,453,89,112,243,0.22408026755852842,0.2709030100334448,0.8339317100802186,0.5516126545320703,0.3957636566332218,0.3701226309921962,0.382943143812709
audio__logistic_regression,visual__svm,298,244,204,151,0.49944258639910816,0.16833890746934224,-0.0504146706902737,0.0014561104457287977,0.3957636566332218,0.4403567447045708,0.4180602006688963
audio__logistic_regression,visual__logistic_regression,310,232,201,154,0.48272017837235226,0.1716833890746934,0.01174077056754122,0.03348935820772947,0.3957636566332218,0.43032329988851725,0.4130434782608695
audio__logistic_regression,visual__random_forest,299,243,196,159,0.48940914158305465,0.17725752508361203,-0.0009141632254200423,0.02057917160999556,0.3957636566332218,0.44816053511705684,0.42196209587513933
audio__logistic_regression,text+context__svm,407,135,251,104,0.43032329988851725,0.11594202898550725,0.11078162518205556,0.13988254933524114,0.3957636566332218,0.26644370122630995,0.3311036789297659
audio__logistic_regression,text+context__logistic_regression,396,146,254,101,0.4459308807134894,0.11259754738015608,0.037778930980799166,0.10776009986720847,0.3957636566332218,0.2753623188405797,0.33556298773690074
audio__logistic_regression,text+context__random_forest,415,127,251,104,0.4214046822742475,0.11594202898550725,0.15036581952903236,0.15867438848278226,0.3957636566332218,0.25752508361204013,0.326644370122631
audio__logistic_regression,text+audio__svm,446,96,150,205,0.27424749163879597,0.22853957636566333,0.7278654445809317,0.45142251966468117,0.3957636566332218,0.3355629877369008,0.3656633221850613
audio__logistic_regression,text+audio__logistic_regression,408,134,151,204,0.3177257525083612,0.22742474916387959,0.6088763458527439,0.36457455613800915,0.3957636566332218,0.37681159420289856,0.38628762541806017
audio__logistic_regression,text+audio__random_forest,443,99,127,228,0.25195094760312153,0.25418060200668896,0.7785995403999049,0.49549805139538006,0.3957636566332218,0.36454849498327757,0.3801560758082497
audio__logistic_regression,text+visual__svm,340,202,204,151,0.45261984392419174,0.16833890746934224,0.10947832476120499,0.09492116826053254,0.3957636566332218,0.3935340022296544,0.3946488294314381
audio__logistic_regression,text+visual__logistic_regression,320,222,203,152,0.4738015607580825,0.16945373467112598,0.038140567306255736,0.05160596961457231,0.3957636566332218,0.4169453734671126,0.4063545150501672
audio__logistic_regression,text+visual__random_forest,337,205,204,151,0.4559643255295429,0.16833890746934224,0.09780275491602576,0.0882583184844441,0.3957636566332218,0.39687848383500557,0.39632107023411367
audio__logistic_regression,context+audio__svm,450,92,226,129,0.35451505016722407,0.14381270903010032,0.4725653839324218,0.29097959285128383,0.3957636566332218,0.2463768115942029,0.3210702341137124
audio__logistic_regression,context+audio__logistic_regression,430,112,233,122,0.38461538461538464,0.13600891861761427,0.3356077193339783,0.23059041150043136,0.3957636566332218,0.2608695652173913,0.32831661092530656
audio__logistic_regression,context+audio__random_forest,444,98,237,118,0.3734671125975474,0.13154960981047936,0.3857018170276918,0.25379008927351965,0.3957636566332218,0.2408026755852843,0.31828316610925306
audio__logistic_regression,context+visual__svm,407,135,250,105,0.42920847268673357,0.11705685618729098,0.11747401451264954,0.141054626582798,0.3957636566332218,0.26755852842809363,0.33166109253065773
audio__logistic_regression,context+visual__logistic_regression,396,146,251,104,0.44258639910813824,0.11594202898550725,0.05830656559167416,0.11505706880313316,0.3957636566332218,0.2787068004459309,0.3372352285395763
audio__logistic_regression,context+visual__random_forest,415,127,250,105,0.42028985507246375,0.11705685618729098,0.1569863923000332,0.16060227715571485,0.3957636566332218,0.25863991081382387,0.3272017837235228
audio__logistic_regression,audio+visual__svm,455,87,109,246,0.21850613154960982,0.27424749163879597,0.8437893800499123,0.5630892797677921,0.3957636566332218,0.3712374581939799,0.3835005574136009
audio__logistic_regression,audio+visual__logistic_regression,498,44,39,316,0.09253065774804906,0.35228539576365664,0.9784264916647809,0.8148754124530357,0.3957636566332218,0.4013377926421405,0.39855072463768115
audio__logistic_regression,audio+visual__random_forest,450,92,116,239,0.2318840579710145,0.26644370122630995,0.8194583072524573,0.5361367602965527,0.3957636566332218,0.3690078037904125,0.38238573021181715
audio__logistic_regression,text+context+audio__svm,450,92,229,126,0.35785953177257523,0.14046822742474915,0.45818331447381955,0.28415371190329974,0.3957636566332218,0.24303232998885171,0.3193979933110368
audio__logistic_regression,text+context+audio__logistic_regression,436,106,230,125,0.3745819397993311,0.13935340022296544,0.38184584178498987,0.2508463622579602,0.3957636566332218,0.25752508361204013,0.326644370122631
audio__logistic_regression,text+context+audio__random_forest,448,94,230,125,0.3612040133779264,0.13935340022296544,0.4429270806493172,0.27795720830393433,0.3957636566332218,0.24414715719063546,0.31995540691192864
audio__logistic_regression,text+context+visual__svm,408,134,249,106,0.4269788182831661,0.11817168338907469,0.1289842587516642,0.14654407873980535,0.3957636566332218,0.26755852842809363,0.33166109253065773
audio__logistic_regression,text+context+visual__logistic_regression,408,134,243,112,0.42028985507246375,0.12486064659977704,0.16782948708119297,0.15922488445119598,0.3957636566332218,0.27424749163879597,0.3350055741360089
audio__logistic_regression,text+context+visual__random_forest,417,125,253,102,0.4214046822742475,0.11371237458193979,0.1471028465863887,0.158352777639875,0.3957636566332218,0.2530657748049052,0.32441471571906355
audio__logistic_regression,text+audio+visual__svm,432,110,156,199,0.29654403567447046,0.221850613154961,0.6672096811729114,0.4065305960014526,0.3957636566332218,0.34448160535117056,0.3701226309921962
audio__logistic_regression,text+audio+visual__logistic_regression,414,128,158,197,0.3188405797101449,0.21962095875139354,0.6026016387966439,0.36204847140505403,0.3957636566332218,0.36231884057971014,0.379041248606466
audio__logistic_regression,text+audio+visual__random_forest,432,110,138,217,0.27647714604236345,0.241917502787068,0.7212735485292497,0.4472648485330365,0.3957636566332218,0.36454849498327757,0.3801560758082497
audio__logistic_regression,context+audio+visual__svm,450,92,229,126,0.35785953177257523,0.14046822742474915,0.45818331447381955,0.2840753973877953,0.3957636566332218,0.24303232998885171,0.3193979933110368
audio__logistic_regression,context+audio+visual__logistic_regression,429,113,231,124,0.3835005574136009,0.13823857302118173,0.34165626300457763,0.2328415651058371,0.3957636566332218,0.26421404682274247,0.32998885172798215
audio__logistic_regression,context+audio+visual__random_forest,444,98,231,124,0.36677814938684505,0.13823857302118173,0.4172522974747085,0.2669548045754313,0.3957636566332218,0.24749163879598662,0.3216276477146042
audio__logistic_regression,text+context+audio+visual__svm,450,92,230,125,0.358974358974359,0.13935340022296544,0.4533006071566981,0.28194329809767205,0.3957636566332218,0.241917502787068,0.3188405797101449
audio__logistic_regression,text+context+audio+visual__logistic_regression,437,105,233,122,0.37681159420289856,0.13600891861761427,0.3709098857017961,0.2464283228776235,0.3957636566332218,0.2530657748049052,0.32441471571906355
audio__logistic_regression,text+context+audio+visual__random_forest,439,103,233,122,0.3745819397993311,0.13600891861761427,0.3811261394845082,0.25166480446927375,0.3957636566332218,0.2508361204013378,0.3232998885172798
audio__random_forest,visual__svm,315,250,187,145,0.48717948717948717,0.1616499442586399,-0.011631052204490127,0.02675988847149835,0.3701226309921962,0.4403567447045708,0.4052396878483835
audio__random_forest,visual__logistic_regression,324,241,187,145,0.47714604236343366,0.1616499442586399,0.020782860929742415,0.04214008772323763,0.3701226309921962,0.43032329988851725,0.40022296544035674
audio__random_forest,visual__random_forest,320,245,175,157,0.4682274247491639,0.1750278706800446,0.07909574182462546,0.061603299856527904,0.3701226309921962,0.44816053511705684,0.40914158305462656
audio__random_forest,text+context__svm,437,128,221,111,0.3890746934225195,0.12374581939799331,0.2632853701412852,0.2234575342873515,0.3701226309921962,0.26644370122630995,0.3182831661092531
audio__random_forest,text+context__logistic_regression,428,137,222,110,0.40022296544035674,0.12263099219620958,0.215061811236999,0.1984113747756584,0.3701226309921962,0.2753623188405797,0.32274247491638797
audio__random_forest,text+context__random_forest,436,129,230,102,0.40022296544035674,0.11371237458193979,0.19964392651938173,0.20427437229886503,0.3701226309921962,0.25752508361204013,0.31382385730211815
audio__random_forest,text+audio__svm,486,79,110,222,0.21070234113712374,0.24749163879598662,0.8509203822202398,0.5783820482913498,0.3701226309921962,0.3355629877369008,0.3528428093645485
audio__random_forest,text+audio__logistic_regression,411,154,148,184,0.3366778149386845,0.20512820512820512,0.5368232807673549,0.3267372502236803,0.3701226309921962,0.37681159420289856,0.3734671125975474
audio__random_forest,text+audio__random_forest,513,52,57,275,0.12151616499442586,0.30657748049052397,0.9588444796201029,0.7559914648298581,0.3701226309921962,0.36454849498327757,0.3673355629877369
audio__random_forest,text+visual__svm,351,214,193,139,0.4537346711259755,0.15496098104793757,0.08310486064090752,0.09307282415630558,0.3701226309921962,0.3935340022296544,0.3818283166109253
audio__random_forest,text+visual__logistic_regression,334,231,189,143,0.4682274247491639,0.15942028985507245,0.04488027914811695,0.06091092188964453,0.3701226309921962,0.4169453734671126,0.3935340022296544
audio__random_forest,text+visual__random_forest,352,213,189,143,0.44816053511705684,0.15942028985507245,0.11125583654366232,0.1042967643858892,0.3701226309921962,0.39687848383500557,0.3835005574136009
audio__random_forest,context+audio__svm,475,90,201,131,0.32441471571906355,0.14604236343366778,0.5495237502334558,0.3512004036557691,0.3701226309921962,0.2463768115942029,0.30824972129319955
audio__random_forest,context+audio__logistic_regression,448,117,215,117,0.3701226309921962,0.13043478260869565,0.3514328808446455,0.259175601383119,0.3701226309921962,0.2608695652173913,0.31549609810479373
audio__random_forest,context+audio__random_forest,471,94,210,122,0.33890746934225197,0.13600891861761427,0.4886142846040258,0.3243908844501484,0.3701226309921962,0.2408026755852843,0.3054626532887402
audio__random_forest,context+visual__svm,431,134,226,106,0.4013377926421405,0.11817168338907469,0.20273792286428854,0.19565997130559531,0.3701226309921962,0.26755852842809363,0.3188405797101449
audio__random_forest,context+visual__logistic_regression,426,139,221,111,0.4013377926421405,0.12374581939799331,0.21238382154990065,0.19802511324803307,0.3701226309921962,0.2787068004459309,0.32441471571906355
audio__random_forest,context+visual__random_forest,439,126,226,106,0.39241917502787066,0.11817168338907469,0.2407412345020664,0.2188614828925558,0.3701226309921962,0.25863991081382387,0.31438127090301005
audio__random_forest,audio+visual__svm,516,49,48,284,0.10813823857302118,0.3166109253065775,0.968407479045777,0.7838924640913618,0.3701226309921962,0.3712374581939799,0.37068004459308806
audio__random_forest,audio+visual__logistic_regression,442,123,95,237,0.24303232998885171,0.26421404682274247,0.7992940509623064,0.5133759039622539,0.3701226309921962,0.4013377926421405,0.3857302118171684
audio__random_forest,audio+visual__random_forest,537,28,29,303,0.06354515050167224,0.3377926421404682,0.9900686753545372,0.8728219746434941,0.3701226309921962,0.3690078037904125,0.3695652173913043
audio__random_forest,text+context+audio__svm,481,84,198,134,0.31438127090301005,0.14938684503901895,0.5897688873541672,0.37086135540610443,0.3701226309921962,0.24303232998885171,0.30657748049052397
audio__random_forest,text+context+audio__logistic_regression,449,116,217,115,0.3712374581939799,0.1282051282051282,0.34453890921400393,0.2575592248019626,0.3701226309921962,0.25752508361204013,0.31382385730211815
audio__random_forest,text+context+audio__random_forest,484,81,194,138,0.30657748049052397,0.15384615384615385,0.6190822485637408,0.38788651799428775,0.3701226309921962,0.24414715719063546,0.3071348940914158
audio__random_forest,text+context+visual__svm,437,128,220,112,0.3879598662207358,0.12486064659977704,0.2695579995849761,0.22561151079136688,0.3701226309921962,0.26755852842809363,0.3188405797101449
audio__random_forest,text+context+visual__logistic_regression,433,132,218,114,0.39018952062430323,0.12709030100334448,0.26345696076172925,0.21901042314485442,0.3701226309921962,0.27424749163879597,0.32218506131549607
audio__random_forest,text+context+visual__random_forest,440,125,230,102,0.3957636566332218,0.11371237458193979,0.21906831454570147,0.2121319336026899,0.3701226309921962,0.2530657748049052,0.3115942028985507
audio__random_forest,text+audio+visual__svm,468,97,120,212,0.241917502787068,0.23634336677814938,0.7899978350292272,0.5151170176990048,0.3701226309921962,0.34448160535117056,0.3573021181716834
audio__random_forest,text+audio+visual__logistic_regression,421,144,151,181,0.32887402452619846,0.20178372352285395,0.5559957118791158,0.3413129681304157,0.3701226309921962,0.36231884057971014,0.36622073578595316
audio__random_forest,text+audio+visual__random_forest,497,68,73,259,0.15719063545150502,0.2887402452619844,0.9257369826535116,0.6860374192299195,0.3701226309921962,0.36454849498327757,0.3673355629877369
audio__random_forest,context+audio+visual__svm,479,86,200,132,0.3188405797101449,0.14715719063545152,0.5722882578206595,0.36170244528707485,0.3701226309921962,0.24303232998885171,0.30657748049052397
audio__random_forest,context+audio+visual__logistic_regression,444,121,216,116,0.3756967670011148,0.12931995540691194,0.3267387944358578,0.2480878149975001,0.3701226309921962,0.26421404682274247,0.3171683389074693
audio__random_forest,context+audio+visual__random_forest,478,87,197,135,0.3166109253065775,0.1505016722408027,0.5802813797156816,0.3682597309844067,0.3701226309921962,0.24749163879598662,0.3088071348940914
audio__random_forest,text+context+audio+visual__svm,479,86,201,131,0.31995540691192864,0.14604236343366778,0.5680389829449616,0.3597653325905681,0.3701226309921962,0.241917502787068,0.3060200668896321
audio__random_forest,text+context+audio+visual__logistic_regression,452,113,218,114,0.3690078037904125,0.12709030100334448,0.35311572700296734,0.2621540419038909,0.3701226309921962,0.2530657748049052,0.3115942028985507
audio__random_forest,text+context+audio+visual__random_forest,469,96,203,129,0.3333333333333333,0.14381270903010032,0.5127330007876083,0.3358073119813375,0.3701226309921962,0.2508361204013378,0.310479375696767
visual__svm,visual__logistic_regression,331,171,180,215,0.391304347826087,0.23968784838350055,0.396144980136348,0.21935599044919996,0.4403567447045708,0.43032329988851725,0.435340022296544
visual__svm,visual__random_forest,352,150,143,252,0.326644370122631,0.2809364548494983,0.6105452366686639,0.34762340921445545,0.4403567447045708,0.44816053511705684,0.4442586399108138
visual__svm,text+context__svm,367,135,291,104,0.47491638795986624,0.11594202898550725,-0.014421649258259847,0.04883731349970877,0.4403567447045708,0.26644370122630995,0.3534002229654404
visual__svm,text+context__logistic_regression,355,147,295,100,0.4927536231884058,0.11148272017837235,-0.09972738223546566,0.015441081521361255,0.4403567447045708,0.2753623188405797,0.35785953177257523
visual__svm,text+context__random_forest,370,132,296,99,0.47714604236343366,0.11036789297658862,-0.03225806451612903,0.041867569105447644,0.4403567447045708,0.25752508361204013,0.34894091415830547
visual__svm,text+audio__svm,338,164,258,137,0.47045707915273133,0.1527313266443701,0.04506985036899953,0.05940731832164636,0.4403567447045708,0.3355629877369008,0.3879598662207358
visual__svm,text+audio__logistic_regression,311,191,248,147,0.48940914158305465,0.16387959866220736,-0.017736477413117045,0.021090469762620412,0.4403567447045708,0.37681159420289856,0.40858416945373466
visual__svm,text+audio__random_forest,319,183,251,144,0.483835005574136,0.1605351170568562,3.265519380857525e-05,0.034938719657305994,0.4403567447045708,0.36454849498327757,0.4024526198439242
visual__svm,text+visual__svm,303,199,241,154,0.49052396878483834,0.1716833890746934,-0.013707316557635197,0.01855563457684095,0.4403567447045708,0.3935340022296544,0.4169453734671126
visual__svm,text+visual__logistic_regression,295,207,228,167,0.48494983277591974,0.18617614269788182,0.02144908304910793,0.03193513733448783,0.4403567447045708,0.4169453734671126,0.42865105908584167
visual__svm,text+visual__random_forest,313,189,228,167,0.46488294314381273,0.18617614269788182,0.09625326384446797,0.06980058042808435,0.4403567447045708,0.39687848383500557,0.41861761426978816
visual__svm,context+audio__svm,375,127,301,94,0.47714604236343366,0.10479375696767002,-0.04051607986172544,0.04567826354985938,0.4403567447045708,0.2463768115942029,0.3433667781493869
visual__svm,context+audio__logistic_regression,363,139,300,95,0.48940914158305465,0.10590858416945373,-0.09470368182713132,0.02169846242518947,0.4403567447045708,0.2608695652173913,0.35061315496098105
visual__svm,context+audio__random_forest,373,129,308,87,0.48717948717948717,0.09698996655518395,-0.10086862557665932,0.023486798018021116,0.4403567447045708,0.2408026755852843,0.34057971014492755
visual__svm,context+visual__svm,356,146,301,94,0.4983277591973244,0.10479375696767002,-0.13540886190414675,0.0047360543305855485,0.4403567447045708,0.26755852842809363,0.3539576365663322
visual__svm,context+visual__logistic_regression,359,143,288,107,0.48049052396878483,0.11928651059085842,-0.03481286983177758,0.03845130289230403,0.4403567447045708,0.2787068004459309,0.3595317725752508
visual__svm,context+visual__random_forest,368,134,297,98,0.48049052396878483,0.10925306577480491,-0.04922095383723076,0.03593363872354538,0.4403567447045708,0.25863991081382387,0.3494983277591973
visual__svm,audio+visual__svm,321,181,243,152,0.47268673355629875,0.16945373467112598,0.05183508488278092,0.05412691622812693,0.4403567447045708,0.3712374581939799,0.4057971014492754
visual__svm,audio+visual__logistic_regression,311,191,226,169,0.46488294314381273,0.18840579710144928,0.09812483677200314,0.07095577186258906,0.4403567447045708,0.4013377926421405,0.42084726867335565
visual__svm,audio+visual__random_forest,324,178,242,153,0.4682274247491639,0.1705685618729097,0.07011484327778257,0.06398139590352114,0.4403567447045708,0.3690078037904125,0.40468227424749165
visual__svm,text+context+audio__svm,374,128,305,90,0.48272017837235226,0.10033444816053512,-0.07400275103163687,0.03494944927161736,0.4403567447045708,0.24303232998885171,0.3416945373467113
visual__svm,text+context+audio__logistic_regression,363,139,303,92,0.4927536231884058,0.10256410256410256,-0.11549004807119304,0.01446213198373325,0.4403567447045708,0.25752508361204013,0.34894091415830547
visual__svm,text+context+audio__random_forest,376,126,302,93,0.47714604236343366,0.10367892976588629,-0.04223500410846343,0.04460957291671852,0.4403567447045708,0.24414715719063546,0.34225195094760313
visual__svm,text+context+visual__svm,366,136,291,104,0.4760312151616499,0.11594202898550725,-0.01947449768160742,0.046663862387901434,0.4403567447045708,0.26755852842809363,0.3539576365663322
visual__svm,text+context+visual__logistic_regression,356,146,295,100,0.4916387959866221,0.11148272017837235,-0.09495360366086182,0.017241507812092327,0.4403567447045708,0.27424749163879597,0.3573021181716834
visual__svm,text+context+visual__random_forest,374,128,296,99,0.47268673355629875,0.11036789297658862,-0.011506527484849293,0.05165045057624884,0.4403567447045708,0.2530657748049052,0.34671125975473804
visual__svm,text+audio+visual__svm,334,168,254,141,0.47045707915273133,0.15719063545150502,0.04926141300715193,0.060457889459209935,0.4403567447045708,0.34448160535117056,0.3924191750278707
visual__svm,text+audio+visual__logistic_regression,327,175,245,150,0.4682274247491639,0.16722408026755853,0.06717432689692684,0.06444627655875956,0.4403567447045708,0.36231884057971014,0.4013377926421405
visual__svm,text+audio+visual__random_forest,324,178,246,149,0.47268673355629875,0.16610925306577481,0.04874869655891554,0.053773927581591385,0.4403567447045708,0.36454849498327757,0.4024526198439242
visual__svm,context+audio+visual__svm,383,119,296,99,0.46265328874024525,0.11036789297658862,0.03681929423989281,0.07529678289576636,0.4403567447045708,0.24303232998885171,0.3416945373467113
visual__svm,context+audio+visual__logistic_regression,367,135,293,102,0.47714604236343366,0.11371237458193979,-0.027549390172622062,0.04615247011120727,0.4403567447045708,0.26421404682274247,0.35228539576365664
visual__svm,context+audio+visual__random_forest,372,130,303,92,0.48272017837235226,0.10256410256410256,-0.07017686853044258,0.03302735848352001,0.4403567447045708,0.24749163879598662,0.3439241917502787
visual__svm,text+context+audio+visual__svm,378,124,302,93,0.47491638795986624,0.10367892976588629,-0.03159692570452605,0.050491747879197524,0.4403567447045708,0.241917502787068,0.3411371237458194
visual__svm,text+context+audio+visual__logistic_regression,371,131,299,96,0.4793756967670011,0.10702341137123746,-0.047509527311626665,0.04109963653720894,0.4403567447045708,0.2530657748049052,0.34671125975473804
visual__svm,text+context+audio+visual__random_forest,369,133,303,92,0.48606465997770343,0.10256410256410256,-0.0855388096488747,0.025417900182410857,0.4403567447045708,0.2508361204013378,0.3455964325529543
visual__logistic_regression,visual__random_forest,362,149,133,253,0.31438127090301005,0.28205128205128205,0.644228611437753,0.3683761067913165,0.43032329988851725,0.44816053511705684,0.43924191750278707
visual__logistic_regression,text+context__svm,366,145,292,94,0.48717948717948717,0.10479375696767002,-0.10340873553632857,0.03003511272446524,0.43032329988851725,0.26644370122630995,0.34838350055741363
visual__logistic_regression,text+context__logistic_regression,367,144,283,103,0.4760312151616499,0.11482720178372352,-0.03756699298562754,0.04495710000523623,0.43032329988851725,0.2753623188405797,0.3528428093645485
visual__logistic_regression,text+context__random_forest,364,147,302,84,0.5005574136008919,0.09364548494983277,-0.1843137254901961,0.011719411379312872,0.43032329988851725,0.25752508361204013,0.34392419175027866
visual__logistic_regression,text+audio__svm,348,163,248,138,0.45819397993311034,0.15384615384615385,0.08592619392185238,0.08259613446507352,0.43032329988851725,0.3355629877369008,0.382943143812709
visual__logistic_regression,text+audio__logistic_regression,312,199,247,139,0.4972129319955407,0.15496098104793757,-0.06252634537024027,0.005874371934218914,0.43032329988851725,0.37681159420289856,0.4035674470457079
visual__logistic_regression,text+audio__random_forest,329,182,241,145,0.47157190635451507,0.1616499442586399,0.041969268404556226,0.04852287345685968,0.43032329988851725,0.36454849498327757,0.3974358974358974
visual__logistic_regression,text+visual__svm,316,195,228,158,0.47157190635451507,0.17614269788182832,0.057931092935542654,0.05808887598024981,0.43032329988851725,0.3935340022296544,0.4119286510590858
visual__logistic_regression,text+visual__logistic_regression,329,182,194,192,0.41917502787068006,0.2140468227424749,0.2829115723628092,0.15646993502303463,0.43032329988851725,0.4169453734671126,0.4236343366778149
visual__logistic_regression,text+visual__random_forest,320,191,221,165,0.4593088071348941,0.18394648829431437,0.11145025312858511,0.08276745294257803,0.43032329988851725,0.39687848383500557,0.4136008918617614
visual__logistic_regression,context+audio__svm,379,132,297,89,0.4782608695652174,0.09921962095875139,-0.0750394186604511,0.04357454423442575,0.43032329988851725,0.2463768115942029,0.33835005574136007
visual__logistic_regression,context+audio__logistic_regression,367,144,296,90,0.49052396878483834,0.10033444816053512,-0.12681418034737094,0.017270228277757926,0.43032329988851725,0.2608695652173913,0.34559643255295425
visual__logistic_regression,context+audio__random_forest,375,136,306,80,0.4927536231884058,0.08918617614269789,-0.16219839142091153,0.02148674663112704,0.43032329988851725,0.2408026755852843,0.33556298773690074
visual__logistic_regression,context+visual__svm,373,138,284,102,0.47045707915273133,0.11371237458193979,-0.014837256272819078,0.05480396122672182,0.43032329988851725,0.26755852842809363,0.3489409141583054
visual__logistic_regression,context+visual__logistic_regression,374,137,273,113,0.45707915273132665,0.12597547380156077,0.06101954483260736,0.08758689471412195,0.43032329988851725,0.2787068004459309,0.35451505016722407
visual__logistic_regression,context+visual__random_forest,362,149,303,83,0.5039018952062431,0.09253065774804906,-0.20082986448206616,0.002538895285330467,0.43032329988851725,0.25863991081382387,0.34448160535117056
visual__logistic_regression,audio+visual__svm,334,177,230,156,0.4537346711259755,0.17391304347826086,0.12276165233693193,0.09408103862846251,0.43032329988851725,0.3712374581939799,0.4007803790412486
visual__logistic_regression,audio+visual__logistic_regression,346,165,191,195,0.39687848383500557,0.21739130434782608,0.3632368540687983,0.20424030381866576,0.43032329988851725,0.4013377926421405,0.4158305462653289
visual__logistic_regression,audio+visual__random_forest,329,182,237,149,0.46711259754738016,0.16610925306577481,0.06388150398784656,0.06436194445066801,0.43032329988851725,0.3690078037904125,0.39966555183946484
visual__logistic_regression,text+context+audio__svm,381,130,298,88,0.47714604236343366,0.09810479375696766,-0.07212044058227708,0.0444573869151621,0.43032329988851725,0.24303232998885171,0.3366778149386845
visual__logistic_regression,text+context+audio__logistic_regression,371,140,295,91,0.48494983277591974,0.10144927536231885,-0.10043831017439149,0.03019796443350853,0.43032329988851725,0.25752508361204013,0.34392419175027866
visual__logistic_regression,text+context+audio__random_forest,371,140,307,79,0.4983277591973244,0.08807134894091416,-0.1891159097511378,0.007043038313236938,0.43032329988851725,0.24414715719063546,0.3372352285395763
visual__logistic_regression,text+context+visual__svm,370,141,287,99,0.47714604236343366,0.11036789297658862,-0.04976847348145842,0.049821059978319426,0.43032329988851725,0.26755852842809363,0.3489409141583054
visual__logistic_regression,text+context+visual__logistic_regression,376,135,275,111,0.45707915273132665,0.12374581939799331,0.0584699661429604,0.08427453089518344,0.43032329988851725,0.27424749163879597,0.3522853957636566
visual__logistic_regression,text+context+visual__random_forest,372,139,298,88,0.48717948717948717,0.09810479375696766,-0.11712829364330214,0.03544827077104784,0.43032329988851725,0.2530657748049052,0.34169453734671124
visual__logistic_regression,text+audio+visual__svm,343,168,245,141,0.4604236343366778,0.15719063545150502,0.08045977011494253,0.07477503802438057,0.43032329988851725,0.34448160535117056,0.3874024526198439
visual__logistic_regression,text+audio+visual__logistic_regression,342,169,230,156,0.44481605351170567,0.17391304347826086,0.15703411333521286,0.10758286393931915,0.43032329988851725,0.36231884057971014,0.39632107023411367
visual__logistic_regression,text+audio+visual__random_forest,321,190,249,137,0.48940914158305465,0.1527313266443701,-0.03651122284662657,0.02403099046047008,0.43032329988851725,0.36454849498327757,0.3974358974358974
visual__logistic_regression,context+audio+visual__svm,389,122,290,96,0.4593088071348941,0.10702341137123746,0.027006215279687586,0.07943624923403436,0.43032329988851725,0.24303232998885171,0.3366778149386845
visual__logistic_regression,context+audio+visual__logistic_regression,373,138,287,99,0.4738015607580825,0.11036789297658862,-0.035004507859354786,0.05096378613731245,0.43032329988851725,0.26421404682274247,0.34726867335562983
visual__logistic_regression,context+audio+visual__random_forest,368,143,307,79,0.5016722408026756,0.08807134894091416,-0.2032121469584641,0.0017805475183619857,0.43032329988851725,0.24749163879598662,0.3389074693422519
visual__logistic_regression,text+context+audio+visual__svm,383,128,297,89,0.4738015607580825,0.09921962095875139,-0.054491491338779244,0.05134636775585466,0.43032329988851725,0.241917502787068,0.33612040133779264
visual__logistic_regression,text+context+audio+visual__logistic_regression,378,133,292,94,0.4738015607580825,0.10479375696767002,-0.04442771084337349,0.05287361462036688,0.43032329988851725,0.2530657748049052,0.34169453734671124
visual__logistic_regression,text+context+audio+visual__random_forest,369,142,303,83,0.496098104793757,0.09253065774804906,-0.1683434483320435,0.015828987758422897,0.43032329988851725,0.2508361204013378,0.3405797101449275
visual__random_forest,text+context__svm,368,127,290,112,0.46488294314381273,0.12486064659977704,0.05619762704046331,0.0725682279695623,0.44816053511705684,0.26644370122630995,0.3573021181716834
visual__random_forest,text+context__logistic_regression,361,134,289,113,0.47157190635451507,0.12597547380156077,0.02599378764823501,0.05521816103802968,0.44816053511705684,0.2753623188405797,0.3617614269788183
visual__random_forest,text+context__random_forest,370,125,296,106,0.4693422519509476,0.11817168338907469,0.02912621359223301,0.06803929843265288,0.44816053511705684,0.25752508361204013,0.3528428093645485
visual__random_forest,text+audio__svm,337,158,259,143,0.46488294314381273,0.15942028985507245,0.08157059014958536,0.0696617643766928,0.44816053511705684,0.3355629877369008,0.3918617614269788
visual__random_forest,text+audio__logistic_regression,320,175,239,163,0.46153846153846156,0.18171683389074694,0.1099643560142576,0.07707792788762635,0.44816053511705684,0.37681159420289856,0.4124860646599777
visual__random_forest,text+audio__random_forest,326,169,244,158,0.4604236343366778,0.17614269788182832,0.11075649098593979,0.07465024091600536,0.44816053511705684,0.36454849498327757,0.4063545150501672
visual__random_forest,text+visual__svm,307,188,237,165,0.4738015607580825,0.18394648829431437,0.06405772442259823,0.053085343407924035,0.44816053511705684,0.3935340022296544,0.42084726867335565
visual__random_forest,text+visual__logistic_regression,310,185,213,189,0.443701226309922,0.21070234113712374,0.1957752946578907,0.10955972583879559,0.44816053511705684,0.4169453734671126,0.43255295429208473
visual__random_forest,text+visual__random_forest,316,179,225,177,0.4503901895206243,0.19732441471571907,0.16274283576039167,0.09997466732233595,0.44816053511705684,0.39687848383500557,0.42251950947603123
visual__random_forest,context+audio__svm,384,111,292,110,0.4492753623188406,0.12263099219620958,0.13165085999035525,0.10149952650455973,0.44816053511705684,0.2463768115942029,0.3472686733556299
visual__random_forest,context+audio__logistic_regression,374,121,289,113,0.45707915273132665,0.12597547380156077,0.09443099273607748,0.08497171092898614,0.44816053511705684,0.2608695652173913,0.35451505016722407
visual__random_forest,context+audio__random_forest,381,114,300,102,0.46153846153846156,0.11371237458193979,0.06380881990638088,0.08057400062391373,0.44816053511705684,0.2408026755852843,0.34448160535117056
visual__random_forest,context+visual__svm,375,120,282,120,0.44816053511705684,0.13377926421404682,0.1415525114155251,0.1014174217278192,0.44816053511705684,0.26755852842809363,0.35785953177257523
visual__random_forest,context+visual__logistic_regression,378,117,269,133,0.43032329988851725,0.14827201783723523,0.22999009137950016,0.1402669765501624,0.44816053511705684,0.2787068004459309,0.3634336677814939
visual__random_forest,context+visual__random_forest,373,122,292,110,0.46153846153846156,0.12263099219620958,0.07052469538445483,0.08221006272521014,0.44816053511705684,0.25863991081382387,0.3534002229654404
visual__random_forest,audio+visual__svm,329,166,235,167,0.44704570791527315,0.18617614269788182,0.1695847923961981,0.10675785411498262,0.44816053511705684,0.3712374581939799,0.40969899665551834
visual__random_forest,audio+visual__logistic_regression,321,174,216,186,0.43478260869565216,0.20735785953177258,0.22738205365402406,0.12921725883776147,0.44816053511705684,0.4013377926421405,0.42474916387959866
visual__random_forest,audio+visual__random_forest,326,169,240,162,0.4559643255295429,0.1806020066889632,0.13121706721501092,0.08730567434640157,0.44816053511705684,0.3690078037904125,0.40858416945373466
visual__random_forest,text+context+audio__svm,382,113,297,105,0.45707915273132665,0.11705685618729098,0.08889522335790202,0.08517656189367484,0.44816053511705684,0.24303232998885171,0.34559643255295425
visual__random_forest,text+context+audio__logistic_regression,381,114,285,117,0.44481605351170567,0.13043478260869565,0.15683755693098214,0.11041764534818688,0.44816053511705684,0.25752508361204013,0.3528428093645485
visual__random_forest,text+context+audio__random_forest,378,117,300,102,0.46488294314381273,0.11371237458193979,0.0469208211143695,0.07215413122586123,0.44816053511705684,0.24414715719063546,0.34615384615384615
visual__random_forest,text+context+visual__svm,368,127,289,113,0.463768115942029,0.12597547380156077,0.06234751619042753,0.07468904362316253,0.44816053511705684,0.26755852842809363,0.35785953177257523
visual__random_forest,text+context+visual__logistic_regression,370,125,281,121,0.45261984392419174,0.13489409141583056,0.12072094624194254,0.0938988161882156,0.44816053511705684,0.27424749163879597,0.3612040133779264
visual__random_forest,text+context+visual__random_forest,375,120,295,107,0.46265328874024525,0.11928651059085842,0.06256206554121152,0.07989084896076637,0.44816053511705684,0.2530657748049052,0.350613154960981
visual__random_forest,text+audio+visual__svm,337,158,251,151,0.4559643255295429,0.16833890746934224,0.12401568280965265,0.08566793022751573,0.44816053511705684,0.34448160535117056,0.39632107023411367
visual__random_forest,text+audio+visual__logistic_regression,340,155,232,170,0.431438127090301,0.189520624303233,0.23293515358361774,0.1356251260560697,0.44816053511705684,0.36231884057971014,0.4052396878483835
visual__random_forest,text+audio+visual__random_forest,321,174,249,153,0.47157190635451507,0.1705685618729097,0.06260344659721546,0.0583834007102495,0.44816053511705684,0.36454849498327757,0.4063545150501672
visual__random_forest,context+audio+visual__svm,388,107,291,111,0.443701226309922,0.12374581939799331,0.1607843137254902,0.11155408230305197,0.44816053511705684,0.24303232998885171,0.34559643255295425
visual__random_forest,context+audio+visual__logistic_regression,380,115,280,122,0.4403567447045708,0.13600891861761427,0.18024439918533605,0.11854704490667145,0.44816053511705684,0.26421404682274247,0.35618729096989965
visual__random_forest,context+audio+visual__random_forest,380,115,295,107,0.45707915273132665,0.11928651059085842,0.0902996581081987,0.08844174771720048,0.44816053511705684,0.24749163879598662,0.34782608695652173
visual__random_forest,text+context+audio+visual__svm,384,111,296,106,0.4537346711259755,0.11817168338907469,0.1066884176182708,0.09197203381610064,0.44816053511705684,0.241917502787068,0.3450390189520624
visual__random_forest,text+context+audio+visual__logistic_regression,387,108,283,119,0.4358974358974359,0.1326644370122631,0.20216140021144133,0.1284488478369452,0.44816053511705684,0.2530657748049052,0.350613154960981
visual__random_forest,text+context+audio+visual__random_forest,377,118,295,107,0.4604236343366778,0.11928651059085842,0.07357383331780862,0.08330549554966626,0.44816053511705684,0.2508361204013378,0.3494983277591973
text+context__svm,text+context__logistic_regression,589,69,61,178,0.14492753623188406,0.19843924191750278,0.9228067601397512,0.7106465972873584,0.26644370122630995,0.2753623188405797,0.27090301003344486
text+context__svm,text+context__random_forest,619,39,47,192,0.09587513935340022,0.2140468227424749,0.969622392920178,0.8068562500938904,0.26644370122630995,0.25752508361204013,0.26198439241917504
text+context__svm,text+audio__svm,469,189,127,112,0.35228539576365664,0.12486064659977704,0.37272477819445715,0.29586239790138913,0.26644370122630995,0.3355629877369008,0.3010033444816054
text+context__svm,text+audio__logistic_regression,435,223,124,115,0.38684503901895206,0.1282051282051282,0.28802605661907643,0.2261800878586505,0.26644370122630995,0.37681159420289856,0.3216276477146043
text+context__svm,text+audio__random_forest,449,209,121,118,0.36789297658862874,0.13154960981047936,0.35380920136449007,0.2677768377933122,0.26644370122630995,0.36454849498327757,0.31549609810479373
text+context__svm,text+visual__svm,441,217,103,136,0.35674470457079155,0.1516164994425864,0.4570189609727064,0.28599146294140476,0.26644370122630995,0.3935340022296544,0.3299888517279822
text+context__svm,text+visual__logistic_regression,416,242,107,132,0.3890746934225195,0.14715719063545152,0.3591069970051729,0.22449631760045774,0.26644370122630995,0.4169453734671126,0.3416945373467113
text+context__svm,text+visual__random_forest,439,219,102,137,0.35785953177257523,0.1527313266443701,0.458347983171882,0.28368000358238366,0.26644370122630995,0.39687848383500557,0.3316610925306578
text+context__svm,context+audio__svm,600,58,76,163,0.14938684503901895,0.18171683389074694,0.9137445209768316,0.7012095992363565,0.26644370122630995,0.2463768115942029,0.25641025641025644
text+context__svm,context+audio__logistic_regression,572,86,91,148,0.19732441471571907,0.16499442586399107,0.830756255271296,0.605726035357486,0.26644370122630995,0.2608695652173913,0.2636566332218506
text+context__svm,context+audio__random_forest,614,44,67,172,0.12374581939799331,0.19175027870680045,0.9456870186816021,0.7515216854210184,0.26644370122630995,0.2408026755852843,0.2536231884057971
text+context__svm,context+visual__svm,590,68,67,172,0.1505016722408027,0.19175027870680045,0.9140669206684522,0.6997523040189231,0.26644370122630995,0.26755852842809363,0.2670011148272018
text+context__svm,context+visual__logistic_regression,587,71,60,179,0.14604236343366778,0.1995540691192865,0.9220729331491865,0.7076045655760345,0.26644370122630995,0.2787068004459309,0.27257525083612044
text+context__svm,context+visual__random_forest,613,45,52,187,0.10813823857302118,0.2084726867335563,0.9599900830120286,0.7824704302889844,0.26644370122630995,0.25863991081382387,0.26254180602006694
text+context__svm,audio+visual__svm,427,231,137,102,0.41025641025641024,0.11371237458193979,0.15833566043004746,0.17870631615089494,0.26644370122630995,0.3712374581939799,0.3188405797101449
text+context__svm,audio+visual__logistic_regression,402,256,135,104,0.4358974358974359,0.11594202898550725,0.09490886235072282,0.12942236519744732,0.26644370122630995,0.4013377926421405,0.3338907469342252
text+context__svm,audio+visual__random_forest,441,217,125,114,0.38127090301003347,0.12709030100334448,0.2990865515058334,0.23809736689168048,0.26644370122630995,0.3690078037904125,0.3177257525083612
text+context__svm,text+context+audio__svm,616,42,63,176,0.11705685618729098,0.19620958751393533,0.9523509391150888,0.7660563789596048,0.26644370122630995,0.24303232998885171,0.2547380156075808
text+context__svm,text+context+audio__logistic_regression,584,74,82,157,0.17391304347826086,0.1750278706800446,0.8758541675191293,0.6521544588124748,0.26644370122630995,0.25752508361204013,0.26198439241917504
text+context__svm,text+context+audio__random_forest,608,50,70,169,0.13377926421404682,0.18840579710144928,0.9341188871738885,0.7318866571018652,0.26644370122630995,0.24414715719063546,0.2552954292084727
text+context__svm,text+context+visual__svm,652,6,5,234,0.012263099219620958,0.2608695652173913,0.9996068100499351,0.9754146764439859,0.26644370122630995,0.26755852842809363,0.2670011148272018
text+context__svm,text+context+visual__logistic_regression,600,58,51,188,0.12151616499442586,0.20958751393534003,0.9488933810190224,0.7571985189489604,0.26644370122630995,0.27424749163879597,0.27034559643255296
text+context__svm,text+context+visual__random_forest,625,33,45,194,0.08695652173913043,0.21627647714604237,0.9758015236077728,0.8250989920806335,0.26644370122630995,0.2530657748049052,0.25975473801560756
text+context__svm,text+audio+visual__svm,468,190,120,119,0.3455964325529543,0.1326644370122631,0.4190490750649748,0.3106192452437264,0.26644370122630995,0.34448160535117056,0.3054626532887402
text+context__svm,text+audio+visual__logistic_regression,445,213,127,112,0.379041248606466,0.12486064659977704,0.29638059070632455,0.2432295621361681,0.26644370122630995,0.36231884057971014,0.31438127090301005
text+context__svm,text+audio+visual__random_forest,453,205,117,122,0.358974358974359,0.13600891861761427,0.39470795321194685,0.2808849451764214,0.26644370122630995,0.36454849498327757,0.31549609810479373
text+context__svm,context+audio+visual__svm,598,60,81,158,0.15719063545150502,0.17614269788182832,0.9021581575132872,0.68598753156213,0.26644370122630995,0.24303232998885171,0.2547380156075808
text+context__svm,context+audio+visual__logistic_regression,572,86,88,151,0.1939799331103679,0.16833890746934224,0.8388758782201405,0.6123653270150655,0.26644370122630995,0.26421404682274247,0.2653288740245262
text+context__svm,context+audio+visual__random_forest,609,49,66,173,0.1282051282051282,0.19286510590858416,0.9404370527944305,0.7428562881864208,0.26644370122630995,0.24749163879598662,0.2569676700111483
text+context__svm,text+context+audio+visual__svm,616,42,64,175,0.11817168338907469,0.19509476031215162,0.9513431322858591,0.7638019435998331,0.26644370122630995,0.241917502787068,0.25418060200668896
text+context__svm,text+context+audio+visual__logistic_regression,586,72,84,155,0.17391304347826086,0.17279821627647715,0.8751419310885856,0.652076620121733,0.26644370122630995,0.2530657748049052,0.25975473801560756
text+context__svm,text+context+audio+visual__random_forest,611,47,61,178,0.12040133779264214,0.19843924191750278,0.9486315789473684,0.7581014877073127,0.26644370122630995,0.2508361204013378,0.25863991081382387
text+context__logistic_regression,text+context__random_forest,566,84,100,147,0.20512820512820512,0.16387959866220736,0.8165978908757451,0.5917725276029918,0.2753623188405797,0.25752508361204013,0.2664437012263099
text+context__logistic_regression,text+audio__svm,471,179,125,122,0.33890746934225197,0.13600891861761427,0.4394829465035009,0.32189767589907836,0.2753623188405797,0.3355629877369008,0.3054626532887402
text+context__logistic_regression,text+audio__logistic_regression,444,206,115,132,0.35785953177257523,0.14715719063545152,0.4242873459865367,0.2843636526316574,0.2753623188405797,0.37681159420289856,0.32608695652173914
text+context__logistic_regression,text+audio__random_forest,443,207,127,120,0.37235228539576365,0.13377926421404682,0.3382169693765812,0.2527908299164996,0.2753623188405797,0.36454849498327757,0.31995540691192864
text+context__logistic_regression,text+visual__svm,449,201,95,152,0.32998885172798215,0.16945373467112598,0.5627583206438982,0.3403526903946774,0.2753623188405797,0.3935340022296544,0.33444816053511706
text+context__logistic_regression,text+visual__logistic_regression,427,223,96,151,0.3556298773690078,0.16833890746934224,0.5014728998078827,0.28706469768959963,0.2753623188405797,0.4169453734671126,0.34615384615384615
text+context__logistic_regression,text+visual__random_forest,437,213,104,143,0.3534002229654404,0.15942028985507245,0.4765780986023652,0.29360779257558933,0.2753623188405797,0.39687848383500557,0.33612040133779264
text+context__logistic_regression,context+audio__svm,573,77,103,144,0.20066889632107024,0.1605351170568562,0.8246188206936966,0.5986776695168026,0.2753623188405797,0.2463768115942029,0.2608695652173913
text+context__logistic_regression,context+audio__logistic_regression,565,85,98,149,0.2040133779264214,0.16610925306577481,0.8199210938766687,0.5917058210481021,0.2753623188405797,0.2608695652173913,0.2681159420289855
text+context__logistic_regression,context+audio__random_forest,573,77,108,139,0.20624303232998886,0.15496098104793757,0.8109205006650524,0.5886392087356378,0.2753623188405797,0.2408026755852843,0.25808249721293197
text+context__logistic_regression,context+visual__svm,568,82,89,158,0.19063545150501673,0.17614269788182832,0.8495908987860926,0.6180669161643099,0.2753623188405797,0.26755852842809363,0.27146042363433665
text+context__logistic_regression,context+visual__logistic_regression,558,92,89,158,0.20178372352285395,0.17614269788182832,0.8300398538691465,0.5967277613704952,0.2753623188405797,0.2787068004459309,0.2770345596432553
text+context__logistic_regression,context+visual__random_forest,562,88,103,144,0.2129319955406912,0.1605351170568562,0.7985598719886212,0.5758193220615944,0.2753623188405797,0.25863991081382387,0.2670011148272018
text+context__logistic_regression,audio+visual__svm,418,232,146,101,0.4214046822742475,0.11259754738015608,0.10968589827835458,0.15774229446950572,0.2753623188405797,0.3712374581939799,0.3232998885172798
text+context__logistic_regression,audio+visual__logistic_regression,396,254,141,106,0.4403567447045708,0.11817168338907469,0.07921326648669495,0.11843738881410837,0.2753623188405797,0.4013377926421405,0.3383500557413601
text+context__logistic_regression,audio+visual__random_forest,426,224,140,107,0.4057971014492754,0.11928651059085842,0.18484052922980948,0.18793648898704707,0.2753623188405797,0.3690078037904125,0.32218506131549607
text+context__logistic_regression,text+context+audio__svm,596,54,83,164,0.1527313266443701,0.18283166109253066,0.9123119362980063,0.6943842746758915,0.2753623188405797,0.24303232998885171,0.2591973244147157
text+context__logistic_regression,text+context+audio__logistic_regression,606,44,60,187,0.11594202898550725,0.2084726867335563,0.9544678429140581,0.7681248757208192,0.2753623188405797,0.25752508361204013,0.2664437012263099
text+context__logistic_regression,text+context+audio__random_forest,570,80,108,139,0.20958751393534003,0.15496098104793757,0.8033458518265619,0.5814216710766038,0.2753623188405797,0.24414715719063546,0.25975473801560756
text+context__logistic_regression,text+context+visual__svm,588,62,69,178,0.14604236343366778,0.19843924191750278,0.9214627967175194,0.7083983710986647,0.2753623188405797,0.26755852842809363,0.27146042363433665
text+context__logistic_regression,text+context+visual__logistic_regression,592,58,59,188,0.13043478260869565,0.20958751393534003,0.9403406614480727,0.7389594593586226,0.2753623188405797,0.27424749163879597,0.2748049052396878
text+context__logistic_regression,text+context+visual__random_forest,577,73,93,154,0.1850613154960981,0.1716833890746934,0.8580405030999404,0.6313120558595587,0.2753623188405797,0.2530657748049052,0.26421404682274247
text+context__logistic_regression,text+audio+visual__svm,467,183,121,126,0.33890746934225197,0.14046822742474915,0.4531579922207816,0.3209554355837999,0.2753623188405797,0.34448160535117056,0.30992196209587514
text+context__logistic_regression,text+audio+visual__logistic_regression,453,197,119,128,0.35228539576365664,0.1426978818283166,0.4241959055350191,0.29458668471768734,0.2753623188405797,0.36231884057971014,0.3188405797101449
text+context__logistic_regression,text+audio+visual__random_forest,442,208,128,119,0.3745819397993311,0.1326644370122631,0.3278634722678044,0.2516722366506602,0.2753623188405797,0.36454849498327757,0.31995540691192864
text+context__logistic_regression,context+audio+visual__svm,571,79,108,139,0.2084726867335563,0.15496098104793757,0.805872515671039,0.5827170076048749,0.2753623188405797,0.24303232998885171,0.2591973244147157
text+context__logistic_regression,context+audio+visual__logistic_regression,566,84,94,153,0.19843924191750278,0.1705685618729097,0.8328782779859039,0.6028920193398197,0.2753623188405797,0.26421404682274247,0.26978818283166106
text+context__logistic_regression,context+audio+visual__random_forest,569,81,106,141,0.2084726867335563,0.15719063545150502,0.80665428137139,0.5838722881702825,0.2753623188405797,0.24749163879598662,0.26142697881828314
text+context__logistic_regression,text+context+audio+visual__svm,597,53,83,164,0.1516164994425864,0.18283166109253066,0.9140039293498978,0.6966384339548508,0.2753623188405797,0.241917502787068,0.25863991081382387
text+context__logistic_regression,text+context+audio+visual__logistic_regression,608,42,62,185,0.11594202898550725,0.20624303232998886,0.9547460985019638,0.7681606036055291,0.2753623188405797,0.2530657748049052,0.26421404682274247
text+context__logistic_regression,text+context+audio+visual__random_forest,566,84,106,141,0.21181716833890746,0.15719063545150502,0.7992560027054447,0.577683615819209,0.2753623188405797,0.2508361204013378,0.2630992196209587
text+context__random_forest,text+audio__svm,456,210,140,91,0.39018952062430323,0.10144927536231885,0.17061611374407584,0.22099480415072437,0.25752508361204013,0.3355629877369008,0.29654403567447046
text+context__random_forest,text+audio__logistic_regression,421,245,138,93,0.4269788182831661,0.10367892976588629,0.07322889683812343,0.14563143012750213,0.25752508361204013,0.37681159420289856,0.3171683389074693
text+context__random_forest,text+audio__random_forest,445,221,125,106,0.3857302118171683,0.11817168338907469,0.26131425897453037,0.2391521783896685,0.25752508361204013,0.36454849498327757,0.3110367892976589
text+context__random_forest,text+visual__svm,422,244,122,109,0.4080267558528428,0.12151616499442586,0.21421217960562786,0.1822420827666602,0.25752508361204013,0.3935340022296544,0.32552954292084724
text+context__random_forest,text+visual__logistic_regression,397,269,126,105,0.4403567447045708,0.11705685618729098,0.10308419005279244,0.12781638395131922,0.25752508361204013,0.4169453734671126,0.3372352285395763
text+context__random_forest,text+visual__random_forest,427,239,114,117,0.3935340022296544,0.13043478260869565,0.2941907907518943,0.2110346167933682,0.25752508361204013,0.39687848383500557,0.3272017837235228
text+context__random_forest,context+audio__svm,597,69,79,152,0.16499442586399107,0.16945373467112598,0.8866677062217371,0.6699582338902148,0.25752508361204013,0.2463768115942029,0.25195094760312153
text+context__random_forest,context+audio__logistic_regression,570,96,93,138,0.21070234113712374,0.15384615384615385,0.7961364570489108,0.579740754237099,0.25752508361204013,0.2608695652173913,0.2591973244147157
text+context__random_forest,context+audio__random_forest,636,30,45,186,0.08361204013377926,0.20735785953177258,0.9774334286144125,0.83085046200264,0.25752508361204013,0.2408026755852843,0.2491638795986622
text+context__random_forest,context+visual__svm,587,79,70,161,0.16610925306577481,0.1794871794871795,0.8894409068644602,0.6701611768799651,0.25752508361204013,0.26755852842809363,0.2625418060200669
text+context__random_forest,context+visual__logistic_regression,597,69,50,181,0.1326644370122631,0.20178372352285395,0.9381204767413704,0.7338604115398712,0.25752508361204013,0.2787068004459309,0.2681159420289855
text+context__random_forest,context+visual__random_forest,643,23,22,209,0.05016722408026756,0.2329988851727982,0.992497757481856,0.8979808472404407,0.25752508361204013,0.25863991081382387,0.25808249721293197
text+context__random_forest,audio+visual__svm,433,233,131,100,0.4057971014492754,0.11148272017837235,0.17307614158189183,0.18618771310641868,0.25752508361204013,0.3712374581939799,0.31438127090301005
text+context__random_forest,audio+visual__logistic_regression,410,256,127,104,0.4269788182831661,0.11594202898550725,0.1347668724717905,0.14945149622323395,0.25752508361204013,0.4013377926421405,0.3294314381270903
text+context__random_forest,audio+visual__random_forest,438,228,128,103,0.39687848383500557,0.11482720178372352,0.21440684809819915,0.20814735463905265,0.25752508361204013,0.3690078037904125,0.3132664437012263
text+context__random_forest,text+context+audio__svm,600,66,79,152,0.1616499442586399,0.16945373467112598,0.8918414338166656,0.6773725452258876,0.25752508361204013,0.24303232998885171,0.25027870680044595
text+context__random_forest,text+context+audio__logistic_regression,570,96,96,135,0.2140468227424749,0.1505016722408027,0.7860873198245247,0.571837708830549,0.25752508361204013,0.25752508361204013,0.25752508361204013
text+context__random_forest,text+context+audio__random_forest,618,48,60,171,0.12040133779264214,0.19063545150501673,0.9469408058365114,0.7577603408698783,0.25752508361204013,0.24414715719063546,0.2508361204013378
text+context__random_forest,text+context+visual__svm,617,49,40,191,0.09921962095875139,0.2129319955406912,0.967280709808275,0.8001832148193757,0.25752508361204013,0.26755852842809363,0.2625418060200669
text+context__random_forest,text+context+visual__logistic_regression,584,82,67,164,0.16610925306577481,0.18283166109253066,0.891497975708502,0.6686845099541151,0.25752508361204013,0.27424749163879597,0.26588628762541805
text+context__random_forest,text+context+visual__random_forest,649,17,21,210,0.042363433667781496,0.23411371237458195,0.9947748578453972,0.9138785719699841,0.25752508361204013,0.2530657748049052,0.2552954292084727
text+context__random_forest,text+audio+visual__svm,452,214,136,95,0.39018952062430323,0.10590858416945373,0.1920493032035978,0.22545739830659017,0.25752508361204013,0.34448160535117056,0.3010033444816054
text+context__random_forest,text+audio+visual__logistic_regression,432,234,140,91,0.4169453734671126,0.10144927536231885,0.09090909090909091,0.17023328980173347,0.25752508361204013,0.36231884057971014,0.30992196209587514
text+context__random_forest,text+audio+visual__random_forest,448,218,122,109,0.379041248606466,0.12151616499442586,0.2947976878612717,0.23837636164761233,0.25752508361204013,0.36454849498327757,0.3110367892976589
text+context__random_forest,context+audio+visual__svm,595,71,84,147,0.17279821627647715,0.16387959866220736,0.8723308608676107,0.6555632353050471,0.25752508361204013,0.24303232998885171,0.25027870680044595
text+context__random_forest,context+audio+visual__logistic_regression,570,96,90,141,0.20735785953177258,0.15719063545150502,0.8058645096056622,0.5862792358507409,0.25752508361204013,0.26421404682274247,0.2608695652173913
text+context__random_forest,context+audio+visual__random_forest,629,37,46,185,0.09253065774804906,0.20624303232998886,0.9711689125665935,0.8134130295853539,0.25752508361204013,0.24749163879598662,0.2525083612040134
text+context__random_forest,text+context+audio+visual__svm,601,65,79,152,0.1605351170568562,0.16945373467112598,0.8935607905728232,0.679495005136298,0.25752508361204013,0.241917502787068,0.24972129319955405
text+context__random_forest,text+context+audio+visual__logistic_regression,570,96,100,131,0.21850613154960982,0.14604236343366778,0.7721609113563546,0.5626371330059555,0.25752508361204013,0.2530657748049052,0.2552954292084727
text+context__random_forest,text+context+audio+visual__random_forest,630,36,42,189,0.08695652173913043,0.21070234113712374,0.9749216300940439,0.8237987307343608,0.25752508361204013,0.2508361204013378,0.25418060200668896
text+audio__svm,text+audio__logistic_regression,488,108,71,230,0.1995540691192865,0.2564102564102564,0.8721019448243653,0.6009082299954513,0.3355629877369008,0.37681159420289856,0.35618729096989965
text+audio__svm,text+audio__random_forest,520,76,50,251,0.14046822742474915,0.2798216276477146,0.9434187016081,0.7187290021053889,0.3355629877369008,0.36454849498327757,0.3500557413600892
text+audio__svm,text+visual__svm,447,149,97,204,0.27424749163879597,0.22742474916387959,0.7263751763046544,0.45160248126130786,0.3355629877369008,0.3935340022296544,0.36454849498327757
text+audio__svm,text+visual__logistic_regression,417,179,106,195,0.3177257525083612,0.21739130434782608,0.6216135368784214,0.3640181208003602,0.3355629877369008,0.4169453734671126,0.37625418060200666
text+audio__svm,text+visual__random_forest,426,170,115,186,0.3177257525083612,0.20735785953177258,0.6041949264065758,0.3646787793840258,0.3355629877369008,0.39687848383500557,0.36622073578595316
text+audio__svm,context+audio__svm,492,104,184,117,0.3210702341137124,0.13043478260869565,0.5010169491525424,0.3578683105068231,0.3355629877369008,0.2463768115942029,0.29096989966555187
text+audio__svm,context+audio__logistic_regression,462,134,201,100,0.3734671125975474,0.11148272017837235,0.2634342439904832,0.2528921387033174,0.3355629877369008,0.2608695652173913,0.29821627647714605
text+audio__svm,context+audio__random_forest,487,109,194,107,0.3377926421404682,0.11928651059085842,0.42267422018974815,0.3250698419399297,0.3355629877369008,0.2408026755852843,0.28818283166109254
text+audio__svm,context+visual__svm,446,150,211,90,0.40245261984392416,0.10033444816053512,0.1182615963226076,0.1945992732373768,0.3355629877369008,0.26755852842809363,0.3015607580824972
text+audio__svm,context+visual__logistic_regression,441,155,206,95,0.40245261984392416,0.10590858416945373,0.13498137487301048,0.19530378296708084,0.3355629877369008,0.2787068004459309,0.3071348940914158
text+audio__svm,context+visual__random_forest,449,147,216,85,0.40468227424749165,0.0947603121516165,0.09172304303674357,0.19177354537804903,0.3355629877369008,0.25863991081382387,0.2971014492753623
text+audio__svm,audio+visual__svm,496,100,68,233,0.18729096989966554,0.25975473801560756,0.8888598326359832,0.6255050969438218,0.3355629877369008,0.3712374581939799,0.3534002229654404
text+audio__svm,audio+visual__logistic_regression,442,154,95,206,0.27759197324414714,0.22965440356744704,0.7231316591283283,0.444626237359107,0.3355629877369008,0.4013377926421405,0.36845039018952064
text+audio__svm,audio+visual__random_forest,489,107,77,224,0.20512820512820512,0.24972129319955408,0.8600891530460624,0.5896594418007965,0.3355629877369008,0.3690078037904125,0.35228539576365664
text+audio__svm,text+context+audio__svm,513,83,166,135,0.27759197324414714,0.1505016722408027,0.6681319475389303,0.4447173653081671,0.3355629877369008,0.24303232998885171,0.2892976588628763
text+audio__svm,text+context+audio__logistic_regression,495,101,171,130,0.3032329988851728,0.14492753623188406,0.5768000882125923,0.39354229325644396,0.3355629877369008,0.25752508361204013,0.29654403567447046
text+audio__svm,text+context+audio__random_forest,496,100,182,119,0.31438127090301005,0.1326644370122631,0.5286439448875997,0.3715553479682392,0.3355629877369008,0.24414715719063546,0.2898550724637681
text+audio__svm,text+context+visual__svm,470,126,187,114,0.34894091415830547,0.12709030100334448,0.38912654585050943,0.302528189675089,0.3355629877369008,0.26755852842809363,0.3015607580824972
text+audio__svm,text+context+visual__logistic_regression,473,123,178,123,0.3355629877369008,0.13712374581939799,0.45314900153609833,0.32871801119312993,0.3355629877369008,0.27424749163879597,0.3049052396878484
text+audio__svm,text+context+visual__random_forest,459,137,211,90,0.3879598662207358,0.10033444816053512,0.17663813606391615,0.22515017623988487,0.3355629877369008,0.2530657748049052,0.29431438127090304
text+audio__svm,text+audio+visual__svm,563,33,25,276,0.06465997770345597,0.3076923076923077,0.9894374987997158,0.8705968968724972,0.3355629877369008,0.34448160535117056,0.3400222965440357
text+audio__svm,text+audio+visual__logistic_regression,495,101,77,224,0.19843924191750278,0.24972129319955408,0.8689162881245944,0.6029532444409078,0.3355629877369008,0.36231884057971014,0.34894091415830547
text+audio__svm,text+audio+visual__random_forest,502,94,68,233,0.1806020066889632,0.25975473801560756,0.8963666726114237,0.6389391349288384,0.3355629877369008,0.36454849498327757,0.3500557413600892
text+audio__svm,context+audio+visual__svm,491,105,188,113,0.326644370122631,0.12597547380156077,0.4751605227124683,0.3465236493290468,0.3355629877369008,0.24303232998885171,0.2892976588628763
text+audio__svm,context+audio+visual__logistic_regression,463,133,197,104,0.36789297658862874,0.11594202898550725,0.29522682339650047,0.2640631293166461,0.3355629877369008,0.26421404682274247,0.29988851727982163
text+audio__svm,context+audio+visual__random_forest,486,110,189,112,0.3333333333333333,0.12486064659977704,0.4472361809045226,0.3337978315138418,0.3355629877369008,0.24749163879598662,0.2915273132664437
text+audio__svm,text+context+audio+visual__svm,512,84,168,133,0.2809364548494983,0.14827201783723523,0.6566757493188011,0.43804258111991723,0.3355629877369008,0.241917502787068,0.2887402452619844
text+audio__svm,text+context+audio+visual__logistic_regression,498,98,172,129,0.3010033444816054,0.14381270903010032,0.584305408271474,0.39803445910342705,0.3355629877369008,0.2530657748049052,0.29431438127090304
text+audio__svm,text+context+audio+visual__random_forest,483,113,189,112,0.3366778149386845,0.12486064659977704,0.4338992485388255,0.3273891992551211,0.3355629877369008,0.2508361204013378,0.2931995540691193
text+audio__logistic_regression,text+audio__random_forest,445,114,125,213,0.26644370122630995,0.23745819397993312,0.7386160407208694,0.4672854001267286,0.37681159420289856,0.36454849498327757,0.37068004459308806
text+audio__logistic_regression,text+visual__svm,443,116,101,237,0.241917502787068,0.26421404682274247,0.7992236969504828,0.5161415414444983,0.37681159420289856,0.3935340022296544,0.3851727982162765
text+audio__logistic_regression,text+visual__logistic_regression,449,110,74,264,0.20512820512820512,0.29431438127090304,0.8714831538728726,0.5898368771061342,0.37681159420289856,0.4169453734671126,0.39687848383500557
text+audio__logistic_regression,text+visual__random_forest,412,147,129,209,0.3076923076923077,0.2329988851727982,0.6390440749588373,0.3845809655913016,0.37681159420289856,0.39687848383500557,0.38684503901895206
text+audio__logistic_regression,context+audio__svm,444,115,232,106,0.38684503901895206,0.11817168338907469,0.27641570839661533,0.22630703723313028,0.37681159420289856,0.2463768115942029,0.3115942028985507
text+audio__logistic_regression,context+audio__logistic_regression,426,133,237,101,0.4124860646599777,0.11259754738015608,0.15433216628435753,0.17508015807918864,0.37681159420289856,0.2608695652173913,0.3188405797101449
text+audio__logistic_regression,context+audio__random_forest,446,113,235,103,0.3879598662207358,0.11482720178372352,0.2673775399004042,0.22387480793042236,0.37681159420289856,0.2408026755852843,0.3088071348940914
text+audio__logistic_regression,context+visual__svm,408,151,249,89,0.4459308807134894,0.09921962095875139,-0.017412834354832162,0.1082878530315231,0.37681159420289856,0.26755852842809363,0.32218506131549607
text+audio__logistic_regression,context+visual__logistic_regression,403,156,244,94,0.4459308807134894,0.10479375696767002,-0.002396439575487847,0.10807505294872177,0.37681159420289856,0.2787068004459309,0.3277591973244147
text+audio__logistic_regression,context+visual__random_forest,415,144,250,88,0.43924191750278707,0.09810479375696766,0.007170435741864313,0.12117866467735927,0.37681159420289856,0.25863991081382387,0.3177257525083612
text+audio__logistic_regression,audio+visual__svm,418,141,146,192,0.31995540691192864,0.2140468227424749,0.5917177366573452,0.3600486229706249,0.37681159420289856,0.3712374581939799,0.37402452619843923
text+audio__logistic_regression,audio+visual__logistic_regression,408,151,129,209,0.31215161649944256,0.2329988851727982,0.6280894693129421,0.3757549547399973,0.37681159420289856,0.4013377926421405,0.38907469342251955
text+audio__logistic_regression,audio+visual__random_forest,416,143,150,188,0.326644370122631,0.20958751393534003,0.5695277850247847,0.3467477947043077,0.37681159420289856,0.3690078037904125,0.3729096989966555
text+audio__logistic_regression,text+context+audio__svm,473,86,206,132,0.3255295429208473,0.14715719063545152,0.5579399141630901,0.34897246994959286,0.37681159420289856,0.24303232998885171,0.30992196209587514
text+audio__logistic_regression,text+context+audio__logistic_regression,474,85,192,146,0.3088071348940914,0.16276477146042365,0.618352743089659,0.38238342741664866,0.37681159420289856,0.25752508361204013,0.3171683389074693
text+audio__logistic_regression,text+context+audio__random_forest,450,109,228,110,0.3756967670011148,0.12263099219620958,0.3315041962556488,0.24850279304609835,0.37681159420289856,0.24414715719063546,0.310479375696767
text+audio__logistic_regression,text+context+visual__svm,437,122,220,118,0.38127090301003347,0.13154960981047936,0.3153585184807285,0.2373359188544153,0.37681159420289856,0.26755852842809363,0.32218506131549607
text+audio__logistic_regression,text+context+visual__logistic_regression,440,119,211,127,0.36789297658862874,0.1415830546265329,0.37994048574497774,0.2642606815300872,0.37681159420289856,0.27424749163879597,0.32552954292084724
text+audio__logistic_regression,text+context+visual__random_forest,425,134,245,93,0.42251950947603123,0.10367892976588629,0.09252988736092875,0.15464263601166717,0.37681159420289856,0.2530657748049052,0.3149386845039019
text+audio__logistic_regression,text+audio+visual__svm,478,81,110,228,0.2129319955406912,0.25418060200668896,0.8488472695811492,0.5742106244175209,0.37681159420289856,0.34448160535117056,0.36064659977703456
text+audio__logistic_regression,text+audio+visual__logistic_regression,537,22,35,303,0.06354515050167224,0.3377926421404682,0.9905799450700693,0.8729243869159018,0.37681159420289856,0.36231884057971014,0.3695652173913043
text+audio__logistic_regression,text+audio+visual__random_forest,438,121,132,206,0.28205128205128205,0.22965440356744704,0.6992090395480226,0.43583643455368526,0.37681159420289856,0.36454849498327757,0.37068004459308806
text+audio__logistic_regression,context+audio+visual__svm,446,113,233,105,0.3857302118171683,0.11705685618729098,0.28022526278379967,0.22859997613934613,0.37681159420289856,0.24303232998885171,0.30992196209587514
text+audio__logistic_regression,context+audio+visual__logistic_regression,428,131,232,106,0.40468227424749165,0.11817168338907469,0.19767687434002112,0.19068071494083172,0.37681159420289856,0.26421404682274247,0.3205128205128205
text+audio__logistic_regression,context+audio+visual__random_forest,441,118,234,104,0.39241917502787066,0.11594202898550725,0.2484076433121019,0.21501238103762044,0.37681159420289856,0.24749163879598662,0.31215161649944256
text+audio__logistic_regression,text+context+audio+visual__svm,471,88,209,129,0.3311036789297659,0.14381270903010032,0.5352680319894885,0.337819800606978,0.37681159420289856,0.241917502787068,0.3093645484949833
text+audio__logistic_regression,text+context+audio+visual__logistic_regression,476,83,194,144,0.3088071348940914,0.1605351170568562,0.6195449282895825,0.38237421606425104,0.37681159420289856,0.2530657748049052,0.3149386845039019
text+audio__logistic_regression,text+context+audio+visual__random_forest,444,115,228,110,0.38238573021181715,0.12263099219620958,0.30135891286970423,0.23499750113754192,0.37681159420289856,0.2508361204013378,0.31382385730211815
text+audio__random_forest,text+visual__svm,396,174,148,179,0.358974358974359,0.1995540691192865,0.4670309201539799,0.28305905130687314,0.36454849498327757,0.3935340022296544,0.379041248606466
text+audio__random_forest,text+visual__logistic_regression,372,198,151,176,0.3890746934225195,0.19620958751393533,0.37301038062283737,0.21668405683959246,0.36454849498327757,0.4169453734671126,0.3907469342251951
text+audio__random_forest,text+visual__random_forest,393,177,148,179,0.36231884057971014,0.1995540691192865,0.45731953637239364,0.2765357097655582,0.36454849498327757,0.39687848383500557,0.38071348940914157
text+audio__random_forest,context+audio__svm,474,96,202,125,0.33221850613154963,0.13935340022296544,0.5068284122987716,0.33563482358555274,0.36454849498327757,0.2463768115942029,0.3054626532887402
text+audio__random_forest,context+audio__logistic_regression,450,120,213,114,0.3712374581939799,0.12709030100334448,0.33489461358313816,0.256157782675283,0.36454849498327757,0.2608695652173913,0.31270903010033446
text+audio__random_forest,context+audio__random_forest,476,94,205,122,0.3333333333333333,0.13600891861761427,0.5016937756975511,0.3384123554180759,0.36454849498327757,0.2408026755852843,0.30267558528428096
text+audio__random_forest,context+visual__svm,436,134,221,106,0.3957636566332218,0.11817168338907469,0.21893709613609388,0.2046025073248956,0.36454849498327757,0.26755852842809363,0.31605351170568563
text+audio__random_forest,context+visual__logistic_regression,431,139,216,111,0.3957636566332218,0.12374581939799331,0.2288191099980736,0.21009547764870484,0.36454849498327757,0.2787068004459309,0.3216276477146042
text+audio__random_forest,context+visual__random_forest,442,128,223,104,0.391304347826087,0.11594202898550725,0.23384152888125403,0.2260112836019027,0.36454849498327757,0.25863991081382387,0.3115942028985507
text+audio__random_forest,audio+visual__svm,503,67,61,266,0.1426978818283166,0.29654403567447046,0.9407187148710883,0.7151278768571173,0.36454849498327757,0.3712374581939799,0.36789297658862874
text+audio__random_forest,audio+visual__logistic_regression,439,131,98,229,0.2552954292084727,0.2552954292084727,0.7735183339360848,0.4880251833795677,0.36454849498327757,0.4013377926421405,0.382943143812709
text+audio__random_forest,audio+visual__random_forest,518,52,48,279,0.11148272017837235,0.3110367892976589,0.9660449740848059,0.7766723432224911,0.36454849498327757,0.3690078037904125,0.36677814938684505
text+audio__random_forest,text+context+audio__svm,488,82,191,136,0.30434782608695654,0.1516164994425864,0.6181397049859807,0.39044752936608096,0.36454849498327757,0.24303232998885171,0.30379041248606464
text+audio__random_forest,text+context+audio__logistic_regression,464,106,202,125,0.3433667781493868,0.13935340022296544,0.4607364126328515,0.3133406901488264,0.36454849498327757,0.25752508361204013,0.3110367892976589
text+audio__random_forest,text+context+audio__random_forest,488,82,190,137,0.3032329988851728,0.1527313266443701,0.6220098015430152,0.3959506231524532,0.36454849498327757,0.24414715719063546,0.30434782608695654
text+audio__random_forest,text+context+visual__svm,450,120,207,120,0.36454849498327757,0.13377926421404682,0.3698630136986301,0.27427723139729077,0.36454849498327757,0.26755852842809363,0.31605351170568563
text+audio__random_forest,text+context+visual__logistic_regression,449,121,202,125,0.3600891861761427,0.13935340022296544,0.3932503382278104,0.2784953867991483,0.36454849498327757,0.27424749163879597,0.3193979933110368
text+audio__random_forest,text+context+visual__random_forest,449,121,221,106,0.38127090301003347,0.11817168338907469,0.28052734243626826,0.24569582343655483,0.36454849498327757,0.2530657748049052,0.3088071348940914
text+audio__random_forest,text+audio+visual__svm,505,65,83,244,0.16499442586399107,0.27201783723522854,0.9161062084515803,0.6683255883675612,0.36454849498327757,0.34448160535117056,0.35451505016722407
text+audio__random_forest,text+audio+visual__logistic_regression,452,118,120,207,0.2653288740245262,0.23076923076923078,0.7371059373955664,0.46755753748540985,0.36454849498327757,0.36231884057971014,0.3634336677814939
text+audio__random_forest,text+audio+visual__random_forest,512,58,58,269,0.12931995540691194,0.29988851727982163,0.9523148016896776,0.7421685672232051,0.36454849498327757,0.36454849498327757,0.36454849498327757
text+audio__random_forest,context+audio+visual__svm,477,93,202,125,0.32887402452619846,0.13935340022296544,0.5208325362512912,0.34075502440263983,0.36454849498327757,0.24303232998885171,0.30379041248606464
text+audio__random_forest,context+audio+visual__logistic_regression,448,122,212,115,0.37235228539576365,0.1282051282051282,0.3315414039077846,0.25408562636312026,0.36454849498327757,0.26421404682274247,0.31438127090301005
text+audio__random_forest,context+audio+visual__random_forest,481,89,194,133,0.31549609810479373,0.14827201783723523,0.5749332217284802,0.37246831453341345,0.36454849498327757,0.24749163879598662,0.3060200668896321
text+audio__random_forest,text+context+audio+visual__svm,487,83,193,134,0.3076923076923077,0.14938684503901895,0.6058171438414311,0.3838825760403757,0.36454849498327757,0.241917502787068,0.3032329988851728
text+audio__random_forest,text+context+audio+visual__logistic_regression,467,103,203,124,0.3411371237458194,0.13823857302118173,0.4694291840592765,0.3180944147152205,0.36454849498327757,0.2530657748049052,0.3088071348940914
text+audio__random_forest,text+context+audio+visual__random_forest,475,95,197,130,0.3255295429208473,0.14492753623188406,0.5348288075560803,0.35459357166090066,0.36454849498327757,0.2508361204013378,0.3076923076923077
text+visual__svm,text+visual__logistic_regression,449,95,74,279,0.18840579710144928,0.3110367892976589,0.8937271827121488,0.6235594150498758,0.3935340022296544,0.4169453734671126,0.4052396878483835
text+visual__svm,text+visual__random_forest,452,92,89,264,0.20178372352285395,0.29431438127090304,0.8715769001537061,0.5963347231649374,0.3935340022296544,0.39687848383500557,0.39520624303233
text+visual__svm,context+audio__svm,423,121,253,100,0.4169453734671126,0.11148272017837235,0.16028691728498348,0.16609577974536283,0.3935340022296544,0.2463768115942029,0.31995540691192864
text+visual__svm,context+audio__logistic_regression,418,126,245,108,0.4136008918617614,0.12040133779264214,0.1877811982003315,0.17302535939266683,0.3935340022296544,0.2608695652173913,0.3272017837235228
text+visual__svm,context+audio__random_forest,435,109,246,107,0.3957636566332218,0.11928651059085842,0.26896495317547947,0.20756365048041148,0.3935340022296544,0.2408026755852843,0.3171683389074693
text+visual__svm,context+visual__svm,410,134,247,106,0.42474916387959866,0.11817168338907469,0.13534836333237546,0.15111886079628012,0.3935340022296544,0.26755852842809363,0.330546265328874
text+visual__svm,context+visual__logistic_regression,404,140,243,110,0.4269788182831661,0.12263099219620958,0.13280652561814937,0.1457801338203445,0.3935340022296544,0.2787068004459309,0.33612040133779264
text+visual__svm,context+visual__random_forest,412,132,253,100,0.42920847268673357,0.11148272017837235,0.1046168695372406,0.14015212817608025,0.3935340022296544,0.25863991081382387,0.32608695652173914
text+visual__svm,audio+visual__svm,358,186,206,147,0.43701226309921964,0.16387959866220736,0.15735303820017155,0.12573534165104394,0.3935340022296544,0.3712374581939799,0.38238573021181715
text+visual__svm,audio+visual__logistic_regression,346,198,191,162,0.4336677814938685,0.1806020066889632,0.19424736337488016,0.13301463225556387,0.3935340022296544,0.4013377926421405,0.39743589743589747
text+visual__svm,audio+visual__random_forest,360,184,206,147,0.43478260869565216,0.16387959866220736,0.16533074958160837,0.130645473929056,0.3935340022296544,0.3690078037904125,0.3812709030100334
text+visual__svm,text+context+audio__svm,459,85,220,133,0.34002229654403565,0.14827201783723523,0.5310168407589,0.32009821342034706,0.3935340022296544,0.24303232998885171,0.31828316610925306
text+visual__svm,text+context+audio__logistic_regression,454,90,212,141,0.3366778149386845,0.15719063545150502,0.5407610657809228,0.3266334905965229,0.3935340022296544,0.25752508361204013,0.32552954292084724
text+visual__svm,text+context+audio__random_forest,436,108,242,111,0.39018952062430323,0.12374581939799331,0.29866366124617616,0.21915416451112257,0.3935340022296544,0.24414715719063546,0.3188405797101449
text+visual__svm,text+context+visual__svm,445,99,212,141,0.346711259754738,0.15719063545150502,0.4986922718641396,0.30609539207760705,0.3935340022296544,0.26755852842809363,0.330546265328874
text+visual__svm,text+context+visual__logistic_regression,446,98,205,148,0.3377926421404682,0.16499442586399107,0.5333224929731236,0.32460022613471173,0.3935340022296544,0.27424749163879597,0.33389074693422516
text+visual__svm,text+context+visual__random_forest,429,115,241,112,0.39687848383500557,0.12486064659977704,0.2683763842508876,0.20494562402900052,0.3935340022296544,0.2530657748049052,0.3232998885172798
text+visual__svm,text+audio+visual__svm,450,94,138,215,0.25863991081382387,0.23968784838350055,0.7635478755400011,0.48311268969970944,0.3935340022296544,0.34448160535117056,0.3690078037904125
text+visual__svm,text+audio+visual__logistic_regression,446,98,126,227,0.24972129319955408,0.2530657748049052,0.7825864952900784,0.5008074413797559,0.3935340022296544,0.36231884057971014,0.37792642140468224
text+visual__svm,text+audio+visual__random_forest,391,153,179,174,0.3701226309921962,0.1939799331103679,0.42597541421699625,0.25940773309194354,0.3935340022296544,0.36454849498327757,0.379041248606466
text+visual__svm,context+audio+visual__svm,425,119,254,99,0.4158305462653289,0.11036789297658862,0.16388431695273925,0.16862099040604717,0.3935340022296544,0.24303232998885171,0.31828316610925306
text+visual__svm,context+audio+visual__logistic_regression,416,128,244,109,0.41471571906354515,0.12151616499442586,0.18428750522356874,0.1707695289784843,0.3935340022296544,0.26421404682274247,0.3288740245261984
text+visual__svm,context+audio+visual__random_forest,428,116,247,106,0.40468227424749165,0.11817168338907469,0.22583085652526344,0.18996798292422623,0.3935340022296544,0.24749163879598662,0.3205128205128205
text+visual__svm,text+context+audio+visual__svm,458,86,222,131,0.3433667781493868,0.14604236343366778,0.517208243772917,0.31338847247350743,0.3935340022296544,0.241917502787068,0.3177257525083612
text+visual__svm,text+context+audio+visual__logistic_regression,458,86,212,141,0.33221850613154963,0.15719063545150502,0.5596667069194542,0.33550930713547045,0.3935340022296544,0.2530657748049052,0.3232998885172798
text+visual__svm,text+context+audio+visual__random_forest,432,112,240,113,0.39241917502787066,0.12597547380156077,0.2897907419150285,0.2141331780236847,0.3935340022296544,0.2508361204013378,0.32218506131549607
text+visual__logistic_regression,text+visual__random_forest,414,109,127,247,0.2630992196209587,0.2753623188405797,0.7615352150282944,0.47439927301979823,0.4169453734671126,0.39687848383500557,0.4069119286510591
text+visual__logistic_regression,context+audio__svm,405,118,271,103,0.4336677814938685,0.11482720178372352,0.13212923886936345,0.13273018753029187,0.4169453734671126,0.2463768115942029,0.33166109253065773
text+visual__logistic_regression,context+audio__logistic_regression,392,131,271,103,0.44816053511705684,0.11482720178372352,0.06424871832043966,0.10252223820640838,0.4169453734671126,0.2608695652173913,0.3389074693422519
text+visual__logistic_regression,context+audio__random_forest,409,114,272,102,0.43032329988851725,0.11371237458193979,0.14726507713884993,0.14396123321878018,0.4169453734671126,0.2408026755852843,0.3288740245261984
text+visual__logistic_regression,context+visual__svm,390,133,267,107,0.4459308807134894,0.11928651059085842,0.08051423466811668,0.10508515159677956,0.4169453734671126,0.26755852842809363,0.3422519509476031
text+visual__logistic_regression,context+visual__logistic_regression,384,139,263,111,0.44816053511705684,0.12374581939799331,0.07662191687399755,0.10496817942633607,0.4169453734671126,0.2787068004459309,0.34782608695652173
text+visual__logistic_regression,context+visual__random_forest,388,135,277,97,0.4593088071348941,0.10813823857302118,0.0032120057043088855,0.08850007152617112,0.4169453734671126,0.25863991081382387,0.3377926421404682
text+visual__logistic_regression,audio+visual__svm,340,183,224,150,0.4537346711259755,0.16722408026755853,0.1087920688755544,0.09369872127460455,0.4169453734671126,0.3712374581939799,0.39409141583054624
text+visual__logistic_regression,audio+visual__logistic_regression,337,186,200,174,0.43032329988851725,0.1939799331103679,0.2236899768359106,0.13771909289688244,0.4169453734671126,0.4013377926421405,0.40914158305462656
text+visual__logistic_regression,audio+visual__random_forest,337,186,229,145,0.46265328874024525,0.1616499442586399,0.06856624279731902,0.07363996745029833,0.4169453734671126,0.3690078037904125,0.3929765886287625
text+visual__logistic_regression,text+context+audio__svm,436,87,243,131,0.36789297658862874,0.14604236343366778,0.4597032853291079,0.26348816146978915,0.4169453734671126,0.24303232998885171,0.32998885172798215
text+visual__logistic_regression,text+context+audio__logistic_regression,434,89,232,142,0.35785953177257523,0.15830546265328874,0.4980796344012835,0.2843351933090583,0.4169453734671126,0.25752508361204013,0.3372352285395763
text+visual__logistic_regression,text+context+audio__random_forest,408,115,270,104,0.42920847268673357,0.11594202898550725,0.1548950763452274,0.14398425513034374,0.4169453734671126,0.24414715719063546,0.330546265328874
text+visual__logistic_regression,text+context+visual__svm,418,105,239,135,0.3835005574136009,0.1505016722408027,0.384360625574977,0.23549115991437408,0.4169453734671126,0.26755852842809363,0.3422519509476031
text+visual__logistic_regression,text+context+visual__logistic_regression,431,92,220,154,0.34782608695652173,0.1716833890746934,0.5326390652781305,0.3034500953243766,0.4169453734671126,0.27424749163879597,0.34559643255295425
text+visual__logistic_regression,text+context+visual__random_forest,405,118,265,109,0.4269788182831661,0.12151616499442586,0.17072200490618578,0.15253154408771907,0.4169453734671126,0.2530657748049052,0.3350055741360089
text+visual__logistic_regression,text+audio+visual__svm,415,108,173,201,0.3132664437012263,0.22408026755852842,0.6340022918931625,0.37122665396099985,0.4169453734671126,0.34448160535117056,0.38071348940914157
text+visual__logistic_regression,text+audio+visual__logistic_regression,459,64,113,261,0.19732441471571907,0.2909698996655518,0.8861380292999347,0.6044214780283985,0.4169453734671126,0.36231884057971014,0.38963210702341133
text+visual__logistic_regression,text+audio+visual__random_forest,359,164,211,163,0.4180602006688963,0.18171683389074694,0.25679492273493626,0.16571384635989572,0.4169453734671126,0.36454849498327757,0.3907469342251951
text+visual__logistic_regression,context+audio+visual__svm,405,118,274,100,0.43701226309921964,0.11148272017837235,0.11214850615114236,0.12458173996175903,0.4169453734671126,0.24303232998885171,0.32998885172798215
text+visual__logistic_regression,context+audio+visual__logistic_regression,397,126,263,111,0.4336677814938685,0.12374581939799331,0.14155818923644842,0.13167698153774954,0.4169453734671126,0.26421404682274247,0.3405797101449275
text+visual__logistic_regression,context+audio+visual__random_forest,402,121,273,101,0.43924191750278707,0.11259754738015608,0.10279079242208189,0.1248997177239638,0.4169453734671126,0.24749163879598662,0.3322185061315496
text+visual__logistic_regression,text+context+audio+visual__svm,435,88,245,129,0.3712374581939799,0.14381270903010032,0.4448664306404892,0.25690538325094725,0.4169453734671126,0.241917502787068,0.3294314381270903
text+visual__logistic_regression,text+context+audio+visual__logistic_regression,436,87,234,140,0.35785953177257523,0.15607580824972128,0.4997911496596968,0.28455213848932925,0.4169453734671126,0.2530657748049052,0.3350055741360089
text+visual__logistic_regression,text+context+audio+visual__random_forest,405,118,267,107,0.42920847268673357,0.11928651059085842,0.158055076762737,0.146822308690013,0.4169453734671126,0.2508361204013378,0.33389074693422516
text+visual__random_forest,context+audio__svm,426,115,250,106,0.4069119286510591,0.11817168338907469,0.2219846832462858,0.1861609706261791,0.39687848383500557,0.2463768115942029,0.3216276477146042
text+visual__random_forest,context+audio__logistic_regression,411,130,252,104,0.4258639910813824,0.11594202898550725,0.1322314049586777,0.1485418654580153,0.39687848383500557,0.2608695652173913,0.3288740245261984
text+visual__random_forest,context+audio__random_forest,428,113,253,103,0.4080267558528428,0.11482720178372352,0.21321536196386554,0.18286490845554193,0.39687848383500557,0.2408026755852843,0.3188405797101449
text+visual__random_forest,context+visual__svm,415,126,242,114,0.41025641025641024,0.12709030100334448,0.21616410889180226,0.18017494449163274,0.39687848383500557,0.26755852842809363,0.3322185061315496
text+visual__random_forest,context+visual__logistic_regression,406,135,241,115,0.41917502787068006,0.1282051282051282,0.1786683496371095,0.16135288764229339,0.39687848383500557,0.2787068004459309,0.3377926421404682
text+visual__random_forest,context+visual__random_forest,419,122,246,110,0.41025641025641024,0.12263099219620958,0.21126908622638038,0.17790861002360958,0.39687848383500557,0.25863991081382387,0.3277591973244147
text+visual__random_forest,audio+visual__svm,356,185,208,148,0.43812709030100333,0.16499442586399107,0.15584415584415584,0.1234680252724547,0.39687848383500557,0.3712374581939799,0.38405797101449274
text+visual__random_forest,audio+visual__logistic_regression,342,199,195,161,0.43924191750278707,0.1794871794871795,0.17319185656300937,0.12192540472854119,0.39687848383500557,0.4013377926421405,0.39910813823857305
text+visual__random_forest,audio+visual__random_forest,355,186,211,145,0.44258639910813824,0.1616499442586399,0.1347978968485797,0.11507466135873978,0.39687848383500557,0.3690078037904125,0.382943143812709
text+visual__random_forest,text+context+audio__svm,446,95,233,123,0.3656633221850613,0.13712374581939799,0.4250126634888886,0.268850552432642,0.39687848383500557,0.24303232998885171,0.31995540691192864
text+visual__random_forest,text+context+audio__logistic_regression,441,100,225,131,0.36231884057971014,0.14604236343366778,0.43939903576634154,0.2753488094616664,0.39687848383500557,0.25752508361204013,0.3272017837235228
text+visual__random_forest,text+context+audio__random_forest,439,102,239,117,0.3801560758082497,0.13043478260869565,0.356279954053947,0.2391630412882716,0.39687848383500557,0.24414715719063546,0.3205128205128205
text+visual__random_forest,text+context+visual__svm,442,99,215,141,0.3500557413600892,0.15719063545150502,0.4908321073594316,0.2993268355299491,0.39687848383500557,0.26755852842809363,0.3322185061315496
text+visual__random_forest,text+context+visual__logistic_regression,436,105,215,141,0.35674470457079155,0.15719063545150502,0.46282614127137095,0.286736641221374,0.39687848383500557,0.27424749163879597,0.33556298773690074
text+visual__random_forest,text+context+visual__random_forest,433,108,237,119,0.38461538461538464,0.1326644370122631,0.33622914046393426,0.22931811220106235,0.39687848383500557,0.2530657748049052,0.3249721293199554
text+visual__random_forest,text+audio+visual__svm,423,118,165,191,0.31549609810479373,0.2129319955406912,0.611621435624308,0.36956019639544324,0.39687848383500557,0.34448160535117056,0.37068004459308806
text+visual__random_forest,text+audio+visual__logistic_regression,417,124,155,201,0.3110367892976589,0.22408026755852842,0.6269301318943681,0.3782857228031212,0.39687848383500557,0.36231884057971014,0.37959866220735783
text+visual__random_forest,text+audio+visual__random_forest,390,151,180,176,0.3690078037904125,0.19620958751393533,0.43268628678772697,0.2615851793268621,0.39687848383500557,0.36454849498327757,0.38071348940914157
text+visual__random_forest,context+audio+visual__svm,427,114,252,104,0.4080267558528428,0.11594202898550725,0.21439509954058192,0.18426584373183064,0.39687848383500557,0.24303232998885171,0.31995540691192864
text+visual__random_forest,context+audio+visual__logistic_regression,414,127,246,110,0.4158305462653289,0.12263099219620958,0.1862155192623271,0.1685714072715616,0.39687848383500557,0.26421404682274247,0.330546265328874
text+visual__random_forest,context+audio+visual__random_forest,430,111,245,111,0.39687848383500557,0.12374581939799331,0.2740740740740741,0.2054876319285831,0.39687848383500557,0.24749163879598662,0.32218506131549607
text+visual__random_forest,text+context+audio+visual__svm,449,92,231,125,0.3600891861761427,0.13935340022296544,0.4506894813704331,0.27996928330189585,0.39687848383500557,0.241917502787068,0.3193979933110368
text+visual__random_forest,text+context+audio+visual__logistic_regression,443,98,227,129,0.36231884057971014,0.14381270903010032,0.4395979494413865,0.2752947669085458,0.39687848383500557,0.2530657748049052,0.3249721293199554
text+visual__random_forest,text+context+audio+visual__random_forest,431,110,241,115,0.391304347826087,0.1282051282051282,0.30305619454485705,0.21620773866869802,0.39687848383500557,0.2508361204013378,0.32385730211817165
context+audio__svm,context+audio__logistic_regression,594,82,69,152,0.16833890746934224,0.16945373467112598,0.8820586579951223,0.663329298332393,0.2463768115942029,0.2608695652173913,0.2536231884057971
context+audio__svm,context+audio__random_forest,625,51,56,165,0.11928651059085842,0.18394648829431437,0.9461035468621735,0.7614059248910555,0.2463768115942029,0.2408026755852843,0.2435897435897436
context+audio__svm,context+visual__svm,593,83,64,157,0.16387959866220736,0.1750278706800446,0.8920467824372796,0.6722591324967004,0.2463768115942029,0.26755852842809363,0.2569676700111483
context+audio__svm,context+visual__logistic_regression,584,92,63,158,0.17279821627647715,0.17614269788182832,0.8817963046049679,0.6543954063560322,0.2463768115942029,0.2787068004459309,0.2625418060200669
context+audio__svm,context+visual__random_forest,598,78,67,154,0.1616499442586399,0.1716833890746934,0.8925995191023244,0.6766587197609465,0.2463768115942029,0.25863991081382387,0.2525083612040134
context+audio__svm,audio+visual__svm,473,203,91,130,0.3277591973244147,0.14492753623188406,0.5379613071045358,0.3444677550858074,0.2463768115942029,0.3712374581939799,0.3088071348940914
context+audio__svm,audio+visual__logistic_regression,439,237,98,123,0.3734671125975474,0.13712374581939799,0.39846936793442367,0.25308898207135166,0.2463768115942029,0.4013377926421405,0.3238573021181717
context+audio__svm,audio+visual__random_forest,479,197,87,134,0.3166109253065775,0.14938684503901895,0.5785059944666462,0.3667899540655014,0.2463768115942029,0.3690078037904125,0.3076923076923077
context+audio__svm,text+context+audio__svm,633,43,46,175,0.09921962095875139,0.19509476031215162,0.9649144590387839,0.8015639641968527,0.2463768115942029,0.24303232998885171,0.2447045707915273
context+audio__svm,text+context+audio__logistic_regression,594,82,72,149,0.1716833890746934,0.16610925306577481,0.874928503336511,0.6566327951002227,0.2463768115942029,0.25752508361204013,0.25195094760312153
context+audio__svm,text+context+audio__random_forest,618,58,60,161,0.13154960981047936,0.1794871794871795,0.9324127483540173,0.7368886811870162,0.2463768115942029,0.24414715719063546,0.2452619843924192
context+audio__svm,text+context+visual__svm,597,79,60,161,0.15496098104793757,0.1794871794871795,0.9060055325857402,0.6900614741363666,0.2463768115942029,0.26755852842809363,0.2569676700111483
context+audio__svm,text+context+visual__logistic_regression,578,98,73,148,0.19063545150501673,0.16499442586399107,0.8456493128222831,0.6187371524161536,0.2463768115942029,0.27424749163879597,0.26031215161649945
context+audio__svm,text+context+visual__random_forest,600,76,70,151,0.16276477146042365,0.16833890746934224,0.8890742285237698,0.6744295892644946,0.2463768115942029,0.2530657748049052,0.24972129319955405
context+audio__svm,text+audio+visual__svm,483,193,105,116,0.33221850613154963,0.12931995540691194,0.46875860170657857,0.335601797538327,0.2463768115942029,0.34448160535117056,0.2954292084726867
context+audio__svm,text+audio+visual__logistic_regression,457,219,115,106,0.37235228539576365,0.11817168338907469,0.3158759694133945,0.25532412010340033,0.2463768115942029,0.36231884057971014,0.30434782608695654
context+audio__svm,text+audio+visual__random_forest,475,201,95,126,0.32998885172798215,0.14046822742474915,0.516245487364621,0.33999850853861635,0.2463768115942029,0.36454849498327757,0.3054626532887402
context+audio__svm,context+audio+visual__svm,665,11,14,207,0.027870680044593088,0.23076923076923078,0.9977650226037487,0.9442600947019126,0.2463768115942029,0.24303232998885171,0.2447045707915273
context+audio__svm,context+audio+visual__logistic_regression,600,76,60,161,0.1516164994425864,0.1794871794871795,0.9098457888493475,0.6967726540595359,0.2463768115942029,0.26421404682274247,0.2552954292084727
context+audio__svm,context+audio+visual__random_forest,624,52,51,170,0.11482720178372352,0.189520624303233,0.9512195121951219,0.770331038905834,0.2463768115942029,0.24749163879598662,0.24693422519509478
context+audio__svm,text+context+audio+visual__svm,635,41,45,176,0.09587513935340022,0.19620958751393533,0.9675190352537301,0.8082523427207875,0.2463768115942029,0.241917502787068,0.24414715719063546
context+audio__svm,text+context+audio+visual__logistic_regression,595,81,75,146,0.17391304347826086,0.16276477146042365,0.8692775297218786,0.6521717515697163,0.2463768115942029,0.2530657748049052,0.24972129319955405
context+audio__svm,text+context+audio+visual__random_forest,617,59,55,166,0.12709030100334448,0.1850613154960981,0.9385806353923174,0.7457938070520852,0.2463768115942029,0.2508361204013378,0.24860646599777037
context+audio__logistic_regression,context+audio__random_forest,586,77,95,139,0.19175027870680045,0.15496098104793757,0.8351902127995133,0.6170738729436993,0.2608695652173913,0.2408026755852843,0.2508361204013378
context+audio__logistic_regression,context+visual__svm,586,77,71,163,0.16499442586399107,0.18171683389074694,0.8917264940337674,0.6696971054085121,0.2608695652173913,0.26755852842809363,0.26421404682274247
context+audio__logistic_regression,context+visual__logistic_regression,578,85,69,165,0.1716833890746934,0.18394648829431437,0.8841309823677582,0.6567710067434268,0.2608695652173913,0.2787068004459309,0.26978818283166106
context+audio__logistic_regression,context+visual__random_forest,573,90,92,142,0.2028985507246377,0.15830546265328874,0.8152734087410481,0.5950840815516643,0.2608695652173913,0.25863991081382387,0.25975473801560756
context+audio__logistic_regression,audio+visual__svm,433,230,131,103,0.40245261984392416,0.11482720178372352,0.1936196121987448,0.1953837629115739,0.2608695652173913,0.3712374581939799,0.31605351170568563
context+audio__logistic_regression,audio+visual__logistic_regression,424,239,113,121,0.39241917502787066,0.13489409141583056,0.310262926025718,0.21474687384976576,0.2608695652173913,0.4013377926421405,0.3311036789297659
context+audio__logistic_regression,audio+visual__random_forest,443,220,123,111,0.38238573021181715,0.12374581939799331,0.290071228995317,0.23498608821489053,0.2608695652173913,0.3690078037904125,0.3149386845039019
context+audio__logistic_regression,text+context+audio__svm,585,78,94,140,0.19175027870680045,0.15607580824972128,0.8356643356643356,0.6163940784795396,0.2608695652173913,0.24303232998885171,0.25195094760312153
context+audio__logistic_regression,text+context+audio__logistic_regression,590,73,76,158,0.16610925306577481,0.17614269788182832,0.8876559209460554,0.6677885129240169,0.2608695652173913,0.25752508361204013,0.2591973244147157
context+audio__logistic_regression,text+context+audio__random_forest,571,92,107,127,0.221850613154961,0.1415830546265329,0.760954820849674,0.5566453644760927,0.2608695652173913,0.24414715719063546,0.2525083612040134
context+audio__logistic_regression,text+context+visual__svm,570,93,87,147,0.20066889632107024,0.16387959866220736,0.8238808894113038,0.5990264981250155,0.2608695652173913,0.26755852842809363,0.26421404682274247
context+audio__logistic_regression,text+context+visual__logistic_regression,562,101,89,145,0.21181716833890746,0.1616499442586399,0.8013019595707291,0.5762134473841257,0.2608695652173913,0.27424749163879597,0.26755852842809363
context+audio__logistic_regression,text+context+visual__random_forest,575,88,95,139,0.2040133779264214,0.15496098104793757,0.810613354476978,0.5928421010856652,0.2608695652173913,0.2530657748049052,0.2569676700111483
context+audio__logistic_regression,text+audio+visual__svm,457,206,131,103,0.3756967670011148,0.11482720178372352,0.2712100139082058,0.24785956880357307,0.2608695652173913,0.34448160535117056,0.30267558528428096
context+audio__logistic_regression,text+audio+visual__logistic_regression,435,228,137,97,0.4069119286510591,0.10813823857302118,0.14924214568778854,0.18564275782818174,0.2608695652173913,0.36231884057971014,0.3115942028985507
context+audio__logistic_regression,text+audio+visual__random_forest,447,216,123,111,0.3779264214046823,0.12374581939799331,0.3025398700531601,0.2446099997267427,0.2608695652173913,0.36454849498327757,0.31270903010033446
context+audio__logistic_regression,context+audio+visual__svm,594,69,85,149,0.1716833890746934,0.16610925306577481,0.8757033410687606,0.6564808045239552,0.2608695652173913,0.24303232998885171,0.25195094760312153
context+audio__logistic_regression,context+audio+visual__logistic_regression,645,18,15,219,0.03678929765886288,0.24414715719063546,0.9961844197138314,0.9263980784579924,0.2608695652173913,0.26421404682274247,0.2625418060200669
context+audio__logistic_regression,context+audio+visual__random_forest,577,86,98,136,0.20512820512820512,0.1516164994425864,0.806029919447641,0.590185182426292,0.2608695652173913,0.24749163879598662,0.25418060200668896
context+audio__logistic_regression,text+context+audio+visual__svm,585,78,95,139,0.19286510590858416,0.15496098104793757,0.832967032967033,0.6141801193900713,0.2608695652173913,0.241917502787068,0.25139353400222963
context+audio__logistic_regression,text+context+audio+visual__logistic_regression,590,73,80,154,0.1705685618729097,0.1716833890746934,0.8792140641158221,0.6588989106418092,0.2608695652173913,0.2530657748049052,0.2569676700111483
context+audio__logistic_regression,text+context+audio+visual__random_forest,576,87,96,138,0.2040133779264214,0.15384615384615385,0.8098360655737705,0.5926703441498984,0.2608695652173913,0.2508361204013378,0.25585284280936454
context+audio__random_forest,context+visual__svm,590,91,67,149,0.17614269788182832,0.16610925306577481,0.8702862552788622,0.6491079519289333,0.2408026755852843,0.26755852842809363,0.25418060200668896
context+audio__random_forest,context+visual__logistic_regression,593,88,54,162,0.15830546265328874,0.1806020066889632,0.9057311194429566,0.6828573562731868,0.2408026755852843,0.2787068004459309,0.25975473801560756
context+audio__random_forest,context+visual__random_forest,633,48,32,184,0.08918617614269789,0.20512820512820512,0.9739678665853162,0.8199915715117096,0.2408026755852843,0.25863991081382387,0.24972129319955408
context+audio__random_forest,audio+visual__svm,466,215,98,118,0.34894091415830547,0.13154960981047936,0.4459491440742591,0.3010697010960889,0.2408026755852843,0.3712374581939799,0.3060200668896321
context+audio__random_forest,audio+visual__logistic_regression,437,244,100,116,0.3835005574136009,0.12931995540691194,0.3501305065785969,0.23468719617452727,0.2408026755852843,0.4013377926421405,0.3210702341137124
context+audio__random_forest,audio+visual__random_forest,475,206,91,125,0.3311036789297659,0.13935340022296544,0.5200778279847929,0.3386679972296487,0.2408026755852843,0.3690078037904125,0.3049052396878484
context+audio__random_forest,text+context+audio__svm,627,54,52,164,0.11817168338907469,0.18283166109253066,0.9468363058048392,0.7639274417403654,0.2408026755852843,0.24303232998885171,0.241917502787068
context+audio__random_forest,text+context+audio__logistic_regression,592,89,74,142,0.18171683389074694,0.15830546265328874,0.8546938775510204,0.6365342594134771,0.2408026755852843,0.25752508361204013,0.2491638795986622
context+audio__random_forest,text+context+audio__random_forest,642,39,36,180,0.08361204013377926,0.20066889632107024,0.9759926131117267,0.8322281547466153,0.2408026755852843,0.24414715719063546,0.24247491638795987
context+audio__random_forest,text+context+visual__svm,611,70,46,170,0.12931995540691194,0.189520624303233,0.9398636660752638,0.7403749706820235,0.2408026755852843,0.26755852842809363,0.25418060200668896
context+audio__random_forest,text+context+visual__logistic_regression,583,98,68,148,0.1850613154960981,0.16499442586399107,0.8566079958686578,0.6304317610968261,0.2408026755852843,0.27424749163879597,0.25752508361204013
context+audio__random_forest,text+context+visual__random_forest,633,48,37,179,0.0947603121516165,0.1995540691192865,0.9691353197257632,0.8087751022650037,0.2408026755852843,0.2530657748049052,0.24693422519509475
context+audio__random_forest,text+audio+visual__svm,479,202,109,107,0.346711259754738,0.11928651059085842,0.3989982394125916,0.30944147257366206,0.2408026755852843,0.34448160535117056,0.29264214046822745
context+audio__random_forest,text+audio+visual__logistic_regression,457,224,115,101,0.3779264214046823,0.11259754738015608,0.2836186159044454,0.24620914465611476,0.2408026755852843,0.36231884057971014,0.3015607580824972
context+audio__random_forest,text+audio+visual__random_forest,476,205,94,122,0.3333333333333333,0.13600891861761427,0.5016937756975511,0.33162295184100676,0.2408026755852843,0.36454849498327757,0.30267558528428096
context+audio__random_forest,context+audio+visual__svm,622,59,57,159,0.12931995540691194,0.17725752508361203,0.9342271247103001,0.741838481577968,0.2408026755852843,0.24303232998885171,0.241917502787068
context+audio__random_forest,context+audio+visual__logistic_regression,586,95,74,142,0.18840579710144928,0.15830546265328874,0.8441967154983268,0.6236865034741099,0.2408026755852843,0.26421404682274247,0.2525083612040134
context+audio__random_forest,context+audio+visual__random_forest,649,32,26,190,0.06465997770345597,0.21181716833890746,0.9865959949090558,0.8700954321413055,0.2408026755852843,0.24749163879598662,0.24414715719063546
context+audio__random_forest,text+context+audio+visual__svm,627,54,53,163,0.11928651059085842,0.18171683389074694,0.945518403243768,0.7616583270216913,0.2408026755852843,0.241917502787068,0.24136008918617613
context+audio__random_forest,text+context+audio+visual__logistic_regression,593,88,77,139,0.18394648829431437,0.15496098104793757,0.8480768584016233,0.6319446344065431,0.2408026755852843,0.2530657748049052,0.24693422519509475
context+audio__random_forest,text+context+audio+visual__random_forest,654,27,18,198,0.05016722408026756,0.22073578595317725,0.9925218113834648,0.8989432414772087,0.2408026755852843,0.2508361204013378,0.24581939799331104
context+visual__svm,context+visual__logistic_regression,599,58,48,192,0.11817168338907469,0.2140468227424749,0.9527302363488183,0.7639075116951224,0.26755852842809363,0.2787068004459309,0.27313266443701223
context+visual__svm,context+visual__random_forest,591,66,74,166,0.15607580824972128,0.1850613154960981,0.9051558403728517,0.6896362530954817,0.26755852842809363,0.25863991081382387,0.2630992196209587
context+visual__svm,audio+visual__svm,422,235,142,98,0.42028985507246375,0.10925306577480491,0.10687043331638252,0.16021873067667947,0.26755852842809363,0.3712374581939799,0.3193979933110368
context+visual__svm,audio+visual__logistic_regression,407,250,130,110,0.4236343366778149,0.12263099219620958,0.15879383978258055,0.15154502143166504,0.26755852842809363,0.4013377926421405,0.33444816053511706
context+visual__svm,audio+visual__random_forest,429,228,137,103,0.4069119286510591,0.11482720178372352,0.17171154687562148,0.18549283896439261,0.26755852842809363,0.3690078037904125,0.31828316610925306
context+visual__svm,text+context+audio__svm,584,73,95,145,0.18729096989966554,0.1616499442586399,0.848605577689243,0.6251455180442375,0.26755852842809363,0.24303232998885171,0.2552954292084727
context+visual__svm,text+context+audio__logistic_regression,564,93,102,138,0.21739130434782608,0.15384615384615385,0.7827252112966399,0.5652417063731741,0.26755852842809363,0.25752508361204013,0.2625418060200669
context+visual__svm,text+context+audio__random_forest,584,73,94,146,0.18617614269788182,0.16276477146042365,0.8510301109350238,0.6284166424813401,0.26755852842809363,0.24414715719063546,0.25585284280936454
context+visual__svm,text+context+visual__svm,590,67,67,173,0.14938684503901895,0.19286510590858416,0.9157462063270113,0.7019431053978455,0.26755852842809363,0.26755852842809363,0.26755852842809363
context+visual__svm,text+context+visual__logistic_regression,575,82,76,164,0.17614269788182832,0.18283166109253066,0.8760195758564437,0.6473793422604386,0.26755852842809363,0.27424749163879597,0.2709030100334448
context+visual__svm,text+context+visual__random_forest,592,65,78,162,0.15942028985507245,0.1806020066889632,0.8995781092162339,0.68295034072624,0.26755852842809363,0.2530657748049052,0.26031215161649945
context+visual__svm,text+audio+visual__svm,443,214,145,95,0.40022296544035674,0.10590858416945373,0.15120016412500856,0.19744446687451878,0.26755852842809363,0.34448160535117056,0.3060200668896321
context+visual__svm,text+audio+visual__logistic_regression,425,232,147,93,0.42251950947603123,0.10367892976588629,0.07362588110662918,0.153493340504523,0.26755852842809363,0.36231884057971014,0.3149386845039019
context+visual__svm,text+audio+visual__random_forest,437,220,133,107,0.3935340022296544,0.11928651059085842,0.23019245188702825,0.21420647860689856,0.26755852842809363,0.36454849498327757,0.31605351170568563
context+visual__svm,context+audio+visual__svm,599,58,80,160,0.15384615384615385,0.17837235228539577,0.9076433121019108,0.6919458878337215,0.26755852842809363,0.24303232998885171,0.2552954292084727
context+visual__svm,context+audio+visual__logistic_regression,591,66,69,171,0.1505016722408027,0.19063545150501673,0.9137622496804432,0.6987439267402549,0.26755852842809363,0.26421404682274247,0.26588628762541805
context+visual__svm,context+audio+visual__random_forest,588,69,87,153,0.17391304347826086,0.1705685618729097,0.8748944949826503,0.653163201570447,0.26755852842809363,0.24749163879598662,0.25752508361204013
context+visual__svm,text+context+audio+visual__svm,586,71,94,146,0.18394648829431437,0.16276477146042365,0.8552748563374173,0.6318805542497705,0.26755852842809363,0.241917502787068,0.2547380156075808
context+visual__svm,text+context+audio+visual__logistic_regression,568,89,102,138,0.2129319955406912,0.15384615384615385,0.792412704946148,0.5742550637771267,0.26755852842809363,0.2530657748049052,0.26031215161649945
context+visual__svm,text+context+audio+visual__random_forest,583,74,89,151,0.18171683389074694,0.16833890746934224,0.8607890592798486,0.63820531664551,0.26755852842809363,0.2508361204013378,0.2591973244147157
context+visual__logistic_regression,context+visual__random_forest,593,54,72,178,0.14046822742474915,0.19843924191750278,0.9289486668737779,0.7183785750237961,0.2787068004459309,0.25863991081382387,0.2686733556298774
context+visual__logistic_regression,audio+visual__svm,418,229,146,104,0.4180602006688963,0.11594202898550725,0.13052297610069435,0.16354381401640705,0.2787068004459309,0.3712374581939799,0.3249721293199554
context+visual__logistic_regression,audio+visual__logistic_regression,394,253,143,107,0.4414715719063545,0.11928651059085842,0.07632408695763176,0.11757779312469252,0.2787068004459309,0.4013377926421405,0.3400222965440357
context+visual__logistic_regression,audio+visual__random_forest,427,220,139,111,0.40022296544035674,0.12374581939799331,0.2156661579696577,0.19983749412966179,0.2787068004459309,0.3690078037904125,0.32385730211817165
context+visual__logistic_regression,text+context+audio__svm,581,66,98,152,0.18283166109253066,0.16945373467112598,0.8635155096011817,0.6344488952060989,0.2787068004459309,0.24303232998885171,0.2608695652173913
context+visual__logistic_regression,text+context+audio__logistic_regression,559,88,107,143,0.21739130434782608,0.15942028985507245,0.7892404284131479,0.5652071241253309,0.2787068004459309,0.25752508361204013,0.2681159420289855
context+visual__logistic_regression,text+context+audio__random_forest,583,64,95,155,0.17725752508361203,0.17279821627647715,0.8739177769713308,0.6451749333877344,0.2787068004459309,0.24414715719063546,0.26142697881828314
context+visual__logistic_regression,text+context+visual__svm,588,59,69,181,0.1426978818283166,0.20178372352285395,0.9263160752585996,0.7143141509246174,0.2787068004459309,0.26755852842809363,0.27313266443701223
context+visual__logistic_regression,text+context+visual__logistic_regression,587,60,64,186,0.13823857302118173,0.20735785953177258,0.9320486277008017,0.7236337976375644,0.2787068004459309,0.27424749163879597,0.2764771460423634
context+visual__logistic_regression,text+context+visual__random_forest,597,50,73,177,0.13712374581939799,0.19732441471571907,0.9332229530090835,0.7250968618021901,0.2787068004459309,0.2530657748049052,0.26588628762541805
context+visual__logistic_regression,text+audio+visual__svm,439,208,149,101,0.3979933110367893,0.11259754738015608,0.17717805418751909,0.20489582893648928,0.2787068004459309,0.34448160535117056,0.3115942028985507
context+visual__logistic_regression,text+audio+visual__logistic_regression,420,227,152,98,0.42251950947603123,0.10925306577480491,0.08796785789807571,0.15557912463766677,0.2787068004459309,0.36231884057971014,0.3205128205128205
context+visual__logistic_regression,text+audio+visual__random_forest,430,217,140,110,0.3979933110367893,0.12263099219620958,0.21781668383110195,0.20346790903143808,0.2787068004459309,0.36454849498327757,0.3216276477146042
context+visual__logistic_regression,context+audio+visual__svm,588,59,91,159,0.16722408026755853,0.17725752508361203,0.8913828506691213,0.6657176077753264,0.2787068004459309,0.24303232998885171,0.2608695652173913
context+visual__logistic_regression,context+audio+visual__logistic_regression,581,66,79,171,0.1616499442586399,0.19063545150501673,0.9002725577392052,0.6768145867654622,0.2787068004459309,0.26421404682274247,0.27146042363433665
context+visual__logistic_regression,context+audio+visual__random_forest,589,58,86,164,0.1605351170568562,0.18283166109253066,0.9017955583556465,0.6785426310288188,0.2787068004459309,0.24749163879598662,0.2630992196209587
context+visual__logistic_regression,text+context+audio+visual__svm,582,65,98,152,0.18171683389074694,0.16945373467112598,0.8656599953603138,0.6366607108687927,0.2787068004459309,0.241917502787068,0.26031215161649945
context+visual__logistic_regression,text+context+audio+visual__logistic_regression,561,86,109,141,0.21739130434782608,0.15719063545150502,0.7880983328623905,0.5651660505597168,0.2787068004459309,0.2530657748049052,0.26588628762541805
context+visual__logistic_regression,text+context+audio+visual__random_forest,586,61,86,164,0.16387959866220736,0.18283166109253066,0.8964775530340404,0.6716126863162613,0.2787068004459309,0.2508361204013378,0.2647714604236343
context+visual__random_forest,audio+visual__svm,431,234,133,99,0.40914158305462656,0.11036789297658862,0.15648249786559337,0.1799321922432111,0.25863991081382387,0.3712374581939799,0.3149386845039019
context+visual__random_forest,audio+visual__logistic_regression,408,257,129,103,0.43032329988851725,0.11482720178372352,0.11800151642124586,0.14209895141628193,0.25863991081382387,0.4013377926421405,0.3299888517279822
context+visual__random_forest,audio+visual__random_forest,439,226,127,105,0.3935340022296544,0.11705685618729098,0.23253606428065296,0.2144404170915234,0.25863991081382387,0.3690078037904125,0.31382385730211815
context+visual__random_forest,text+context+audio__svm,594,71,85,147,0.17391304347826086,0.16387959866220736,0.8707058155602927,0.6527517904380928,0.25863991081382387,0.24303232998885171,0.2508361204013378
context+visual__random_forest,text+context+audio__logistic_regression,567,98,99,133,0.21962095875139354,0.14827201783723523,0.772020725388601,0.5607018468476308,0.25863991081382387,0.25752508361204013,0.25808249721293197
context+visual__random_forest,text+context+audio__random_forest,621,44,57,175,0.11259754738015608,0.19509476031215162,0.9548851892825342,0.7737332011318709,0.25863991081382387,0.24414715719063546,0.25139353400222963
context+visual__random_forest,text+context+visual__svm,609,56,48,184,0.11594202898550725,0.20512820512820512,0.9531478770131772,0.7668324626958934,0.25863991081382387,0.26755852842809363,0.2630992196209587
context+visual__random_forest,text+context+visual__logistic_regression,578,87,73,159,0.17837235228539577,0.17725752508361203,0.8707215046868798,0.6440299618036609,0.25863991081382387,0.27424749163879597,0.2664437012263099
context+visual__random_forest,text+context+visual__random_forest,642,23,28,204,0.056856187290969896,0.22742474916387959,0.9902136583290277,0.8847981506057623,0.25863991081382387,0.2530657748049052,0.25585284280936454
context+visual__random_forest,text+audio+visual__svm,445,220,143,89,0.40468227424749165,0.09921962095875139,0.11461338211496518,0.19547594045339434,0.25863991081382387,0.34448160535117056,0.3015607580824972
context+visual__random_forest,text+audio+visual__logistic_regression,427,238,145,87,0.4269788182831661,0.09698996655518395,0.036827195467422094,0.14941780287743778,0.25863991081382387,0.36231884057971014,0.310479375696767
context+visual__random_forest,text+audio+visual__random_forest,442,223,128,104,0.391304347826087,0.11594202898550725,0.23384152888125403,0.21447515163007003,0.25863991081382387,0.36454849498327757,0.3115942028985507
context+visual__random_forest,context+audio+visual__svm,596,69,83,149,0.16945373467112598,0.16610925306577481,0.8788333985676656,0.6620011601790841,0.25863991081382387,0.24303232998885171,0.2508361204013378
context+visual__random_forest,context+audio+visual__logistic_regression,573,92,87,145,0.1995540691192865,0.1616499442586399,0.8242597898758357,0.6016567554090162,0.25863991081382387,0.26421404682274247,0.26142697881828314
context+visual__random_forest,context+audio+visual__random_forest,627,38,48,184,0.09587513935340022,0.20512820512820512,0.9688715953307393,0.8069896266494527,0.25863991081382387,0.24749163879598662,0.2530657748049052
context+visual__random_forest,text+context+audio+visual__svm,596,69,84,148,0.1705685618729097,0.16499442586399107,0.8766860984638951,0.659342568713062,0.25863991081382387,0.241917502787068,0.25027870680044595
context+visual__random_forest,text+context+audio+visual__logistic_regression,568,97,102,130,0.221850613154961,0.14492753623188406,0.7636802254759119,0.5560145953085087,0.25863991081382387,0.2530657748049052,0.25585284280936454
context+visual__random_forest,text+context+audio+visual__random_forest,625,40,47,185,0.09698996655518395,0.20624303232998886,0.9680013616441854,0.8039876121798495,0.25863991081382387,0.2508361204013378,0.2547380156075808
audio+visual__svm,audio+visual__logistic_regression,447,117,90,243,0.23076923076923078,0.2709030100334448,0.82324949014276,0.5387051975444515,0.3712374581939799,0.4013377926421405,0.38628762541806017
audio+visual__svm,audio+visual__random_forest,523,41,43,290,0.09364548494983277,0.3232998885172798,0.9770192852906481,0.8127683683206106,0.3712374581939799,0.3690078037904125,0.3701226309921962
audio+visual__svm,text+context+audio__svm,476,88,203,130,0.32441471571906355,0.14492753623188406,0.5519662921348315,0.35134873203036665,0.3712374581939799,0.24303232998885171,0.3071348940914158
audio+visual__svm,text+context+audio__logistic_regression,445,119,221,112,0.379041248606466,0.12486064659977704,0.30918451778983175,0.24190148547338275,0.3712374581939799,0.25752508361204013,0.31438127090301005
audio+visual__svm,text+context+audio__random_forest,476,88,202,131,0.3232998885172798,0.14604236343366778,0.5563320521140119,0.3528943506057365,0.3712374581939799,0.24414715719063546,0.3076923076923077
audio+visual__svm,text+context+visual__svm,429,135,228,105,0.40468227424749165,0.11705685618729098,0.18813056379821957,0.18989946235622823,0.3712374581939799,0.26755852842809363,0.3193979933110368
audio+visual__svm,text+context+visual__logistic_regression,426,138,225,108,0.40468227424749165,0.12040133779264214,0.1941135248773651,0.19092605522687345,0.3712374581939799,0.27424749163879597,0.32274247491638797
audio+visual__svm,text+context+visual__random_forest,435,129,235,98,0.4057971014492754,0.10925306577480491,0.16882582767838783,0.186670187273008,0.3712374581939799,0.2530657748049052,0.31215161649944256
audio+visual__svm,text+audio+visual__svm,481,83,107,226,0.21181716833890746,0.25195094760312153,0.8489458868752499,0.5767859271325837,0.3712374581939799,0.34448160535117056,0.35785953177257523
audio+visual__svm,text+audio+visual__logistic_regression,428,136,144,189,0.31215161649944256,0.21070234113712374,0.610175564313866,0.37610540331074505,0.3712374581939799,0.36231884057971014,0.36677814938684505
audio+visual__svm,text+audio+visual__random_forest,493,71,77,256,0.16499442586399107,0.2853957636566332,0.9169622175811657,0.6698088335513781,0.3712374581939799,0.36454849498327757,0.36789297658862874
audio+visual__svm,context+audio+visual__svm,480,84,199,134,0.31549609810479373,0.14938684503901895,0.5874426180956612,0.3692876469316716,0.3712374581939799,0.24303232998885171,0.3071348940914158
audio+visual__svm,context+audio+visual__logistic_regression,433,131,227,106,0.399108138238573,0.11817168338907469,0.21367091954782838,0.2020366173664122,0.3712374581939799,0.26421404682274247,0.3177257525083612
audio+visual__svm,context+audio+visual__random_forest,469,95,206,127,0.3355629877369008,0.1415830546265329,0.5053896604450735,0.32815007801010765,0.3712374581939799,0.24749163879598662,0.3093645484949833
audio+visual__svm,text+context+audio+visual__svm,475,89,205,128,0.3277591973244147,0.1426978818283166,0.5383642229110001,0.3446339196516881,0.3712374581939799,0.241917502787068,0.30657748049052397
audio+visual__svm,text+context+audio+visual__logistic_regression,450,114,220,113,0.37235228539576365,0.12597547380156077,0.3393915448439352,0.2552167492828057,0.3712374581939799,0.2530657748049052,0.31215161649944256
audio+visual__svm,text+context+audio+visual__random_forest,466,98,206,127,0.33890746934225197,0.1415830546265329,0.4912939397757339,0.3210230668100873,0.3712374581939799,0.2508361204013378,0.3110367892976589
audio+visual__logistic_regression,audio+visual__random_forest,443,94,123,237,0.241917502787068,0.26421404682274247,0.8016009883915471,0.5159393907743268,0.4013377926421405,0.3690078037904125,0.3851727982162765
audio+visual__logistic_regression,text+context+audio__svm,444,93,235,125,0.3656633221850613,0.13935340022296544,0.4349427961993407,0.26837783668455417,0.4013377926421405,0.24303232998885171,0.32218506131549607
audio+visual__logistic_regression,text+context+audio__logistic_regression,433,104,233,127,0.3756967670011148,0.1415830546265329,0.3882584602956212,0.24862981181506116,0.4013377926421405,0.25752508361204013,0.3294314381270903
audio+visual__logistic_regression,text+context+audio__random_forest,440,97,238,122,0.3734671125975474,0.13600891861761427,0.39853581012427375,0.2539234842973729,0.4013377926421405,0.24414715719063546,0.32274247491638797
audio+visual__logistic_regression,text+context+visual__svm,405,132,252,108,0.4280936454849498,0.12040133779264214,0.13604488078541374,0.14495509405672702,0.4013377926421405,0.26755852842809363,0.33444816053511706
audio+visual__logistic_regression,text+context+visual__logistic_regression,404,133,247,113,0.4236343366778149,0.12597547380156077,0.16306383195546667,0.1522835569969062,0.4013377926421405,0.27424749163879597,0.3377926421404682
audio+visual__logistic_regression,text+context+visual__random_forest,412,125,258,102,0.4269788182831661,0.11371237458193979,0.1315938282575329,0.14871384429351253,0.4013377926421405,0.2530657748049052,0.3272017837235228
audio+visual__logistic_regression,text+audio+visual__svm,431,106,157,203,0.2931995540691193,0.22630992196209587,0.6803764344360685,0.41274329938737964,0.4013377926421405,0.34448160535117056,0.3729096989966555
audio+visual__logistic_regression,text+audio+visual__logistic_regression,423,114,149,211,0.2931995540691193,0.23522853957636566,0.6802304238556462,0.4130355272357228,0.4013377926421405,0.36231884057971014,0.3818283166109253
audio+visual__logistic_regression,text+audio+visual__random_forest,427,110,143,217,0.28205128205128205,0.241917502787068,0.7097491442858592,0.43640526787643386,0.4013377926421405,0.36454849498327757,0.382943143812709
audio+visual__logistic_regression,context+audio+visual__svm,444,93,235,125,0.3656633221850613,0.13935340022296544,0.4349427961993407,0.26819586013401586,0.4013377926421405,0.24303232998885171,0.32218506131549607
audio+visual__logistic_regression,context+audio+visual__logistic_regression,427,110,233,127,0.38238573021181715,0.1415830546265329,0.3581186841808688,0.23487194025619407,0.4013377926421405,0.26421404682274247,0.33277591973244147
audio+visual__logistic_regression,context+audio+visual__random_forest,434,103,241,119,0.3835005574136009,0.1326644370122631,0.3507695929069296,0.2342123680331164,0.4013377926421405,0.24749163879598662,0.32441471571906355
audio+visual__logistic_regression,text+context+audio+visual__svm,443,94,237,123,0.3690078037904125,0.13712374581939799,0.41959435695025205,0.26173206652957604,0.4013377926421405,0.241917502787068,0.3216276477146042
audio+visual__logistic_regression,text+context+audio+visual__logistic_regression,435,102,235,125,0.3756967670011148,0.13935340022296544,0.3880911353628183,0.24872318057892417,0.4013377926421405,0.2530657748049052,0.3272017837235228
audio+visual__logistic_regression,text+context+audio+visual__random_forest,433,104,239,121,0.38238573021181715,0.13489409141583056,0.35647063392406375,0.2371484465073379,0.4013377926421405,0.2508361204013378,0.32608695652173914
audio+visual__random_forest,text+context+audio__svm,483,83,196,135,0.3110367892976589,0.1505016722408027,0.6006529770598849,0.3777756230000969,0.3690078037904125,0.24303232998885171,0.3060200668896321
audio+visual__random_forest,text+context+audio__logistic_regression,449,117,217,114,0.37235228539576365,0.12709030100334448,0.33688540646425075,0.2553093121756249,0.3690078037904125,0.25752508361204013,0.3132664437012263
audio+visual__random_forest,text+context+audio__random_forest,484,82,194,137,0.3076923076923077,0.1527313266443701,0.6130193636275177,0.3850395695783716,0.3690078037904125,0.24414715719063546,0.30657748049052397
audio+visual__random_forest,text+context+visual__svm,441,125,216,115,0.3801560758082497,0.1282051282051282,0.3051534452808338,0.24029685043476956,0.3690078037904125,0.26755852842809363,0.31828316610925306
audio+visual__random_forest,text+context+visual__logistic_regression,434,132,217,114,0.3890746934225195,0.12709030100334448,0.26666666666666666,0.22160392066179824,0.3690078037904125,0.27424749163879597,0.3216276477146042
audio+visual__random_forest,text+context+visual__random_forest,441,125,229,102,0.39464882943143814,0.11371237458193979,0.2222207127039548,0.2121857183262128,0.3690078037904125,0.2530657748049052,0.3110367892976589
audio+visual__random_forest,text+audio+visual__svm,472,94,116,215,0.23411371237458195,0.23968784838350055,0.8059510250569476,0.5313619536661094,0.3690078037904125,0.34448160535117056,0.35674470457079155
audio+visual__random_forest,text+audio+visual__logistic_regression,427,139,145,186,0.3166109253065775,0.20735785953177258,0.5951876437329906,0.36641198591297075,0.3690078037904125,0.36231884057971014,0.3656633221850613
audio+visual__random_forest,text+audio+visual__random_forest,500,66,70,261,0.1516164994425864,0.2909698996655518,0.9316163410301954,0.6969308509845424,0.3690078037904125,0.36454849498327757,0.36677814938684505
audio+visual__random_forest,context+audio+visual__svm,481,85,198,133,0.31549609810479373,0.14827201783723523,0.5834313082435059,0.36876067706584903,0.3690078037904125,0.24303232998885171,0.3060200668896321
audio+visual__random_forest,context+audio+visual__logistic_regression,441,125,219,112,0.3835005574136009,0.12486064659977704,0.28680292313103284,0.23278434180689822,0.3690078037904125,0.26421404682274247,0.3166109253065775
audio+visual__random_forest,context+audio+visual__random_forest,480,86,195,136,0.3132664437012263,0.1516164994425864,0.5912248628884826,0.37406223692346663,0.3690078037904125,0.24749163879598662,0.30824972129319955
audio+visual__random_forest,text+context+audio+visual__svm,481,85,199,132,0.3166109253065775,0.14715719063545152,0.5792654868357232,0.36664826886644686,0.3690078037904125,0.241917502787068,0.3054626532887402
audio+visual__random_forest,text+context+audio+visual__logistic_regression,452,114,218,113,0.3701226309921962,0.12597547380156077,0.3453798335264988,0.2598237320488539,0.3690078037904125,0.2530657748049052,0.3110367892976589
audio+visual__random_forest,text+context+audio+visual__random_forest,474,92,198,133,0.3232998885172798,0.14827201783723523,0.5516502990474784,0.3543751489158923,0.3690078037904125,0.2508361204013378,0.30992196209587514
text+context+audio__svm,text+context+audio__logistic_regression,619,60,47,171,0.11928651059085842,0.19063545150501673,0.9480992739419706,0.7614308333602611,0.24303232998885171,0.25752508361204013,0.25027870680044595
text+context+audio__svm,text+context+audio__random_forest,624,55,54,164,0.12151616499442586,0.18283166109253066,0.9435929576662299,0.757112869368642,0.24303232998885171,0.24414715719063546,0.24358974358974358
text+context+audio__svm,text+context+visual__svm,616,63,41,177,0.11594202898550725,0.19732441471571907,0.9537158984007525,0.7682769310255748,0.24303232998885171,0.26755852842809363,0.2552954292084727
text+context+audio__svm,text+context+visual__logistic_regression,598,81,53,165,0.14938684503901895,0.18394648829431437,0.9166108213630139,0.7011442239317345,0.24303232998885171,0.27424749163879597,0.25863991081382387
text+context+audio__svm,text+context+visual__random_forest,603,76,67,151,0.15942028985507245,0.16833890746934224,0.8940766550522649,0.6816788721489176,0.24303232998885171,0.2530657748049052,0.24804905239687847
text+context+audio__svm,text+audio+visual__svm,509,170,79,139,0.27759197324414714,0.15496098104793757,0.6809256245471068,0.4443941402839311,0.24303232998885171,0.34448160535117056,0.29375696767001114
text+context+audio__svm,text+audio+visual__logistic_regression,484,195,88,130,0.31549609810479373,0.14492753623188406,0.5714285714285714,0.36869160389253497,0.24303232998885171,0.36231884057971014,0.30267558528428096
text+context+audio__svm,text+audio+visual__random_forest,488,191,82,136,0.30434782608695654,0.1516164994425864,0.6181397049859807,0.3915894189464165,0.24303232998885171,0.36454849498327757,0.30379041248606464
text+context+audio__svm,context+audio+visual__svm,631,48,48,170,0.10702341137123746,0.189520624303233,0.9579462281198095,0.7858805275407292,0.24303232998885171,0.24303232998885171,0.24303232998885171
text+context+audio__svm,context+audio+visual__logistic_regression,585,94,75,143,0.18840579710144928,0.15942028985507245,0.8445510170332396,0.6230970619606322,0.24303232998885171,0.26421404682274247,0.2536231884057971
text+context+audio__svm,context+audio+visual__random_forest,620,59,55,163,0.12709030100334448,0.18171683389074694,0.9377786299793873,0.7460286710577295,0.24303232998885171,0.24749163879598662,0.24526198439241917
text+context+audio__svm,text+context+audio+visual__svm,675,4,5,213,0.010033444816053512,0.23745819397993312,0.9997218262109253,0.9799295433243915,0.24303232998885171,0.241917502787068,0.24247491638795987
text+context+audio__svm,text+context+audio+visual__logistic_regression,620,59,50,168,0.12151616499442586,0.18729096989966554,0.9449164410419195,0.7569873016898769,0.24303232998885171,0.2530657748049052,0.24804905239687847
text+context+audio__svm,text+context+audio+visual__random_forest,622,57,50,168,0.11928651059085842,0.18729096989966554,0.9469006763177016,0.7617387936876755,0.24303232998885171,0.2508361204013378,0.24693422519509475
text+context+audio__logistic_regression,text+context+audio__random_forest,581,85,97,134,0.2028985507246377,0.14938684503901895,0.8084762889232163,0.594184237085059,0.25752508361204013,0.24414715719063546,0.2508361204013378
text+context+audio__logistic_regression,text+context+visual__svm,583,83,74,157,0.1750278706800446,0.1750278706800446,0.874233411485262,0.6499255499238099,0.25752508361204013,0.26755852842809363,0.2625418060200669
text+context+audio__logistic_regression,text+context+visual__logistic_regression,584,82,67,164,0.16610925306577481,0.18283166109253066,0.891497975708502,0.6677885129240169,0.25752508361204013,0.27424749163879597,0.26588628762541805
text+context+audio__logistic_regression,text+context+visual__random_forest,577,89,93,138,0.2028985507246377,0.15384615384615385,0.8116787822941196,0.5941519537406713,0.25752508361204013,0.2530657748049052,0.2552954292084727
text+context+audio__logistic_regression,text+audio+visual__svm,490,176,98,133,0.3054626532887402,0.14827201783723523,0.5814506539833532,0.38911037760235434,0.25752508361204013,0.34448160535117056,0.3010033444816054
text+context+audio__logistic_regression,text+audio+visual__logistic_regression,484,182,88,143,0.3010033444816054,0.15942028985507245,0.6241610738255033,0.39801650427520385,0.25752508361204013,0.36231884057971014,0.30992196209587514
text+context+audio__logistic_regression,text+audio+visual__random_forest,459,207,111,120,0.35451505016722407,0.13377926421404682,0.4112763749567624,0.2909443436327027,0.25752508361204013,0.36454849498327757,0.3110367892976589
text+context+audio__logistic_regression,context+audio+visual__svm,590,76,89,142,0.18394648829431437,0.15830546265328874,0.8505919773811628,0.6321166250326237,0.25752508361204013,0.24303232998885171,0.25027870680044595
text+context+audio__logistic_regression,context+audio+visual__logistic_regression,587,79,73,158,0.16945373467112598,0.17614269788182832,0.8829190056134724,0.6610988486547754,0.25752508361204013,0.26421404682274247,0.2608695652173913
text+context+audio__logistic_regression,context+audio+visual__random_forest,584,82,91,140,0.19286510590858416,0.15607580824972128,0.8327318374391967,0.6142453371913523,0.25752508361204013,0.24749163879598662,0.2525083612040134
text+context+audio__logistic_regression,text+context+audio+visual__svm,619,47,61,170,0.12040133779264214,0.189520624303233,0.9469550496313496,0.7592006164400587,0.25752508361204013,0.241917502787068,0.24972129319955405
text+context+audio__logistic_regression,text+context+audio+visual__logistic_regression,659,7,11,220,0.020066889632107024,0.24526198439241917,0.998938348373398,0.9598659713349673,0.25752508361204013,0.2530657748049052,0.2552954292084727
text+context+audio__logistic_regression,text+context+audio+visual__random_forest,582,84,90,141,0.1939799331103679,0.15719063545150502,0.831291423980719,0.6120010739216037,0.25752508361204013,0.2508361204013378,0.25418060200668896
text+context+audio__random_forest,text+context+visual__svm,606,72,51,168,0.13712374581939799,0.18729096989966554,0.9303754266211605,0.7252091484873315,0.24414715719063546,0.26755852842809363,0.25585284280936454
text+context+audio__random_forest,text+context+visual__logistic_regression,580,98,71,148,0.18840579710144928,0.16499442586399107,0.8500398715489558,0.6234827467158778,0.24414715719063546,0.27424749163879597,0.2591973244147157
text+context+audio__random_forest,text+context+visual__random_forest,620,58,50,169,0.12040133779264214,0.18840579710144928,0.9461367013372957,0.7580736996673626,0.24414715719063546,0.2530657748049052,0.24860646599777034
text+context+audio__random_forest,text+audio+visual__svm,487,191,101,118,0.3255295429208473,0.13154960981047936,0.49734877600739996,0.35034501232718374,0.24414715719063546,0.34448160535117056,0.29431438127090304
text+context+audio__random_forest,text+audio+visual__logistic_regression,461,217,111,108,0.3656633221850613,0.12040133779264214,0.3478984771573604,0.26971440485705345,0.24414715719063546,0.36231884057971014,0.3032329988851728
text+context+audio__random_forest,text+audio+visual__random_forest,489,189,81,138,0.3010033444816054,0.15384615384615385,0.630177193173171,0.39718942275143865,0.24414715719063546,0.36454849498327757,0.30434782608695654
text+context+audio__random_forest,context+audio+visual__svm,619,59,60,159,0.1326644370122631,0.17725752508361203,0.9305616853502809,0.7349271032771864,0.24414715719063546,0.24303232998885171,0.24358974358974358
text+context+audio__random_forest,context+audio+visual__logistic_regression,574,104,86,133,0.21181716833890746,0.14827201783723523,0.7902586590999695,0.5766576747097486,0.24414715719063546,0.26421404682274247,0.25418060200668896
text+context+audio__random_forest,context+audio+visual__random_forest,643,35,32,187,0.07469342251950947,0.2084726867335563,0.981542670215308,0.8502619836007983,0.24414715719063546,0.24749163879598662,0.24581939799331104
text+context+audio__random_forest,text+context+audio+visual__svm,624,54,56,163,0.12263099219620958,0.18171683389074694,0.9422548120989918,0.7548620151649159,0.24414715719063546,0.241917502787068,0.24303232998885171
text+context+audio__random_forest,text+context+audio+visual__logistic_regression,584,94,86,133,0.20066889632107024,0.14827201783723523,0.8114650869909977,0.5985699084065119,0.24414715719063546,0.2530657748049052,0.24860646599777034
text+context+audio__random_forest,text+context+audio+visual__random_forest,643,35,29,190,0.0713489409141583,0.21181716833890746,0.9835207208669887,0.8567686112483346,0.24414715719063546,0.2508361204013378,0.24749163879598662
text+context+visual__svm,text+context+visual__logistic_regression,602,55,49,191,0.11594202898550725,0.2129319955406912,0.954196656950806,0.7683264211388978,0.26755852842809363,0.27424749163879597,0.2709030100334448
text+context+visual__svm,text+context+visual__random_forest,624,33,46,194,0.08807134894091416,0.21627647714604237,0.97523128885408,0.8229013852893913,0.26755852842809363,0.2530657748049052,0.26031215161649945
text+context+visual__svm,text+audio+visual__svm,470,187,118,122,0.34002229654403565,0.13600891861761427,0.4442233584363902,0.3216592489741269,0.26755852842809363,0.34448160535117056,0.3060200668896321
text+context+visual__svm,text+audio+visual__logistic_regression,447,210,125,115,0.3734671125975474,0.1282051282051282,0.32393277960208616,0.2543011780004021,0.26755852842809363,0.36231884057971014,0.3149386845039019
text+context+visual__svm,text+audio+visual__random_forest,453,204,117,123,0.35785953177257523,0.13712374581939799,0.4002035508311659,0.28316997816675427,0.26755852842809363,0.36454849498327757,0.31605351170568563
text+context+visual__svm,context+audio+visual__svm,597,60,82,158,0.15830546265328874,0.17614269788182832,0.900852427301856,0.6837440038137235,0.26755852842809363,0.24303232998885171,0.2552954292084727
text+context+visual__svm,context+audio+visual__logistic_regression,571,86,89,151,0.19509476031215162,0.16833890746934224,0.8369320905459388,0.6101230170852923,0.26755852842809363,0.26421404682274247,0.26588628762541805
text+context+visual__svm,context+audio+visual__random_forest,607,50,68,172,0.13154960981047936,0.19175027870680045,0.9369225631701977,0.736181731171861,0.26755852842809363,0.24749163879598662,0.25752508361204013
text+context+visual__svm,text+context+audio+visual__svm,617,40,63,177,0.11482720178372352,0.19732441471571907,0.9548908519721827,0.7704805224809398,0.26755852842809363,0.241917502787068,0.2547380156075808
text+context+visual__svm,text+context+audio+visual__logistic_regression,586,71,84,156,0.17279821627647715,0.17391304347826086,0.8775107825015404,0.654311195757303,0.26755852842809363,0.2530657748049052,0.26031215161649945
text+context+visual__svm,text+context+audio+visual__random_forest,609,48,63,177,0.12374581939799331,0.19732441471571907,0.9454235361000568,0.7514323589547711,0.26755852842809363,0.2508361204013378,0.2591973244147157
text+context+visual__logistic_regression,text+context+visual__random_forest,592,59,78,168,0.1527313266443701,0.18729096989966554,0.9115493282592401,0.69518780245211,0.27424749163879597,0.2530657748049052,0.2636566332218506
text+context+visual__logistic_regression,text+audio+visual__svm,469,182,119,127,0.3355629877369008,0.1415830546265329,0.46668964922864775,0.32820691456936346,0.27424749163879597,0.34448160535117056,0.3093645484949833
text+context+visual__logistic_regression,text+audio+visual__logistic_regression,456,195,116,130,0.346711259754738,0.14492753623188406,0.44761904761904764,0.30612300735497133,0.27424749163879597,0.36231884057971014,0.31828316610925306
text+context+visual__logistic_regression,text+audio+visual__random_forest,443,208,127,119,0.3734671125975474,0.1326644370122631,0.3323645002716945,0.2535231560721499,0.27424749163879597,0.36454849498327757,0.3193979933110368
text+context+visual__logistic_regression,context+audio+visual__svm,579,72,100,146,0.19175027870680045,0.16276477146042365,0.8430243966250245,0.6163292102475344,0.27424749163879597,0.24303232998885171,0.25863991081382387
text+context+visual__logistic_regression,context+audio+visual__logistic_regression,565,86,95,151,0.20178372352285395,0.16833890746934224,0.8252126009520244,0.5963046121483824,0.27424749163879597,0.26421404682274247,0.2692307692307692
text+context+visual__logistic_regression,context+audio+visual__random_forest,581,70,94,152,0.18283166109253066,0.16945373467112598,0.8613160224254942,0.6347302712929994,0.27424749163879597,0.24749163879598662,0.2608695652173913
text+context+visual__logistic_regression,text+context+audio+visual__svm,599,52,81,165,0.14827201783723523,0.18394648829431437,0.9182508952225683,0.7033870282016156,0.27424749163879597,0.241917502787068,0.25808249721293197
text+context+visual__logistic_regression,text+context+audio+visual__logistic_regression,588,63,82,164,0.1616499442586399,0.18283166109253066,0.8983050847457628,0.6767342617193617,0.27424749163879597,0.2530657748049052,0.2636566332218506
text+context+visual__logistic_regression,text+context+audio+visual__random_forest,577,74,95,151,0.18840579710144928,0.16833890746934224,0.8506749365421583,0.6238321757449881,0.27424749163879597,0.2508361204013378,0.2625418060200669
text+context+visual__random_forest,text+audio+visual__svm,457,213,131,96,0.3835005574136009,0.10702341137123746,0.22248693834900732,0.23749746712200814,0.2530657748049052,0.34448160535117056,0.2987736900780379
text+context+visual__random_forest,text+audio+visual__logistic_regression,439,231,133,94,0.4057971014492754,0.10479375696767002,0.1464529303087972,0.19155173694505656,0.2530657748049052,0.36231884057971014,0.3076923076923077
text+context+visual__random_forest,text+audio+visual__random_forest,451,219,119,108,0.37681159420289856,0.12040133779264214,0.302892910163303,0.24362339087915386,0.2530657748049052,0.36454849498327757,0.3088071348940914
text+context+visual__random_forest,context+audio+visual__svm,599,71,80,147,0.16833890746934224,0.16387959866220736,0.8788046899171049,0.6642073556208397,0.2530657748049052,0.24303232998885171,0.24804905239687847
text+context+visual__random_forest,context+audio+visual__logistic_regression,575,95,85,142,0.20066889632107024,0.15830546265328874,0.8200055725828922,0.599416466945532,0.2530657748049052,0.26421404682274247,0.25863991081382387
text+context+visual__random_forest,context+audio+visual__random_forest,627,43,48,179,0.10144927536231885,0.1995540691192865,0.9638835664978084,0.7957941505369888,0.2530657748049052,0.24749163879598662,0.25027870680044595
text+context+visual__random_forest,text+context+audio+visual__svm,605,65,75,152,0.15607580824972128,0.16945373467112598,0.8993132648319306,0.688278806533287,0.2530657748049052,0.241917502787068,0.24749163879598662
text+context+visual__random_forest,text+context+audio+visual__logistic_regression,579,91,91,136,0.2028985507246377,0.1516164994425864,0.809686871588624,0.5939480465213455,0.2530657748049052,0.2530657748049052,0.2530657748049052
text+context+visual__random_forest,text+context+audio+visual__random_forest,632,38,40,187,0.08695652173913043,0.2084726867335563,0.9746040232573682,0.8243005017402703,0.2530657748049052,0.2508361204013378,0.25195094760312153
text+audio+visual__svm,text+audio+visual__logistic_regression,488,100,84,225,0.20512820512820512,0.2508361204013378,0.8578680203045685,0.5889993425901947,0.34448160535117056,0.36231884057971014,0.3534002229654404
text+audio+visual__svm,text+audio+visual__random_forest,484,104,86,223,0.21181716833890746,0.24860646599777034,0.8469489031109895,0.5770820822559593,0.34448160535117056,0.36454849498327757,0.35451505016722407
text+audio+visual__svm,context+audio+visual__svm,486,102,193,116,0.32887402452619846,0.12931995540691194,0.482369645815256,0.34144411178389844,0.34448160535117056,0.24303232998885171,0.29375696767001114
text+audio+visual__svm,context+audio+visual__logistic_regression,458,130,202,107,0.3701226309921962,0.11928651059085842,0.302208168362873,0.2591055648435634,0.34448160535117056,0.26421404682274247,0.30434782608695654
text+audio+visual__svm,context+audio+visual__random_forest,480,108,195,114,0.3377926421404682,0.12709030100334448,0.44418052256532065,0.3264213648969152,0.34448160535117056,0.24749163879598662,0.2959866220735786
text+audio+visual__svm,text+context+audio+visual__svm,509,79,171,138,0.2787068004459309,0.15384615384615385,0.6774008668553211,0.44222800376076365,0.34448160535117056,0.241917502787068,0.2931995540691193
text+audio+visual__svm,text+context+audio+visual__logistic_regression,494,94,176,133,0.3010033444816054,0.14827201783723523,0.5976947207159011,0.39816908618316094,0.34448160535117056,0.2530657748049052,0.2987736900780379
text+audio+visual__svm,text+context+audio+visual__random_forest,477,111,195,114,0.3411371237458194,0.12709030100334448,0.4305670652302593,0.32093872461702877,0.34448160535117056,0.2508361204013378,0.2976588628762542
text+audio+visual__logistic_regression,text+audio+visual__random_forest,442,130,128,197,0.28762541806020064,0.21962095875139354,0.6791175733266482,0.4253911817138998,0.36231884057971014,0.36454849498327757,0.3634336677814939
text+audio+visual__logistic_regression,context+audio+visual__svm,460,112,219,106,0.3690078037904125,0.11817168338907469,0.3306407597423862,0.26138678886210476,0.36231884057971014,0.24303232998885171,0.30267558528428096
text+audio+visual__logistic_regression,context+audio+visual__logistic_regression,440,132,220,105,0.39241917502787066,0.11705685618729098,0.22807017543859648,0.2147078135259356,0.36231884057971014,0.26421404682274247,0.3132664437012263
text+audio+visual__logistic_regression,context+audio+visual__random_forest,453,119,222,103,0.3801560758082497,0.11482720178372352,0.276981813703354,0.2411788784281621,0.36231884057971014,0.24749163879598662,0.3049052396878484
text+audio+visual__logistic_regression,text+context+audio+visual__svm,482,90,198,127,0.3210702341137124,0.1415830546265329,0.5490548371586912,0.3575872719043901,0.36231884057971014,0.241917502787068,0.30211817168338906
text+audio+visual__logistic_regression,text+context+audio+visual__logistic_regression,486,86,184,141,0.3010033444816054,0.15719063545150502,0.6248014226437463,0.3981092593605082,0.36231884057971014,0.2530657748049052,0.3076923076923077
text+audio+visual__logistic_regression,text+context+audio+visual__random_forest,455,117,217,108,0.37235228539576365,0.12040133779264214,0.31868131868131866,0.25761225096639906,0.36231884057971014,0.2508361204013378,0.30657748049052397
text+audio+visual__random_forest,context+audio+visual__svm,476,94,203,124,0.3311036789297659,0.13823857302118173,0.5113819680946406,0.3382934807716669,0.36454849498327757,0.24303232998885171,0.30379041248606464
text+audio+visual__random_forest,context+audio+visual__logistic_regression,449,121,211,116,0.3701226309921962,0.12931995540691194,0.3421117052116215,0.2601547244622654,0.36454849498327757,0.26421404682274247,0.31438127090301005
text+audio+visual__random_forest,context+audio+visual__random_forest,478,92,197,130,0.3221850613154961,0.14492753623188406,0.5483903119704974,0.35444324082029066,0.36454849498327757,0.24749163879598662,0.3060200668896321
text+audio+visual__random_forest,text+context+audio+visual__svm,486,84,194,133,0.30992196209587514,0.14827201783723523,0.5973015049299429,0.38040172537171024,0.36454849498327757,0.241917502787068,0.3032329988851728
text+audio+visual__random_forest,text+context+audio+visual__logistic_regression,462,108,208,119,0.35228539576365664,0.1326644370122631,0.4198496939645154,0.29530221364784504,0.36454849498327757,0.2530657748049052,0.3088071348940914
text+audio+visual__random_forest,text+context+audio+visual__random_forest,474,96,198,129,0.3277591973244147,0.14381270903010032,0.5257130024702448,0.34256226161094905,0.36454849498327757,0.2508361204013378,0.3076923076923077
context+audio+visual__svm,context+audio+visual__logistic_regression,599,80,61,157,0.15719063545150502,0.1750278706800446,0.9013374038393498,0.685495602354363,0.24303232998885171,0.26421404682274247,0.2536231884057971
context+audio+visual__svm,context+audio+visual__random_forest,620,59,55,163,0.12709030100334448,0.18171683389074694,0.9377786299793873,0.7461572832886505,0.24303232998885171,0.24749163879598662,0.24526198439241917
context+audio+visual__svm,text+context+audio+visual__svm,634,45,46,172,0.10144927536231885,0.19175027870680045,0.9627423099767815,0.7970431811909326,0.24303232998885171,0.241917502787068,0.24247491638795987
context+audio+visual__svm,text+context+audio+visual__logistic_regression,594,85,76,142,0.1794871794871795,0.15830546265328874,0.8577217866267289,0.6410724804091888,0.24303232998885171,0.2530657748049052,0.24804905239687847
context+audio+visual__svm,text+context+audio+visual__random_forest,616,63,56,162,0.1326644370122631,0.1806020066889632,0.9317073170731708,0.7352308665401645,0.24303232998885171,0.2508361204013378,0.24693422519509475
context+audio+visual__logistic_regression,context+audio+visual__random_forest,579,81,96,141,0.19732441471571907,0.15719063545150502,0.8260694514343231,0.605726035357486,0.26421404682274247,0.24749163879598662,0.25585284280936454
context+audio+visual__logistic_regression,text+context+audio+visual__svm,585,75,95,142,0.189520624303233,0.15830546265328874,0.8420089805421587,0.6208810060116056,0.26421404682274247,0.241917502787068,0.2530657748049052
context+audio+visual__logistic_regression,text+context+audio+visual__logistic_regression,588,72,82,155,0.1716833890746934,0.17279821627647715,0.8783232348213181,0.6566652251069984,0.26421404682274247,0.2530657748049052,0.25863991081382387
context+audio+visual__logistic_regression,text+context+audio+visual__random_forest,575,85,97,140,0.2028985507246377,0.15607580824972128,0.8141867147444927,0.5948147486299737,0.26421404682274247,0.2508361204013378,0.25752508361204013
context+audio+visual__random_forest,text+context+audio+visual__svm,620,55,60,162,0.1282051282051282,0.1806020066889632,0.9363794100636206,0.7437683967360931,0.24749163879598662,0.241917502787068,0.2447045707915273
context+audio+visual__random_forest,text+context+audio+visual__logistic_regression,586,89,84,138,0.19286510590858416,0.15384615384615385,0.8307525129041021,0.6141475022191722,0.24749163879598662,0.2530657748049052,0.25027870680044595
context+audio+visual__random_forest,text+context+audio+visual__random_forest,645,30,27,195,0.06354515050167224,0.21739130434782608,0.9872022751510843,0.8722538283375683,0.24749163879598662,0.2508361204013378,0.2491638795986622
text+context+audio+visual__svm,text+context+audio+visual__logistic_regression,621,59,49,168,0.12040133779264214,0.18729096989966554,0.946072990794542,0.7592137836413708,0.241917502787068,0.2530657748049052,0.24749163879598662
text+context+audio+visual__svm,text+context+audio+visual__random_forest,622,58,50,167,0.12040133779264214,0.18617614269788182,0.9456796598422837,0.759463687150838,0.241917502787068,0.2508361204013378,0.24637681159420288
text+context+audio+visual__logistic_regression,text+context+audio+visual__random_forest,585,85,87,140,0.19175027870680045,0.15607580824972128,0.8343692256005375,0.6163063103391677,0.2530657748049052,0.2508361204013378,0.25195094760312153
